case_id,case_title,matched_title,discovery_method,url,source_domain,source_type,priority,link_label,notes
CASE-0111,Wuhan lab leak,COVID-19 lab leak theory,wikipedia_search,https://en.wikipedia.org/wiki/COVID-19_lab_leak_theory,en.wikipedia.org,wikipedia_primary,1,COVID-19 lab leak theory,
CASE-0111,Wuhan lab leak,COVID-19 lab leak theory,wikipedia_article_links,https://en.wikipedia.org/wiki/COVID-19_misinformation#Bio-weapon,en.wikipedia.org,wikipedia_internal,2,COVID-19 misinformation § Bio-weapon,
CASE-0111,Wuhan lab leak,COVID-19 lab leak theory,wikipedia_article_links,https://en.wikipedia.org/wiki/Wuhan_Institute_of_Virology,en.wikipedia.org,wikipedia_internal,3,Wuhan Institute of Virology,
CASE-0111,Wuhan lab leak,COVID-19 lab leak theory,wikipedia_article_links,https://en.wikipedia.org/wiki/Wuhan,en.wikipedia.org,wikipedia_internal,4,Wuhan,
CASE-0111,Wuhan lab leak,COVID-19 lab leak theory,wikipedia_article_links,https://en.wikipedia.org/wiki/SARS-CoV-2,en.wikipedia.org,wikipedia_internal,5,SARS-CoV-2,
CASE-0111,Wuhan lab leak,COVID-19 lab leak theory,wikipedia_article_links,https://en.wikipedia.org/wiki/COVID-19_pandemic,en.wikipedia.org,wikipedia_internal,6,COVID-19 pandemic,
CASE-0111,Wuhan lab leak,COVID-19 lab leak theory,wikipedia_article_links,https://en.wikipedia.org/wiki/Scientific_consensus,en.wikipedia.org,wikipedia_internal,7,scientific consensus,
CASE-0111,Wuhan lab leak,COVID-19 lab leak theory,wikipedia_article_links,https://en.wikipedia.org/wiki/Genetic_engineering,en.wikipedia.org,wikipedia_internal,8,genetic engineering,
CASE-0111,Wuhan lab leak,COVID-19 lab leak theory,wikipedia_article_links,https://en.wikipedia.org/wiki/Spillover_infection,en.wikipedia.org,wikipedia_internal,9,spread to human populations,
CASE-0111,Wuhan lab leak,COVID-19 lab leak theory,wikipedia_article_links,https://en.wikipedia.org/wiki/Zoonotic,en.wikipedia.org,wikipedia_internal,10,zoonotic,
CASE-0111,Wuhan lab leak,COVID-19 lab leak theory,wikipedia_article_links,https://en.wikipedia.org/wiki/Bats,en.wikipedia.org,wikipedia_internal,11,bats,
CASE-0111,Wuhan lab leak,COVID-19 lab leak theory,wikipedia_article_links,https://en.wikipedia.org/wiki/SARS-CoV-1,en.wikipedia.org,wikipedia_internal,12,SARS-CoV-1,
CASE-0111,Wuhan lab leak,COVID-19 lab leak theory,wikipedia_article_links,https://en.wikipedia.org/wiki/MERS-CoV,en.wikipedia.org,wikipedia_internal,13,MERS-CoV,
CASE-0111,Wuhan lab leak,COVID-19 lab leak theory,wikipedia_article_links,https://en.wikipedia.org/wiki/List_of_epidemics_and_pandemics,en.wikipedia.org,wikipedia_internal,14,pandemics throughout human history,
CASE-0111,Wuhan lab leak,COVID-19 lab leak theory,wikipedia_article_links,https://en.wikipedia.org/wiki/Intermediate_hosts,en.wikipedia.org,wikipedia_internal,15,intermediate hosts,
CASE-0111,Wuhan lab leak,COVID-19 lab leak theory,wikipedia_article_links,https://en.wikipedia.org/wiki/Huanan_Seafood_Market,en.wikipedia.org,wikipedia_internal,16,Huanan Seafood Market,
CASE-0111,Wuhan lab leak,COVID-19 lab leak theory,wikipedia_article_links,https://en.wikipedia.org/wiki/List_of_laboratory_biosecurity_incidents,en.wikipedia.org,wikipedia_internal,17,biosecurity incidents,
CASE-0111,Wuhan lab leak,COVID-19 lab leak theory,wikipedia_article_links,https://en.wikipedia.org/wiki/Conspiracy_theories,en.wikipedia.org,wikipedia_internal,18,conspiracy theories,
CASE-0111,Wuhan lab leak,COVID-19 lab leak theory,wikipedia_article_links,https://en.wikipedia.org/wiki/Coronaviruses,en.wikipedia.org,wikipedia_internal,19,coronaviruses,
CASE-0111,Wuhan lab leak,COVID-19 lab leak theory,wikipedia_article_links,https://en.wikipedia.org/wiki/Chinese_government_response_to_COVID-19,en.wikipedia.org,wikipedia_internal,20,Chinese government's response,
CASE-0112,central banking conspiracy,Titanic conspiracy theories,wikipedia_search,https://en.wikipedia.org/wiki/Titanic_conspiracy_theories,en.wikipedia.org,wikipedia_primary,1,Titanic conspiracy theories,
CASE-0112,central banking conspiracy,Titanic conspiracy theories,wikipedia_article_links,https://en.wikipedia.org/wiki/Sinking_of_the_RMS_Titanic,en.wikipedia.org,wikipedia_internal,2,sinking of the Titanic,
CASE-0112,central banking conspiracy,Titanic conspiracy theories,wikipedia_article_links,https://en.wikipedia.org/wiki/Titanic,en.wikipedia.org,wikipedia_internal,3,Titanic,
CASE-0112,central banking conspiracy,Titanic conspiracy theories,wikipedia_article_links,https://en.wikipedia.org/wiki/Iceberg_that_sank_the_Titanic,en.wikipedia.org,wikipedia_internal,4,collided with an iceberg,
CASE-0112,central banking conspiracy,Titanic conspiracy theories,wikipedia_article_links,https://en.wikipedia.org/wiki/Sinking_of_the_Titanic,en.wikipedia.org,wikipedia_internal,5,The ship then sank,
CASE-0112,central banking conspiracy,Titanic conspiracy theories,wikipedia_article_links,https://en.wikipedia.org/wiki/Hypothermia,en.wikipedia.org,wikipedia_internal,6,hypothermia,
CASE-0112,central banking conspiracy,Titanic conspiracy theories,wikipedia_article_links,https://en.wikipedia.org/wiki/Conspiracy_theories,en.wikipedia.org,wikipedia_internal,7,conspiracy theories,
CASE-0112,central banking conspiracy,Titanic conspiracy theories,wikipedia_article_links,https://en.wikipedia.org/wiki/Subject-matter_expert,en.wikipedia.org,wikipedia_internal,8,subject-matter experts,
CASE-0112,central banking conspiracy,Titanic conspiracy theories,wikipedia_article_links,https://en.wikipedia.org/wiki/Robin_Gardiner,en.wikipedia.org,wikipedia_internal,9,Robin Gardiner,
CASE-0112,central banking conspiracy,Titanic conspiracy theories,wikipedia_article_links,https://en.wikipedia.org/wiki/Sister_ship,en.wikipedia.org,wikipedia_internal,10,sister ship,
CASE-0112,central banking conspiracy,Titanic conspiracy theories,wikipedia_article_links,https://en.wikipedia.org/wiki/RMS_Olympic,en.wikipedia.org,wikipedia_internal,11,Olympic,
CASE-0112,central banking conspiracy,Titanic conspiracy theories,wikipedia_article_links,https://en.wikipedia.org/wiki/Insurance_fraud,en.wikipedia.org,wikipedia_internal,12,insurance scam,
CASE-0112,central banking conspiracy,Titanic conspiracy theories,wikipedia_article_links,https://en.wikipedia.org/wiki/J._P._Morgan,en.wikipedia.org,wikipedia_internal,13,J. P. Morgan,
CASE-0112,central banking conspiracy,Titanic conspiracy theories,wikipedia_article_links,https://en.wikipedia.org/wiki/Federal_Reserve,en.wikipedia.org,wikipedia_internal,14,Federal Reserve,
CASE-0112,central banking conspiracy,Titanic conspiracy theories,wikipedia_article_links,https://en.wikipedia.org/wiki/John_Jacob_Astor_IV,en.wikipedia.org,wikipedia_internal,15,John Jacob Astor IV,
CASE-0112,central banking conspiracy,Titanic conspiracy theories,wikipedia_article_links,https://en.wikipedia.org/wiki/Benjamin_Guggenheim,en.wikipedia.org,wikipedia_internal,16,Benjamin Guggenheim,
CASE-0112,central banking conspiracy,Titanic conspiracy theories,wikipedia_article_links,https://en.wikipedia.org/wiki/Isidor_Straus,en.wikipedia.org,wikipedia_internal,17,Isidor Straus,
CASE-0112,central banking conspiracy,Titanic conspiracy theories,wikipedia_article_links,https://en.wikipedia.org/wiki/Central_bank,en.wikipedia.org,wikipedia_internal,18,central bank,
CASE-0112,central banking conspiracy,Titanic conspiracy theories,wikipedia_article_links,https://en.wikipedia.org/wiki/Napoleon,en.wikipedia.org,wikipedia_internal,19,Napoleon,
CASE-0112,central banking conspiracy,Titanic conspiracy theories,wikipedia_article_links,https://en.wikipedia.org/wiki/General_Electric,en.wikipedia.org,wikipedia_internal,20,General Electric,
CASE-0113,food industry conspiracy,GMO conspiracy theories,wikipedia_search,https://en.wikipedia.org/wiki/GMO_conspiracy_theories,en.wikipedia.org,wikipedia_primary,1,GMO conspiracy theories,
CASE-0113,food industry conspiracy,GMO conspiracy theories,wikipedia_article_links,https://en.wikipedia.org/wiki/Genetic_engineering,en.wikipedia.org,wikipedia_internal,2,Genetic engineering,
CASE-0113,food industry conspiracy,GMO conspiracy theories,wikipedia_article_links,https://en.wikipedia.org/wiki/History_of_genetic_engineering,en.wikipedia.org,wikipedia_internal,3,History,
CASE-0113,food industry conspiracy,GMO conspiracy theories,wikipedia_article_links,https://en.wikipedia.org/wiki/Regulation_of_genetic_engineering,en.wikipedia.org,wikipedia_internal,4,Regulation,
CASE-0113,food industry conspiracy,GMO conspiracy theories,wikipedia_article_links,https://en.wikipedia.org/wiki/Substantial_equivalence,en.wikipedia.org,wikipedia_internal,5,Substantial equivalence,
CASE-0113,food industry conspiracy,GMO conspiracy theories,wikipedia_article_links,https://en.wikipedia.org/wiki/Cartagena_Protocol_on_Biosafety,en.wikipedia.org,wikipedia_internal,6,Cartagena Protocol on Biosafety,
CASE-0113,food industry conspiracy,GMO conspiracy theories,wikipedia_article_links,https://en.wikipedia.org/wiki/Genetic_engineering_techniques,en.wikipedia.org,wikipedia_internal,7,Techniques,
CASE-0113,food industry conspiracy,GMO conspiracy theories,wikipedia_article_links,https://en.wikipedia.org/wiki/Molecular_cloning,en.wikipedia.org,wikipedia_internal,8,Molecular cloning,
CASE-0113,food industry conspiracy,GMO conspiracy theories,wikipedia_article_links,https://en.wikipedia.org/wiki/Recombinant_DNA,en.wikipedia.org,wikipedia_internal,9,Recombinant DNA,
CASE-0113,food industry conspiracy,GMO conspiracy theories,wikipedia_article_links,https://en.wikipedia.org/wiki/Gene_delivery,en.wikipedia.org,wikipedia_internal,10,Gene delivery,
CASE-0113,food industry conspiracy,GMO conspiracy theories,wikipedia_article_links,https://en.wikipedia.org/wiki/Transformation_(genetics),en.wikipedia.org,wikipedia_internal,11,Transformation,
CASE-0113,food industry conspiracy,GMO conspiracy theories,wikipedia_article_links,https://en.wikipedia.org/wiki/Transfection,en.wikipedia.org,wikipedia_internal,12,Transfection,
CASE-0113,food industry conspiracy,GMO conspiracy theories,wikipedia_article_links,https://en.wikipedia.org/wiki/Transduction_(genetics),en.wikipedia.org,wikipedia_internal,13,Transduction,
CASE-0113,food industry conspiracy,GMO conspiracy theories,wikipedia_article_links,https://en.wikipedia.org/wiki/Genome_editing,en.wikipedia.org,wikipedia_internal,14,Genome editing,
CASE-0113,food industry conspiracy,GMO conspiracy theories,wikipedia_article_links,https://en.wikipedia.org/wiki/Zinc-finger_nuclease,en.wikipedia.org,wikipedia_internal,15,ZFNs,
CASE-0113,food industry conspiracy,GMO conspiracy theories,wikipedia_article_links,https://en.wikipedia.org/wiki/TALEN,en.wikipedia.org,wikipedia_internal,16,TALENs,
CASE-0113,food industry conspiracy,GMO conspiracy theories,wikipedia_article_links,https://en.wikipedia.org/wiki/CRISPR-Cas,en.wikipedia.org,wikipedia_internal,17,CRISPR gene editing,
CASE-0113,food industry conspiracy,GMO conspiracy theories,wikipedia_article_links,https://en.wikipedia.org/wiki/Base_editing,en.wikipedia.org,wikipedia_internal,18,Base editing,
CASE-0113,food industry conspiracy,GMO conspiracy theories,wikipedia_article_links,https://en.wikipedia.org/wiki/Prime_editing,en.wikipedia.org,wikipedia_internal,19,Prime editing,
CASE-0113,food industry conspiracy,GMO conspiracy theories,wikipedia_article_links,https://en.wikipedia.org/wiki/TIGR-Tas,en.wikipedia.org,wikipedia_internal,20,TIGR-Tas,
CASE-0114,pharmaceutical conspiracy,List of conspiracy theories,wikipedia_search,https://en.wikipedia.org/wiki/List_of_conspiracy_theories,en.wikipedia.org,wikipedia_primary,1,List of conspiracy theories,
CASE-0114,pharmaceutical conspiracy,List of conspiracy theories,wikipedia_article_links,https://en.wikipedia.org/wiki/Eye_of_Providence,en.wikipedia.org,wikipedia_internal,2,Eye of Providence,
CASE-0114,pharmaceutical conspiracy,List of conspiracy theories,wikipedia_article_links,https://en.wikipedia.org/wiki/Founding_Fathers_of_the_United_States,en.wikipedia.org,wikipedia_internal,3,Founding Fathers of the United States,
CASE-0114,pharmaceutical conspiracy,List of conspiracy theories,wikipedia_article_links,https://en.wikipedia.org/wiki/Illuminati,en.wikipedia.org,wikipedia_internal,4,Illuminati,
CASE-0114,pharmaceutical conspiracy,List of conspiracy theories,wikipedia_article_links,https://en.wikipedia.org/wiki/Conspiracy_theory,en.wikipedia.org,wikipedia_internal,5,conspiracy theories,
CASE-0114,pharmaceutical conspiracy,List of conspiracy theories,wikipedia_article_links,https://en.wikipedia.org/wiki/Historical_method,en.wikipedia.org,wikipedia_internal,6,historical,
CASE-0114,pharmaceutical conspiracy,List of conspiracy theories,wikipedia_article_links,https://en.wikipedia.org/wiki/Scientific_method,en.wikipedia.org,wikipedia_internal,7,scientific methods,
CASE-0114,pharmaceutical conspiracy,List of conspiracy theories,wikipedia_article_links,https://en.wikipedia.org/wiki/Conspiracy,en.wikipedia.org,wikipedia_internal,8,conspiracies,
CASE-0114,pharmaceutical conspiracy,List of conspiracy theories,wikipedia_article_links,https://en.wikipedia.org/wiki/Operation_Himmler,en.wikipedia.org,wikipedia_internal,9,Germany's pretense for invading Poland in World War II,
CASE-0114,pharmaceutical conspiracy,List of conspiracy theories,wikipedia_article_links,https://en.wikipedia.org/wiki/Falsifiability,en.wikipedia.org,wikipedia_internal,10,their validity depends on evidence,
CASE-0114,pharmaceutical conspiracy,List of conspiracy theories,wikipedia_article_links,https://en.wikipedia.org/wiki/Prima_facie,en.wikipedia.org,wikipedia_internal,11,prima facie,
CASE-0114,pharmaceutical conspiracy,List of conspiracy theories,wikipedia_article_links,https://en.wikipedia.org/wiki/Occam%27s_razor,en.wikipedia.org,wikipedia_internal,12,convoluted and all-encompassing nature,
CASE-0114,pharmaceutical conspiracy,List of conspiracy theories,wikipedia_article_links,https://en.wikipedia.org/wiki/Paranoia,en.wikipedia.org,wikipedia_internal,13,paranoia,
CASE-0114,pharmaceutical conspiracy,List of conspiracy theories,wikipedia_article_links,https://en.wikipedia.org/wiki/Schizotypy,en.wikipedia.org,wikipedia_internal,14,schizotypy,
CASE-0114,pharmaceutical conspiracy,List of conspiracy theories,wikipedia_article_links,https://en.wikipedia.org/wiki/Narcissism,en.wikipedia.org,wikipedia_internal,15,narcissism,
CASE-0114,pharmaceutical conspiracy,List of conspiracy theories,wikipedia_article_links,https://en.wikipedia.org/wiki/Insecure_attachment,en.wikipedia.org,wikipedia_internal,16,insecure attachment,
CASE-0114,pharmaceutical conspiracy,List of conspiracy theories,wikipedia_article_links,https://en.wikipedia.org/wiki/Cognitive_bias,en.wikipedia.org,wikipedia_internal,17,cognitive bias,
CASE-0114,pharmaceutical conspiracy,List of conspiracy theories,wikipedia_article_links,https://en.wikipedia.org/wiki/Illusory_pattern_perception,en.wikipedia.org,wikipedia_internal,18,illusory pattern perception,
CASE-0114,pharmaceutical conspiracy,List of conspiracy theories,wikipedia_article_links,https://en.wikipedia.org/wiki/Scientific_consensus,en.wikipedia.org,wikipedia_internal,19,scientific consensus,
CASE-0114,pharmaceutical conspiracy,List of conspiracy theories,wikipedia_article_links,https://en.wikipedia.org/wiki/Evolutionary_psychology,en.wikipedia.org,wikipedia_internal,20,evolutionary origins,
CASE-0115,Matthew 24 signs,Matthew 24,wikipedia_search,https://en.wikipedia.org/wiki/Matthew_24,en.wikipedia.org,wikipedia_primary,1,Matthew 24,
CASE-0115,Matthew 24 signs,Matthew 24,wikipedia_article_links,https://en.wikipedia.org/wiki/Matthew_23,en.wikipedia.org,wikipedia_internal,2,chapter 23,
CASE-0115,Matthew 24 signs,Matthew 24,wikipedia_article_links,https://en.wikipedia.org/wiki/Matthew_25,en.wikipedia.org,wikipedia_internal,3,chapter 25,
CASE-0115,Matthew 24 signs,Matthew 24,wikipedia_article_links,https://en.wikipedia.org/wiki/Papyrus_1,en.wikipedia.org,wikipedia_internal,4,Papyrus 1,
CASE-0115,Matthew 24 signs,Matthew 24,wikipedia_article_links,https://en.wikipedia.org/wiki/Gospel_of_Matthew,en.wikipedia.org,wikipedia_internal,5,Gospel of Matthew,
CASE-0115,Matthew 24 signs,Matthew 24,wikipedia_article_links,https://en.wikipedia.org/wiki/Gospel,en.wikipedia.org,wikipedia_internal,6,Gospel,
CASE-0115,Matthew 24 signs,Matthew 24,wikipedia_article_links,https://en.wikipedia.org/wiki/New_Testament,en.wikipedia.org,wikipedia_internal,7,New Testament,
CASE-0115,Matthew 24 signs,Matthew 24,wikipedia_article_links,https://en.wikipedia.org/wiki/Christianity,en.wikipedia.org,wikipedia_internal,8,Christian,
CASE-0115,Matthew 24 signs,Matthew 24,wikipedia_article_links,https://en.wikipedia.org/wiki/Bible,en.wikipedia.org,wikipedia_internal,9,Bible,
CASE-0115,Matthew 24 signs,Matthew 24,wikipedia_article_links,https://en.wikipedia.org/wiki/Olivet_Discourse,en.wikipedia.org,wikipedia_internal,10,Olivet Discourse,
CASE-0115,Matthew 24 signs,Matthew 24,wikipedia_article_links,https://en.wikipedia.org/wiki/Jesus,en.wikipedia.org,wikipedia_internal,11,Jesus,
CASE-0115,Matthew 24 signs,Matthew 24,wikipedia_article_links,https://en.wikipedia.org/wiki/Christ_(title),en.wikipedia.org,wikipedia_internal,12,Christ,
CASE-0115,Matthew 24 signs,Matthew 24,wikipedia_article_links,https://en.wikipedia.org/wiki/Eschatology,en.wikipedia.org,wikipedia_internal,13,Eschatological Discourse,
CASE-0115,Matthew 24 signs,Matthew 24,wikipedia_article_links,https://en.wikipedia.org/wiki/Destruction_of_Jerusalem,en.wikipedia.org,wikipedia_internal,14,destruction,
CASE-0115,Matthew 24 signs,Matthew 24,wikipedia_article_links,https://en.wikipedia.org/wiki/Second_Temple,en.wikipedia.org,wikipedia_internal,15,Temple,
CASE-0115,Matthew 24 signs,Matthew 24,wikipedia_article_links,https://en.wikipedia.org/wiki/Jerusalem,en.wikipedia.org,wikipedia_internal,16,Jerusalem,
CASE-0115,Matthew 24 signs,Matthew 24,wikipedia_article_links,https://en.wikipedia.org/wiki/Mark_13,en.wikipedia.org,wikipedia_internal,17,Mark 13,
CASE-0115,Matthew 24 signs,Matthew 24,wikipedia_article_links,https://en.wikipedia.org/wiki/Luke_21,en.wikipedia.org,wikipedia_internal,18,Luke 21,
CASE-0115,Matthew 24 signs,Matthew 24,wikipedia_article_links,https://en.wikipedia.org/wiki/Koine_Greek,en.wikipedia.org,wikipedia_internal,19,Koine Greek,
CASE-0115,Matthew 24 signs,Matthew 24,wikipedia_article_links,https://en.wikipedia.org/wiki/Chapters_and_verses_of_the_Bible,en.wikipedia.org,wikipedia_internal,20,This chapter is divided into,
CASE-0116,Revelation timeline,Age of Revelation,wikipedia_search,https://en.wikipedia.org/wiki/Age_of_Revelation,en.wikipedia.org,wikipedia_primary,1,Age of Revelation,
CASE-0116,Revelation timeline,Age of Revelation,wikipedia_article_links,https://en.wikipedia.org/wiki/List_of_comics_publishing_companies,en.wikipedia.org,wikipedia_internal,2,Publisher,
CASE-0116,Revelation timeline,Age of Revelation,wikipedia_article_links,https://en.wikipedia.org/wiki/Marvel_Comics,en.wikipedia.org,wikipedia_internal,3,Marvel Comics,
CASE-0116,Revelation timeline,Age of Revelation,wikipedia_article_links,https://en.wikipedia.org/wiki/Superhero_comics,en.wikipedia.org,wikipedia_internal,4,Superhero,
CASE-0116,Revelation timeline,Age of Revelation,wikipedia_article_links,https://en.wikipedia.org/wiki/X-Men,en.wikipedia.org,wikipedia_internal,5,X-Men,
CASE-0116,Revelation timeline,Age of Revelation,wikipedia_article_links,https://en.wikipedia.org/wiki/Cypher_(Marvel_Comics),en.wikipedia.org,wikipedia_internal,6,Revelation,
CASE-0116,Revelation timeline,Age of Revelation,wikipedia_article_links,https://en.wikipedia.org/wiki/Jed_MacKay,en.wikipedia.org,wikipedia_internal,7,Jed MacKay,
CASE-0116,Revelation timeline,Age of Revelation,wikipedia_article_links,https://en.wikipedia.org/wiki/Penciller,en.wikipedia.org,wikipedia_internal,8,Penciller,
CASE-0116,Revelation timeline,Age of Revelation,wikipedia_article_links,https://en.wikipedia.org/wiki/Ryan_Stegman,en.wikipedia.org,wikipedia_internal,9,Ryan Stegman,
CASE-0116,Revelation timeline,Age of Revelation,wikipedia_article_links,https://en.wikipedia.org/wiki/Comic_book,en.wikipedia.org,wikipedia_internal,10,comic book,
CASE-0116,Revelation timeline,Age of Revelation,wikipedia_article_links,https://en.wikipedia.org/wiki/Crossover_(fiction),en.wikipedia.org,wikipedia_internal,11,crossover,
CASE-0116,Revelation timeline,Age of Revelation,wikipedia_article_links,https://en.wikipedia.org/wiki/Apocalypse_(character),en.wikipedia.org,wikipedia_internal,12,Apocalypse,
CASE-0116,Revelation timeline,Age of Revelation,wikipedia_article_links,https://en.wikipedia.org/wiki/Ongoing_series,en.wikipedia.org,wikipedia_internal,13,ongoing,
CASE-0116,Revelation timeline,Age of Revelation,wikipedia_article_links,https://en.wikipedia.org/wiki/Limited_series_(comics),en.wikipedia.org,wikipedia_internal,14,limited series,
CASE-0116,Revelation timeline,Age of Revelation,wikipedia_article_links,https://en.wikipedia.org/wiki/Parallel_universe_(fiction),en.wikipedia.org,wikipedia_internal,15,alternate timeline,
CASE-0116,Revelation timeline,Age of Revelation,wikipedia_article_links,https://en.wikipedia.org/wiki/One-shot_(comics),en.wikipedia.org,wikipedia_internal,16,one-shot,
CASE-0116,Revelation timeline,Age of Revelation,wikipedia_article_links,https://en.wikipedia.org/wiki/Amazing_X-Men,en.wikipedia.org,wikipedia_internal,17,Amazing X-Men,
CASE-0116,Revelation timeline,Age of Revelation,wikipedia_article_links,https://en.wikipedia.org/wiki/Age_of_Apocalypse,en.wikipedia.org,wikipedia_internal,18,Age of Apocalypse,
CASE-0116,Revelation timeline,Age of Revelation,wikipedia_article_links,https://en.wikipedia.org/wiki/Humberto_Ramos,en.wikipedia.org,wikipedia_internal,19,Humberto Ramos,
CASE-0116,Revelation timeline,Age of Revelation,wikipedia_article_links,https://en.wikipedia.org/wiki/Mahmud_Asrar,en.wikipedia.org,wikipedia_internal,20,Mahmud Asrar,
CASE-0117,MK Ultra survivors,MKUltra,wikipedia_search,https://en.wikipedia.org/wiki/MKUltra,en.wikipedia.org,wikipedia_primary,1,MKUltra,
CASE-0117,MK Ultra survivors,MKUltra,wikipedia_article_links,https://en.wikipedia.org/wiki/MKULTRA_(disambiguation),en.wikipedia.org,wikipedia_internal,2,MKULTRA (disambiguation),
CASE-0117,MK Ultra survivors,MKUltra,wikipedia_article_links,https://en.wikipedia.org/wiki/Edgewood_Arsenal_human_experiments,en.wikipedia.org,wikipedia_internal,3,Edgewood Arsenal human experiments,
CASE-0117,MK Ultra survivors,MKUltra,wikipedia_article_links,https://en.wikipedia.org/wiki/Declassification,en.wikipedia.org,wikipedia_internal,4,Declassified,
CASE-0117,MK Ultra survivors,MKUltra,wikipedia_article_links,https://en.wikipedia.org/wiki/Unethical_human_experimentation_in_the_United_States,en.wikipedia.org,wikipedia_internal,5,human experimentation,
CASE-0117,MK Ultra survivors,MKUltra,wikipedia_article_links,https://en.wikipedia.org/wiki/Central_Intelligence_Agency,en.wikipedia.org,wikipedia_internal,6,Central Intelligence Agency,
CASE-0117,MK Ultra survivors,MKUltra,wikipedia_article_links,https://en.wikipedia.org/wiki/CIA_cryptonym,en.wikipedia.org,wikipedia_internal,7,CIA cryptonym,
CASE-0117,MK Ultra survivors,MKUltra,wikipedia_article_links,https://en.wikipedia.org/wiki/Office_of_Technical_Service,en.wikipedia.org,wikipedia_internal,8,Office of Technical Service,
CASE-0117,MK Ultra survivors,MKUltra,wikipedia_article_links,https://en.wikipedia.org/wiki/Individual_rights_in_the_United_States,en.wikipedia.org,wikipedia_internal,9,individual rights,
CASE-0117,MK Ultra survivors,MKUltra,wikipedia_article_links,https://en.wikipedia.org/wiki/List_of_CIA_controversies,en.wikipedia.org,wikipedia_internal,10,the CIA's abuse of power,
CASE-0117,MK Ultra survivors,MKUltra,wikipedia_article_links,https://en.wikipedia.org/wiki/Consent,en.wikipedia.org,wikipedia_internal,11,consent,
CASE-0117,MK Ultra survivors,MKUltra,wikipedia_article_links,https://en.wikipedia.org/wiki/Democratic_values,en.wikipedia.org,wikipedia_internal,12,democratic principles,
CASE-0117,MK Ultra survivors,MKUltra,wikipedia_article_links,https://en.wikipedia.org/wiki/Psychoactive_drug,en.wikipedia.org,wikipedia_internal,13,psychoactive drugs,
CASE-0117,MK Ultra survivors,MKUltra,wikipedia_article_links,https://en.wikipedia.org/wiki/LSD,en.wikipedia.org,wikipedia_internal,14,LSD,
CASE-0117,MK Ultra survivors,MKUltra,wikipedia_article_links,https://en.wikipedia.org/wiki/Electroconvulsive_therapy,en.wikipedia.org,wikipedia_internal,15,electroshocks,
CASE-0117,MK Ultra survivors,MKUltra,wikipedia_article_links,https://en.wikipedia.org/wiki/Hypnosis,en.wikipedia.org,wikipedia_internal,16,hypnosis,
CASE-0117,MK Ultra survivors,MKUltra,wikipedia_article_links,https://en.wikipedia.org/wiki/Sensory_deprivation,en.wikipedia.org,wikipedia_internal,17,sensory deprivation,
CASE-0117,MK Ultra survivors,MKUltra,wikipedia_article_links,https://en.wikipedia.org/wiki/Verbal_abuse,en.wikipedia.org,wikipedia_internal,18,verbal,
CASE-0117,MK Ultra survivors,MKUltra,wikipedia_article_links,https://en.wikipedia.org/wiki/Sexual_abuse,en.wikipedia.org,wikipedia_internal,19,sexual abuse,
CASE-0117,MK Ultra survivors,MKUltra,wikipedia_article_links,https://en.wikipedia.org/wiki/Torture,en.wikipedia.org,wikipedia_internal,20,torture,
CASE-0118,NSA wiretapping,NSA warrantless surveillance (2001–2007),wikipedia_search,https://en.wikipedia.org/wiki/NSA_warrantless_surveillance_%282001%E2%80%932007%29,en.wikipedia.org,wikipedia_primary,1,NSA warrantless surveillance (2001–2007),
CASE-0118,NSA wiretapping,NSA warrantless surveillance (2001–2007),wikipedia_article_links,https://en.wikipedia.org/wiki/MAINWAY,en.wikipedia.org,wikipedia_internal,2,MAINWAY,
CASE-0118,NSA wiretapping,NSA warrantless surveillance (2001–2007),wikipedia_article_links,https://en.wikipedia.org/wiki/Global_surveillance_disclosures_(2013%E2%80%93present),en.wikipedia.org,wikipedia_internal,3,Global surveillance disclosures (2013–present),
CASE-0118,NSA wiretapping,NSA warrantless surveillance (2001–2007),wikipedia_article_links,https://en.wikipedia.org/wiki/National_Security_Agency,en.wikipedia.org,wikipedia_internal,4,National Security Agency,
CASE-0118,NSA wiretapping,NSA warrantless surveillance (2001–2007),wikipedia_article_links,https://en.wikipedia.org/wiki/Boundless_Informant,en.wikipedia.org,wikipedia_internal,5,Map of global NSA data collection,
CASE-0118,NSA wiretapping,NSA warrantless surveillance (2001–2007),wikipedia_article_links,https://en.wikipedia.org/wiki/ECHELON,en.wikipedia.org,wikipedia_internal,6,ECHELON,
CASE-0118,NSA wiretapping,NSA warrantless surveillance (2001–2007),wikipedia_article_links,https://en.wikipedia.org/wiki/Project_MINARET,en.wikipedia.org,wikipedia_internal,7,MINARET,
CASE-0118,NSA wiretapping,NSA warrantless surveillance (2001–2007),wikipedia_article_links,https://en.wikipedia.org/wiki/Project_SHAMROCK,en.wikipedia.org,wikipedia_internal,8,SHAMROCK,
CASE-0118,NSA wiretapping,NSA warrantless surveillance (2001–2007),wikipedia_article_links,https://en.wikipedia.org/wiki/PROMIS_(intelligence_software),en.wikipedia.org,wikipedia_internal,9,PROMIS,
CASE-0118,NSA wiretapping,NSA warrantless surveillance (2001–2007),wikipedia_article_links,https://en.wikipedia.org/wiki/Upstream_collection,en.wikipedia.org,wikipedia_internal,10,Upstream collection,
CASE-0118,NSA wiretapping,NSA warrantless surveillance (2001–2007),wikipedia_article_links,https://en.wikipedia.org/wiki/Blarney_(code_name),en.wikipedia.org,wikipedia_internal,11,BLARNEY,
CASE-0118,NSA wiretapping,NSA warrantless surveillance (2001–2007),wikipedia_article_links,https://en.wikipedia.org/wiki/Fairview_(surveillance_program),en.wikipedia.org,wikipedia_internal,12,FAIRVIEW,
CASE-0118,NSA wiretapping,NSA warrantless surveillance (2001–2007),wikipedia_article_links,https://en.wikipedia.org/wiki/Main_Core,en.wikipedia.org,wikipedia_internal,13,Main Core,
CASE-0118,NSA wiretapping,NSA warrantless surveillance (2001–2007),wikipedia_article_links,https://en.wikipedia.org/wiki/ThinThread,en.wikipedia.org,wikipedia_internal,14,ThinThread,
CASE-0118,NSA wiretapping,NSA warrantless surveillance (2001–2007),wikipedia_article_links,https://en.wikipedia.org/wiki/Project_Genoa,en.wikipedia.org,wikipedia_internal,15,Genoa,
CASE-0118,NSA wiretapping,NSA warrantless surveillance (2001–2007),wikipedia_article_links,https://en.wikipedia.org/wiki/RAMPART-A,en.wikipedia.org,wikipedia_internal,16,RAMPART-A,
CASE-0118,NSA wiretapping,NSA warrantless surveillance (2001–2007),wikipedia_article_links,https://en.wikipedia.org/wiki/Tailored_Access_Operations,en.wikipedia.org,wikipedia_internal,17,Tailored Access Operations,
CASE-0118,NSA wiretapping,NSA warrantless surveillance (2001–2007),wikipedia_article_links,https://en.wikipedia.org/wiki/OAKSTAR,en.wikipedia.org,wikipedia_internal,18,OAKSTAR,
CASE-0118,NSA wiretapping,NSA warrantless surveillance (2001–2007),wikipedia_article_links,https://en.wikipedia.org/wiki/STORMBREW,en.wikipedia.org,wikipedia_internal,19,STORMBREW,
CASE-0118,NSA wiretapping,NSA warrantless surveillance (2001–2007),wikipedia_article_links,https://en.wikipedia.org/wiki/Trailblazer_Project,en.wikipedia.org,wikipedia_internal,20,Trailblazer,
CASE-0119,globalist agenda,New World Order conspiracy theory,wikipedia_search,https://en.wikipedia.org/wiki/New_World_Order_conspiracy_theory,en.wikipedia.org,wikipedia_primary,1,New World Order conspiracy theory,
CASE-0119,globalist agenda,New World Order conspiracy theory,wikipedia_article_links,https://en.wikipedia.org/wiki/New_world_order_(politics),en.wikipedia.org,wikipedia_internal,2,New world order (politics),
CASE-0119,globalist agenda,New World Order conspiracy theory,wikipedia_article_links,https://en.wikipedia.org/wiki/Great_Seal_of_the_United_States,en.wikipedia.org,wikipedia_internal,3,Great Seal of the United States,
CASE-0119,globalist agenda,New World Order conspiracy theory,wikipedia_article_links,https://en.wikipedia.org/wiki/Novus_ordo_seclorum,en.wikipedia.org,wikipedia_internal,4,novus ordo seclorum,
CASE-0119,globalist agenda,New World Order conspiracy theory,wikipedia_article_links,https://en.wikipedia.org/wiki/U.S._one-dollar_bill,en.wikipedia.org,wikipedia_internal,5,U.S. one-dollar bill,
CASE-0119,globalist agenda,New World Order conspiracy theory,wikipedia_article_links,https://en.wikipedia.org/wiki/Conspiracy_theory,en.wikipedia.org,wikipedia_internal,6,conspiracy theories,
CASE-0119,globalist agenda,New World Order conspiracy theory,wikipedia_article_links,https://en.wikipedia.org/wiki/Totalitarian,en.wikipedia.org,wikipedia_internal,7,totalitarian,
CASE-0119,globalist agenda,New World Order conspiracy theory,wikipedia_article_links,https://en.wikipedia.org/wiki/World_government,en.wikipedia.org,wikipedia_internal,8,world government,
CASE-0119,globalist agenda,New World Order conspiracy theory,wikipedia_article_links,https://en.wikipedia.org/wiki/Shadow_government_(conspiracy_theory),en.wikipedia.org,wikipedia_internal,9,secretive,
CASE-0119,globalist agenda,New World Order conspiracy theory,wikipedia_article_links,https://en.wikipedia.org/wiki/Elite,en.wikipedia.org,wikipedia_internal,10,elite,
CASE-0119,globalist agenda,New World Order conspiracy theory,wikipedia_article_links,https://en.wikipedia.org/wiki/Globalism,en.wikipedia.org,wikipedia_internal,11,globalist,
CASE-0119,globalist agenda,New World Order conspiracy theory,wikipedia_article_links,https://en.wikipedia.org/wiki/World_domination,en.wikipedia.org,wikipedia_internal,12,rule the world,
CASE-0119,globalist agenda,New World Order conspiracy theory,wikipedia_article_links,https://en.wikipedia.org/wiki/Authoritarianism,en.wikipedia.org,wikipedia_internal,13,authoritarian,
CASE-0119,globalist agenda,New World Order conspiracy theory,wikipedia_article_links,https://en.wikipedia.org/wiki/Nation-states,en.wikipedia.org,wikipedia_internal,14,nation-states,
CASE-0119,globalist agenda,New World Order conspiracy theory,wikipedia_article_links,https://en.wikipedia.org/wiki/End_of_history,en.wikipedia.org,wikipedia_internal,15,culmination of history's progress,
CASE-0119,globalist agenda,New World Order conspiracy theory,wikipedia_article_links,https://en.wikipedia.org/wiki/Cabal,en.wikipedia.org,wikipedia_internal,16,cabal,
CASE-0119,globalist agenda,New World Order conspiracy theory,wikipedia_article_links,https://en.wikipedia.org/wiki/Front_organization,en.wikipedia.org,wikipedia_internal,17,front organizations,
CASE-0119,globalist agenda,New World Order conspiracy theory,wikipedia_article_links,https://en.wikipedia.org/wiki/Crisis,en.wikipedia.org,wikipedia_internal,18,crises,
CASE-0119,globalist agenda,New World Order conspiracy theory,wikipedia_article_links,https://en.wikipedia.org/wiki/Countercultures,en.wikipedia.org,wikipedia_internal,19,countercultures,
CASE-0119,globalist agenda,New World Order conspiracy theory,wikipedia_article_links,https://en.wikipedia.org/wiki/Fundamentalist_Christianity,en.wikipedia.org,wikipedia_internal,20,fundamentalist Christianity,
CASE-0120,Israel Palestine conspiracy,Greater Israel,wikipedia_search,https://en.wikipedia.org/wiki/Greater_Israel,en.wikipedia.org,wikipedia_primary,1,Greater Israel,
CASE-0120,Israel Palestine conspiracy,Greater Israel,wikipedia_article_links,https://en.wikipedia.org/wiki/Conservatism_in_Israel,en.wikipedia.org,wikipedia_internal,2,Conservatism in Israel,
CASE-0120,Israel Palestine conspiracy,Greater Israel,wikipedia_article_links,https://en.wikipedia.org/wiki/Liberal_conservatism,en.wikipedia.org,wikipedia_internal,3,Liberal,
CASE-0120,Israel Palestine conspiracy,Greater Israel,wikipedia_article_links,https://en.wikipedia.org/wiki/Economic_liberalism,en.wikipedia.org,wikipedia_internal,4,Economic,
CASE-0120,Israel Palestine conspiracy,Greater Israel,wikipedia_article_links,https://en.wikipedia.org/wiki/National_conservatism,en.wikipedia.org,wikipedia_internal,5,National,
CASE-0120,Israel Palestine conspiracy,Greater Israel,wikipedia_article_links,https://en.wikipedia.org/wiki/Cultural_nationalism,en.wikipedia.org,wikipedia_internal,6,Cultural,
CASE-0120,Israel Palestine conspiracy,Greater Israel,wikipedia_article_links,https://en.wikipedia.org/wiki/Religious_nationalism#Judaism,en.wikipedia.org,wikipedia_internal,7,Religious,
CASE-0120,Israel Palestine conspiracy,Greater Israel,wikipedia_article_links,https://en.wikipedia.org/wiki/Ultranationalism,en.wikipedia.org,wikipedia_internal,8,Ultra,
CASE-0120,Israel Palestine conspiracy,Greater Israel,wikipedia_article_links,https://en.wikipedia.org/wiki/Religious_conservatism,en.wikipedia.org,wikipedia_internal,9,Religious,
CASE-0120,Israel Palestine conspiracy,Greater Israel,wikipedia_article_links,https://en.wikipedia.org/wiki/Social_conservatism,en.wikipedia.org,wikipedia_internal,10,Social,
CASE-0120,Israel Palestine conspiracy,Greater Israel,wikipedia_article_links,https://en.wikipedia.org/wiki/Jewish_conservatism,en.wikipedia.org,wikipedia_internal,11,Jewish conservatism,
CASE-0120,Israel Palestine conspiracy,Greater Israel,wikipedia_article_links,https://en.wikipedia.org/wiki/Jewish_fundamentalism,en.wikipedia.org,wikipedia_internal,12,Jewish fundamentalism,
CASE-0120,Israel Palestine conspiracy,Greater Israel,wikipedia_article_links,https://en.wikipedia.org/wiki/Zionism,en.wikipedia.org,wikipedia_internal,13,Zionism,
CASE-0120,Israel Palestine conspiracy,Greater Israel,wikipedia_article_links,https://en.wikipedia.org/wiki/Cultural_Zionism,en.wikipedia.org,wikipedia_internal,14,Cultural,
CASE-0120,Israel Palestine conspiracy,Greater Israel,wikipedia_article_links,https://en.wikipedia.org/wiki/Nietzschean_Zionism,en.wikipedia.org,wikipedia_internal,15,Nietzschean,
CASE-0120,Israel Palestine conspiracy,Greater Israel,wikipedia_article_links,https://en.wikipedia.org/wiki/Neo-Zionism,en.wikipedia.org,wikipedia_internal,16,Neo,
CASE-0120,Israel Palestine conspiracy,Greater Israel,wikipedia_article_links,https://en.wikipedia.org/wiki/Religious_Zionism,en.wikipedia.org,wikipedia_internal,17,Religious,
CASE-0120,Israel Palestine conspiracy,Greater Israel,wikipedia_article_links,https://en.wikipedia.org/wiki/Revisionist_Zionism,en.wikipedia.org,wikipedia_internal,18,Revisionist,
CASE-0120,Israel Palestine conspiracy,Greater Israel,wikipedia_article_links,https://en.wikipedia.org/wiki/Religious_anti-Zionism#Within_Judaism,en.wikipedia.org,wikipedia_internal,19,Haredi anti-Zionism,
CASE-0120,Israel Palestine conspiracy,Greater Israel,wikipedia_article_links,https://en.wikipedia.org/wiki/Islamism,en.wikipedia.org,wikipedia_internal,20,Islamism,
CASE-0121,two witnesses Revelation,Two witnesses,wikipedia_search,https://en.wikipedia.org/wiki/Two_witnesses,en.wikipedia.org,wikipedia_primary,1,Two witnesses,
CASE-0121,two witnesses Revelation,Two witnesses,wikipedia_article_links,https://en.wikipedia.org/wiki/Bamberg_Apocalypse,en.wikipedia.org,wikipedia_internal,2,Bamberg Apocalypse,
CASE-0121,two witnesses Revelation,Two witnesses,wikipedia_article_links,https://en.wikipedia.org/wiki/Illuminated_manuscript,en.wikipedia.org,wikipedia_internal,3,illuminated manuscript,
CASE-0121,two witnesses Revelation,Two witnesses,wikipedia_article_links,https://en.wikipedia.org/wiki/Ancient_Greek_language,en.wikipedia.org,wikipedia_internal,4,Ancient Greek,
CASE-0121,two witnesses Revelation,Two witnesses,wikipedia_article_links,https://en.wikipedia.org/wiki/Romanization_of_Ancient_Greek,en.wikipedia.org,wikipedia_internal,5,romanized,
CASE-0121,two witnesses Revelation,Two witnesses,wikipedia_article_links,https://en.wikipedia.org/wiki/Revelation_11,en.wikipedia.org,wikipedia_internal,6,Revelation 11,
CASE-0121,two witnesses Revelation,Two witnesses,wikipedia_article_links,https://en.wikipedia.org/wiki/Christians,en.wikipedia.org,wikipedia_internal,7,Christians,
CASE-0121,two witnesses Revelation,Two witnesses,wikipedia_article_links,https://en.wikipedia.org/wiki/Prophets,en.wikipedia.org,wikipedia_internal,8,prophets,
CASE-0121,two witnesses Revelation,Two witnesses,wikipedia_article_links,https://en.wikipedia.org/wiki/Moses,en.wikipedia.org,wikipedia_internal,9,Moses,
CASE-0121,two witnesses Revelation,Two witnesses,wikipedia_article_links,https://en.wikipedia.org/wiki/Elijah,en.wikipedia.org,wikipedia_internal,10,Elijah,
CASE-0121,two witnesses Revelation,Two witnesses,wikipedia_article_links,https://en.wikipedia.org/wiki/Saint_Peter,en.wikipedia.org,wikipedia_internal,11,Saint Peter,
CASE-0121,two witnesses Revelation,Two witnesses,wikipedia_article_links,https://en.wikipedia.org/wiki/Saint_Paul,en.wikipedia.org,wikipedia_internal,12,Saint Paul,
CASE-0121,two witnesses Revelation,Two witnesses,wikipedia_article_links,https://en.wikipedia.org/wiki/Torah,en.wikipedia.org,wikipedia_internal,13,Torah,
CASE-0121,two witnesses Revelation,Two witnesses,wikipedia_article_links,https://en.wikipedia.org/wiki/Nevi%E2%80%99im,en.wikipedia.org,wikipedia_internal,14,Nevi’im,
CASE-0121,two witnesses Revelation,Two witnesses,wikipedia_article_links,https://en.wikipedia.org/wiki/Old_Testament,en.wikipedia.org,wikipedia_internal,15,Old Testament,
CASE-0121,two witnesses Revelation,Two witnesses,wikipedia_article_links,https://en.wikipedia.org/wiki/New_Testament,en.wikipedia.org,wikipedia_internal,16,New Testament,
CASE-0121,two witnesses Revelation,Two witnesses,wikipedia_article_links,https://en.wikipedia.org/wiki/Enoch_(ancestor_of_Noah),en.wikipedia.org,wikipedia_internal,17,Enoch,
CASE-0121,two witnesses Revelation,Two witnesses,wikipedia_article_links,https://en.wikipedia.org/wiki/Hippolytus_of_Rome,en.wikipedia.org,wikipedia_internal,18,Hippolytus of Rome,
CASE-0121,two witnesses Revelation,Two witnesses,wikipedia_article_links,https://en.wikipedia.org/wiki/Biblical_exegesis,en.wikipedia.org,wikipedia_internal,19,interpret,
CASE-0121,two witnesses Revelation,Two witnesses,wikipedia_article_links,https://en.wikipedia.org/wiki/Paul_the_Apostle,en.wikipedia.org,wikipedia_internal,20,Paul,
CASE-0122,red heifer prophecy,Red heifer,wikipedia_search,https://en.wikipedia.org/wiki/Red_heifer,en.wikipedia.org,wikipedia_primary,1,Red heifer,
CASE-0122,red heifer prophecy,Red heifer,wikipedia_article_links,https://en.wikipedia.org/wiki/Red_Angus,en.wikipedia.org,wikipedia_internal,2,Red Angus,
CASE-0122,red heifer prophecy,Red heifer,wikipedia_article_links,https://en.wikipedia.org/wiki/Temple_Institute,en.wikipedia.org,wikipedia_internal,3,Temple Institute,
CASE-0122,red heifer prophecy,Red heifer,wikipedia_article_links,https://en.wikipedia.org/wiki/Third_Temple,en.wikipedia.org,wikipedia_internal,4,Third Temple,
CASE-0122,red heifer prophecy,Red heifer,wikipedia_article_links,https://en.wikipedia.org/wiki/Jerusalem,en.wikipedia.org,wikipedia_internal,5,Jerusalem,
CASE-0122,red heifer prophecy,Red heifer,wikipedia_article_links,https://en.wikipedia.org/wiki/Judaic,en.wikipedia.org,wikipedia_internal,6,Judaic,
CASE-0122,red heifer prophecy,Red heifer,wikipedia_article_links,https://en.wikipedia.org/wiki/Tumah_and_taharah,en.wikipedia.org,wikipedia_internal,7,Ritual purity in Judaism,
CASE-0122,red heifer prophecy,Red heifer,wikipedia_article_links,https://en.wikipedia.org/wiki/Mikveh,en.wikipedia.org,wikipedia_internal,8,Mikveh,
CASE-0122,red heifer prophecy,Red heifer,wikipedia_article_links,https://en.wikipedia.org/wiki/Handwashing_in_Judaism,en.wikipedia.org,wikipedia_internal,9,Netilat yadayim,
CASE-0122,red heifer prophecy,Red heifer,wikipedia_article_links,https://en.wikipedia.org/wiki/Hefsek_taharah,en.wikipedia.org,wikipedia_internal,10,Hefsek taharah,
CASE-0122,red heifer prophecy,Red heifer,wikipedia_article_links,https://en.wikipedia.org/wiki/Hagalah,en.wikipedia.org,wikipedia_internal,11,Hagalah,
CASE-0122,red heifer prophecy,Red heifer,wikipedia_article_links,https://en.wikipedia.org/wiki/Tevilat_Kelim,en.wikipedia.org,wikipedia_internal,12,Tevilat Kelim,
CASE-0122,red heifer prophecy,Red heifer,wikipedia_article_links,https://en.wikipedia.org/wiki/Av_HaTumah,en.wikipedia.org,wikipedia_internal,13,Av HaTumah,
CASE-0122,red heifer prophecy,Red heifer,wikipedia_article_links,https://en.wikipedia.org/wiki/Midras_uncleanness,en.wikipedia.org,wikipedia_internal,14,Midras,
CASE-0122,red heifer prophecy,Red heifer,wikipedia_article_links,https://en.wikipedia.org/wiki/Keri,en.wikipedia.org,wikipedia_internal,15,Keri,
CASE-0122,red heifer prophecy,Red heifer,wikipedia_article_links,https://en.wikipedia.org/wiki/Niddah,en.wikipedia.org,wikipedia_internal,16,Niddah,
CASE-0122,red heifer prophecy,Red heifer,wikipedia_article_links,https://en.wikipedia.org/wiki/Tzaraath,en.wikipedia.org,wikipedia_internal,17,Tzaraath,
CASE-0122,red heifer prophecy,Red heifer,wikipedia_article_links,https://en.wikipedia.org/wiki/Zav,en.wikipedia.org,wikipedia_internal,18,Zav,
CASE-0122,red heifer prophecy,Red heifer,wikipedia_article_links,https://en.wikipedia.org/wiki/Zavah,en.wikipedia.org,wikipedia_internal,19,Zavah,
CASE-0122,red heifer prophecy,Red heifer,wikipedia_article_links,https://en.wikipedia.org/wiki/Corpse_uncleanness,en.wikipedia.org,wikipedia_internal,20,Corpse uncleanness,
CASE-0123,Isaiah 17 Damascus,Isaiah 17,wikipedia_search,https://en.wikipedia.org/wiki/Isaiah_17,en.wikipedia.org,wikipedia_primary,1,Isaiah 17,
CASE-0123,Isaiah 17 Damascus,Isaiah 17,wikipedia_article_links,https://en.wikipedia.org/wiki/Isaiah_16,en.wikipedia.org,wikipedia_internal,2,chapter 16,
CASE-0123,Isaiah 17 Damascus,Isaiah 17,wikipedia_article_links,https://en.wikipedia.org/wiki/Isaiah_18,en.wikipedia.org,wikipedia_internal,3,chapter 18,
CASE-0123,Isaiah 17 Damascus,Isaiah 17,wikipedia_article_links,https://en.wikipedia.org/wiki/Great_Isaiah_Scroll,en.wikipedia.org,wikipedia_internal,4,Great Isaiah Scroll,
CASE-0123,Isaiah 17 Damascus,Isaiah 17,wikipedia_article_links,https://en.wikipedia.org/wiki/Qumran,en.wikipedia.org,wikipedia_internal,5,Qumran,
CASE-0123,Isaiah 17 Damascus,Isaiah 17,wikipedia_article_links,https://en.wikipedia.org/wiki/Book_of_Isaiah,en.wikipedia.org,wikipedia_internal,6,Book of Isaiah,
CASE-0123,Isaiah 17 Damascus,Isaiah 17,wikipedia_article_links,https://en.wikipedia.org/wiki/Nevi%27im,en.wikipedia.org,wikipedia_internal,7,Nevi'im,
CASE-0123,Isaiah 17 Damascus,Isaiah 17,wikipedia_article_links,https://en.wikipedia.org/wiki/Old_Testament,en.wikipedia.org,wikipedia_internal,8,Old Testament,
CASE-0123,Isaiah 17 Damascus,Isaiah 17,wikipedia_article_links,https://en.wikipedia.org/wiki/Chapters_and_verses_of_the_Bible,en.wikipedia.org,wikipedia_internal,9,chapter,
CASE-0123,Isaiah 17 Damascus,Isaiah 17,wikipedia_article_links,https://en.wikipedia.org/wiki/Hebrew_Bible,en.wikipedia.org,wikipedia_internal,10,Hebrew Bible,
CASE-0123,Isaiah 17 Damascus,Isaiah 17,wikipedia_article_links,https://en.wikipedia.org/wiki/Christianity,en.wikipedia.org,wikipedia_internal,11,Christian,
CASE-0123,Isaiah 17 Damascus,Isaiah 17,wikipedia_article_links,https://en.wikipedia.org/wiki/Bible,en.wikipedia.org,wikipedia_internal,12,Bible,
CASE-0123,Isaiah 17 Damascus,Isaiah 17,wikipedia_article_links,https://en.wikipedia.org/wiki/Isaiah,en.wikipedia.org,wikipedia_internal,13,Isaiah,
CASE-0123,Isaiah 17 Damascus,Isaiah 17,wikipedia_article_links,https://en.wikipedia.org/wiki/New_King_James_Version,en.wikipedia.org,wikipedia_internal,14,New King James Version,
CASE-0123,Isaiah 17 Damascus,Isaiah 17,wikipedia_article_links,https://en.wikipedia.org/wiki/Aram-Damascus,en.wikipedia.org,wikipedia_internal,15,Syria,
CASE-0123,Isaiah 17 Damascus,Isaiah 17,wikipedia_article_links,https://en.wikipedia.org/wiki/Kingdom_of_Israel_(Samaria),en.wikipedia.org,wikipedia_internal,16,Israel,
CASE-0123,Isaiah 17 Damascus,Isaiah 17,wikipedia_article_links,https://en.wikipedia.org/wiki/Biblical_Hebrew,en.wikipedia.org,wikipedia_internal,17,Hebrew,
CASE-0123,Isaiah 17 Damascus,Isaiah 17,wikipedia_article_links,https://en.wikipedia.org/wiki/Masoretic_Text,en.wikipedia.org,wikipedia_internal,18,Masoretic Text,
CASE-0123,Isaiah 17 Damascus,Isaiah 17,wikipedia_article_links,https://en.wikipedia.org/wiki/Codex_Cairensis,en.wikipedia.org,wikipedia_internal,19,Codex Cairensis,
CASE-0123,Isaiah 17 Damascus,Isaiah 17,wikipedia_article_links,https://en.wikipedia.org/wiki/Codex_Babylonicus_Petropolitanus,en.wikipedia.org,wikipedia_internal,20,the Petersburg Codex of the Prophets,
CASE-0124,Psalm 83 war,Psalm 83,wikipedia_search,https://en.wikipedia.org/wiki/Psalm_83,en.wikipedia.org,wikipedia_primary,1,Psalm 83,
CASE-0124,Psalm 83 war,Psalm 83,wikipedia_article_links,https://en.wikipedia.org/wiki/Psalm_84,en.wikipedia.org,wikipedia_internal,2,Psalm 84,
CASE-0124,Psalm 83 war,Psalm 83,wikipedia_article_links,https://en.wikipedia.org/wiki/King_James_Bible,en.wikipedia.org,wikipedia_internal,3,King James Bible,
CASE-0124,Psalm 83 war,Psalm 83,wikipedia_article_links,https://en.wikipedia.org/wiki/Psalm_82,en.wikipedia.org,wikipedia_internal,4,Psalm 82,
CASE-0124,Psalm 83 war,Psalm 83,wikipedia_article_links,https://en.wikipedia.org/wiki/Book_of_Psalms,en.wikipedia.org,wikipedia_internal,5,Book of Psalms,
CASE-0124,Psalm 83 war,Psalm 83,wikipedia_article_links,https://en.wikipedia.org/wiki/Ketuvim,en.wikipedia.org,wikipedia_internal,6,Ketuvim,
CASE-0124,Psalm 83 war,Psalm 83,wikipedia_article_links,https://en.wikipedia.org/wiki/Old_Testament,en.wikipedia.org,wikipedia_internal,7,Old Testament,
CASE-0124,Psalm 83 war,Psalm 83,wikipedia_article_links,https://en.wikipedia.org/wiki/Psalm,en.wikipedia.org,wikipedia_internal,8,psalm,
CASE-0124,Psalm 83 war,Psalm 83,wikipedia_article_links,https://en.wikipedia.org/wiki/King_James_Version,en.wikipedia.org,wikipedia_internal,9,King James Version,
CASE-0124,Psalm 83 war,Psalm 83,wikipedia_article_links,https://en.wikipedia.org/wiki/Septuagint,en.wikipedia.org,wikipedia_internal,10,Septuagint,
CASE-0124,Psalm 83 war,Psalm 83,wikipedia_article_links,https://en.wikipedia.org/wiki/Vulgate,en.wikipedia.org,wikipedia_internal,11,Vulgate,
CASE-0124,Psalm 83 war,Psalm 83,wikipedia_article_links,https://en.wikipedia.org/wiki/Psalms_of_Asaph,en.wikipedia.org,wikipedia_internal,12,Psalms of Asaph,
CASE-0124,Psalm 83 war,Psalm 83,wikipedia_article_links,https://en.wikipedia.org/wiki/Psalm_50,en.wikipedia.org,wikipedia_internal,13,Psalms 50,
CASE-0124,Psalm 83 war,Psalm 83,wikipedia_article_links,https://en.wikipedia.org/wiki/Psalm_73,en.wikipedia.org,wikipedia_internal,14,73,
CASE-0124,Psalm 83 war,Psalm 83,wikipedia_article_links,https://en.wikipedia.org/wiki/Psalm_42,en.wikipedia.org,wikipedia_internal,15,Psalms 42,
CASE-0124,Psalm 83 war,Psalm 83,wikipedia_article_links,https://en.wikipedia.org/wiki/Elohim,en.wikipedia.org,wikipedia_internal,16,Elohim,
CASE-0124,Psalm 83 war,Psalm 83,wikipedia_article_links,https://en.wikipedia.org/wiki/Jewish_history,en.wikipedia.org,wikipedia_internal,17,Jewish,
CASE-0124,Psalm 83 war,Psalm 83,wikipedia_article_links,https://en.wikipedia.org/wiki/Catholic_Church,en.wikipedia.org,wikipedia_internal,18,Catholic,
CASE-0124,Psalm 83 war,Psalm 83,wikipedia_article_links,https://en.wikipedia.org/wiki/Lutheranism,en.wikipedia.org,wikipedia_internal,19,Lutheran,
CASE-0124,Psalm 83 war,Psalm 83,wikipedia_article_links,https://en.wikipedia.org/wiki/Anglicanism,en.wikipedia.org,wikipedia_internal,20,Anglican,
CASE-0125,666 meaning,666 (number),wikipedia_search,https://en.wikipedia.org/wiki/666_%28number%29,en.wikipedia.org,wikipedia_primary,1,666 (number),
CASE-0125,666 meaning,666 (number),wikipedia_article_links,https://en.wikipedia.org/wiki/AD_666,en.wikipedia.org,wikipedia_internal,2,AD 666,
CASE-0125,666 meaning,666 (number),wikipedia_article_links,https://en.wikipedia.org/wiki/666_(disambiguation),en.wikipedia.org,wikipedia_internal,3,666 (disambiguation),
CASE-0125,666 meaning,666 (number),wikipedia_article_links,https://en.wikipedia.org/wiki/1010011010_(Cog_song),en.wikipedia.org,wikipedia_internal,4,1010011010 (Cog song),
CASE-0125,666 meaning,666 (number),wikipedia_article_links,https://en.wikipedia.org/wiki/600_(number)#660s,en.wikipedia.org,wikipedia_internal,5,← 665,
CASE-0125,666 meaning,666 (number),wikipedia_article_links,https://en.wikipedia.org/wiki/List_of_numbers,en.wikipedia.org,wikipedia_internal,6,List of numbers,
CASE-0125,666 meaning,666 (number),wikipedia_article_links,https://en.wikipedia.org/wiki/Integer,en.wikipedia.org,wikipedia_internal,7,Integers,
CASE-0125,666 meaning,666 (number),wikipedia_article_links,https://en.wikipedia.org/wiki/Negative_number,en.wikipedia.org,wikipedia_internal,8,←,
CASE-0125,666 meaning,666 (number),wikipedia_article_links,https://en.wikipedia.org/wiki/0,en.wikipedia.org,wikipedia_internal,9,0,
CASE-0125,666 meaning,666 (number),wikipedia_article_links,https://en.wikipedia.org/wiki/100,en.wikipedia.org,wikipedia_internal,10,100,
CASE-0125,666 meaning,666 (number),wikipedia_article_links,https://en.wikipedia.org/wiki/200_(number),en.wikipedia.org,wikipedia_internal,11,200,
CASE-0125,666 meaning,666 (number),wikipedia_article_links,https://en.wikipedia.org/wiki/300_(number),en.wikipedia.org,wikipedia_internal,12,300,
CASE-0125,666 meaning,666 (number),wikipedia_article_links,https://en.wikipedia.org/wiki/400_(number),en.wikipedia.org,wikipedia_internal,13,400,
CASE-0125,666 meaning,666 (number),wikipedia_article_links,https://en.wikipedia.org/wiki/500_(number),en.wikipedia.org,wikipedia_internal,14,500,
CASE-0125,666 meaning,666 (number),wikipedia_article_links,https://en.wikipedia.org/wiki/600_(number),en.wikipedia.org,wikipedia_internal,15,600,
CASE-0125,666 meaning,666 (number),wikipedia_article_links,https://en.wikipedia.org/wiki/700_(number),en.wikipedia.org,wikipedia_internal,16,700,
CASE-0125,666 meaning,666 (number),wikipedia_article_links,https://en.wikipedia.org/wiki/800_(number),en.wikipedia.org,wikipedia_internal,17,800,
CASE-0125,666 meaning,666 (number),wikipedia_article_links,https://en.wikipedia.org/wiki/900_(number),en.wikipedia.org,wikipedia_internal,18,900,
CASE-0125,666 meaning,666 (number),wikipedia_article_links,https://en.wikipedia.org/wiki/1000_(number),en.wikipedia.org,wikipedia_internal,19,→,
CASE-0125,666 meaning,666 (number),wikipedia_article_links,https://en.wikipedia.org/wiki/Cardinal_numeral,en.wikipedia.org,wikipedia_internal,20,Cardinal,
CASE-0126,great tribulation,Great Tribulation,wikipedia_search,https://en.wikipedia.org/wiki/Great_Tribulation,en.wikipedia.org,wikipedia_primary,1,Great Tribulation,
CASE-0126,great tribulation,Great Tribulation,wikipedia_article_links,https://en.wikipedia.org/wiki/Tribulation_(disambiguation),en.wikipedia.org,wikipedia_internal,2,Tribulation (disambiguation),
CASE-0126,great tribulation,Great Tribulation,wikipedia_article_links,https://en.wikipedia.org/wiki/Christian_eschatology,en.wikipedia.org,wikipedia_internal,3,Christian eschatology,
CASE-0126,great tribulation,Great Tribulation,wikipedia_article_links,https://en.wikipedia.org/wiki/Historicism_(Christianity),en.wikipedia.org,wikipedia_internal,4,Historicism,
CASE-0126,great tribulation,Great Tribulation,wikipedia_article_links,https://en.wikipedia.org/wiki/Historicist_interpretations_of_the_Book_of_Revelation,en.wikipedia.org,wikipedia_internal,5,Interpretations of Revelation,
CASE-0126,great tribulation,Great Tribulation,wikipedia_article_links,https://en.wikipedia.org/wiki/Futurism_(Christianity),en.wikipedia.org,wikipedia_internal,6,Futurism,
CASE-0126,great tribulation,Great Tribulation,wikipedia_article_links,https://en.wikipedia.org/wiki/Dispensationalism,en.wikipedia.org,wikipedia_internal,7,Dispensationalism,
CASE-0126,great tribulation,Great Tribulation,wikipedia_article_links,https://en.wikipedia.org/wiki/Preterism,en.wikipedia.org,wikipedia_internal,8,Preterism,
CASE-0126,great tribulation,Great Tribulation,wikipedia_article_links,https://en.wikipedia.org/wiki/Idealism_(Christian_eschatology),en.wikipedia.org,wikipedia_internal,9,Idealism,
CASE-0126,great tribulation,Great Tribulation,wikipedia_article_links,https://en.wikipedia.org/wiki/Millennialism,en.wikipedia.org,wikipedia_internal,10,The Millennium,
CASE-0126,great tribulation,Great Tribulation,wikipedia_article_links,https://en.wikipedia.org/wiki/Amillennialism,en.wikipedia.org,wikipedia_internal,11,Amillennialism,
CASE-0126,great tribulation,Great Tribulation,wikipedia_article_links,https://en.wikipedia.org/wiki/Postmillennialism,en.wikipedia.org,wikipedia_internal,12,Postmillennialism,
CASE-0126,great tribulation,Great Tribulation,wikipedia_article_links,https://en.wikipedia.org/wiki/Premillennialism,en.wikipedia.org,wikipedia_internal,13,Premillennialism,
CASE-0126,great tribulation,Great Tribulation,wikipedia_article_links,https://en.wikipedia.org/wiki/Posttribulation_rapture,en.wikipedia.org,wikipedia_internal,14,Posttribulation rapture,
CASE-0126,great tribulation,Great Tribulation,wikipedia_article_links,https://en.wikipedia.org/wiki/Book_of_Daniel,en.wikipedia.org,wikipedia_internal,15,Daniel,
CASE-0126,great tribulation,Great Tribulation,wikipedia_article_links,https://en.wikipedia.org/wiki/Prophecy_of_Seventy_Weeks,en.wikipedia.org,wikipedia_internal,16,Seventy Weeks,
CASE-0126,great tribulation,Great Tribulation,wikipedia_article_links,https://en.wikipedia.org/wiki/Synoptic_Gospels,en.wikipedia.org,wikipedia_internal,17,Synoptic Gospels,
CASE-0126,great tribulation,Great Tribulation,wikipedia_article_links,https://en.wikipedia.org/wiki/Olivet_Discourse,en.wikipedia.org,wikipedia_internal,18,Olivet Discourse,
CASE-0126,great tribulation,Great Tribulation,wikipedia_article_links,https://en.wikipedia.org/wiki/Mark_13,en.wikipedia.org,wikipedia_internal,19,Mark 13,
CASE-0126,great tribulation,Great Tribulation,wikipedia_article_links,https://en.wikipedia.org/wiki/Matthew_24,en.wikipedia.org,wikipedia_internal,20,Matthew 24,
CASE-0127,abomination of desolation,Abomination of desolation,wikipedia_search,https://en.wikipedia.org/wiki/Abomination_of_desolation,en.wikipedia.org,wikipedia_primary,1,Abomination of desolation,
CASE-0127,abomination of desolation,Abomination of desolation,wikipedia_article_links,https://en.wikipedia.org/wiki/Daniel%27s_final_vision,en.wikipedia.org,wikipedia_internal,2,Daniel's final vision,
CASE-0127,abomination of desolation,Abomination of desolation,wikipedia_article_links,https://en.wikipedia.org/wiki/Hebrew_Bible,en.wikipedia.org,wikipedia_internal,3,Hebrew Bible,
CASE-0127,abomination of desolation,Abomination of desolation,wikipedia_article_links,https://en.wikipedia.org/wiki/Seleucid,en.wikipedia.org,wikipedia_internal,4,Seleucid,
CASE-0127,abomination of desolation,Abomination of desolation,wikipedia_article_links,https://en.wikipedia.org/wiki/Antiochus_IV_Epiphanes,en.wikipedia.org,wikipedia_internal,5,Antiochus IV Epiphanes,
CASE-0127,abomination of desolation,Abomination of desolation,wikipedia_article_links,https://en.wikipedia.org/wiki/Qorban,en.wikipedia.org,wikipedia_internal,6,qorban,
CASE-0127,abomination of desolation,Abomination of desolation,wikipedia_article_links,https://en.wikipedia.org/wiki/Second_Temple,en.wikipedia.org,wikipedia_internal,7,Second Temple,
CASE-0127,abomination of desolation,Abomination of desolation,wikipedia_article_links,https://en.wikipedia.org/wiki/Altar_(Bible),en.wikipedia.org,wikipedia_internal,8,altar of sacrifice,
CASE-0127,abomination of desolation,Abomination of desolation,wikipedia_article_links,https://en.wikipedia.org/wiki/1st_century,en.wikipedia.org,wikipedia_internal,9,1st century,
CASE-0127,abomination of desolation,Abomination of desolation,wikipedia_article_links,https://en.wikipedia.org/wiki/Gospel,en.wikipedia.org,wikipedia_internal,10,gospels,
CASE-0127,abomination of desolation,Abomination of desolation,wikipedia_article_links,https://en.wikipedia.org/wiki/Siege_of_Jerusalem_(70_CE),en.wikipedia.org,wikipedia_internal,11,the Roman destruction of Jerusalem and the Temple,
CASE-0127,abomination of desolation,Abomination of desolation,wikipedia_article_links,https://en.wikipedia.org/wiki/Gospel_of_Mark,en.wikipedia.org,wikipedia_internal,12,Gospel of Mark,
CASE-0127,abomination of desolation,Abomination of desolation,wikipedia_article_links,https://en.wikipedia.org/wiki/Jesus,en.wikipedia.org,wikipedia_internal,13,Jesus,
CASE-0127,abomination of desolation,Abomination of desolation,wikipedia_article_links,https://en.wikipedia.org/wiki/Second_Coming,en.wikipedia.org,wikipedia_internal,14,Second Coming,
CASE-0127,abomination of desolation,Abomination of desolation,wikipedia_article_links,https://en.wikipedia.org/wiki/Gospel_of_Matthew,en.wikipedia.org,wikipedia_internal,15,Gospel of Matthew,
CASE-0127,abomination of desolation,Abomination of desolation,wikipedia_article_links,https://en.wikipedia.org/wiki/Gospel_of_Luke,en.wikipedia.org,wikipedia_internal,16,Luke,
CASE-0127,abomination of desolation,Abomination of desolation,wikipedia_article_links,https://en.wikipedia.org/wiki/Luke_21,en.wikipedia.org,wikipedia_internal,17,Luke 21,
CASE-0127,abomination of desolation,Abomination of desolation,wikipedia_article_links,https://en.wikipedia.org/wiki/Christian_eschatology,en.wikipedia.org,wikipedia_internal,18,eschatological,
CASE-0127,abomination of desolation,Abomination of desolation,wikipedia_article_links,https://en.wikipedia.org/wiki/Antichrist,en.wikipedia.org,wikipedia_internal,19,antichrist,
CASE-0127,abomination of desolation,Abomination of desolation,wikipedia_article_links,https://en.wikipedia.org/wiki/Book_of_Daniel,en.wikipedia.org,wikipedia_internal,20,Book of Daniel,
CASE-0128,Armageddon,Armageddon,wikipedia_search,https://en.wikipedia.org/wiki/Armageddon,en.wikipedia.org,wikipedia_primary,1,Armageddon,
CASE-0128,Armageddon,Armageddon,wikipedia_article_links,https://en.wikipedia.org/wiki/Armageddon_(disambiguation),en.wikipedia.org,wikipedia_internal,2,Armageddon (disambiguation),
CASE-0128,Armageddon,Armageddon,wikipedia_article_links,https://en.wikipedia.org/wiki/The_Battle_of_Armageddon,en.wikipedia.org,wikipedia_internal,3,The Battle of Armageddon,
CASE-0128,Armageddon,Armageddon,wikipedia_article_links,https://en.wikipedia.org/wiki/Christianity,en.wikipedia.org,wikipedia_internal,4,Christianity,
CASE-0128,Armageddon,Armageddon,wikipedia_article_links,https://en.wikipedia.org/wiki/Christian_cross,en.wikipedia.org,wikipedia_internal,5,,
CASE-0128,Armageddon,Armageddon,wikipedia_article_links,https://en.wikipedia.org/wiki/Jesus_in_Christianity,en.wikipedia.org,wikipedia_internal,6,Jesus,
CASE-0128,Armageddon,Armageddon,wikipedia_article_links,https://en.wikipedia.org/wiki/Christ_(title),en.wikipedia.org,wikipedia_internal,7,Christ,
CASE-0128,Armageddon,Armageddon,wikipedia_article_links,https://en.wikipedia.org/wiki/Nativity_of_Jesus,en.wikipedia.org,wikipedia_internal,8,Nativity,
CASE-0128,Armageddon,Armageddon,wikipedia_article_links,https://en.wikipedia.org/wiki/Baptism_of_Jesus,en.wikipedia.org,wikipedia_internal,9,Baptism,
CASE-0128,Armageddon,Armageddon,wikipedia_article_links,https://en.wikipedia.org/wiki/Ministry_of_Jesus,en.wikipedia.org,wikipedia_internal,10,Ministry,
CASE-0128,Armageddon,Armageddon,wikipedia_article_links,https://en.wikipedia.org/wiki/Crucifixion_of_Jesus,en.wikipedia.org,wikipedia_internal,11,Crucifixion,
CASE-0128,Armageddon,Armageddon,wikipedia_article_links,https://en.wikipedia.org/wiki/Resurrection_of_Jesus,en.wikipedia.org,wikipedia_internal,12,Resurrection,
CASE-0128,Armageddon,Armageddon,wikipedia_article_links,https://en.wikipedia.org/wiki/Ascension_of_Jesus,en.wikipedia.org,wikipedia_internal,13,Ascension,
CASE-0128,Armageddon,Armageddon,wikipedia_article_links,https://en.wikipedia.org/wiki/Bible,en.wikipedia.org,wikipedia_internal,14,Bible,
CASE-0128,Armageddon,Armageddon,wikipedia_article_links,https://en.wikipedia.org/wiki/Old_Testament,en.wikipedia.org,wikipedia_internal,15,Old Testament,
CASE-0128,Armageddon,Armageddon,wikipedia_article_links,https://en.wikipedia.org/wiki/New_Testament,en.wikipedia.org,wikipedia_internal,16,New Testament,
CASE-0128,Armageddon,Armageddon,wikipedia_article_links,https://en.wikipedia.org/wiki/Gospel,en.wikipedia.org,wikipedia_internal,17,Gospel,
CASE-0128,Armageddon,Armageddon,wikipedia_article_links,https://en.wikipedia.org/wiki/Biblical_canon,en.wikipedia.org,wikipedia_internal,18,Canon,
CASE-0128,Armageddon,Armageddon,wikipedia_article_links,https://en.wikipedia.org/wiki/Christian_Church,en.wikipedia.org,wikipedia_internal,19,Church,
CASE-0128,Armageddon,Armageddon,wikipedia_article_links,https://en.wikipedia.org/wiki/Creed,en.wikipedia.org,wikipedia_internal,20,Creed,
CASE-0129,one world religion,World religions,wikipedia_search,https://en.wikipedia.org/wiki/World_religions,en.wikipedia.org,wikipedia_primary,1,World religions,
CASE-0129,one world religion,World religions,wikipedia_article_links,https://en.wikipedia.org/wiki/World_religions_(disambiguation),en.wikipedia.org,wikipedia_internal,2,World religions (disambiguation),
CASE-0129,one world religion,World religions,wikipedia_article_links,https://en.wikipedia.org/wiki/Christianity,en.wikipedia.org,wikipedia_internal,3,Christianity,
CASE-0129,one world religion,World religions,wikipedia_article_links,https://en.wikipedia.org/wiki/Islam,en.wikipedia.org,wikipedia_internal,4,Islam,
CASE-0129,one world religion,World religions,wikipedia_article_links,https://en.wikipedia.org/wiki/Buddhism,en.wikipedia.org,wikipedia_internal,5,Buddhism,
CASE-0129,one world religion,World religions,wikipedia_article_links,https://en.wikipedia.org/wiki/Judaism,en.wikipedia.org,wikipedia_internal,6,Judaism,
CASE-0129,one world religion,World religions,wikipedia_article_links,https://en.wikipedia.org/wiki/Taoism,en.wikipedia.org,wikipedia_internal,7,Taoism,
CASE-0129,one world religion,World religions,wikipedia_article_links,https://en.wikipedia.org/wiki/Hinduism,en.wikipedia.org,wikipedia_internal,8,Hinduism,
CASE-0129,one world religion,World religions,wikipedia_article_links,https://en.wikipedia.org/wiki/Social_construction,en.wikipedia.org,wikipedia_internal,9,socially-constructed category,
CASE-0129,one world religion,World religions,wikipedia_article_links,https://en.wikipedia.org/wiki/Religious_studies,en.wikipedia.org,wikipedia_internal,10,study of religion,
CASE-0129,one world religion,World religions,wikipedia_article_links,https://en.wikipedia.org/wiki/Folk_religions,en.wikipedia.org,wikipedia_internal,11,folk religions,
CASE-0129,one world religion,World religions,wikipedia_article_links,https://en.wikipedia.org/wiki/Indigenous_religions,en.wikipedia.org,wikipedia_internal,12,Indigenous religions,
CASE-0129,one world religion,World religions,wikipedia_article_links,https://en.wikipedia.org/wiki/New_religious_movements,en.wikipedia.org,wikipedia_internal,13,new religious movements,
CASE-0129,one world religion,World religions,wikipedia_article_links,https://en.wikipedia.org/wiki/United_Kingdom,en.wikipedia.org,wikipedia_internal,14,United Kingdom,
CASE-0129,one world religion,World religions,wikipedia_article_links,https://en.wikipedia.org/wiki/Phenomenology_of_religion,en.wikipedia.org,wikipedia_internal,15,scholars of religion,
CASE-0129,one world religion,World religions,wikipedia_article_links,https://en.wikipedia.org/wiki/Ninian_Smart,en.wikipedia.org,wikipedia_internal,16,Ninian Smart,
CASE-0129,one world religion,World religions,wikipedia_article_links,https://en.wikipedia.org/wiki/Jonathan_Z._Smith,en.wikipedia.org,wikipedia_internal,17,Jonathan Z. Smith,
CASE-0129,one world religion,World religions,wikipedia_article_links,https://en.wikipedia.org/wiki/Protestantism,en.wikipedia.org,wikipedia_internal,18,Protestant branch,
CASE-0129,one world religion,World religions,wikipedia_article_links,https://en.wikipedia.org/wiki/Nicene_Christianity,en.wikipedia.org,wikipedia_internal,19,Nicene Christianity,
CASE-0129,one world religion,World religions,wikipedia_article_links,https://en.wikipedia.org/wiki/Modernity,en.wikipedia.org,wikipedia_internal,20,modernity,
CASE-0130,Abraham Accords prophecy,Genealogy of Jesus,wikipedia_search,https://en.wikipedia.org/wiki/Genealogy_of_Jesus,en.wikipedia.org,wikipedia_primary,1,Genealogy of Jesus,
CASE-0130,Abraham Accords prophecy,Genealogy of Jesus,wikipedia_article_links,https://en.wikipedia.org/wiki/Jesus_bloodline,en.wikipedia.org,wikipedia_internal,2,Jesus bloodline,
CASE-0130,Abraham Accords prophecy,Genealogy of Jesus,wikipedia_article_links,https://en.wikipedia.org/wiki/Jesus,en.wikipedia.org,wikipedia_internal,3,,
CASE-0130,Abraham Accords prophecy,Genealogy of Jesus,wikipedia_article_links,https://en.wikipedia.org/wiki/Jesus_in_Christianity,en.wikipedia.org,wikipedia_internal,4,Jesus in Christianity,
CASE-0130,Abraham Accords prophecy,Genealogy of Jesus,wikipedia_article_links,https://en.wikipedia.org/wiki/Christology,en.wikipedia.org,wikipedia_internal,5,Christology,
CASE-0130,Abraham Accords prophecy,Genealogy of Jesus,wikipedia_article_links,https://en.wikipedia.org/wiki/Names_and_titles_of_Jesus_in_the_New_Testament,en.wikipedia.org,wikipedia_internal,6,Names and titles,
CASE-0130,Abraham Accords prophecy,Genealogy of Jesus,wikipedia_article_links,https://en.wikipedia.org/wiki/Christ_(title),en.wikipedia.org,wikipedia_internal,7,Christ,
CASE-0130,Abraham Accords prophecy,Genealogy of Jesus,wikipedia_article_links,https://en.wikipedia.org/wiki/Life_of_Jesus,en.wikipedia.org,wikipedia_internal,8,Life of Jesus,
CASE-0130,Abraham Accords prophecy,Genealogy of Jesus,wikipedia_article_links,https://en.wikipedia.org/wiki/Gospel,en.wikipedia.org,wikipedia_internal,9,Gospels,
CASE-0130,Abraham Accords prophecy,Genealogy of Jesus,wikipedia_article_links,https://en.wikipedia.org/wiki/Gospel_harmony,en.wikipedia.org,wikipedia_internal,10,Gospel harmony,
CASE-0130,Abraham Accords prophecy,Genealogy of Jesus,wikipedia_article_links,https://en.wikipedia.org/wiki/New_Testament_places_associated_with_Jesus,en.wikipedia.org,wikipedia_internal,11,Places,
CASE-0130,Abraham Accords prophecy,Genealogy of Jesus,wikipedia_article_links,https://en.wikipedia.org/wiki/Holy_Family,en.wikipedia.org,wikipedia_internal,12,Holy Family,
CASE-0130,Abraham Accords prophecy,Genealogy of Jesus,wikipedia_article_links,https://en.wikipedia.org/wiki/Christ_child,en.wikipedia.org,wikipedia_internal,13,Christ child,
CASE-0130,Abraham Accords prophecy,Genealogy of Jesus,wikipedia_article_links,"https://en.wikipedia.org/wiki/Mary,_mother_of_Jesus",en.wikipedia.org,wikipedia_internal,14,Mary,
CASE-0130,Abraham Accords prophecy,Genealogy of Jesus,wikipedia_article_links,https://en.wikipedia.org/wiki/Saint_Joseph,en.wikipedia.org,wikipedia_internal,15,Joseph,
CASE-0130,Abraham Accords prophecy,Genealogy of Jesus,wikipedia_article_links,https://en.wikipedia.org/wiki/Virgin_birth_of_Jesus,en.wikipedia.org,wikipedia_internal,16,Virgin birth,
CASE-0130,Abraham Accords prophecy,Genealogy of Jesus,wikipedia_article_links,https://en.wikipedia.org/wiki/Nativity_of_Jesus,en.wikipedia.org,wikipedia_internal,17,Nativity,
CASE-0130,Abraham Accords prophecy,Genealogy of Jesus,wikipedia_article_links,https://en.wikipedia.org/wiki/Baptism_of_Jesus,en.wikipedia.org,wikipedia_internal,18,Baptism,
CASE-0130,Abraham Accords prophecy,Genealogy of Jesus,wikipedia_article_links,https://en.wikipedia.org/wiki/Ministry_of_Jesus,en.wikipedia.org,wikipedia_internal,19,Ministry,
CASE-0130,Abraham Accords prophecy,Genealogy of Jesus,wikipedia_article_links,https://en.wikipedia.org/wiki/Sermon_on_the_Mount,en.wikipedia.org,wikipedia_internal,20,Sermon on the Mount,
CASE-0131,Operation Condor,Operation Condor,wikipedia_search,https://en.wikipedia.org/wiki/Operation_Condor,en.wikipedia.org,wikipedia_primary,1,Operation Condor,
CASE-0131,Operation Condor,Operation Condor,wikipedia_article_links,https://en.wikipedia.org/wiki/Operation_Condor_(disambiguation),en.wikipedia.org,wikipedia_internal,2,Operation Condor (disambiguation),
CASE-0131,Operation Condor,Operation Condor,wikipedia_article_links,https://en.wikipedia.org/wiki/Cold_War,en.wikipedia.org,wikipedia_internal,3,Cold War,
CASE-0131,Operation Condor,Operation Condor,wikipedia_article_links,https://en.wikipedia.org/wiki/Covert_operation,en.wikipedia.org,wikipedia_internal,4,Covert operation,
CASE-0131,Operation Condor,Operation Condor,wikipedia_article_links,https://en.wikipedia.org/wiki/National_Reorganization_Process,en.wikipedia.org,wikipedia_internal,5,Argentina,
CASE-0131,Operation Condor,Operation Condor,wikipedia_article_links,https://en.wikipedia.org/wiki/History_of_Bolivia_(1964%E2%80%931982),en.wikipedia.org,wikipedia_internal,6,Bolivia,
CASE-0131,Operation Condor,Operation Condor,wikipedia_article_links,https://en.wikipedia.org/wiki/Military_dictatorship_in_Brazil,en.wikipedia.org,wikipedia_internal,7,Brazil,
CASE-0131,Operation Condor,Operation Condor,wikipedia_article_links,https://en.wikipedia.org/wiki/Military_dictatorship_of_Chile,en.wikipedia.org,wikipedia_internal,8,Chile,
CASE-0131,Operation Condor,Operation Condor,wikipedia_article_links,https://en.wikipedia.org/wiki/History_of_Ecuador_(1960%E2%80%931979),en.wikipedia.org,wikipedia_internal,9,Ecuador,
CASE-0131,Operation Condor,Operation Condor,wikipedia_article_links,https://en.wikipedia.org/wiki/Dictatorship_of_Alfredo_Stroessner,en.wikipedia.org,wikipedia_internal,10,Paraguay,
CASE-0131,Operation Condor,Operation Condor,wikipedia_article_links,https://en.wikipedia.org/wiki/Revolutionary_Government_of_the_Armed_Forces_of_Peru,en.wikipedia.org,wikipedia_internal,11,Peru,
CASE-0131,Operation Condor,Operation Condor,wikipedia_article_links,https://en.wikipedia.org/wiki/Civic-military_dictatorship_of_Uruguay,en.wikipedia.org,wikipedia_internal,12,Uruguay,
CASE-0131,Operation Condor,Operation Condor,wikipedia_article_links,https://en.wikipedia.org/wiki/United_States,en.wikipedia.org,wikipedia_internal,13,United States,
CASE-0131,Operation Condor,Operation Condor,wikipedia_article_links,https://en.wikipedia.org/wiki/France,en.wikipedia.org,wikipedia_internal,14,France,
CASE-0131,Operation Condor,Operation Condor,wikipedia_article_links,https://en.wikipedia.org/wiki/Socialists,en.wikipedia.org,wikipedia_internal,15,socialists,
CASE-0131,Operation Condor,Operation Condor,wikipedia_article_links,https://en.wikipedia.org/wiki/Communists,en.wikipedia.org,wikipedia_internal,16,communists,
CASE-0131,Operation Condor,Operation Condor,wikipedia_article_links,https://en.wikipedia.org/wiki/Western_Bloc,en.wikipedia.org,wikipedia_internal,17,Western Bloc,
CASE-0131,Operation Condor,Operation Condor,wikipedia_article_links,https://en.wikipedia.org/wiki/Australia,en.wikipedia.org,wikipedia_internal,18,Australia,
CASE-0131,Operation Condor,Operation Condor,wikipedia_article_links,https://en.wikipedia.org/wiki/Belgium,en.wikipedia.org,wikipedia_internal,19,Belgium,
CASE-0131,Operation Condor,Operation Condor,wikipedia_article_links,https://en.wikipedia.org/wiki/Brazil,en.wikipedia.org,wikipedia_internal,20,Brazil,
CASE-0132,Bohemian Grove Cremation of Care,Cremation of Care,wikipedia_search,https://en.wikipedia.org/wiki/Cremation_of_Care,en.wikipedia.org,wikipedia_primary,1,Cremation of Care,
CASE-0132,Bohemian Grove Cremation of Care,Cremation of Care,wikipedia_article_links,https://en.wikipedia.org/wiki/Pyrotechnic,en.wikipedia.org,wikipedia_internal,2,pyrotechnic,
CASE-0132,Bohemian Grove Cremation of Care,Cremation of Care,wikipedia_article_links,https://en.wikipedia.org/wiki/Bohemian_Club,en.wikipedia.org,wikipedia_internal,3,Bohemian Club,
CASE-0132,Bohemian Grove Cremation of Care,Cremation of Care,wikipedia_article_links,https://en.wikipedia.org/wiki/Bohemian_Grove,en.wikipedia.org,wikipedia_internal,4,Bohemian Grove,
CASE-0132,Bohemian Grove Cremation of Care,Cremation of Care,wikipedia_article_links,"https://en.wikipedia.org/wiki/Monte_Rio,_California",en.wikipedia.org,wikipedia_internal,5,"Monte Rio, California",
CASE-0132,Bohemian Grove Cremation of Care,Cremation of Care,wikipedia_article_links,https://en.wikipedia.org/wiki/Old-growth_forest,en.wikipedia.org,wikipedia_internal,6,old-growth,
CASE-0132,Bohemian Grove Cremation of Care,Cremation of Care,wikipedia_article_links,https://en.wikipedia.org/wiki/Sequoia_sempervirens,en.wikipedia.org,wikipedia_internal,7,Redwood trees,
CASE-0132,Bohemian Grove Cremation of Care,Cremation of Care,wikipedia_article_links,https://en.wikipedia.org/wiki/Austin_Creek,en.wikipedia.org,wikipedia_internal,8,Austin Creek,
CASE-0132,Bohemian Grove Cremation of Care,Cremation of Care,wikipedia_article_links,https://en.wikipedia.org/wiki/San_Francisco,en.wikipedia.org,wikipedia_internal,9,San Francisco,
CASE-0132,Bohemian Grove Cremation of Care,Cremation of Care,wikipedia_article_links,"https://en.wikipedia.org/wiki/Taylorville,_California",en.wikipedia.org,wikipedia_internal,10,"Taylorville, California",
CASE-0132,Bohemian Grove Cremation of Care,Cremation of Care,wikipedia_article_links,https://en.wikipedia.org/wiki/Samuel_P._Taylor_State_Park,en.wikipedia.org,wikipedia_internal,11,Samuel P. Taylor State Park,
CASE-0132,Bohemian Grove Cremation of Care,Cremation of Care,wikipedia_article_links,https://en.wikipedia.org/wiki/Russian_River_(California),en.wikipedia.org,wikipedia_internal,12,Russian River,
CASE-0132,Bohemian Grove Cremation of Care,Cremation of Care,wikipedia_article_links,"https://en.wikipedia.org/wiki/Sonoma_County,_California",en.wikipedia.org,wikipedia_internal,13,Sonoma County,
CASE-0132,Bohemian Grove Cremation of Care,Cremation of Care,wikipedia_article_links,https://en.wikipedia.org/wiki/James_F._Bowman,en.wikipedia.org,wikipedia_internal,14,James F. Bowman,
CASE-0132,Bohemian Grove Cremation of Care,Cremation of Care,wikipedia_article_links,https://en.wikipedia.org/wiki/Christianity,en.wikipedia.org,wikipedia_internal,15,Christianity,
CASE-0132,Bohemian Grove Cremation of Care,Cremation of Care,wikipedia_article_links,https://en.wikipedia.org/wiki/Paganism,en.wikipedia.org,wikipedia_internal,16,paganism,
CASE-0132,Bohemian Grove Cremation of Care,Cremation of Care,wikipedia_article_links,https://en.wikipedia.org/wiki/Druid,en.wikipedia.org,wikipedia_internal,17,druids,
CASE-0132,Bohemian Grove Cremation of Care,Cremation of Care,wikipedia_article_links,https://en.wikipedia.org/wiki/William_Henry_Irwin,en.wikipedia.org,wikipedia_internal,18,William Henry Irwin,
CASE-0132,Bohemian Grove Cremation of Care,Cremation of Care,wikipedia_article_links,https://en.wikipedia.org/wiki/List_of_Grove_Plays,en.wikipedia.org,wikipedia_internal,19,Grove Play,
CASE-0132,Bohemian Grove Cremation of Care,Cremation of Care,wikipedia_article_links,https://en.wikipedia.org/wiki/There%27ll_Be_a_Hot_Time_in_the_Old_Town_Tonight,en.wikipedia.org,wikipedia_internal,20,There'll Be a Hot Time in the Old Town Tonight,
CASE-0133,ECHELON,ECHELON,wikipedia_search,https://en.wikipedia.org/wiki/ECHELON,en.wikipedia.org,wikipedia_primary,1,ECHELON,
CASE-0133,ECHELON,ECHELON,wikipedia_article_links,https://en.wikipedia.org/wiki/Echelon_(disambiguation),en.wikipedia.org,wikipedia_internal,2,Echelon,
CASE-0133,ECHELON,ECHELON,wikipedia_article_links,https://en.wikipedia.org/wiki/Global_surveillance,en.wikipedia.org,wikipedia_internal,3,Global surveillance,
CASE-0133,ECHELON,ECHELON,wikipedia_article_links,https://en.wikipedia.org/wiki/Origins_of_global_surveillance,en.wikipedia.org,wikipedia_internal,4,Origins,
CASE-0133,ECHELON,ECHELON,wikipedia_article_links,https://en.wikipedia.org/wiki/Global_surveillance_disclosures_(1970%E2%80%932013),en.wikipedia.org,wikipedia_internal,5,Pre-2013,
CASE-0133,ECHELON,ECHELON,wikipedia_article_links,https://en.wikipedia.org/wiki/Snowden_disclosures,en.wikipedia.org,wikipedia_internal,6,Snowden,
CASE-0133,ECHELON,ECHELON,wikipedia_article_links,https://en.wikipedia.org/wiki/Reactions_to_global_surveillance_disclosures,en.wikipedia.org,wikipedia_internal,7,Reactions,
CASE-0133,ECHELON,ECHELON,wikipedia_article_links,https://en.wikipedia.org/wiki/List_of_government_mass_surveillance_projects,en.wikipedia.org,wikipedia_internal,8,List of government mass surveillance projects,
CASE-0133,ECHELON,ECHELON,wikipedia_article_links,https://en.wikipedia.org/wiki/XKeyscore,en.wikipedia.org,wikipedia_internal,9,XKeyscore,
CASE-0133,ECHELON,ECHELON,wikipedia_article_links,https://en.wikipedia.org/wiki/PRISM,en.wikipedia.org,wikipedia_internal,10,PRISM,
CASE-0133,ECHELON,ECHELON,wikipedia_article_links,https://en.wikipedia.org/wiki/Sentient_(intelligence_analysis_system),en.wikipedia.org,wikipedia_internal,11,Sentient,
CASE-0133,ECHELON,ECHELON,wikipedia_article_links,https://en.wikipedia.org/wiki/Carnivore_(software),en.wikipedia.org,wikipedia_internal,12,Carnivore,
CASE-0133,ECHELON,ECHELON,wikipedia_article_links,https://en.wikipedia.org/wiki/Dishfire,en.wikipedia.org,wikipedia_internal,13,Dishfire,
CASE-0133,ECHELON,ECHELON,wikipedia_article_links,https://en.wikipedia.org/wiki/Stone_Ghost,en.wikipedia.org,wikipedia_internal,14,Stone Ghost,
CASE-0133,ECHELON,ECHELON,wikipedia_article_links,https://en.wikipedia.org/wiki/Tempora,en.wikipedia.org,wikipedia_internal,15,Tempora,
CASE-0133,ECHELON,ECHELON,wikipedia_article_links,https://en.wikipedia.org/wiki/Frenchelon,en.wikipedia.org,wikipedia_internal,16,Frenchelon,
CASE-0133,ECHELON,ECHELON,wikipedia_article_links,https://en.wikipedia.org/wiki/Fairview_(surveillance_program),en.wikipedia.org,wikipedia_internal,17,Fairview,
CASE-0133,ECHELON,ECHELON,wikipedia_article_links,https://en.wikipedia.org/wiki/MYSTIC_(surveillance_program),en.wikipedia.org,wikipedia_internal,18,MYSTIC,
CASE-0133,ECHELON,ECHELON,wikipedia_article_links,https://en.wikipedia.org/wiki/Digital_Collection_System_Network,en.wikipedia.org,wikipedia_internal,19,DCSN,
CASE-0133,ECHELON,ECHELON,wikipedia_article_links,https://en.wikipedia.org/wiki/Boundless_Informant,en.wikipedia.org,wikipedia_internal,20,Boundless Informant,
CASE-0134,suppressed inventions,Free energy suppression conspiracy theory,wikipedia_search,https://en.wikipedia.org/wiki/Free_energy_suppression_conspiracy_theory,en.wikipedia.org,wikipedia_primary,1,Free energy suppression conspiracy theory,
CASE-0134,suppressed inventions,Free energy suppression conspiracy theory,wikipedia_article_links,https://en.wikipedia.org/wiki/Conspiracy_theory,en.wikipedia.org,wikipedia_internal,2,conspiracy theory,
CASE-0134,suppressed inventions,Free energy suppression conspiracy theory,wikipedia_article_links,https://en.wikipedia.org/wiki/Energy_source,en.wikipedia.org,wikipedia_internal,3,energy sources,
CASE-0134,suppressed inventions,Free energy suppression conspiracy theory,wikipedia_article_links,https://en.wikipedia.org/wiki/Advocacy_groups,en.wikipedia.org,wikipedia_internal,4,advocacy groups,
CASE-0134,suppressed inventions,Free energy suppression conspiracy theory,wikipedia_article_links,https://en.wikipedia.org/wiki/Perpetual_motion,en.wikipedia.org,wikipedia_internal,5,perpetual motion,
CASE-0134,suppressed inventions,Free energy suppression conspiracy theory,wikipedia_article_links,https://en.wikipedia.org/wiki/Cold_fusion,en.wikipedia.org,wikipedia_internal,6,cold fusion,
CASE-0134,suppressed inventions,Free energy suppression conspiracy theory,wikipedia_article_links,https://en.wikipedia.org/wiki/Torus,en.wikipedia.org,wikipedia_internal,7,torus,
CASE-0134,suppressed inventions,Free energy suppression conspiracy theory,wikipedia_article_links,https://en.wikipedia.org/wiki/Potential_cultural_impact_of_extraterrestrial_contact#Scientific_and_technological,en.wikipedia.org,wikipedia_internal,8,extraterrestrial technology,
CASE-0134,suppressed inventions,Free energy suppression conspiracy theory,wikipedia_article_links,https://en.wikipedia.org/wiki/Anti-gravity,en.wikipedia.org,wikipedia_internal,9,anti-gravity,
CASE-0134,suppressed inventions,Free energy suppression conspiracy theory,wikipedia_article_links,https://en.wikipedia.org/wiki/Lobby_groups,en.wikipedia.org,wikipedia_internal,10,special interest groups,
CASE-0134,suppressed inventions,Free energy suppression conspiracy theory,wikipedia_article_links,https://en.wikipedia.org/wiki/Fossil_fuel,en.wikipedia.org,wikipedia_internal,11,fossil fuel,
CASE-0134,suppressed inventions,Free energy suppression conspiracy theory,wikipedia_article_links,https://en.wikipedia.org/wiki/Nuclear_industry,en.wikipedia.org,wikipedia_internal,12,nuclear industry,
CASE-0134,suppressed inventions,Free energy suppression conspiracy theory,wikipedia_article_links,https://en.wikipedia.org/wiki/Peer_review,en.wikipedia.org,wikipedia_internal,13,peer review,
CASE-0134,suppressed inventions,Free energy suppression conspiracy theory,wikipedia_article_links,https://en.wikipedia.org/wiki/Suppression_of_dissent,en.wikipedia.org,wikipedia_internal,14,academic pressure,
CASE-0134,suppressed inventions,Free energy suppression conspiracy theory,wikipedia_article_links,https://en.wikipedia.org/wiki/Quantum_vacuum_zero_point_energy,en.wikipedia.org,wikipedia_internal,15,quantum vacuum zero point energy,
CASE-0134,suppressed inventions,Free energy suppression conspiracy theory,wikipedia_article_links,https://en.wikipedia.org/wiki/Patent,en.wikipedia.org,wikipedia_internal,16,patents,
CASE-0134,suppressed inventions,Free energy suppression conspiracy theory,wikipedia_article_links,https://en.wikipedia.org/wiki/Fuel_efficiency,en.wikipedia.org,wikipedia_internal,17,100 mpg,
CASE-0134,suppressed inventions,Free energy suppression conspiracy theory,wikipedia_article_links,https://en.wikipedia.org/wiki/Carburetor,en.wikipedia.org,wikipedia_internal,18,carburetors,
CASE-0134,suppressed inventions,Free energy suppression conspiracy theory,wikipedia_article_links,https://en.wikipedia.org/wiki/Stanley_Meyer%27s_water_fuel_cell,en.wikipedia.org,wikipedia_internal,19,Stanley Meyer,
CASE-0134,suppressed inventions,Free energy suppression conspiracy theory,wikipedia_article_links,https://en.wikipedia.org/wiki/Eugene_Mallove,en.wikipedia.org,wikipedia_internal,20,Eugene Mallove,
CASE-0135,Georgia Guidestones text,Georgia Guidestones,wikipedia_search,https://en.wikipedia.org/wiki/Georgia_Guidestones,en.wikipedia.org,wikipedia_primary,1,Georgia Guidestones,
CASE-0135,Georgia Guidestones text,Georgia Guidestones,wikipedia_article_links,"https://en.wikipedia.org/wiki/Elbert_County,_Georgia",en.wikipedia.org,wikipedia_internal,2,"Elbert County, Georgia",
CASE-0135,Georgia Guidestones text,Georgia Guidestones,wikipedia_article_links,https://en.wikipedia.org/wiki/Granite,en.wikipedia.org,wikipedia_internal,3,Granite,
CASE-0135,Georgia Guidestones text,Georgia Guidestones,wikipedia_article_links,https://en.wikipedia.org/wiki/Monument,en.wikipedia.org,wikipedia_internal,4,monument,
CASE-0135,Georgia Guidestones text,Georgia Guidestones,wikipedia_article_links,https://en.wikipedia.org/wiki/Stonehenge,en.wikipedia.org,wikipedia_internal,5,Stonehenge,
CASE-0135,Georgia Guidestones text,Georgia Guidestones,wikipedia_article_links,https://en.wikipedia.org/wiki/Conspiracy_theory,en.wikipedia.org,wikipedia_internal,6,conspiracy theories,
CASE-0135,Georgia Guidestones text,Georgia Guidestones,wikipedia_article_links,https://en.wikipedia.org/wiki/Satanism,en.wikipedia.org,wikipedia_internal,7,Satanism,
CASE-0135,Georgia Guidestones text,Georgia Guidestones,wikipedia_article_links,https://en.wikipedia.org/wiki/Christianity,en.wikipedia.org,wikipedia_internal,8,Christianity,
CASE-0135,Georgia Guidestones text,Georgia Guidestones,wikipedia_article_links,https://en.wikipedia.org/wiki/Vandalism,en.wikipedia.org,wikipedia_internal,9,vandal,
CASE-0135,Georgia Guidestones text,Georgia Guidestones,wikipedia_article_links,https://en.wikipedia.org/wiki/Pseudonym,en.wikipedia.org,wikipedia_internal,10,pseudonym,
CASE-0135,Georgia Guidestones text,Georgia Guidestones,wikipedia_article_links,https://en.wikipedia.org/wiki/Compass,en.wikipedia.org,wikipedia_internal,11,compass,
CASE-0135,Georgia Guidestones text,Georgia Guidestones,wikipedia_article_links,https://en.wikipedia.org/wiki/Calendar,en.wikipedia.org,wikipedia_internal,12,calendar,
CASE-0135,Georgia Guidestones text,Georgia Guidestones,wikipedia_article_links,https://en.wikipedia.org/wiki/Clock,en.wikipedia.org,wikipedia_internal,13,clock,
CASE-0135,Georgia Guidestones text,Georgia Guidestones,wikipedia_article_links,https://en.wikipedia.org/wiki/Neolithic,en.wikipedia.org,wikipedia_internal,14,Neolithic,
CASE-0135,Georgia Guidestones text,Georgia Guidestones,wikipedia_article_links,https://en.wikipedia.org/wiki/Acre,en.wikipedia.org,wikipedia_internal,15,acre,
CASE-0135,Georgia Guidestones text,Georgia Guidestones,wikipedia_article_links,https://en.wikipedia.org/wiki/Hectare,en.wikipedia.org,wikipedia_internal,16,hectare,
CASE-0135,Georgia Guidestones text,Georgia Guidestones,wikipedia_article_links,https://en.wikipedia.org/wiki/Georgia_State_Route_77,en.wikipedia.org,wikipedia_internal,17,Georgia State Route 77,
CASE-0135,Georgia Guidestones text,Georgia Guidestones,wikipedia_article_links,"https://en.wikipedia.org/wiki/Elberton,_Georgia",en.wikipedia.org,wikipedia_internal,18,Elberton,
CASE-0135,Georgia Guidestones text,Georgia Guidestones,wikipedia_article_links,https://en.wikipedia.org/wiki/Doug_Barnard_Jr.,en.wikipedia.org,wikipedia_internal,19,Doug Barnard,
CASE-0135,Georgia Guidestones text,Georgia Guidestones,wikipedia_article_links,https://en.wikipedia.org/wiki/Master_of_ceremonies,en.wikipedia.org,wikipedia_internal,20,Master of Ceremonies,
CASE-0136,Clinton body count,Clinton body count conspiracy theory,wikipedia_search,https://en.wikipedia.org/wiki/Clinton_body_count_conspiracy_theory,en.wikipedia.org,wikipedia_primary,1,Clinton body count conspiracy theory,
CASE-0136,Clinton body count,Clinton body count conspiracy theory,wikipedia_article_links,https://en.wikipedia.org/wiki/Bill_Clinton,en.wikipedia.org,wikipedia_internal,2,Bill Clinton,
CASE-0136,Clinton body count,Clinton body count conspiracy theory,wikipedia_article_links,https://en.wikipedia.org/wiki/List_of_things_named_after_Bill_Clinton,en.wikipedia.org,wikipedia_internal,3,Eponyms,
CASE-0136,Clinton body count,Clinton body count conspiracy theory,wikipedia_article_links,https://en.wikipedia.org/wiki/Clinton_family,en.wikipedia.org,wikipedia_internal,4,Family,
CASE-0136,Clinton body count,Clinton body count conspiracy theory,wikipedia_article_links,https://en.wikipedia.org/wiki/Clinton_Foundation,en.wikipedia.org,wikipedia_internal,5,Foundation,
CASE-0136,Clinton body count,Clinton body count conspiracy theory,wikipedia_article_links,https://en.wikipedia.org/wiki/Clinton_Bush_Haiti_Fund,en.wikipedia.org,wikipedia_internal,6,Clinton Bush Haiti Fund,
CASE-0136,Clinton body count,Clinton body count conspiracy theory,wikipedia_article_links,https://en.wikipedia.org/wiki/One_America_Appeal,en.wikipedia.org,wikipedia_internal,7,One America Appeal,
CASE-0136,Clinton body count,Clinton body count conspiracy theory,wikipedia_article_links,https://en.wikipedia.org/wiki/List_of_awards_and_honors_received_by_Bill_Clinton,en.wikipedia.org,wikipedia_internal,8,Honors,
CASE-0136,Clinton body count,Clinton body count conspiracy theory,wikipedia_article_links,https://en.wikipedia.org/wiki/Public_image_of_Bill_Clinton,en.wikipedia.org,wikipedia_internal,9,Public image,
CASE-0136,Clinton body count,Clinton body count conspiracy theory,wikipedia_article_links,https://en.wikipedia.org/wiki/Bill_Clinton_sexual_assault_and_misconduct_allegations,en.wikipedia.org,wikipedia_internal,10,Sexual assault and misconduct allegations,
CASE-0136,Clinton body count,Clinton body count conspiracy theory,wikipedia_article_links,https://en.wikipedia.org/wiki/Relationship_of_Bill_Clinton_and_Jeffrey_Epstein,en.wikipedia.org,wikipedia_internal,11,Epstein ties,
CASE-0136,Clinton body count,Clinton body count conspiracy theory,wikipedia_article_links,https://en.wikipedia.org/wiki/Bibliography_of_Bill_Clinton,en.wikipedia.org,wikipedia_internal,12,Bibliography,
CASE-0136,Clinton body count,Clinton body count conspiracy theory,wikipedia_article_links,https://en.wikipedia.org/wiki/Post-presidency_of_Bill_Clinton,en.wikipedia.org,wikipedia_internal,13,Post-presidency,
CASE-0136,Clinton body count,Clinton body count conspiracy theory,wikipedia_article_links,https://en.wikipedia.org/wiki/Governorships_of_Bill_Clinton,en.wikipedia.org,wikipedia_internal,14,Governorships,
CASE-0136,Clinton body count,Clinton body count conspiracy theory,wikipedia_article_links,https://en.wikipedia.org/wiki/Troopergate_(Bill_Clinton),en.wikipedia.org,wikipedia_internal,15,Troopergate,
CASE-0136,Clinton body count,Clinton body count conspiracy theory,wikipedia_article_links,https://en.wikipedia.org/wiki/Electoral_history_of_Bill_Clinton,en.wikipedia.org,wikipedia_internal,16,Elections,
CASE-0136,Clinton body count,Clinton body count conspiracy theory,wikipedia_article_links,https://en.wikipedia.org/wiki/1978_Arkansas_gubernatorial_election,en.wikipedia.org,wikipedia_internal,17,1978,
CASE-0136,Clinton body count,Clinton body count conspiracy theory,wikipedia_article_links,https://en.wikipedia.org/wiki/1980_Arkansas_gubernatorial_election,en.wikipedia.org,wikipedia_internal,18,1980,
CASE-0136,Clinton body count,Clinton body count conspiracy theory,wikipedia_article_links,https://en.wikipedia.org/wiki/1982_Arkansas_gubernatorial_election,en.wikipedia.org,wikipedia_internal,19,1982,
CASE-0136,Clinton body count,Clinton body count conspiracy theory,wikipedia_article_links,https://en.wikipedia.org/wiki/1984_Arkansas_gubernatorial_election,en.wikipedia.org,wikipedia_internal,20,1984,
CASE-0137,underground bases,Iranian underground missile bases,wikipedia_search,https://en.wikipedia.org/wiki/Iranian_underground_missile_bases,en.wikipedia.org,wikipedia_primary,1,Iranian underground missile bases,
CASE-0137,underground bases,Iranian underground missile bases,wikipedia_article_links,https://en.wikipedia.org/wiki/IRGC_Aerospace_Force,en.wikipedia.org,wikipedia_internal,2,IRGC Aerospace Force,
CASE-0137,underground bases,Iranian underground missile bases,wikipedia_article_links,https://en.wikipedia.org/wiki/Persian_language,en.wikipedia.org,wikipedia_internal,3,Persian,
CASE-0137,underground bases,Iranian underground missile bases,wikipedia_article_links,https://en.wikipedia.org/wiki/Iran,en.wikipedia.org,wikipedia_internal,4,Iran,
CASE-0137,underground bases,Iranian underground missile bases,wikipedia_article_links,https://en.wikipedia.org/wiki/Transporter_erector_launcher,en.wikipedia.org,wikipedia_internal,5,transporter erector launcher,
CASE-0137,underground bases,Iranian underground missile bases,wikipedia_article_links,https://en.wikipedia.org/wiki/Brigadier_General,en.wikipedia.org,wikipedia_internal,6,Brigadier General,
CASE-0137,underground bases,Iranian underground missile bases,wikipedia_article_links,https://en.wikipedia.org/wiki/Amir_Ali_Hajizadeh,en.wikipedia.org,wikipedia_internal,7,Amir Ali Hajizadeh,
CASE-0137,underground bases,Iranian underground missile bases,wikipedia_article_links,https://en.wikipedia.org/wiki/Aerospace_Force_of_the_Army_of_the_Guardians_of_the_Islamic_Revolution,en.wikipedia.org,wikipedia_internal,8,Aerospace Force of the Army of the Guardians of the Islamic Revolution,
CASE-0137,underground bases,Iranian underground missile bases,wikipedia_article_links,https://en.wikipedia.org/wiki/Medium-range_ballistic_missile,en.wikipedia.org,wikipedia_internal,9,medium-range ballistic missile,
CASE-0137,underground bases,Iranian underground missile bases,wikipedia_article_links,https://en.wikipedia.org/wiki/Emad_(missile),en.wikipedia.org,wikipedia_internal,10,Emad,
CASE-0137,underground bases,Iranian underground missile bases,wikipedia_article_links,https://en.wikipedia.org/wiki/Supreme_Leader_of_Iran,en.wikipedia.org,wikipedia_internal,11,Supreme Leader,
CASE-0137,underground bases,Iranian underground missile bases,wikipedia_article_links,https://en.wikipedia.org/wiki/Ayatollah_Ali_Khamenei,en.wikipedia.org,wikipedia_internal,12,Ayatollah Ali Khamenei,
CASE-0137,underground bases,Iranian underground missile bases,wikipedia_article_links,https://en.wikipedia.org/wiki/Execution_of_Nimr_al-Nimr,en.wikipedia.org,wikipedia_internal,13,the execution of Shi`ìte cleric Nimr al-Nimr,
CASE-0137,underground bases,Iranian underground missile bases,wikipedia_article_links,https://en.wikipedia.org/wiki/Islamic_Revolutionary_Guard_Corps,en.wikipedia.org,wikipedia_internal,14,Revolutionary Guards,
CASE-0137,underground bases,Iranian underground missile bases,wikipedia_article_links,https://en.wikipedia.org/wiki/Mohammad_Bagheri_(general),en.wikipedia.org,wikipedia_internal,15,Mohammad Bagheri,
CASE-0137,underground bases,Iranian underground missile bases,wikipedia_article_links,https://en.wikipedia.org/wiki/Liquid-propellant_rocket,en.wikipedia.org,wikipedia_internal,16,liquid fuel propelled,
CASE-0137,underground bases,Iranian underground missile bases,wikipedia_article_links,https://en.wikipedia.org/wiki/Ghadr-110,en.wikipedia.org,wikipedia_internal,17,Ghadr-H,
CASE-0137,underground bases,Iranian underground missile bases,wikipedia_article_links,https://en.wikipedia.org/wiki/Solid-propellant_rocket,en.wikipedia.org,wikipedia_internal,18,solid fuel propelled,
CASE-0137,underground bases,Iranian underground missile bases,wikipedia_article_links,https://en.wikipedia.org/wiki/Kheibar_Shekan,en.wikipedia.org,wikipedia_internal,19,Khaibar Shekan,
CASE-0137,underground bases,Iranian underground missile bases,wikipedia_article_links,https://en.wikipedia.org/wiki/Sejjil,en.wikipedia.org,wikipedia_internal,20,Sejil,
CASE-0138,Tic Tac UFO,Pentagon UFO videos,wikipedia_search,https://en.wikipedia.org/wiki/Pentagon_UFO_videos,en.wikipedia.org,wikipedia_primary,1,Pentagon UFO videos,
CASE-0138,Tic Tac UFO,Pentagon UFO videos,wikipedia_article_links,https://en.wikipedia.org/wiki/Forward-looking_infrared,en.wikipedia.org,wikipedia_internal,2,forward-looking infrared,
CASE-0138,Tic Tac UFO,Pentagon UFO videos,wikipedia_article_links,https://en.wikipedia.org/wiki/United_States_Navy,en.wikipedia.org,wikipedia_internal,3,United States Navy,
CASE-0138,Tic Tac UFO,Pentagon UFO videos,wikipedia_article_links,https://en.wikipedia.org/wiki/Aircraft_carriers,en.wikipedia.org,wikipedia_internal,4,aircraft carriers,
CASE-0138,Tic Tac UFO,Pentagon UFO videos,wikipedia_article_links,https://en.wikipedia.org/wiki/USS_Nimitz,en.wikipedia.org,wikipedia_internal,5,USS Nimitz,
CASE-0138,Tic Tac UFO,Pentagon UFO videos,wikipedia_article_links,https://en.wikipedia.org/wiki/USS_Theodore_Roosevelt_(CVN-71),en.wikipedia.org,wikipedia_internal,6,USS Theodore Roosevelt,
CASE-0138,Tic Tac UFO,Pentagon UFO videos,wikipedia_article_links,https://en.wikipedia.org/wiki/Infrared,en.wikipedia.org,wikipedia_internal,7,Infrared,
CASE-0138,Tic Tac UFO,Pentagon UFO videos,wikipedia_article_links,https://en.wikipedia.org/wiki/AN/ASQ-228_ATFLIR,en.wikipedia.org,wikipedia_internal,8,targeting pod,
CASE-0138,Tic Tac UFO,Pentagon UFO videos,wikipedia_article_links,https://en.wikipedia.org/wiki/UFO,en.wikipedia.org,wikipedia_internal,9,UFOs,
CASE-0138,Tic Tac UFO,Pentagon UFO videos,wikipedia_article_links,https://en.wikipedia.org/wiki/The_Pentagon,en.wikipedia.org,wikipedia_internal,10,The Pentagon,
CASE-0138,Tic Tac UFO,Pentagon UFO videos,wikipedia_article_links,https://en.wikipedia.org/wiki/General_Atomics_MQ-9_Reaper,en.wikipedia.org,wikipedia_internal,11,MQ-9,
CASE-0138,Tic Tac UFO,Pentagon UFO videos,wikipedia_article_links,https://en.wikipedia.org/wiki/Unmanned_aerial_vehicle,en.wikipedia.org,wikipedia_internal,12,drones,
CASE-0138,Tic Tac UFO,Pentagon UFO videos,wikipedia_article_links,https://en.wikipedia.org/wiki/Parallax,en.wikipedia.org,wikipedia_internal,13,parallax,
CASE-0138,Tic Tac UFO,Pentagon UFO videos,wikipedia_article_links,https://en.wikipedia.org/wiki/Extraterrestrial_life,en.wikipedia.org,wikipedia_internal,14,alien,
CASE-0138,Tic Tac UFO,Pentagon UFO videos,wikipedia_article_links,https://en.wikipedia.org/wiki/Unidentified_flying_object#20th_century_and_after,en.wikipedia.org,wikipedia_internal,15,Unidentified flying object § 20th century and after,
CASE-0138,Tic Tac UFO,Pentagon UFO videos,wikipedia_article_links,https://en.wikipedia.org/wiki/Investigation_of_UFO_reports_by_the_United_States_government,en.wikipedia.org,wikipedia_internal,16,Investigation of UFO reports by the United States government,
CASE-0138,Tic Tac UFO,Pentagon UFO videos,wikipedia_article_links,https://en.wikipedia.org/wiki/UFO_photographs,en.wikipedia.org,wikipedia_internal,17,UFO photographs,
CASE-0138,Tic Tac UFO,Pentagon UFO videos,wikipedia_article_links,https://en.wikipedia.org/wiki/Rhodes_UFO_photographs,en.wikipedia.org,wikipedia_internal,18,Rhodes,
CASE-0138,Tic Tac UFO,Pentagon UFO videos,wikipedia_article_links,https://en.wikipedia.org/wiki/McMinnville_UFO_photographs,en.wikipedia.org,wikipedia_internal,19,McMinnville,
CASE-0138,Tic Tac UFO,Pentagon UFO videos,wikipedia_article_links,https://en.wikipedia.org/wiki/Mariana_UFO_film,en.wikipedia.org,wikipedia_internal,20,Mariana film,
CASE-0139,Project Veritas,Project Veritas,wikipedia_search,https://en.wikipedia.org/wiki/Project_Veritas,en.wikipedia.org,wikipedia_primary,1,Project Veritas,
CASE-0139,Project Veritas,Project Veritas,wikipedia_article_links,https://en.wikipedia.org/wiki/James_O%27Keefe,en.wikipedia.org,wikipedia_internal,2,James O'Keefe,
CASE-0139,Project Veritas,Project Veritas,wikipedia_article_links,https://en.wikipedia.org/wiki/Non-governmental_organization,en.wikipedia.org,wikipedia_internal,3,NGO,
CASE-0139,Project Veritas,Project Veritas,wikipedia_article_links,https://en.wikipedia.org/wiki/501(c)(3)_organization,en.wikipedia.org,wikipedia_internal,4,501(c)(3),
CASE-0139,Project Veritas,Project Veritas,wikipedia_article_links,https://en.wikipedia.org/wiki/501(c)(4),en.wikipedia.org,wikipedia_internal,5,501(c)(4),
CASE-0139,Project Veritas,Project Veritas,wikipedia_article_links,"https://en.wikipedia.org/wiki/Mamaroneck,_New_York",en.wikipedia.org,wikipedia_internal,6,"Mamaroneck, New York",
CASE-0139,Project Veritas,Project Veritas,wikipedia_article_links,https://en.wikipedia.org/wiki/Undercover_operations,en.wikipedia.org,wikipedia_internal,7,Undercover operations,
CASE-0139,Project Veritas,Project Veritas,wikipedia_article_links,https://en.wikipedia.org/wiki/Hidden_cameras,en.wikipedia.org,wikipedia_internal,8,Hidden cameras,
CASE-0139,Project Veritas,Project Veritas,wikipedia_article_links,https://en.wikipedia.org/wiki/Entrapment,en.wikipedia.org,wikipedia_internal,9,Entrapment,
CASE-0139,Project Veritas,Project Veritas,wikipedia_article_links,https://en.wikipedia.org/wiki/Video_manipulation,en.wikipedia.org,wikipedia_internal,10,Video manipulation,
CASE-0139,Project Veritas,Project Veritas,wikipedia_article_links,https://en.wikipedia.org/wiki/Donors_Trust,en.wikipedia.org,wikipedia_internal,11,Donors Trust,
CASE-0139,Project Veritas,Project Veritas,wikipedia_article_links,https://en.wikipedia.org/wiki/Far-right_politics,en.wikipedia.org,wikipedia_internal,12,far-right,
CASE-0139,Project Veritas,Project Veritas,wikipedia_article_links,https://en.wikipedia.org/wiki/Activist,en.wikipedia.org,wikipedia_internal,13,activist,
CASE-0139,Project Veritas,Project Veritas,wikipedia_article_links,https://en.wikipedia.org/wiki/Hidden_camera,en.wikipedia.org,wikipedia_internal,14,secret recordings,
CASE-0139,Project Veritas,Project Veritas,wikipedia_article_links,https://en.wikipedia.org/wiki/Mainstream_media,en.wikipedia.org,wikipedia_internal,15,mainstream media,
CASE-0139,Project Veritas,Project Veritas,wikipedia_article_links,https://en.wikipedia.org/wiki/Progressivism,en.wikipedia.org,wikipedia_internal,16,progressive,
CASE-0139,Project Veritas,Project Veritas,wikipedia_article_links,https://en.wikipedia.org/wiki/Bad_publicity,en.wikipedia.org,wikipedia_internal,17,bad publicity,
CASE-0139,Project Veritas,Project Veritas,wikipedia_article_links,https://en.wikipedia.org/wiki/Disinformation,en.wikipedia.org,wikipedia_internal,18,disinformation,
CASE-0139,Project Veritas,Project Veritas,wikipedia_article_links,https://en.wikipedia.org/wiki/Conspiracy_theory,en.wikipedia.org,wikipedia_internal,19,conspiracy theories,
CASE-0139,Project Veritas,Project Veritas,wikipedia_article_links,https://en.wikipedia.org/wiki/Planned_Parenthood,en.wikipedia.org,wikipedia_internal,20,Planned Parenthood,
CASE-0140,World Economic Forum conspiracy,World Economic Forum,wikipedia_search,https://en.wikipedia.org/wiki/World_Economic_Forum,en.wikipedia.org,wikipedia_primary,1,World Economic Forum,
CASE-0140,World Economic Forum conspiracy,World Economic Forum,wikipedia_article_links,https://en.wikipedia.org/wiki/WEF_(disambiguation),en.wikipedia.org,wikipedia_internal,2,WEF (disambiguation),
CASE-0140,World Economic Forum conspiracy,World Economic Forum,wikipedia_article_links,https://en.wikipedia.org/wiki/Klaus_Schwab,en.wikipedia.org,wikipedia_internal,3,Klaus Schwab,
CASE-0140,World Economic Forum conspiracy,World Economic Forum,wikipedia_article_links,https://en.wikipedia.org/wiki/International_non-governmental_organization,en.wikipedia.org,wikipedia_internal,4,International NGO,
CASE-0140,World Economic Forum conspiracy,World Economic Forum,wikipedia_article_links,https://en.wikipedia.org/wiki/Lobbying,en.wikipedia.org,wikipedia_internal,5,lobbying organisation,
CASE-0140,World Economic Forum conspiracy,World Economic Forum,wikipedia_article_links,https://en.wikipedia.org/wiki/Foundation_(nonprofit),en.wikipedia.org,wikipedia_internal,6,Foundation,
CASE-0140,World Economic Forum conspiracy,World Economic Forum,wikipedia_article_links,https://en.wikipedia.org/wiki/Cologny,en.wikipedia.org,wikipedia_internal,7,Cologny,
CASE-0140,World Economic Forum conspiracy,World Economic Forum,wikipedia_article_links,https://en.wikipedia.org/wiki/Chairman,en.wikipedia.org,wikipedia_internal,8,Chairman,
CASE-0140,World Economic Forum conspiracy,World Economic Forum,wikipedia_article_links,https://en.wikipedia.org/wiki/Larry_Fink,en.wikipedia.org,wikipedia_internal,9,Larry Fink,
CASE-0140,World Economic Forum conspiracy,World Economic Forum,wikipedia_article_links,https://en.wikipedia.org/wiki/CEO,en.wikipedia.org,wikipedia_internal,10,CEO,
CASE-0140,World Economic Forum conspiracy,World Economic Forum,wikipedia_article_links,https://en.wikipedia.org/wiki/Think_tank,en.wikipedia.org,wikipedia_internal,11,think tank,
CASE-0140,World Economic Forum conspiracy,World Economic Forum,wikipedia_article_links,https://en.wikipedia.org/wiki/Davos,en.wikipedia.org,wikipedia_internal,12,Davos,
CASE-0140,World Economic Forum conspiracy,World Economic Forum,wikipedia_article_links,https://en.wikipedia.org/wiki/Graub%C3%BCnden,en.wikipedia.org,wikipedia_internal,13,Graubünden,
CASE-0140,World Economic Forum conspiracy,World Economic Forum,wikipedia_article_links,https://en.wikipedia.org/wiki/Alps,en.wikipedia.org,wikipedia_internal,14,Alps,
CASE-0140,World Economic Forum conspiracy,World Economic Forum,wikipedia_article_links,https://en.wikipedia.org/wiki/Economist,en.wikipedia.org,wikipedia_internal,15,economists,
CASE-0140,World Economic Forum conspiracy,World Economic Forum,wikipedia_article_links,https://en.wikipedia.org/wiki/List_of_global_issues,en.wikipedia.org,wikipedia_internal,16,global issues,
CASE-0140,World Economic Forum conspiracy,World Economic Forum,wikipedia_article_links,https://en.wikipedia.org/wiki/Multinational_corporation,en.wikipedia.org,wikipedia_internal,17,multi-national companies,
CASE-0140,World Economic Forum conspiracy,World Economic Forum,wikipedia_article_links,https://en.wikipedia.org/wiki/Whitewashing_(communications),en.wikipedia.org,wikipedia_internal,18,whitewashing,
CASE-0140,World Economic Forum conspiracy,World Economic Forum,wikipedia_article_links,https://en.wikipedia.org/wiki/Tax-exempt,en.wikipedia.org,wikipedia_internal,19,tax-exempt,
CASE-0140,World Economic Forum conspiracy,World Economic Forum,wikipedia_article_links,https://en.wikipedia.org/wiki/Environmental_footprint,en.wikipedia.org,wikipedia_internal,20,environmental footprint,
CASE-0141,CERN conspiracy,CERN ritual hoax,wikipedia_search,https://en.wikipedia.org/wiki/CERN_ritual_hoax,en.wikipedia.org,wikipedia_primary,1,CERN ritual hoax,
CASE-0141,CERN conspiracy,CERN ritual hoax,wikipedia_article_links,https://en.wikipedia.org/wiki/Found_footage_(film_technique),en.wikipedia.org,wikipedia_internal,2,found footage,
CASE-0141,CERN conspiracy,CERN ritual hoax,wikipedia_article_links,https://en.wikipedia.org/wiki/CERN,en.wikipedia.org,wikipedia_internal,3,CERN,
CASE-0141,CERN conspiracy,CERN ritual hoax,wikipedia_article_links,https://en.wikipedia.org/wiki/Particle_physics,en.wikipedia.org,wikipedia_internal,4,particle physics,
CASE-0141,CERN conspiracy,CERN ritual hoax,wikipedia_article_links,https://en.wikipedia.org/wiki/Shiva,en.wikipedia.org,wikipedia_internal,5,Shiva,
CASE-0141,CERN conspiracy,CERN ritual hoax,wikipedia_article_links,https://en.wikipedia.org/wiki/Conspiracy_theories,en.wikipedia.org,wikipedia_internal,6,conspiracy theories,
CASE-0141,CERN conspiracy,CERN ritual hoax,wikipedia_article_links,https://en.wikipedia.org/wiki/Large_Hadron_Collider,en.wikipedia.org,wikipedia_internal,7,Large Hadron Collider,
CASE-0141,CERN conspiracy,CERN ritual hoax,wikipedia_article_links,https://en.wikipedia.org/wiki/Hell,en.wikipedia.org,wikipedia_internal,8,hell,
CASE-0141,CERN conspiracy,CERN ritual hoax,wikipedia_article_links,https://en.wikipedia.org/wiki/Antichrist,en.wikipedia.org,wikipedia_internal,9,antichrist,
CASE-0141,CERN conspiracy,CERN ritual hoax,wikipedia_article_links,https://en.wikipedia.org/wiki/Universe,en.wikipedia.org,wikipedia_internal,10,universe,
CASE-0141,CERN conspiracy,CERN ritual hoax,wikipedia_article_links,https://en.wikipedia.org/wiki/FAQ,en.wikipedia.org,wikipedia_internal,11,FAQ,
CASE-0141,CERN conspiracy,CERN ritual hoax,wikipedia_article_links,https://en.wikipedia.org/wiki/Conspiracy_theory,en.wikipedia.org,wikipedia_internal,12,Conspiracy theories,
CASE-0141,CERN conspiracy,CERN ritual hoax,wikipedia_article_links,https://en.wikipedia.org/wiki/List_of_conspiracy_theories,en.wikipedia.org,wikipedia_internal,13,List of conspiracy theories,
CASE-0141,CERN conspiracy,CERN ritual hoax,wikipedia_article_links,https://en.wikipedia.org/wiki/Antiscience,en.wikipedia.org,wikipedia_internal,14,Antiscience,
CASE-0141,CERN conspiracy,CERN ritual hoax,wikipedia_article_links,https://en.wikipedia.org/wiki/Cabal,en.wikipedia.org,wikipedia_internal,15,Cabals,
CASE-0141,CERN conspiracy,CERN ritual hoax,wikipedia_article_links,https://en.wikipedia.org/wiki/Deep_state,en.wikipedia.org,wikipedia_internal,16,deep state,
CASE-0141,CERN conspiracy,CERN ritual hoax,wikipedia_article_links,https://en.wikipedia.org/wiki/%C3%89minence_grise,en.wikipedia.org,wikipedia_internal,17,éminence grise,
CASE-0141,CERN conspiracy,CERN ritual hoax,wikipedia_article_links,https://en.wikipedia.org/wiki/Power_behind_the_throne,en.wikipedia.org,wikipedia_internal,18,power behind the throne,
CASE-0141,CERN conspiracy,CERN ritual hoax,wikipedia_article_links,https://en.wikipedia.org/wiki/Conspiracy,en.wikipedia.org,wikipedia_internal,19,Conspiracy,
CASE-0141,CERN conspiracy,CERN ritual hoax,wikipedia_article_links,https://en.wikipedia.org/wiki/Civil_conspiracy,en.wikipedia.org,wikipedia_internal,20,Civil,
CASE-0142,organ harvesting,Forced organ harvesting from Falun Gong practitioners in China,wikipedia_search,https://en.wikipedia.org/wiki/Forced_organ_harvesting_from_Falun_Gong_practitioners_in_China,en.wikipedia.org,wikipedia_primary,1,Forced organ harvesting from Falun Gong practitioners in China,
CASE-0142,organ harvesting,Forced organ harvesting from Falun Gong practitioners in China,wikipedia_article_links,https://en.wikipedia.org/wiki/People%27s_Republic_of_China,en.wikipedia.org,wikipedia_internal,2,People's Republic of China,
CASE-0142,organ harvesting,Forced organ harvesting from Falun Gong practitioners in China,wikipedia_article_links,https://en.wikipedia.org/wiki/Human_rights_abuse,en.wikipedia.org,wikipedia_internal,3,Human rights abuse,
CASE-0142,organ harvesting,Forced organ harvesting from Falun Gong practitioners in China,wikipedia_article_links,https://en.wikipedia.org/wiki/Organ_trafficking,en.wikipedia.org,wikipedia_internal,4,organ trafficking,
CASE-0142,organ harvesting,Forced organ harvesting from Falun Gong practitioners in China,wikipedia_article_links,https://en.wikipedia.org/wiki/Persecution,en.wikipedia.org,wikipedia_internal,5,Persecution,
CASE-0142,organ harvesting,Forced organ harvesting from Falun Gong practitioners in China,wikipedia_article_links,https://en.wikipedia.org/wiki/Falun_Gong,en.wikipedia.org,wikipedia_internal,6,Falun Gong,
CASE-0142,organ harvesting,Forced organ harvesting from Falun Gong practitioners in China,wikipedia_article_links,https://en.wikipedia.org/wiki/Organ_transplants,en.wikipedia.org,wikipedia_internal,7,organ transplants,
CASE-0142,organ harvesting,Forced organ harvesting from Falun Gong practitioners in China,wikipedia_article_links,https://en.wikipedia.org/wiki/Uyghurs,en.wikipedia.org,wikipedia_internal,8,Uyghurs,
CASE-0142,organ harvesting,Forced organ harvesting from Falun Gong practitioners in China,wikipedia_article_links,https://en.wikipedia.org/wiki/Tibetans,en.wikipedia.org,wikipedia_internal,9,Tibetans,
CASE-0142,organ harvesting,Forced organ harvesting from Falun Gong practitioners in China,wikipedia_article_links,https://en.wikipedia.org/wiki/David_Kilgour,en.wikipedia.org,wikipedia_internal,10,David Kilgour,
CASE-0142,organ harvesting,Forced organ harvesting from Falun Gong practitioners in China,wikipedia_article_links,https://en.wikipedia.org/wiki/David_Matas,en.wikipedia.org,wikipedia_internal,11,David Matas,
CASE-0142,organ harvesting,Forced organ harvesting from Falun Gong practitioners in China,wikipedia_article_links,https://en.wikipedia.org/wiki/Ethan_Gutmann,en.wikipedia.org,wikipedia_internal,12,Ethan Gutmann,
CASE-0142,organ harvesting,Forced organ harvesting from Falun Gong practitioners in China,wikipedia_article_links,https://en.wikipedia.org/wiki/Medicine_in_China,en.wikipedia.org,wikipedia_internal,13,Chinese medical institutions,
CASE-0142,organ harvesting,Forced organ harvesting from Falun Gong practitioners in China,wikipedia_article_links,https://en.wikipedia.org/wiki/Chinese_military,en.wikipedia.org,wikipedia_internal,14,military,
CASE-0142,organ harvesting,Forced organ harvesting from Falun Gong practitioners in China,wikipedia_article_links,https://en.wikipedia.org/wiki/Transplant_tourism,en.wikipedia.org,wikipedia_internal,15,transplant tourism,
CASE-0142,organ harvesting,Forced organ harvesting from Falun Gong practitioners in China,wikipedia_article_links,https://en.wikipedia.org/wiki/China_Tribunal,en.wikipedia.org,wikipedia_internal,16,China Tribunal,
CASE-0142,organ harvesting,Forced organ harvesting from Falun Gong practitioners in China,wikipedia_article_links,https://en.wikipedia.org/wiki/UN_Special_Rapporteur,en.wikipedia.org,wikipedia_internal,17,UN Special Rapporteurs,
CASE-0142,organ harvesting,Forced organ harvesting from Falun Gong practitioners in China,wikipedia_article_links,https://en.wikipedia.org/wiki/Political_prisoner,en.wikipedia.org,wikipedia_internal,18,other,
CASE-0142,organ harvesting,Forced organ harvesting from Falun Gong practitioners in China,wikipedia_article_links,https://en.wikipedia.org/wiki/Prisoner_of_conscience,en.wikipedia.org,wikipedia_internal,19,prisoners,
CASE-0142,organ harvesting,Forced organ harvesting from Falun Gong practitioners in China,wikipedia_article_links,https://en.wikipedia.org/wiki/International_community,en.wikipedia.org,wikipedia_internal,20,international community,
CASE-0143,Jesuits conspiracy,Jesuit conspiracy theories,wikipedia_search,https://en.wikipedia.org/wiki/Jesuit_conspiracy_theories,en.wikipedia.org,wikipedia_primary,1,Jesuit conspiracy theories,
CASE-0143,Jesuits conspiracy,Jesuit conspiracy theories,wikipedia_article_links,https://en.wikipedia.org/wiki/List_of_conspiracy_theories#Anti-Catholic_conspiracy_theories,en.wikipedia.org,wikipedia_internal,2,List of conspiracy theories § Anti-Catholic conspiracy theories,
CASE-0143,Jesuits conspiracy,Jesuit conspiracy theories,wikipedia_article_links,https://en.wikipedia.org/wiki/Anti-Catholicism,en.wikipedia.org,wikipedia_internal,3,Anti-Catholicism,
CASE-0143,Jesuits conspiracy,Jesuit conspiracy theories,wikipedia_article_links,https://en.wikipedia.org/wiki/Hand-grenade,en.wikipedia.org,wikipedia_internal,4,hand-grenades,
CASE-0143,Jesuits conspiracy,Jesuit conspiracy theories,wikipedia_article_links,https://en.wikipedia.org/wiki/Great_Fire_of_London,en.wikipedia.org,wikipedia_internal,5,Great Fire of London,
CASE-0143,Jesuits conspiracy,Jesuit conspiracy theories,wikipedia_article_links,https://en.wikipedia.org/wiki/Jesuits,en.wikipedia.org,wikipedia_internal,6,Society of Jesus,
CASE-0143,Jesuits conspiracy,Jesuit conspiracy theories,wikipedia_article_links,https://en.wikipedia.org/wiki/Christogram,en.wikipedia.org,wikipedia_internal,7,,
CASE-0143,Jesuits conspiracy,Jesuit conspiracy theories,wikipedia_article_links,https://en.wikipedia.org/wiki/Regimini_militantis_Ecclesiae,en.wikipedia.org,wikipedia_internal,8,Regimini militantis,
CASE-0143,Jesuits conspiracy,Jesuit conspiracy theories,wikipedia_article_links,https://en.wikipedia.org/wiki/Congregatio_de_Auxiliis,en.wikipedia.org,wikipedia_internal,9,Congregatio de Auxiliis,
CASE-0143,Jesuits conspiracy,Jesuit conspiracy theories,wikipedia_article_links,https://en.wikipedia.org/wiki/Suppression_of_the_Society_of_Jesus,en.wikipedia.org,wikipedia_internal,10,Suppression,
CASE-0143,Jesuits conspiracy,Jesuit conspiracy theories,wikipedia_article_links,https://en.wikipedia.org/wiki/Ratio_Studiorum,en.wikipedia.org,wikipedia_internal,11,Ratio Studiorum,
CASE-0143,Jesuits conspiracy,Jesuit conspiracy theories,wikipedia_article_links,https://en.wikipedia.org/wiki/General_Congregation,en.wikipedia.org,wikipedia_internal,12,General Congregation,
CASE-0143,Jesuits conspiracy,Jesuit conspiracy theories,wikipedia_article_links,https://en.wikipedia.org/wiki/Superior_General_of_the_Society_of_Jesus,en.wikipedia.org,wikipedia_internal,13,Superior General,
CASE-0143,Jesuits conspiracy,Jesuit conspiracy theories,wikipedia_article_links,https://en.wikipedia.org/wiki/Spiritual_Exercises,en.wikipedia.org,wikipedia_internal,14,Spiritual Exercises,
CASE-0143,Jesuits conspiracy,Jesuit conspiracy theories,wikipedia_article_links,https://en.wikipedia.org/wiki/Ad_maiorem_Dei_gloriam,en.wikipedia.org,wikipedia_internal,15,Ad maiorem Dei gloriam,
CASE-0143,Jesuits conspiracy,Jesuit conspiracy theories,wikipedia_article_links,https://en.wikipedia.org/wiki/Jesuit_formation,en.wikipedia.org,wikipedia_internal,16,Training,
CASE-0143,Jesuits conspiracy,Jesuit conspiracy theories,wikipedia_article_links,https://en.wikipedia.org/wiki/Magis,en.wikipedia.org,wikipedia_internal,17,Magis,
CASE-0143,Jesuits conspiracy,Jesuit conspiracy theories,wikipedia_article_links,https://en.wikipedia.org/wiki/List_of_Jesuit_educational_institutions,en.wikipedia.org,wikipedia_internal,18,Educational institutions,
CASE-0143,Jesuits conspiracy,Jesuit conspiracy theories,wikipedia_article_links,https://en.wikipedia.org/wiki/List_of_Jesuit_sites,en.wikipedia.org,wikipedia_internal,19,List of sites,
CASE-0143,Jesuits conspiracy,Jesuit conspiracy theories,wikipedia_article_links,https://en.wikipedia.org/wiki/Jesuit_Refugee_Service,en.wikipedia.org,wikipedia_internal,20,Jesuit Refugee Service,
CASE-0144,AIDS manufactured,History of hearing aids,wikipedia_search,https://en.wikipedia.org/wiki/History_of_hearing_aids,en.wikipedia.org,wikipedia_primary,1,History of hearing aids,
CASE-0144,AIDS manufactured,History of hearing aids,wikipedia_article_links,https://en.wikipedia.org/wiki/Elisabeth_de_Meuron,en.wikipedia.org,wikipedia_internal,2,Madame de Meuron,
CASE-0144,AIDS manufactured,History of hearing aids,wikipedia_article_links,https://en.wikipedia.org/wiki/Hearing_aid,en.wikipedia.org,wikipedia_internal,3,hearing aid,
CASE-0144,AIDS manufactured,History of hearing aids,wikipedia_article_links,https://en.wikipedia.org/wiki/Telephone,en.wikipedia.org,wikipedia_internal,4,telephone,
CASE-0144,AIDS manufactured,History of hearing aids,wikipedia_article_links,https://en.wikipedia.org/wiki/Carbon_microphone,en.wikipedia.org,wikipedia_internal,5,carbon microphone,
CASE-0144,AIDS manufactured,History of hearing aids,wikipedia_article_links,https://en.wikipedia.org/wiki/Transmitters,en.wikipedia.org,wikipedia_internal,6,transmitters,
CASE-0144,AIDS manufactured,History of hearing aids,wikipedia_article_links,https://en.wikipedia.org/wiki/Digital_signal_processor,en.wikipedia.org,wikipedia_internal,7,DSP,
CASE-0144,AIDS manufactured,History of hearing aids,wikipedia_article_links,https://en.wikipedia.org/wiki/Computer,en.wikipedia.org,wikipedia_internal,8,computer,
CASE-0144,AIDS manufactured,History of hearing aids,wikipedia_article_links,https://en.wikipedia.org/wiki/Ear_trumpet,en.wikipedia.org,wikipedia_internal,9,Ear trumpet,
CASE-0144,AIDS manufactured,History of hearing aids,wikipedia_article_links,https://en.wikipedia.org/wiki/John_VI_of_Portugal,en.wikipedia.org,wikipedia_internal,10,John VI of Portugal,
CASE-0144,AIDS manufactured,History of hearing aids,wikipedia_article_links,https://en.wikipedia.org/wiki/Deaf_education,en.wikipedia.org,wikipedia_internal,11,deaf educator,
CASE-0144,AIDS manufactured,History of hearing aids,wikipedia_article_links,https://en.wikipedia.org/wiki/Joshua_Reynolds,en.wikipedia.org,wikipedia_internal,12,Joshua Reynolds,
CASE-0144,AIDS manufactured,History of hearing aids,wikipedia_article_links,https://en.wikipedia.org/wiki/Speaking_tube,en.wikipedia.org,wikipedia_internal,13,speaking tubes,
CASE-0144,AIDS manufactured,History of hearing aids,wikipedia_article_links,https://en.wikipedia.org/wiki/Ludwig_van_Beethoven,en.wikipedia.org,wikipedia_internal,14,Beethoven,
CASE-0144,AIDS manufactured,History of hearing aids,wikipedia_article_links,https://en.wikipedia.org/wiki/Johann_Nepomuk_M%C3%A4lzel,en.wikipedia.org,wikipedia_internal,15,Johann Nepomuk Mälzel,
CASE-0144,AIDS manufactured,History of hearing aids,wikipedia_article_links,https://en.wikipedia.org/wiki/Microphone,en.wikipedia.org,wikipedia_internal,16,microphone,
CASE-0144,AIDS manufactured,History of hearing aids,wikipedia_article_links,https://en.wikipedia.org/wiki/Loudness,en.wikipedia.org,wikipedia_internal,17,loudness,
CASE-0144,AIDS manufactured,History of hearing aids,wikipedia_article_links,https://en.wikipedia.org/wiki/Frequency,en.wikipedia.org,wikipedia_internal,18,frequency,
CASE-0144,AIDS manufactured,History of hearing aids,wikipedia_article_links,https://en.wikipedia.org/wiki/Miller_Reese_Hutchison,en.wikipedia.org,wikipedia_internal,19,Miller Reese Hutchison,
CASE-0144,AIDS manufactured,History of hearing aids,wikipedia_article_links,https://en.wikipedia.org/wiki/Carbon_transmitter,en.wikipedia.org,wikipedia_internal,20,carbon transmitter,
CASE-0145,Federal Reserve Act 1913,Federal Reserve Act,wikipedia_search,https://en.wikipedia.org/wiki/Federal_Reserve_Act,en.wikipedia.org,wikipedia_primary,1,Federal Reserve Act,
CASE-0145,Federal Reserve Act 1913,Federal Reserve Act,wikipedia_article_links,https://en.wikipedia.org/wiki/63rd_United_States_Congress,en.wikipedia.org,wikipedia_internal,2,63rd United States Congress,
CASE-0145,Federal Reserve Act 1913,Federal Reserve Act,wikipedia_article_links,"https://en.wikipedia.org/wiki/Act_of_Congress#Public_law,_private_law,_designation",en.wikipedia.org,wikipedia_internal,3,Pub. L.,
CASE-0145,Federal Reserve Act 1913,Federal Reserve Act,wikipedia_article_links,https://en.wikipedia.org/wiki/United_States_Statutes_at_Large,en.wikipedia.org,wikipedia_internal,4,Statutes at Large,
CASE-0145,Federal Reserve Act 1913,Federal Reserve Act,wikipedia_article_links,https://en.wikipedia.org/wiki/Carter_Glass,en.wikipedia.org,wikipedia_internal,5,Carter Glass,
CASE-0145,Federal Reserve Act 1913,Federal Reserve Act,wikipedia_article_links,https://en.wikipedia.org/wiki/Democratic_Party_(United_States),en.wikipedia.org,wikipedia_internal,6,D,
CASE-0145,Federal Reserve Act 1913,Federal Reserve Act,wikipedia_article_links,https://en.wikipedia.org/wiki/Virginia,en.wikipedia.org,wikipedia_internal,7,VA,
CASE-0145,Federal Reserve Act 1913,Federal Reserve Act,wikipedia_article_links,https://en.wikipedia.org/wiki/United_States_House_Committee_on_Banking_and_Currency,en.wikipedia.org,wikipedia_internal,8,House Banking,
CASE-0145,Federal Reserve Act 1913,Federal Reserve Act,wikipedia_article_links,https://en.wikipedia.org/wiki/United_States_Senate_Committee_on_Banking_and_Currency,en.wikipedia.org,wikipedia_internal,9,Senate Banking,
CASE-0145,Federal Reserve Act 1913,Federal Reserve Act,wikipedia_article_links,https://en.wikipedia.org/wiki/Woodrow_Wilson,en.wikipedia.org,wikipedia_internal,10,Woodrow Wilson,
CASE-0145,Federal Reserve Act 1913,Federal Reserve Act,wikipedia_article_links,https://en.wikipedia.org/wiki/1933_Banking_Act,en.wikipedia.org,wikipedia_internal,11,1933 Banking Act,
CASE-0145,Federal Reserve Act 1913,Federal Reserve Act,wikipedia_article_links,https://en.wikipedia.org/wiki/Banking_Act_of_1935,en.wikipedia.org,wikipedia_internal,12,Banking Act of 1935,
CASE-0145,Federal Reserve Act 1913,Federal Reserve Act,wikipedia_article_links,https://en.wikipedia.org/wiki/Dodd%E2%80%93Frank_Wall_Street_Reform_and_Consumer_Protection_Act,en.wikipedia.org,wikipedia_internal,13,Dodd–Frank Wall Street Reform and Consumer Protection Act,
CASE-0145,Federal Reserve Act 1913,Federal Reserve Act,wikipedia_article_links,"https://en.wikipedia.org/wiki/Economic_Growth,_Regulatory_Relief,_and_Consumer_Protection_Act",en.wikipedia.org,wikipedia_internal,14,"Economic Growth, Regulatory Relief, and Consumer Protection Act",
CASE-0145,Federal Reserve Act 1913,Federal Reserve Act,wikipedia_article_links,https://en.wikipedia.org/wiki/Federal_Reserve_System,en.wikipedia.org,wikipedia_internal,15,Federal Reserve System,
CASE-0145,Federal Reserve Act 1913,Federal Reserve Act,wikipedia_article_links,https://en.wikipedia.org/wiki/Central_bank,en.wikipedia.org,wikipedia_internal,16,central banking,
CASE-0145,Federal Reserve Act 1913,Federal Reserve Act,wikipedia_article_links,https://en.wikipedia.org/wiki/United_States,en.wikipedia.org,wikipedia_internal,17,United States,
CASE-0145,Federal Reserve Act 1913,Federal Reserve Act,wikipedia_article_links,https://en.wikipedia.org/wiki/1912_United_States_elections,en.wikipedia.org,wikipedia_internal,18,1912 elections,
CASE-0145,Federal Reserve Act 1913,Federal Reserve Act,wikipedia_article_links,https://en.wikipedia.org/wiki/Robert_Latham_Owen,en.wikipedia.org,wikipedia_internal,19,Robert Latham Owen,
CASE-0145,Federal Reserve Act 1913,Federal Reserve Act,wikipedia_article_links,https://en.wikipedia.org/wiki/Aldrich_Plan,en.wikipedia.org,wikipedia_internal,20,Aldrich Plan,
CASE-0146,Revelation 12 sign,Revelation 12,wikipedia_search,https://en.wikipedia.org/wiki/Revelation_12,en.wikipedia.org,wikipedia_primary,1,Revelation 12,
CASE-0146,Revelation 12 sign,Revelation 12,wikipedia_article_links,https://en.wikipedia.org/wiki/Revelation_11,en.wikipedia.org,wikipedia_internal,2,chapter 11,
CASE-0146,Revelation 12 sign,Revelation 12,wikipedia_article_links,https://en.wikipedia.org/wiki/Revelation_13,en.wikipedia.org,wikipedia_internal,3,chapter 13,
CASE-0146,Revelation 12 sign,Revelation 12,wikipedia_article_links,https://en.wikipedia.org/wiki/Book_of_Revelation,en.wikipedia.org,wikipedia_internal,4,Book of Revelation,
CASE-0146,Revelation 12 sign,Revelation 12,wikipedia_article_links,https://en.wikipedia.org/wiki/Apocalypse,en.wikipedia.org,wikipedia_internal,5,Apocalypse,
CASE-0146,Revelation 12 sign,Revelation 12,wikipedia_article_links,https://en.wikipedia.org/wiki/New_Testament,en.wikipedia.org,wikipedia_internal,6,New Testament,
CASE-0146,Revelation 12 sign,Revelation 12,wikipedia_article_links,https://en.wikipedia.org/wiki/Christianity,en.wikipedia.org,wikipedia_internal,7,Christian,
CASE-0146,Revelation 12 sign,Revelation 12,wikipedia_article_links,https://en.wikipedia.org/wiki/Bible,en.wikipedia.org,wikipedia_internal,8,Bible,
CASE-0146,Revelation 12 sign,Revelation 12,wikipedia_article_links,https://en.wikipedia.org/wiki/John_the_Apostle,en.wikipedia.org,wikipedia_internal,9,John the Apostle,
CASE-0146,Revelation 12 sign,Revelation 12,wikipedia_article_links,https://en.wikipedia.org/wiki/Michael_(archangel),en.wikipedia.org,wikipedia_internal,10,Michael,
CASE-0146,Revelation 12 sign,Revelation 12,wikipedia_article_links,https://en.wikipedia.org/wiki/William_Robertson_Nicoll,en.wikipedia.org,wikipedia_internal,11,William Robertson Nicoll,
CASE-0146,Revelation 12 sign,Revelation 12,wikipedia_article_links,https://en.wikipedia.org/wiki/Free_Church_of_Scotland_(1843%E2%80%931900),en.wikipedia.org,wikipedia_internal,12,Free Church,
CASE-0146,Revelation 12 sign,Revelation 12,wikipedia_article_links,https://en.wikipedia.org/wiki/Jewish_mythology,en.wikipedia.org,wikipedia_internal,13,Jewish source,
CASE-0146,Revelation 12 sign,Revelation 12,wikipedia_article_links,https://en.wikipedia.org/wiki/Messiah,en.wikipedia.org,wikipedia_internal,14,Messiah,
CASE-0146,Revelation 12 sign,Revelation 12,wikipedia_article_links,https://en.wikipedia.org/wiki/Greco-Roman_world,en.wikipedia.org,wikipedia_internal,15,Greco-Roman,
CASE-0146,Revelation 12 sign,Revelation 12,wikipedia_article_links,https://en.wikipedia.org/wiki/Python_(mythology),en.wikipedia.org,wikipedia_internal,16,Python myths,
CASE-0146,Revelation 12 sign,Revelation 12,wikipedia_article_links,https://en.wikipedia.org/wiki/Isis,en.wikipedia.org,wikipedia_internal,17,Isis,
CASE-0146,Revelation 12 sign,Revelation 12,wikipedia_article_links,https://en.wikipedia.org/wiki/Koine_Greek,en.wikipedia.org,wikipedia_internal,18,Koine Greek,
CASE-0146,Revelation 12 sign,Revelation 12,wikipedia_article_links,https://en.wikipedia.org/wiki/Chapters_and_verses_of_the_Bible,en.wikipedia.org,wikipedia_internal,19,This chapter is divided into,
CASE-0146,Revelation 12 sign,Revelation 12,wikipedia_article_links,https://en.wikipedia.org/wiki/Vulgate,en.wikipedia.org,wikipedia_internal,20,Vulgate,
CASE-0147,Temple Mount,Temple Mount,wikipedia_search,https://en.wikipedia.org/wiki/Temple_Mount,en.wikipedia.org,wikipedia_primary,1,Temple Mount,
CASE-0147,Temple Mount,Temple Mount,wikipedia_article_links,https://en.wikipedia.org/wiki/Summit,en.wikipedia.org,wikipedia_internal,2,Elevation,
CASE-0147,Temple Mount,Temple Mount,wikipedia_article_links,https://en.wikipedia.org/wiki/Geographic_coordinate_system,en.wikipedia.org,wikipedia_internal,3,Coordinates,
CASE-0147,Temple Mount,Temple Mount,wikipedia_article_links,https://en.wikipedia.org/wiki/Jerusalem,en.wikipedia.org,wikipedia_internal,4,Jerusalem,
CASE-0147,Temple Mount,Temple Mount,wikipedia_article_links,https://en.wikipedia.org/wiki/Mountain_range,en.wikipedia.org,wikipedia_internal,5,Parent range,
CASE-0147,Temple Mount,Temple Mount,wikipedia_article_links,https://en.wikipedia.org/wiki/Judean_Mountains,en.wikipedia.org,wikipedia_internal,6,Judean,
CASE-0147,Temple Mount,Temple Mount,wikipedia_article_links,https://en.wikipedia.org/wiki/List_of_mountain_types,en.wikipedia.org,wikipedia_internal,7,Mountain type,
CASE-0147,Temple Mount,Temple Mount,wikipedia_article_links,https://en.wikipedia.org/wiki/Meleke,en.wikipedia.org,wikipedia_internal,8,Meleke,
CASE-0147,Temple Mount,Temple Mount,wikipedia_article_links,https://en.wikipedia.org/wiki/Temple_Mount,en.wikipedia.org,wikipedia_internal,9,,
CASE-0147,Temple Mount,Temple Mount,wikipedia_article_links,https://en.wikipedia.org/wiki/History_of_Jerusalem,en.wikipedia.org,wikipedia_internal,10,History,
CASE-0147,Temple Mount,Temple Mount,wikipedia_article_links,https://en.wikipedia.org/wiki/Timeline_of_Jerusalem,en.wikipedia.org,wikipedia_internal,11,Timeline,
CASE-0147,Temple Mount,Temple Mount,wikipedia_article_links,https://en.wikipedia.org/wiki/City_of_David_(historic),en.wikipedia.org,wikipedia_internal,12,City of David,
CASE-0147,Temple Mount,Temple Mount,wikipedia_article_links,https://en.wikipedia.org/wiki/Jerusalem_during_the_Second_Temple_Period,en.wikipedia.org,wikipedia_internal,13,Second Temple Period,
CASE-0147,Temple Mount,Temple Mount,wikipedia_article_links,https://en.wikipedia.org/wiki/Aelia_Capitolina,en.wikipedia.org,wikipedia_internal,14,Aelia Capitolina,
CASE-0147,Temple Mount,Temple Mount,wikipedia_article_links,https://en.wikipedia.org/wiki/Jerusalem_during_the_Byzantine_period,en.wikipedia.org,wikipedia_internal,15,Byzantine,
CASE-0147,Temple Mount,Temple Mount,wikipedia_article_links,https://en.wikipedia.org/wiki/History_of_Jerusalem_during_the_Early_Muslim_period,en.wikipedia.org,wikipedia_internal,16,Early Muslim,
CASE-0147,Temple Mount,Temple Mount,wikipedia_article_links,https://en.wikipedia.org/wiki/History_of_Jerusalem_during_the_Kingdom_of_Jerusalem,en.wikipedia.org,wikipedia_internal,17,Crusader,
CASE-0147,Temple Mount,Temple Mount,wikipedia_article_links,https://en.wikipedia.org/wiki/Medieval_Jerusalem,en.wikipedia.org,wikipedia_internal,18,Late Medieval,
CASE-0147,Temple Mount,Temple Mount,wikipedia_article_links,https://en.wikipedia.org/wiki/Mutasarrifate_of_Jerusalem,en.wikipedia.org,wikipedia_internal,19,Ottoman,
CASE-0147,Temple Mount,Temple Mount,wikipedia_article_links,https://en.wikipedia.org/wiki/Mandatory_Palestine,en.wikipedia.org,wikipedia_internal,20,British Mandate,
CASE-0148,Nephilim,Nephilim,wikipedia_search,https://en.wikipedia.org/wiki/Nephilim,en.wikipedia.org,wikipedia_primary,1,Nephilim,
CASE-0148,Nephilim,Nephilim,wikipedia_article_links,https://en.wikipedia.org/wiki/Nephilim_(disambiguation),en.wikipedia.org,wikipedia_internal,2,Nephilim (disambiguation),
CASE-0148,Nephilim,Nephilim,wikipedia_article_links,https://en.wikipedia.org/wiki/Nevi%27im,en.wikipedia.org,wikipedia_internal,3,Nevi'im,
CASE-0148,Nephilim,Nephilim,wikipedia_article_links,https://en.wikipedia.org/wiki/Niflheim,en.wikipedia.org,wikipedia_internal,4,Niflheim,
CASE-0148,Nephilim,Nephilim,wikipedia_article_links,https://en.wikipedia.org/wiki/Hebrew_language,en.wikipedia.org,wikipedia_internal,5,Hebrew,
CASE-0148,Nephilim,Nephilim,wikipedia_article_links,https://en.wikipedia.org/wiki/Romanization_of_Hebrew,en.wikipedia.org,wikipedia_internal,6,romanized,
CASE-0148,Nephilim,Nephilim,wikipedia_article_links,https://en.wikipedia.org/wiki/Hebrew_Bible,en.wikipedia.org,wikipedia_internal,7,Hebrew Bible,
CASE-0148,Nephilim,Nephilim,wikipedia_article_links,https://en.wikipedia.org/wiki/Book_of_Genesis,en.wikipedia.org,wikipedia_internal,8,Genesis,
CASE-0148,Nephilim,Nephilim,wikipedia_article_links,https://en.wikipedia.org/wiki/Giant,en.wikipedia.org,wikipedia_internal,9,giants,
CASE-0148,Nephilim,Nephilim,wikipedia_article_links,https://en.wikipedia.org/wiki/Septuagint,en.wikipedia.org,wikipedia_internal,10,Septuagint,
CASE-0148,Nephilim,Nephilim,wikipedia_article_links,https://en.wikipedia.org/wiki/Book_of_Numbers,en.wikipedia.org,wikipedia_internal,11,Numbers,
CASE-0148,Nephilim,Nephilim,wikipedia_article_links,https://en.wikipedia.org/wiki/Twelve_Spies,en.wikipedia.org,wikipedia_internal,12,Twelve Spies,
CASE-0148,Nephilim,Nephilim,wikipedia_article_links,https://en.wikipedia.org/wiki/Canaan,en.wikipedia.org,wikipedia_internal,13,Canaan,
CASE-0148,Nephilim,Nephilim,wikipedia_article_links,https://en.wikipedia.org/wiki/Second_Temple_period,en.wikipedia.org,wikipedia_internal,14,Second-Temple,
CASE-0148,Nephilim,Nephilim,wikipedia_article_links,https://en.wikipedia.org/wiki/1_Enoch,en.wikipedia.org,wikipedia_internal,15,1 Enoch,
CASE-0148,Nephilim,Nephilim,wikipedia_article_links,https://en.wikipedia.org/wiki/Jubilees,en.wikipedia.org,wikipedia_internal,16,Jubilees,
CASE-0148,Nephilim,Nephilim,wikipedia_article_links,https://en.wikipedia.org/wiki/Watcher_(angel),en.wikipedia.org,wikipedia_internal,17,Watchers,
CASE-0148,Nephilim,Nephilim,wikipedia_article_links,https://en.wikipedia.org/wiki/Genesis_flood_narrative,en.wikipedia.org,wikipedia_internal,18,flood,
CASE-0148,Nephilim,Nephilim,wikipedia_article_links,https://en.wikipedia.org/wiki/Seth,en.wikipedia.org,wikipedia_internal,19,Seth,
CASE-0148,Nephilim,Nephilim,wikipedia_article_links,https://en.wikipedia.org/wiki/Cain,en.wikipedia.org,wikipedia_internal,20,Cain,
CASE-0149,Sumerian Anunnaki,Anunnaki,wikipedia_search,https://en.wikipedia.org/wiki/Anunnaki,en.wikipedia.org,wikipedia_primary,1,Anunnaki,
CASE-0149,Sumerian Anunnaki,Anunnaki,wikipedia_article_links,https://en.wikipedia.org/wiki/Akkadian_Empire,en.wikipedia.org,wikipedia_internal,2,Akkadian,
CASE-0149,Sumerian Anunnaki,Anunnaki,wikipedia_article_links,https://en.wikipedia.org/wiki/Cylinder_seal,en.wikipedia.org,wikipedia_internal,3,cylinder seal,
CASE-0149,Sumerian Anunnaki,Anunnaki,wikipedia_article_links,https://en.wikipedia.org/wiki/Inanna,en.wikipedia.org,wikipedia_internal,4,Inanna,
CASE-0149,Sumerian Anunnaki,Anunnaki,wikipedia_article_links,https://en.wikipedia.org/wiki/Enki,en.wikipedia.org,wikipedia_internal,5,Enki,
CASE-0149,Sumerian Anunnaki,Anunnaki,wikipedia_article_links,https://en.wikipedia.org/wiki/Utu,en.wikipedia.org,wikipedia_internal,6,Utu,
CASE-0149,Sumerian Anunnaki,Anunnaki,wikipedia_article_links,https://en.wikipedia.org/wiki/Ancient_Mesopotamian_religion,en.wikipedia.org,wikipedia_internal,7,Ancient Mesopotamian religion,
CASE-0149,Sumerian Anunnaki,Anunnaki,wikipedia_article_links,https://en.wikipedia.org/wiki/Sumerian_religion,en.wikipedia.org,wikipedia_internal,8,Sumerian,
CASE-0149,Sumerian Anunnaki,Anunnaki,wikipedia_article_links,https://en.wikipedia.org/wiki/Babylonian_religion,en.wikipedia.org,wikipedia_internal,9,Babylonian,
CASE-0149,Sumerian Anunnaki,Anunnaki,wikipedia_article_links,https://en.wikipedia.org/wiki/Mesopotamian_mythology,en.wikipedia.org,wikipedia_internal,10,Mythology,
CASE-0149,Sumerian Anunnaki,Anunnaki,wikipedia_article_links,https://en.wikipedia.org/wiki/List_of_Mesopotamian_deities,en.wikipedia.org,wikipedia_internal,11,Deities,
CASE-0149,Sumerian Anunnaki,Anunnaki,wikipedia_article_links,https://en.wikipedia.org/wiki/Tiamat,en.wikipedia.org,wikipedia_internal,12,Tiamat,
CASE-0149,Sumerian Anunnaki,Anunnaki,wikipedia_article_links,https://en.wikipedia.org/wiki/Abzu,en.wikipedia.org,wikipedia_internal,13,Abzu,
CASE-0149,Sumerian Anunnaki,Anunnaki,wikipedia_article_links,https://en.wikipedia.org/wiki/Lahamu,en.wikipedia.org,wikipedia_internal,14,Lahamu,
CASE-0149,Sumerian Anunnaki,Anunnaki,wikipedia_article_links,https://en.wikipedia.org/wiki/Lahmu,en.wikipedia.org,wikipedia_internal,15,Lahmu,
CASE-0149,Sumerian Anunnaki,Anunnaki,wikipedia_article_links,https://en.wikipedia.org/wiki/Kishar,en.wikipedia.org,wikipedia_internal,16,Kishar,
CASE-0149,Sumerian Anunnaki,Anunnaki,wikipedia_article_links,https://en.wikipedia.org/wiki/Anshar,en.wikipedia.org,wikipedia_internal,17,Anshar,
CASE-0149,Sumerian Anunnaki,Anunnaki,wikipedia_article_links,https://en.wikipedia.org/wiki/Mummu,en.wikipedia.org,wikipedia_internal,18,Mummu,
CASE-0149,Sumerian Anunnaki,Anunnaki,wikipedia_article_links,https://en.wikipedia.org/wiki/Anu,en.wikipedia.org,wikipedia_internal,19,Anu,
CASE-0149,Sumerian Anunnaki,Anunnaki,wikipedia_article_links,https://en.wikipedia.org/wiki/Enlil,en.wikipedia.org,wikipedia_internal,20,Enlil,
CASE-0150,Operation Ajax,1953 Iranian coup d'état,wikipedia_search,https://en.wikipedia.org/wiki/1953_Iranian_coup_d%27%C3%A9tat,en.wikipedia.org,wikipedia_primary,1,1953 Iranian coup d'état,
CASE-0150,Operation Ajax,1953 Iranian coup d'état,wikipedia_article_links,https://en.wikipedia.org/wiki/Abadan_Crisis,en.wikipedia.org,wikipedia_internal,2,Abadan Crisis,
CASE-0150,Operation Ajax,1953 Iranian coup d'état,wikipedia_article_links,https://en.wikipedia.org/wiki/Cold_War,en.wikipedia.org,wikipedia_internal,3,Cold War,
CASE-0150,Operation Ajax,1953 Iranian coup d'état,wikipedia_article_links,https://en.wikipedia.org/wiki/Tehran,en.wikipedia.org,wikipedia_internal,4,Tehran,
CASE-0150,Operation Ajax,1953 Iranian coup d'état,wikipedia_article_links,https://en.wikipedia.org/wiki/Pahlavi_Iran,en.wikipedia.org,wikipedia_internal,5,Imperial State of Iran,
CASE-0150,Operation Ajax,1953 Iranian coup d'état,wikipedia_article_links,https://en.wikipedia.org/wiki/Mohammad_Mosaddegh,en.wikipedia.org,wikipedia_internal,6,Mohammad Mosaddegh,
CASE-0150,Operation Ajax,1953 Iranian coup d'état,wikipedia_article_links,https://en.wikipedia.org/wiki/Fazlollah_Zahedi,en.wikipedia.org,wikipedia_internal,7,Fazlollah Zahedi,
CASE-0150,Operation Ajax,1953 Iranian coup d'état,wikipedia_article_links,https://en.wikipedia.org/wiki/Mohammad_Reza_Pahlavi,en.wikipedia.org,wikipedia_internal,8,Mohammad Reza Pahlavi,
CASE-0150,Operation Ajax,1953 Iranian coup d'état,wikipedia_article_links,https://en.wikipedia.org/wiki/Monarchy_of_Iran,en.wikipedia.org,wikipedia_internal,9,Monarchy,
CASE-0150,Operation Ajax,1953 Iranian coup d'état,wikipedia_article_links,https://en.wikipedia.org/wiki/Absolute_monarchy,en.wikipedia.org,wikipedia_internal,10,increased,
CASE-0150,Operation Ajax,1953 Iranian coup d'état,wikipedia_article_links,https://en.wikipedia.org/wiki/Western_Bloc,en.wikipedia.org,wikipedia_internal,11,Western,
CASE-0150,Operation Ajax,1953 Iranian coup d'état,wikipedia_article_links,https://en.wikipedia.org/wiki/Anti-communist,en.wikipedia.org,wikipedia_internal,12,anti-communist,
CASE-0150,Operation Ajax,1953 Iranian coup d'état,wikipedia_article_links,https://en.wikipedia.org/wiki/Government_of_Mosaddegh,en.wikipedia.org,wikipedia_internal,13,Government of Mosaddegh,
CASE-0150,Operation Ajax,1953 Iranian coup d'état,wikipedia_article_links,https://en.wikipedia.org/wiki/Pahlavi_dynasty,en.wikipedia.org,wikipedia_internal,14,House of Pahlavi,
CASE-0150,Operation Ajax,1953 Iranian coup d'état,wikipedia_article_links,https://en.wikipedia.org/wiki/United_States,en.wikipedia.org,wikipedia_internal,15,United States,
CASE-0150,Operation Ajax,1953 Iranian coup d'état,wikipedia_article_links,https://en.wikipedia.org/wiki/United_Kingdom,en.wikipedia.org,wikipedia_internal,16,United Kingdom,
CASE-0150,Operation Ajax,1953 Iranian coup d'état,wikipedia_article_links,https://en.wikipedia.org/wiki/Surrender_(military),en.wikipedia.org,wikipedia_internal,17,,
CASE-0150,Operation Ajax,1953 Iranian coup d'état,wikipedia_article_links,https://en.wikipedia.org/wiki/Gholam_Hossein_Sadighi,en.wikipedia.org,wikipedia_internal,18,Gholam Hossein Sadighi,
CASE-0150,Operation Ajax,1953 Iranian coup d'état,wikipedia_article_links,https://en.wikipedia.org/wiki/Prisoner_of_war,en.wikipedia.org,wikipedia_internal,19,POW,
CASE-0150,Operation Ajax,1953 Iranian coup d'état,wikipedia_article_links,https://en.wikipedia.org/wiki/Hossein_Fatemi,en.wikipedia.org,wikipedia_internal,20,Hossein Fatemi,
CASE-0151,Georgia runoff conspiracy,Marjorie Taylor Greene,wikipedia_search,https://en.wikipedia.org/wiki/Marjorie_Taylor_Greene,en.wikipedia.org,wikipedia_primary,1,Marjorie Taylor Greene,
CASE-0151,Georgia runoff conspiracy,Marjorie Taylor Greene,wikipedia_article_links,https://en.wikipedia.org/wiki/Marjorie_Grene,en.wikipedia.org,wikipedia_internal,2,Marjorie Grene,
CASE-0151,Georgia runoff conspiracy,Marjorie Taylor Greene,wikipedia_article_links,https://en.wikipedia.org/wiki/Marjorie_Hahn,en.wikipedia.org,wikipedia_internal,3,Marjorie Hahn,
CASE-0151,Georgia runoff conspiracy,Marjorie Taylor Greene,wikipedia_article_links,https://en.wikipedia.org/wiki/Taylor_Green,en.wikipedia.org,wikipedia_internal,4,Taylor Green,
CASE-0151,Georgia runoff conspiracy,Marjorie Taylor Greene,wikipedia_article_links,https://en.wikipedia.org/wiki/United_States_House_of_Representatives,en.wikipedia.org,wikipedia_internal,5,U.S. House of Representatives,
CASE-0151,Georgia runoff conspiracy,Marjorie Taylor Greene,wikipedia_article_links,https://en.wikipedia.org/wiki/Georgia_(U.S._state),en.wikipedia.org,wikipedia_internal,6,Georgia,
CASE-0151,Georgia runoff conspiracy,Marjorie Taylor Greene,wikipedia_article_links,https://en.wikipedia.org/wiki/Georgia%27s_14th_congressional_district,en.wikipedia.org,wikipedia_internal,7,14th,
CASE-0151,Georgia runoff conspiracy,Marjorie Taylor Greene,wikipedia_article_links,https://en.wikipedia.org/wiki/Tom_Graves,en.wikipedia.org,wikipedia_internal,8,Tom Graves,
CASE-0151,Georgia runoff conspiracy,Marjorie Taylor Greene,wikipedia_article_links,https://en.wikipedia.org/wiki/2026_Georgia%27s_14th_congressional_district_special_election,en.wikipedia.org,wikipedia_internal,9,TBD,
CASE-0151,Georgia runoff conspiracy,Marjorie Taylor Greene,wikipedia_article_links,"https://en.wikipedia.org/wiki/Milledgeville,_Georgia",en.wikipedia.org,wikipedia_internal,10,"Milledgeville, Georgia",
CASE-0151,Georgia runoff conspiracy,Marjorie Taylor Greene,wikipedia_article_links,https://en.wikipedia.org/wiki/Political_party,en.wikipedia.org,wikipedia_internal,11,Party,
CASE-0151,Georgia runoff conspiracy,Marjorie Taylor Greene,wikipedia_article_links,https://en.wikipedia.org/wiki/Republican_Party_(United_States),en.wikipedia.org,wikipedia_internal,12,Republican,
CASE-0151,Georgia runoff conspiracy,Marjorie Taylor Greene,wikipedia_article_links,https://en.wikipedia.org/wiki/University_of_Georgia,en.wikipedia.org,wikipedia_internal,13,University of Georgia,
CASE-0151,Georgia runoff conspiracy,Marjorie Taylor Greene,wikipedia_article_links,https://en.wikipedia.org/wiki/BBA,en.wikipedia.org,wikipedia_internal,14,BBA,
CASE-0151,Georgia runoff conspiracy,Marjorie Taylor Greene,wikipedia_article_links,https://en.wikipedia.org/wiki/Ukraine,en.wikipedia.org,wikipedia_internal,15,Ukraine,
CASE-0151,Georgia runoff conspiracy,Marjorie Taylor Greene,wikipedia_article_links,https://en.wikipedia.org/wiki/Israel,en.wikipedia.org,wikipedia_internal,16,Israel,
CASE-0151,Georgia runoff conspiracy,Marjorie Taylor Greene,wikipedia_article_links,https://en.wikipedia.org/wiki/Birth_name#Maiden_and_married_names,en.wikipedia.org,wikipedia_internal,17,née,
CASE-0151,Georgia runoff conspiracy,Marjorie Taylor Greene,wikipedia_article_links,https://en.wikipedia.org/wiki/U.S._representative,en.wikipedia.org,wikipedia_internal,18,U.S. representative,
CASE-0151,Georgia runoff conspiracy,Marjorie Taylor Greene,wikipedia_article_links,https://en.wikipedia.org/wiki/2020_United_States_House_of_Representatives_elections_in_Georgia#District_14,en.wikipedia.org,wikipedia_internal,19,2020,
CASE-0151,Georgia runoff conspiracy,Marjorie Taylor Greene,wikipedia_article_links,https://en.wikipedia.org/wiki/2022_United_States_House_of_Representatives_elections_in_Georgia#District_14,en.wikipedia.org,wikipedia_internal,20,2022,
CASE-0152,Blackrock conspiracy,BlackRock house-buying conspiracy theory,wikipedia_search,https://en.wikipedia.org/wiki/BlackRock_house-buying_conspiracy_theory,en.wikipedia.org,wikipedia_primary,1,BlackRock house-buying conspiracy theory,
CASE-0152,Blackrock conspiracy,BlackRock house-buying conspiracy theory,wikipedia_article_links,"https://en.wikipedia.org/wiki/BlackRock,_Inc.",en.wikipedia.org,wikipedia_internal,2,"BlackRock, Inc.",
CASE-0152,Blackrock conspiracy,BlackRock house-buying conspiracy theory,wikipedia_article_links,https://en.wikipedia.org/wiki/Single-family_detached_housing,en.wikipedia.org,wikipedia_internal,3,single-family houses,
CASE-0152,Blackrock conspiracy,BlackRock house-buying conspiracy theory,wikipedia_article_links,https://en.wikipedia.org/wiki/United_States,en.wikipedia.org,wikipedia_internal,4,United States,
CASE-0152,Blackrock conspiracy,BlackRock house-buying conspiracy theory,wikipedia_article_links,https://en.wikipedia.org/wiki/Real_estate_business,en.wikipedia.org,wikipedia_internal,5,housing market,
CASE-0152,Blackrock conspiracy,BlackRock house-buying conspiracy theory,wikipedia_article_links,https://en.wikipedia.org/wiki/Blackstone_Inc.,en.wikipedia.org,wikipedia_internal,6,Blackstone Inc.,
CASE-0152,Blackrock conspiracy,BlackRock house-buying conspiracy theory,wikipedia_article_links,https://en.wikipedia.org/wiki/Asset_manager,en.wikipedia.org,wikipedia_internal,7,asset managers,
CASE-0152,Blackrock conspiracy,BlackRock house-buying conspiracy theory,wikipedia_article_links,https://en.wikipedia.org/wiki/Government_Accountability_Office,en.wikipedia.org,wikipedia_internal,8,government reviews,
CASE-0152,Blackrock conspiracy,BlackRock house-buying conspiracy theory,wikipedia_article_links,https://en.wikipedia.org/wiki/Wall_Street,en.wikipedia.org,wikipedia_internal,9,Wall Street,
CASE-0152,Blackrock conspiracy,BlackRock house-buying conspiracy theory,wikipedia_article_links,https://en.wikipedia.org/wiki/Sun_Belt,en.wikipedia.org,wikipedia_internal,10,Sunbelt,
CASE-0152,Blackrock conspiracy,BlackRock house-buying conspiracy theory,wikipedia_article_links,https://en.wikipedia.org/wiki/The_Washington_Post,en.wikipedia.org,wikipedia_internal,11,The Washington Post,
CASE-0152,Blackrock conspiracy,BlackRock house-buying conspiracy theory,wikipedia_article_links,https://en.wikipedia.org/wiki/Robert_F._Kennedy_Jr.,en.wikipedia.org,wikipedia_internal,12,Robert F. Kennedy Jr.,
CASE-0152,Blackrock conspiracy,BlackRock house-buying conspiracy theory,wikipedia_article_links,https://en.wikipedia.org/wiki/The_Atlantic_(magazine),en.wikipedia.org,wikipedia_internal,13,The Atlantic,
CASE-0152,Blackrock conspiracy,BlackRock house-buying conspiracy theory,wikipedia_article_links,https://en.wikipedia.org/wiki/Housing_shortage,en.wikipedia.org,wikipedia_internal,14,supply constraints,
CASE-0152,Blackrock conspiracy,BlackRock house-buying conspiracy theory,wikipedia_article_links,https://en.wikipedia.org/wiki/Zoning_in_the_United_States,en.wikipedia.org,wikipedia_internal,15,land-use policy,
CASE-0152,Blackrock conspiracy,BlackRock house-buying conspiracy theory,wikipedia_article_links,https://en.wikipedia.org/wiki/World_Economic_Forum,en.wikipedia.org,wikipedia_internal,16,World Economic Forum,
CASE-0152,Blackrock conspiracy,BlackRock house-buying conspiracy theory,wikipedia_article_links,https://en.wikipedia.org/wiki/Mortgage-backed_security,en.wikipedia.org,wikipedia_internal,17,mortgage securities,
CASE-0152,Blackrock conspiracy,BlackRock house-buying conspiracy theory,wikipedia_article_links,https://en.wikipedia.org/wiki/Multi-family_housing,en.wikipedia.org,wikipedia_internal,18,multifamily housing,
CASE-0152,Blackrock conspiracy,BlackRock house-buying conspiracy theory,wikipedia_article_links,https://en.wikipedia.org/wiki/Construction,en.wikipedia.org,wikipedia_internal,19,construction,
CASE-0152,Blackrock conspiracy,BlackRock house-buying conspiracy theory,wikipedia_article_links,https://en.wikipedia.org/wiki/Urban_Institute,en.wikipedia.org,wikipedia_internal,20,Urban Institute,
CASE-0153,smart meter conspiracy,Smart city,wikipedia_search,https://en.wikipedia.org/wiki/Smart_city,en.wikipedia.org,wikipedia_primary,1,Smart city,
CASE-0153,smart meter conspiracy,Smart city,wikipedia_article_links,https://en.wikipedia.org/wiki/Smart_City_(film),en.wikipedia.org,wikipedia_internal,2,Smart City (film),
CASE-0153,smart meter conspiracy,Smart city,wikipedia_article_links,https://en.wikipedia.org/wiki/List_of_smart_cities,en.wikipedia.org,wikipedia_internal,3,List of smart cities,
CASE-0153,smart meter conspiracy,Smart city,wikipedia_article_links,https://en.wikipedia.org/wiki/Ethiopia,en.wikipedia.org,wikipedia_internal,4,Ethiopia,
CASE-0153,smart meter conspiracy,Smart city,wikipedia_article_links,https://en.wikipedia.org/wiki/Smart_City_Project,en.wikipedia.org,wikipedia_internal,5,Smart City Project,
CASE-0153,smart meter conspiracy,Smart city,wikipedia_article_links,https://en.wikipedia.org/wiki/Sustainable_mobility,en.wikipedia.org,wikipedia_internal,6,sustainable mobility,
CASE-0153,smart meter conspiracy,Smart city,wikipedia_article_links,https://en.wikipedia.org/wiki/Government_by_algorithm,en.wikipedia.org,wikipedia_internal,7,Algocracy,
CASE-0153,smart meter conspiracy,Smart city,wikipedia_article_links,https://en.wikipedia.org/wiki/Artificial_intelligence_in_government,en.wikipedia.org,wikipedia_internal,8,AI in government,
CASE-0153,smart meter conspiracy,Smart city,wikipedia_article_links,https://en.wikipedia.org/wiki/AI_politician,en.wikipedia.org,wikipedia_internal,9,AI politician,
CASE-0153,smart meter conspiracy,Smart city,wikipedia_article_links,https://en.wikipedia.org/wiki/Project_Cybersyn,en.wikipedia.org,wikipedia_internal,10,Cybersyn,
CASE-0153,smart meter conspiracy,Smart city,wikipedia_article_links,https://en.wikipedia.org/wiki/Decentralized_autonomous_organization,en.wikipedia.org,wikipedia_internal,11,DAO,
CASE-0153,smart meter conspiracy,Smart city,wikipedia_article_links,https://en.wikipedia.org/wiki/Digital_dictatorship,en.wikipedia.org,wikipedia_internal,12,Digital dictatorship,
CASE-0153,smart meter conspiracy,Smart city,wikipedia_article_links,https://en.wikipedia.org/wiki/Merit_order,en.wikipedia.org,wikipedia_internal,13,Merit order,
CASE-0153,smart meter conspiracy,Smart city,wikipedia_article_links,https://en.wikipedia.org/wiki/OGAS,en.wikipedia.org,wikipedia_internal,14,OGAS,
CASE-0153,smart meter conspiracy,Smart city,wikipedia_article_links,https://en.wikipedia.org/wiki/Ofqual_exam_results_algorithm,en.wikipedia.org,wikipedia_internal,15,Ofqual exam results algorithm,
CASE-0153,smart meter conspiracy,Smart city,wikipedia_article_links,https://en.wikipedia.org/wiki/ChatGPT_in_education,en.wikipedia.org,wikipedia_internal,16,ChatGPT in education,
CASE-0153,smart meter conspiracy,Smart city,wikipedia_article_links,https://en.wikipedia.org/wiki/Oracle_Intelligent_Advisor,en.wikipedia.org,wikipedia_internal,17,OIA,
CASE-0153,smart meter conspiracy,Smart city,wikipedia_article_links,https://en.wikipedia.org/wiki/Prescription_monitoring_program,en.wikipedia.org,wikipedia_internal,18,PMPs,
CASE-0153,smart meter conspiracy,Smart city,wikipedia_article_links,https://en.wikipedia.org/wiki/Predictive_policing,en.wikipedia.org,wikipedia_internal,19,Predictive policing,
CASE-0153,smart meter conspiracy,Smart city,wikipedia_article_links,https://en.wikipedia.org/wiki/Gangs_Matrix,en.wikipedia.org,wikipedia_internal,20,Gangs Matrix,
CASE-0154,Georgia Stones destruction,Georgia Guidestones,wikipedia_search,https://en.wikipedia.org/wiki/Georgia_Guidestones,en.wikipedia.org,wikipedia_primary,1,Georgia Guidestones,
CASE-0154,Georgia Stones destruction,Georgia Guidestones,wikipedia_article_links,"https://en.wikipedia.org/wiki/Elbert_County,_Georgia",en.wikipedia.org,wikipedia_internal,2,"Elbert County, Georgia",
CASE-0154,Georgia Stones destruction,Georgia Guidestones,wikipedia_article_links,https://en.wikipedia.org/wiki/Granite,en.wikipedia.org,wikipedia_internal,3,Granite,
CASE-0154,Georgia Stones destruction,Georgia Guidestones,wikipedia_article_links,https://en.wikipedia.org/wiki/Monument,en.wikipedia.org,wikipedia_internal,4,monument,
CASE-0154,Georgia Stones destruction,Georgia Guidestones,wikipedia_article_links,https://en.wikipedia.org/wiki/Stonehenge,en.wikipedia.org,wikipedia_internal,5,Stonehenge,
CASE-0154,Georgia Stones destruction,Georgia Guidestones,wikipedia_article_links,https://en.wikipedia.org/wiki/Conspiracy_theory,en.wikipedia.org,wikipedia_internal,6,conspiracy theories,
CASE-0154,Georgia Stones destruction,Georgia Guidestones,wikipedia_article_links,https://en.wikipedia.org/wiki/Satanism,en.wikipedia.org,wikipedia_internal,7,Satanism,
CASE-0154,Georgia Stones destruction,Georgia Guidestones,wikipedia_article_links,https://en.wikipedia.org/wiki/Christianity,en.wikipedia.org,wikipedia_internal,8,Christianity,
CASE-0154,Georgia Stones destruction,Georgia Guidestones,wikipedia_article_links,https://en.wikipedia.org/wiki/Vandalism,en.wikipedia.org,wikipedia_internal,9,vandal,
CASE-0154,Georgia Stones destruction,Georgia Guidestones,wikipedia_article_links,https://en.wikipedia.org/wiki/Pseudonym,en.wikipedia.org,wikipedia_internal,10,pseudonym,
CASE-0154,Georgia Stones destruction,Georgia Guidestones,wikipedia_article_links,https://en.wikipedia.org/wiki/Compass,en.wikipedia.org,wikipedia_internal,11,compass,
CASE-0154,Georgia Stones destruction,Georgia Guidestones,wikipedia_article_links,https://en.wikipedia.org/wiki/Calendar,en.wikipedia.org,wikipedia_internal,12,calendar,
CASE-0154,Georgia Stones destruction,Georgia Guidestones,wikipedia_article_links,https://en.wikipedia.org/wiki/Clock,en.wikipedia.org,wikipedia_internal,13,clock,
CASE-0154,Georgia Stones destruction,Georgia Guidestones,wikipedia_article_links,https://en.wikipedia.org/wiki/Neolithic,en.wikipedia.org,wikipedia_internal,14,Neolithic,
CASE-0154,Georgia Stones destruction,Georgia Guidestones,wikipedia_article_links,https://en.wikipedia.org/wiki/Acre,en.wikipedia.org,wikipedia_internal,15,acre,
CASE-0154,Georgia Stones destruction,Georgia Guidestones,wikipedia_article_links,https://en.wikipedia.org/wiki/Hectare,en.wikipedia.org,wikipedia_internal,16,hectare,
CASE-0154,Georgia Stones destruction,Georgia Guidestones,wikipedia_article_links,https://en.wikipedia.org/wiki/Georgia_State_Route_77,en.wikipedia.org,wikipedia_internal,17,Georgia State Route 77,
CASE-0154,Georgia Stones destruction,Georgia Guidestones,wikipedia_article_links,"https://en.wikipedia.org/wiki/Elberton,_Georgia",en.wikipedia.org,wikipedia_internal,18,Elberton,
CASE-0154,Georgia Stones destruction,Georgia Guidestones,wikipedia_article_links,https://en.wikipedia.org/wiki/Doug_Barnard_Jr.,en.wikipedia.org,wikipedia_internal,19,Doug Barnard,
CASE-0154,Georgia Stones destruction,Georgia Guidestones,wikipedia_article_links,https://en.wikipedia.org/wiki/Master_of_ceremonies,en.wikipedia.org,wikipedia_internal,20,Master of Ceremonies,
CASE-0155,USS Indianapolis,USS Indianapolis (CA-35),wikipedia_search,https://en.wikipedia.org/wiki/USS_Indianapolis_%28CA-35%29,en.wikipedia.org,wikipedia_primary,1,USS Indianapolis (CA-35),
CASE-0155,USS Indianapolis,USS Indianapolis (CA-35),wikipedia_article_links,https://en.wikipedia.org/wiki/USS_Indianapolis,en.wikipedia.org,wikipedia_internal,2,USS Indianapolis,
CASE-0155,USS Indianapolis,USS Indianapolis (CA-35),wikipedia_article_links,https://en.wikipedia.org/wiki/United_States,en.wikipedia.org,wikipedia_internal,3,United States,
CASE-0155,USS Indianapolis,USS Indianapolis (CA-35),wikipedia_article_links,https://en.wikipedia.org/wiki/Indianapolis,en.wikipedia.org,wikipedia_internal,4,Indianapolis,
CASE-0155,USS Indianapolis,USS Indianapolis (CA-35),wikipedia_article_links,https://en.wikipedia.org/wiki/Indiana,en.wikipedia.org,wikipedia_internal,5,Indiana,
CASE-0155,USS Indianapolis,USS Indianapolis (CA-35),wikipedia_article_links,https://en.wikipedia.org/wiki/New_York_Shipbuilding_Corporation,en.wikipedia.org,wikipedia_internal,6,New York Shipbuilding Corporation,
CASE-0155,USS Indianapolis,USS Indianapolis (CA-35),wikipedia_article_links,"https://en.wikipedia.org/wiki/Camden,_New_Jersey",en.wikipedia.org,wikipedia_internal,7,"Camden, New Jersey",
CASE-0155,USS Indianapolis,USS Indianapolis (CA-35),wikipedia_article_links,https://en.wikipedia.org/wiki/Lucy_M._Taggart,en.wikipedia.org,wikipedia_internal,8,Lucy M. Taggart,
CASE-0155,USS Indianapolis,USS Indianapolis (CA-35),wikipedia_article_links,https://en.wikipedia.org/wiki/Hull_classification_symbol#Surface_combatant_type,en.wikipedia.org,wikipedia_internal,9,Hull symbol,
CASE-0155,USS Indianapolis,USS Indianapolis (CA-35),wikipedia_article_links,https://en.wikipedia.org/wiki/International_Code_of_Signals,en.wikipedia.org,wikipedia_internal,10,Code letters,
CASE-0155,USS Indianapolis,USS Indianapolis (CA-35),wikipedia_article_links,https://en.wikipedia.org/wiki/Service_star#Navy_warships,en.wikipedia.org,wikipedia_internal,11,battle stars,
CASE-0155,USS Indianapolis,USS Indianapolis (CA-35),wikipedia_article_links,https://en.wikipedia.org/wiki/Japanese_submarine_I-58_(1943),en.wikipedia.org,wikipedia_internal,12,Japanese submarine I-58,
CASE-0155,USS Indianapolis,USS Indianapolis (CA-35),wikipedia_article_links,https://en.wikipedia.org/wiki/Portland-class_cruiser,en.wikipedia.org,wikipedia_internal,13,Portland -class,
CASE-0155,USS Indianapolis,USS Indianapolis (CA-35),wikipedia_article_links,https://en.wikipedia.org/wiki/Cruiser,en.wikipedia.org,wikipedia_internal,14,cruiser,
CASE-0155,USS Indianapolis,USS Indianapolis (CA-35),wikipedia_article_links,https://en.wikipedia.org/wiki/Long_ton,en.wikipedia.org,wikipedia_internal,15,long tons,
CASE-0155,USS Indianapolis,USS Indianapolis (CA-35),wikipedia_article_links,https://en.wikipedia.org/wiki/Tonne,en.wikipedia.org,wikipedia_internal,16,t,
CASE-0155,USS Indianapolis,USS Indianapolis (CA-35),wikipedia_article_links,https://en.wikipedia.org/wiki/Length_overall,en.wikipedia.org,wikipedia_internal,17,loa,
CASE-0155,USS Indianapolis,USS Indianapolis (CA-35),wikipedia_article_links,https://en.wikipedia.org/wiki/Waterline_length,en.wikipedia.org,wikipedia_internal,18,lwl,
CASE-0155,USS Indianapolis,USS Indianapolis (CA-35),wikipedia_article_links,https://en.wikipedia.org/wiki/Three-drum_boiler#White-Forster_boiler,en.wikipedia.org,wikipedia_internal,19,White-Forster boilers,
CASE-0155,USS Indianapolis,USS Indianapolis (CA-35),wikipedia_article_links,https://en.wikipedia.org/wiki/Horsepower#Shaft_horsepower,en.wikipedia.org,wikipedia_internal,20,shp,
CASE-0156,banking cartel,Eurodollar,wikipedia_search,https://en.wikipedia.org/wiki/Eurodollar,en.wikipedia.org,wikipedia_primary,1,Eurodollar,
CASE-0156,banking cartel,Eurodollar,wikipedia_article_links,https://en.wikipedia.org/wiki/Euro,en.wikipedia.org,wikipedia_internal,2,Euro,
CASE-0156,banking cartel,Eurodollar,wikipedia_article_links,https://en.wikipedia.org/wiki/U.S._dollar,en.wikipedia.org,wikipedia_internal,3,U.S. dollars,
CASE-0156,banking cartel,Eurodollar,wikipedia_article_links,https://en.wikipedia.org/wiki/Time_deposit,en.wikipedia.org,wikipedia_internal,4,time deposit,
CASE-0156,banking cartel,Eurodollar,wikipedia_article_links,https://en.wikipedia.org/wiki/Bank,en.wikipedia.org,wikipedia_internal,5,banks,
CASE-0156,banking cartel,Eurodollar,wikipedia_article_links,https://en.wikipedia.org/wiki/United_States,en.wikipedia.org,wikipedia_internal,6,United States,
CASE-0156,banking cartel,Eurodollar,wikipedia_article_links,https://en.wikipedia.org/wiki/Eurocurrency,en.wikipedia.org,wikipedia_internal,7,eurocurrency,
CASE-0156,banking cartel,Eurodollar,wikipedia_article_links,https://en.wikipedia.org/wiki/European_Union,en.wikipedia.org,wikipedia_internal,8,European Union,
CASE-0156,banking cartel,Eurodollar,wikipedia_article_links,https://en.wikipedia.org/wiki/World_War_II,en.wikipedia.org,wikipedia_internal,9,World War II,
CASE-0156,banking cartel,Eurodollar,wikipedia_article_links,https://en.wikipedia.org/wiki/Banknote,en.wikipedia.org,wikipedia_internal,10,banknotes,
CASE-0156,banking cartel,Eurodollar,wikipedia_article_links,https://en.wikipedia.org/wiki/Marshall_Plan,en.wikipedia.org,wikipedia_internal,11,Marshall Plan,
CASE-0156,banking cartel,Eurodollar,wikipedia_article_links,https://en.wikipedia.org/wiki/Soviet_Union,en.wikipedia.org,wikipedia_internal,12,Soviet Union,
CASE-0156,banking cartel,Eurodollar,wikipedia_article_links,https://en.wikipedia.org/wiki/History_of_the_People%27s_Republic_of_China,en.wikipedia.org,wikipedia_internal,13,Communist China,
CASE-0156,banking cartel,Eurodollar,wikipedia_article_links,https://en.wikipedia.org/wiki/Banque_Commerciale_pour_l%27Europe_du_Nord_%E2%80%93_Eurobank,en.wikipedia.org,wikipedia_internal,14,Banque Commerciale pour l'Europe du Nord – Eurobank,
CASE-0156,banking cartel,Eurodollar,wikipedia_article_links,https://en.wikipedia.org/wiki/Cold_War,en.wikipedia.org,wikipedia_internal,15,Cold War,
CASE-0156,banking cartel,Eurodollar,wikipedia_article_links,https://en.wikipedia.org/wiki/Hungarian_Revolution_of_1956,en.wikipedia.org,wikipedia_internal,16,Hungarian Revolution of 1956,
CASE-0156,banking cartel,Eurodollar,wikipedia_article_links,https://en.wikipedia.org/wiki/Moscow_Narodny_Bank,en.wikipedia.org,wikipedia_internal,17,Moscow Narodny Bank,
CASE-0156,banking cartel,Eurodollar,wikipedia_article_links,https://en.wikipedia.org/wiki/Beneficial_owner,en.wikipedia.org,wikipedia_internal,18,beneficial owners,
CASE-0156,banking cartel,Eurodollar,wikipedia_article_links,https://en.wikipedia.org/wiki/Teleprinter,en.wikipedia.org,wikipedia_internal,19,telex,
CASE-0156,banking cartel,Eurodollar,wikipedia_article_links,https://en.wikipedia.org/wiki/Europe,en.wikipedia.org,wikipedia_internal,20,European,
CASE-0157,cancer cure suppressed,List of unproven and disproven cancer treatments,wikipedia_search,https://en.wikipedia.org/wiki/List_of_unproven_and_disproven_cancer_treatments,en.wikipedia.org,wikipedia_primary,1,List of unproven and disproven cancer treatments,
CASE-0157,cancer cure suppressed,List of unproven and disproven cancer treatments,wikipedia_article_links,https://en.wikipedia.org/wiki/Alternative_cancer_treatments,en.wikipedia.org,wikipedia_internal,2,alternative treatments,
CASE-0157,cancer cure suppressed,List of unproven and disproven cancer treatments,wikipedia_article_links,https://en.wikipedia.org/wiki/Cancer,en.wikipedia.org,wikipedia_internal,3,cancer,
CASE-0157,cancer cure suppressed,List of unproven and disproven cancer treatments,wikipedia_article_links,https://en.wikipedia.org/wiki/Management_of_cancer,en.wikipedia.org,wikipedia_internal,4,accepted cancer treatments,
CASE-0157,cancer cure suppressed,List of unproven and disproven cancer treatments,wikipedia_article_links,https://en.wikipedia.org/wiki/Medical_community,en.wikipedia.org,wikipedia_internal,5,medical community,
CASE-0157,cancer cure suppressed,List of unproven and disproven cancer treatments,wikipedia_article_links,https://en.wikipedia.org/wiki/Pseudoscientific,en.wikipedia.org,wikipedia_internal,6,pseudoscientific,
CASE-0157,cancer cure suppressed,List of unproven and disproven cancer treatments,wikipedia_article_links,https://en.wikipedia.org/wiki/Aromatherapy,en.wikipedia.org,wikipedia_internal,7,Aromatherapy,
CASE-0157,cancer cure suppressed,List of unproven and disproven cancer treatments,wikipedia_article_links,https://en.wikipedia.org/wiki/Essential_oils,en.wikipedia.org,wikipedia_internal,8,essential oils,
CASE-0157,cancer cure suppressed,List of unproven and disproven cancer treatments,wikipedia_article_links,https://en.wikipedia.org/wiki/American_Cancer_Society,en.wikipedia.org,wikipedia_internal,9,American Cancer Society,
CASE-0157,cancer cure suppressed,List of unproven and disproven cancer treatments,wikipedia_article_links,https://en.wikipedia.org/wiki/Ayurvedic_medicine,en.wikipedia.org,wikipedia_internal,10,Ayurvedic medicine,
CASE-0157,cancer cure suppressed,List of unproven and disproven cancer treatments,wikipedia_article_links,https://en.wikipedia.org/wiki/Cancer_Research_UK,en.wikipedia.org,wikipedia_internal,11,Cancer Research UK,
CASE-0157,cancer cure suppressed,List of unproven and disproven cancer treatments,wikipedia_article_links,https://en.wikipedia.org/wiki/Ryke_Geerd_Hamer#Germanic_New_Medicine,en.wikipedia.org,wikipedia_internal,12,Germanic New Medicine,
CASE-0157,cancer cure suppressed,List of unproven and disproven cancer treatments,wikipedia_article_links,https://en.wikipedia.org/wiki/Ryke_Geerd_Hamer,en.wikipedia.org,wikipedia_internal,13,Ryke Geerd Hamer,
CASE-0157,cancer cure suppressed,List of unproven and disproven cancer treatments,wikipedia_article_links,https://en.wikipedia.org/wiki/Conspiracy_theory,en.wikipedia.org,wikipedia_internal,14,conspiracy,
CASE-0157,cancer cure suppressed,List of unproven and disproven cancer treatments,wikipedia_article_links,https://en.wikipedia.org/wiki/Jews,en.wikipedia.org,wikipedia_internal,15,Jews,
CASE-0157,cancer cure suppressed,List of unproven and disproven cancer treatments,wikipedia_article_links,https://en.wikipedia.org/wiki/Greek_cancer_cure,en.wikipedia.org,wikipedia_internal,16,Greek cancer cure,
CASE-0157,cancer cure suppressed,List of unproven and disproven cancer treatments,wikipedia_article_links,https://en.wikipedia.org/wiki/Microbiologist,en.wikipedia.org,wikipedia_internal,17,microbiologist,
CASE-0157,cancer cure suppressed,List of unproven and disproven cancer treatments,wikipedia_article_links,https://en.wikipedia.org/wiki/Herbalism,en.wikipedia.org,wikipedia_internal,18,Herbalism,
CASE-0157,cancer cure suppressed,List of unproven and disproven cancer treatments,wikipedia_article_links,https://en.wikipedia.org/wiki/Holistic_medicine,en.wikipedia.org,wikipedia_internal,19,Holistic medicine,
CASE-0157,cancer cure suppressed,List of unproven and disproven cancer treatments,wikipedia_article_links,https://en.wikipedia.org/wiki/Homeopathy,en.wikipedia.org,wikipedia_internal,20,Homeopathy,
CASE-0158,planned obsolescence,Planned obsolescence,wikipedia_search,https://en.wikipedia.org/wiki/Planned_obsolescence,en.wikipedia.org,wikipedia_primary,1,Planned obsolescence,
CASE-0158,planned obsolescence,Planned obsolescence,wikipedia_article_links,https://en.wikipedia.org/wiki/Planned_obsolescence_(disambiguation),en.wikipedia.org,wikipedia_internal,2,Planned obsolescence (disambiguation),
CASE-0158,planned obsolescence,Planned obsolescence,wikipedia_article_links,https://en.wikipedia.org/wiki/Anti-consumerism,en.wikipedia.org,wikipedia_internal,3,Anti-consumerism,
CASE-0158,planned obsolescence,Planned obsolescence,wikipedia_article_links,https://en.wikipedia.org/wiki/Asceticism,en.wikipedia.org,wikipedia_internal,4,Asceticism,
CASE-0158,planned obsolescence,Planned obsolescence,wikipedia_article_links,https://en.wikipedia.org/wiki/Affluenza,en.wikipedia.org,wikipedia_internal,5,Affluenza,
CASE-0158,planned obsolescence,Planned obsolescence,wikipedia_article_links,https://en.wikipedia.org/wiki/Alternative_culture,en.wikipedia.org,wikipedia_internal,6,Alternative culture,
CASE-0158,planned obsolescence,Planned obsolescence,wikipedia_article_links,https://en.wikipedia.org/wiki/Anti-capitalism,en.wikipedia.org,wikipedia_internal,7,Anti-capitalism,
CASE-0158,planned obsolescence,Planned obsolescence,wikipedia_article_links,https://en.wikipedia.org/wiki/Autonomous_building,en.wikipedia.org,wikipedia_internal,8,Autonomous building,
CASE-0158,planned obsolescence,Planned obsolescence,wikipedia_article_links,https://en.wikipedia.org/wiki/Billboard_hacking,en.wikipedia.org,wikipedia_internal,9,Billboard hacking,
CASE-0158,planned obsolescence,Planned obsolescence,wikipedia_article_links,https://en.wikipedia.org/wiki/Buyer%27s_remorse,en.wikipedia.org,wikipedia_internal,10,Buyer's remorse,
CASE-0158,planned obsolescence,Planned obsolescence,wikipedia_article_links,https://en.wikipedia.org/wiki/Thermoeconomics,en.wikipedia.org,wikipedia_internal,11,Bioeconomics,
CASE-0158,planned obsolescence,Planned obsolescence,wikipedia_article_links,https://en.wikipedia.org/wiki/Buddhist_economics,en.wikipedia.org,wikipedia_internal,12,Buddhist economics,
CASE-0158,planned obsolescence,Planned obsolescence,wikipedia_article_links,https://en.wikipedia.org/wiki/Buy_Nothing_Day,en.wikipedia.org,wikipedia_internal,13,Buy Nothing Day,
CASE-0158,planned obsolescence,Planned obsolescence,wikipedia_article_links,https://en.wikipedia.org/wiki/Collaborative_consumption,en.wikipedia.org,wikipedia_internal,14,Collaborative consumption,
CASE-0158,planned obsolescence,Planned obsolescence,wikipedia_article_links,https://en.wikipedia.org/wiki/Collapsology,en.wikipedia.org,wikipedia_internal,15,Collapsology,
CASE-0158,planned obsolescence,Planned obsolescence,wikipedia_article_links,https://en.wikipedia.org/wiki/Commodification,en.wikipedia.org,wikipedia_internal,16,Commodification,
CASE-0158,planned obsolescence,Planned obsolescence,wikipedia_article_links,https://en.wikipedia.org/wiki/Commodity_fetishism,en.wikipedia.org,wikipedia_internal,17,Commodity fetishism,
CASE-0158,planned obsolescence,Planned obsolescence,wikipedia_article_links,https://en.wikipedia.org/wiki/Intentional_community,en.wikipedia.org,wikipedia_internal,18,Commune,
CASE-0158,planned obsolescence,Planned obsolescence,wikipedia_article_links,https://en.wikipedia.org/wiki/Compulsive_buying_disorder,en.wikipedia.org,wikipedia_internal,19,Compulsive buying disorder,
CASE-0158,planned obsolescence,Planned obsolescence,wikipedia_article_links,https://en.wikipedia.org/wiki/Conspicuous_consumption,en.wikipedia.org,wikipedia_internal,20,Conspicuous consumption,
CASE-0159,Davos conspiracy,Great Reset,wikipedia_search,https://en.wikipedia.org/wiki/Great_Reset,en.wikipedia.org,wikipedia_primary,1,Great Reset,
CASE-0159,Davos conspiracy,Great Reset,wikipedia_article_links,https://en.wikipedia.org/wiki/The_Great_Reset_(book),en.wikipedia.org,wikipedia_internal,2,The Great Reset (book),
CASE-0159,Davos conspiracy,Great Reset,wikipedia_article_links,https://en.wikipedia.org/wiki/World_Economic_Forum,en.wikipedia.org,wikipedia_internal,3,World Economic Forum,
CASE-0159,Davos conspiracy,Great Reset,wikipedia_article_links,https://en.wikipedia.org/wiki/COVID-19_pandemic,en.wikipedia.org,wikipedia_internal,4,COVID-19 pandemic,
CASE-0159,Davos conspiracy,Great Reset,wikipedia_article_links,https://en.wikipedia.org/wiki/Charles_III,en.wikipedia.org,wikipedia_internal,5,Charles,
CASE-0159,Davos conspiracy,Great Reset,wikipedia_article_links,https://en.wikipedia.org/wiki/Sustainable_development,en.wikipedia.org,wikipedia_internal,6,sustainable development,
CASE-0159,Davos conspiracy,Great Reset,wikipedia_article_links,https://en.wikipedia.org/wiki/Klaus_Schwab,en.wikipedia.org,wikipedia_internal,7,Klaus Schwab,
CASE-0159,Davos conspiracy,Great Reset,wikipedia_article_links,https://en.wikipedia.org/wiki/Stakeholder_theory,en.wikipedia.org,wikipedia_internal,8,stakeholder economy,
CASE-0159,Davos conspiracy,Great Reset,wikipedia_article_links,"https://en.wikipedia.org/wiki/Environmental,_social,_and_governance",en.wikipedia.org,wikipedia_internal,9,"environmental, social, and governance",
CASE-0159,Davos conspiracy,Great Reset,wikipedia_article_links,https://en.wikipedia.org/wiki/Fourth_Industrial_Revolution,en.wikipedia.org,wikipedia_internal,10,Fourth Industrial Revolution,
CASE-0159,Davos conspiracy,Great Reset,wikipedia_article_links,https://en.wikipedia.org/wiki/International_Monetary_Fund,en.wikipedia.org,wikipedia_internal,11,International Monetary Fund,
CASE-0159,Davos conspiracy,Great Reset,wikipedia_article_links,https://en.wikipedia.org/wiki/Kristalina_Georgieva,en.wikipedia.org,wikipedia_internal,12,Kristalina Georgieva,
CASE-0159,Davos conspiracy,Great Reset,wikipedia_article_links,https://en.wikipedia.org/wiki/Green_growth,en.wikipedia.org,wikipedia_internal,13,green growth,
CASE-0159,Davos conspiracy,Great Reset,wikipedia_article_links,https://en.wikipedia.org/wiki/Davos,en.wikipedia.org,wikipedia_internal,14,"Davos, Switzerland",
CASE-0159,Davos conspiracy,Great Reset,wikipedia_article_links,https://en.wikipedia.org/wiki/Russian_invasion_of_Ukraine,en.wikipedia.org,wikipedia_internal,15,Russian invasion of Ukraine,
CASE-0159,Davos conspiracy,Great Reset,wikipedia_article_links,https://en.wikipedia.org/wiki/Multinational_corporation,en.wikipedia.org,wikipedia_internal,16,multinational corporations,
CASE-0159,Davos conspiracy,Great Reset,wikipedia_article_links,https://en.wikipedia.org/wiki/Crony_capitalism,en.wikipedia.org,wikipedia_internal,17,crony capitalism,
CASE-0159,Davos conspiracy,Great Reset,wikipedia_article_links,https://en.wikipedia.org/wiki/Conspiracy_theory,en.wikipedia.org,wikipedia_internal,18,conspiracy theories,
CASE-0159,Davos conspiracy,Great Reset,wikipedia_article_links,https://en.wikipedia.org/wiki/YouTube,en.wikipedia.org,wikipedia_internal,19,YouTube,
CASE-0159,Davos conspiracy,Great Reset,wikipedia_article_links,https://en.wikipedia.org/wiki/Facebook,en.wikipedia.org,wikipedia_internal,20,Facebook,
CASE-0160,Maui fires conspiracy,2023 Hawaii wildfires,wikipedia_search,https://en.wikipedia.org/wiki/2023_Hawaii_wildfires,en.wikipedia.org,wikipedia_primary,1,2023 Hawaii wildfires,
CASE-0160,Maui fires conspiracy,2023 Hawaii wildfires,wikipedia_article_links,https://en.wikipedia.org/wiki/Federal_Emergency_Management_Agency,en.wikipedia.org,wikipedia_internal,2,FEMA,
CASE-0160,Maui fires conspiracy,2023 Hawaii wildfires,wikipedia_article_links,https://en.wikipedia.org/wiki/Josh_Green_(politician),en.wikipedia.org,wikipedia_internal,3,Josh Green,
CASE-0160,Maui fires conspiracy,2023 Hawaii wildfires,wikipedia_article_links,https://en.wikipedia.org/wiki/Hawaii,en.wikipedia.org,wikipedia_internal,4,Hawaii,
CASE-0160,Maui fires conspiracy,2023 Hawaii wildfires,wikipedia_article_links,https://en.wikipedia.org/wiki/Visible_Infrared_Imaging_Radiometer_Suite,en.wikipedia.org,wikipedia_internal,5,infrared imaging,
CASE-0160,Maui fires conspiracy,2023 Hawaii wildfires,wikipedia_article_links,https://en.wikipedia.org/wiki/Wikisource,en.wikipedia.org,wikipedia_internal,6,Wikisource,
CASE-0160,Maui fires conspiracy,2023 Hawaii wildfires,wikipedia_article_links,https://en.wikipedia.org/wiki/U.S._state,en.wikipedia.org,wikipedia_internal,7,U.S. state,
CASE-0160,Maui fires conspiracy,2023 Hawaii wildfires,wikipedia_article_links,https://en.wikipedia.org/wiki/Maui,en.wikipedia.org,wikipedia_internal,8,Maui,
CASE-0160,Maui fires conspiracy,2023 Hawaii wildfires,wikipedia_article_links,"https://en.wikipedia.org/wiki/Lahaina,_Hawaii",en.wikipedia.org,wikipedia_internal,9,Lahaina,
CASE-0160,Maui fires conspiracy,2023 Hawaii wildfires,wikipedia_article_links,https://en.wikipedia.org/wiki/High-pressure_area,en.wikipedia.org,wikipedia_internal,10,high-pressure area,
CASE-0160,Maui fires conspiracy,2023 Hawaii wildfires,wikipedia_article_links,https://en.wikipedia.org/wiki/Hurricane_Dora_(2023),en.wikipedia.org,wikipedia_internal,11,Hurricane Dora,
CASE-0160,Maui fires conspiracy,2023 Hawaii wildfires,wikipedia_article_links,https://en.wikipedia.org/wiki/Hawaii_National_Guard,en.wikipedia.org,wikipedia_internal,12,Hawaii National Guard,
CASE-0160,Maui fires conspiracy,2023 Hawaii wildfires,wikipedia_article_links,https://en.wikipedia.org/wiki/Hawaii_Emergency_Management_Agency,en.wikipedia.org,wikipedia_internal,13,Hawaii Emergency Management Agency,
CASE-0160,Maui fires conspiracy,2023 Hawaii wildfires,wikipedia_article_links,https://en.wikipedia.org/wiki/Joe_Biden,en.wikipedia.org,wikipedia_internal,14,Joe Biden,
CASE-0160,Maui fires conspiracy,2023 Hawaii wildfires,wikipedia_article_links,https://en.wikipedia.org/wiki/Pacific_Disaster_Center,en.wikipedia.org,wikipedia_internal,15,Pacific Disaster Center,
CASE-0160,Maui fires conspiracy,2023 Hawaii wildfires,wikipedia_article_links,https://en.wikipedia.org/wiki/United_States_Department_of_Commerce,en.wikipedia.org,wikipedia_internal,16,United States Department of Commerce,
CASE-0160,Maui fires conspiracy,2023 Hawaii wildfires,wikipedia_article_links,https://en.wikipedia.org/wiki/Invasive_species,en.wikipedia.org,wikipedia_internal,17,nonnative,
CASE-0160,Maui fires conspiracy,2023 Hawaii wildfires,wikipedia_article_links,https://en.wikipedia.org/wiki/Climate_change,en.wikipedia.org,wikipedia_internal,18,climate change,
CASE-0160,Maui fires conspiracy,2023 Hawaii wildfires,wikipedia_article_links,https://en.wikipedia.org/wiki/University_of_Hawai%CA%BBi_at_M%C4%81noa,en.wikipedia.org,wikipedia_internal,19,University of Hawaiʻi at Mānoa,
CASE-0160,Maui fires conspiracy,2023 Hawaii wildfires,wikipedia_article_links,https://en.wikipedia.org/wiki/Agriculture_in_Hawaii,en.wikipedia.org,wikipedia_internal,20,agriculture in Hawaii,
CASE-0161,GMO conspiracy,GMO conspiracy theories,wikipedia_search,https://en.wikipedia.org/wiki/GMO_conspiracy_theories,en.wikipedia.org,wikipedia_primary,1,GMO conspiracy theories,
CASE-0161,GMO conspiracy,GMO conspiracy theories,wikipedia_article_links,https://en.wikipedia.org/wiki/Genetic_engineering,en.wikipedia.org,wikipedia_internal,2,Genetic engineering,
CASE-0161,GMO conspiracy,GMO conspiracy theories,wikipedia_article_links,https://en.wikipedia.org/wiki/History_of_genetic_engineering,en.wikipedia.org,wikipedia_internal,3,History,
CASE-0161,GMO conspiracy,GMO conspiracy theories,wikipedia_article_links,https://en.wikipedia.org/wiki/Regulation_of_genetic_engineering,en.wikipedia.org,wikipedia_internal,4,Regulation,
CASE-0161,GMO conspiracy,GMO conspiracy theories,wikipedia_article_links,https://en.wikipedia.org/wiki/Substantial_equivalence,en.wikipedia.org,wikipedia_internal,5,Substantial equivalence,
CASE-0161,GMO conspiracy,GMO conspiracy theories,wikipedia_article_links,https://en.wikipedia.org/wiki/Cartagena_Protocol_on_Biosafety,en.wikipedia.org,wikipedia_internal,6,Cartagena Protocol on Biosafety,
CASE-0161,GMO conspiracy,GMO conspiracy theories,wikipedia_article_links,https://en.wikipedia.org/wiki/Genetic_engineering_techniques,en.wikipedia.org,wikipedia_internal,7,Techniques,
CASE-0161,GMO conspiracy,GMO conspiracy theories,wikipedia_article_links,https://en.wikipedia.org/wiki/Molecular_cloning,en.wikipedia.org,wikipedia_internal,8,Molecular cloning,
CASE-0161,GMO conspiracy,GMO conspiracy theories,wikipedia_article_links,https://en.wikipedia.org/wiki/Recombinant_DNA,en.wikipedia.org,wikipedia_internal,9,Recombinant DNA,
CASE-0161,GMO conspiracy,GMO conspiracy theories,wikipedia_article_links,https://en.wikipedia.org/wiki/Gene_delivery,en.wikipedia.org,wikipedia_internal,10,Gene delivery,
CASE-0161,GMO conspiracy,GMO conspiracy theories,wikipedia_article_links,https://en.wikipedia.org/wiki/Transformation_(genetics),en.wikipedia.org,wikipedia_internal,11,Transformation,
CASE-0161,GMO conspiracy,GMO conspiracy theories,wikipedia_article_links,https://en.wikipedia.org/wiki/Transfection,en.wikipedia.org,wikipedia_internal,12,Transfection,
CASE-0161,GMO conspiracy,GMO conspiracy theories,wikipedia_article_links,https://en.wikipedia.org/wiki/Transduction_(genetics),en.wikipedia.org,wikipedia_internal,13,Transduction,
CASE-0161,GMO conspiracy,GMO conspiracy theories,wikipedia_article_links,https://en.wikipedia.org/wiki/Genome_editing,en.wikipedia.org,wikipedia_internal,14,Genome editing,
CASE-0161,GMO conspiracy,GMO conspiracy theories,wikipedia_article_links,https://en.wikipedia.org/wiki/Zinc-finger_nuclease,en.wikipedia.org,wikipedia_internal,15,ZFNs,
CASE-0161,GMO conspiracy,GMO conspiracy theories,wikipedia_article_links,https://en.wikipedia.org/wiki/TALEN,en.wikipedia.org,wikipedia_internal,16,TALENs,
CASE-0161,GMO conspiracy,GMO conspiracy theories,wikipedia_article_links,https://en.wikipedia.org/wiki/CRISPR-Cas,en.wikipedia.org,wikipedia_internal,17,CRISPR gene editing,
CASE-0161,GMO conspiracy,GMO conspiracy theories,wikipedia_article_links,https://en.wikipedia.org/wiki/Base_editing,en.wikipedia.org,wikipedia_internal,18,Base editing,
CASE-0161,GMO conspiracy,GMO conspiracy theories,wikipedia_article_links,https://en.wikipedia.org/wiki/Prime_editing,en.wikipedia.org,wikipedia_internal,19,Prime editing,
CASE-0161,GMO conspiracy,GMO conspiracy theories,wikipedia_article_links,https://en.wikipedia.org/wiki/TIGR-Tas,en.wikipedia.org,wikipedia_internal,20,TIGR-Tas,
CASE-0162,oil conspiracy,Conspiracy theory,wikipedia_search,https://en.wikipedia.org/wiki/Conspiracy_theory,en.wikipedia.org,wikipedia_primary,1,Conspiracy theory,
CASE-0162,oil conspiracy,Conspiracy theory,wikipedia_article_links,https://en.wikipedia.org/wiki/Conspiracy_theory_(disambiguation),en.wikipedia.org,wikipedia_internal,2,Conspiracy theory (disambiguation),
CASE-0162,oil conspiracy,Conspiracy theory,wikipedia_article_links,https://en.wikipedia.org/wiki/Eye_of_Providence,en.wikipedia.org,wikipedia_internal,3,Eye of Providence,
CASE-0162,oil conspiracy,Conspiracy theory,wikipedia_article_links,https://en.wikipedia.org/wiki/Founding_Fathers_of_the_United_States,en.wikipedia.org,wikipedia_internal,4,Founding Fathers of the United States,
CASE-0162,oil conspiracy,Conspiracy theory,wikipedia_article_links,https://en.wikipedia.org/wiki/New_World_Order_conspiracy_theory,en.wikipedia.org,wikipedia_internal,5,New World Order conspiracy theory,
CASE-0162,oil conspiracy,Conspiracy theory,wikipedia_article_links,https://en.wikipedia.org/wiki/Conspiracy,en.wikipedia.org,wikipedia_internal,6,conspiracy,
CASE-0162,oil conspiracy,Conspiracy theory,wikipedia_article_links,https://en.wikipedia.org/wiki/Connotation,en.wikipedia.org,wikipedia_internal,7,connotation,
CASE-0162,oil conspiracy,Conspiracy theory,wikipedia_article_links,https://en.wikipedia.org/wiki/Prejudice,en.wikipedia.org,wikipedia_internal,8,prejudice,
CASE-0162,oil conspiracy,Conspiracy theory,wikipedia_article_links,https://en.wikipedia.org/wiki/Paranoia,en.wikipedia.org,wikipedia_internal,9,paranoia,
CASE-0162,oil conspiracy,Conspiracy theory,wikipedia_article_links,https://en.wikipedia.org/wiki/Scientist,en.wikipedia.org,wikipedia_internal,10,scientists,
CASE-0162,oil conspiracy,Conspiracy theory,wikipedia_article_links,https://en.wikipedia.org/wiki/Historian,en.wikipedia.org,wikipedia_internal,11,historians,
CASE-0162,oil conspiracy,Conspiracy theory,wikipedia_article_links,https://en.wikipedia.org/wiki/Lay_theory,en.wikipedia.org,wikipedia_internal,12,lay theories,
CASE-0162,oil conspiracy,Conspiracy theory,wikipedia_article_links,https://en.wikipedia.org/wiki/Falsifiability,en.wikipedia.org,wikipedia_internal,13,falsification,
CASE-0162,oil conspiracy,Conspiracy theory,wikipedia_article_links,https://en.wikipedia.org/wiki/Circular_reasoning,en.wikipedia.org,wikipedia_internal,14,circular reasoning,
CASE-0162,oil conspiracy,Conspiracy theory,wikipedia_article_links,https://en.wikipedia.org/wiki/Stephan_Lewandowsky,en.wikipedia.org,wikipedia_internal,15,Stephan Lewandowsky,
CASE-0162,oil conspiracy,Conspiracy theory,wikipedia_article_links,https://en.wikipedia.org/wiki/Anti-authority,en.wikipedia.org,wikipedia_internal,16,distrust of authority,
CASE-0162,oil conspiracy,Conspiracy theory,wikipedia_article_links,https://en.wikipedia.org/wiki/Cynicism_(contemporary),en.wikipedia.org,wikipedia_internal,17,cynicism,
CASE-0162,oil conspiracy,Conspiracy theory,wikipedia_article_links,https://en.wikipedia.org/wiki/Psychological_projection,en.wikipedia.org,wikipedia_internal,18,psychological projection,
CASE-0162,oil conspiracy,Conspiracy theory,wikipedia_article_links,https://en.wikipedia.org/wiki/Machiavellianism_(psychology),en.wikipedia.org,wikipedia_internal,19,Machiavellianism,
CASE-0162,oil conspiracy,Conspiracy theory,wikipedia_article_links,https://en.wikipedia.org/wiki/Schizotypy,en.wikipedia.org,wikipedia_internal,20,schizotypy,
CASE-0163,media manipulation,Media manipulation,wikipedia_search,https://en.wikipedia.org/wiki/Media_manipulation,en.wikipedia.org,wikipedia_primary,1,Media manipulation,
CASE-0163,media manipulation,Media manipulation,wikipedia_article_links,https://en.wikipedia.org/wiki/Manipulation_(disambiguation),en.wikipedia.org,wikipedia_internal,2,Manipulation,
CASE-0163,media manipulation,Media manipulation,wikipedia_article_links,https://en.wikipedia.org/wiki/Television,en.wikipedia.org,wikipedia_internal,3,televised,
CASE-0163,media manipulation,Media manipulation,wikipedia_article_links,https://en.wikipedia.org/wiki/News_programs,en.wikipedia.org,wikipedia_internal,4,news programs,
CASE-0163,media manipulation,Media manipulation,wikipedia_article_links,https://en.wikipedia.org/wiki/Dziennik_Telewizyjny,en.wikipedia.org,wikipedia_internal,5,Dziennik,
CASE-0163,media manipulation,Media manipulation,wikipedia_article_links,https://en.wikipedia.org/wiki/Capitalism,en.wikipedia.org,wikipedia_internal,6,capitalism,
CASE-0163,media manipulation,Media manipulation,wikipedia_article_links,https://en.wikipedia.org/wiki/Polish_People%27s_Republic,en.wikipedia.org,wikipedia_internal,7,then-communist Poland,
CASE-0163,media manipulation,Media manipulation,wikipedia_article_links,https://en.wikipedia.org/wiki/Loaded_language,en.wikipedia.org,wikipedia_internal,8,emotive and loaded language,
CASE-0163,media manipulation,Media manipulation,wikipedia_article_links,https://en.wikipedia.org/wiki/Mass_communications,en.wikipedia.org,wikipedia_internal,9,mass communications,
CASE-0163,media manipulation,Media manipulation,wikipedia_article_links,https://en.wikipedia.org/wiki/Digital_media,en.wikipedia.org,wikipedia_internal,10,digital media,
CASE-0163,media manipulation,Media manipulation,wikipedia_article_links,https://en.wikipedia.org/wiki/Misinform,en.wikipedia.org,wikipedia_internal,11,misinform,
CASE-0163,media manipulation,Media manipulation,wikipedia_article_links,https://en.wikipedia.org/wiki/Rhetorical_strategies,en.wikipedia.org,wikipedia_internal,12,rhetorical strategies,
CASE-0163,media manipulation,Media manipulation,wikipedia_article_links,https://en.wikipedia.org/wiki/Fallacy,en.wikipedia.org,wikipedia_internal,13,logical fallacies,
CASE-0163,media manipulation,Media manipulation,wikipedia_article_links,https://en.wikipedia.org/wiki/Disinformation,en.wikipedia.org,wikipedia_internal,14,disinformation,
CASE-0163,media manipulation,Media manipulation,wikipedia_article_links,https://en.wikipedia.org/wiki/Propaganda,en.wikipedia.org,wikipedia_internal,15,propaganda,
CASE-0163,media manipulation,Media manipulation,wikipedia_article_links,https://en.wikipedia.org/wiki/Information_suppression,en.wikipedia.org,wikipedia_internal,16,suppression of information,
CASE-0163,media manipulation,Media manipulation,wikipedia_article_links,https://en.wikipedia.org/wiki/Attention,en.wikipedia.org,wikipedia_internal,17,attention,
CASE-0163,media manipulation,Media manipulation,wikipedia_article_links,https://en.wikipedia.org/wiki/Jacques_Ellul,en.wikipedia.org,wikipedia_internal,18,Jacques Ellul,
CASE-0163,media manipulation,Media manipulation,wikipedia_article_links,https://en.wikipedia.org/wiki/Public_opinion,en.wikipedia.org,wikipedia_internal,19,public opinion,
CASE-0163,media manipulation,Media manipulation,wikipedia_article_links,https://en.wikipedia.org/wiki/Mass_media,en.wikipedia.org,wikipedia_internal,20,mass media,
CASE-0164,cashless society conspiracy,Race of the future,wikipedia_search,https://en.wikipedia.org/wiki/Race_of_the_future,en.wikipedia.org,wikipedia_primary,1,Race of the future,
CASE-0164,cashless society conspiracy,Race of the future,wikipedia_article_links,https://en.wikipedia.org/wiki/Futures_studies,en.wikipedia.org,wikipedia_internal,2,Futures studies,
CASE-0164,cashless society conspiracy,Race of the future,wikipedia_article_links,https://en.wikipedia.org/wiki/Outline_of_futures_studies,en.wikipedia.org,wikipedia_internal,3,Concepts,
CASE-0164,cashless society conspiracy,Race of the future,wikipedia_article_links,https://en.wikipedia.org/wiki/Accelerating_change,en.wikipedia.org,wikipedia_internal,4,Accelerating change,
CASE-0164,cashless society conspiracy,Race of the future,wikipedia_article_links,https://en.wikipedia.org/wiki/Cashless_society,en.wikipedia.org,wikipedia_internal,5,Cashless society,
CASE-0164,cashless society conspiracy,Race of the future,wikipedia_article_links,https://en.wikipedia.org/wiki/Global_catastrophic_risk,en.wikipedia.org,wikipedia_internal,6,Global catastrophic risk,
CASE-0164,cashless society conspiracy,Race of the future,wikipedia_article_links,https://en.wikipedia.org/wiki/Future_of_Earth,en.wikipedia.org,wikipedia_internal,7,Earth,
CASE-0164,cashless society conspiracy,Race of the future,wikipedia_article_links,https://en.wikipedia.org/wiki/Climate_change_scenario,en.wikipedia.org,wikipedia_internal,8,Climate,
CASE-0164,cashless society conspiracy,Race of the future,wikipedia_article_links,https://en.wikipedia.org/wiki/Future_of_space_exploration,en.wikipedia.org,wikipedia_internal,9,Space exploration,
CASE-0164,cashless society conspiracy,Race of the future,wikipedia_article_links,https://en.wikipedia.org/wiki/Ultimate_fate_of_the_universe,en.wikipedia.org,wikipedia_internal,10,Universe,
CASE-0164,cashless society conspiracy,Race of the future,wikipedia_article_links,https://en.wikipedia.org/wiki/Historical_materialism,en.wikipedia.org,wikipedia_internal,11,Historical materialism,
CASE-0164,cashless society conspiracy,Race of the future,wikipedia_article_links,https://en.wikipedia.org/wiki/Kondratiev_wave,en.wikipedia.org,wikipedia_internal,12,Kondratiev wave,
CASE-0164,cashless society conspiracy,Race of the future,wikipedia_article_links,https://en.wikipedia.org/wiki/Kardashev_scale,en.wikipedia.org,wikipedia_internal,13,Kardashev scale,
CASE-0164,cashless society conspiracy,Race of the future,wikipedia_article_links,https://en.wikipedia.org/wiki/Moore%27s_law,en.wikipedia.org,wikipedia_internal,14,Moore's law,
CASE-0164,cashless society conspiracy,Race of the future,wikipedia_article_links,https://en.wikipedia.org/wiki/Peak_oil,en.wikipedia.org,wikipedia_internal,15,Peak oil,
CASE-0164,cashless society conspiracy,Race of the future,wikipedia_article_links,https://en.wikipedia.org/wiki/Population_cycle,en.wikipedia.org,wikipedia_internal,16,Population cycle,
CASE-0164,cashless society conspiracy,Race of the future,wikipedia_article_links,https://en.wikipedia.org/wiki/Resource_depletion,en.wikipedia.org,wikipedia_internal,17,Resource depletion,
CASE-0164,cashless society conspiracy,Race of the future,wikipedia_article_links,https://en.wikipedia.org/wiki/Technological_singularity,en.wikipedia.org,wikipedia_internal,18,Singularity,
CASE-0164,cashless society conspiracy,Race of the future,wikipedia_article_links,https://en.wikipedia.org/wiki/Swanson%27s_law,en.wikipedia.org,wikipedia_internal,19,Swanson's law,
CASE-0164,cashless society conspiracy,Race of the future,wikipedia_article_links,https://en.wikipedia.org/wiki/Futures_techniques,en.wikipedia.org,wikipedia_internal,20,Techniques,
CASE-0165,Operation Warp Speed,Operation Warp Speed,wikipedia_search,https://en.wikipedia.org/wiki/Operation_Warp_Speed,en.wikipedia.org,wikipedia_primary,1,Operation Warp Speed,
CASE-0165,Operation Warp Speed,Operation Warp Speed,wikipedia_article_links,https://en.wikipedia.org/wiki/White_House_COVID-19_Response_Team,en.wikipedia.org,wikipedia_internal,2,White House COVID-19 Response Team,
CASE-0165,Operation Warp Speed,Operation Warp Speed,wikipedia_article_links,https://en.wikipedia.org/wiki/United_States,en.wikipedia.org,wikipedia_internal,3,United States,
CASE-0165,Operation Warp Speed,Operation Warp Speed,wikipedia_article_links,https://en.wikipedia.org/wiki/U.S._Department_of_Defense,en.wikipedia.org,wikipedia_internal,4,U.S. Department of Defense,
CASE-0165,Operation Warp Speed,Operation Warp Speed,wikipedia_article_links,https://en.wikipedia.org/wiki/U.S._Department_of_Health_and_Human_Services,en.wikipedia.org,wikipedia_internal,5,U.S. Department of Health and Human Services,
CASE-0165,Operation Warp Speed,Operation Warp Speed,wikipedia_article_links,https://en.wikipedia.org/wiki/Cabinet_of_the_United_States,en.wikipedia.org,wikipedia_internal,6,Other various government agencies,
CASE-0165,Operation Warp Speed,Operation Warp Speed,wikipedia_article_links,https://en.wikipedia.org/wiki/Coronavirus_disease_2019,en.wikipedia.org,wikipedia_internal,7,Coronavirus disease 2019,
CASE-0165,Operation Warp Speed,Operation Warp Speed,wikipedia_article_links,https://en.wikipedia.org/wiki/Moncef_Slaoui,en.wikipedia.org,wikipedia_internal,8,Moncef Slaoui,
CASE-0165,Operation Warp Speed,Operation Warp Speed,wikipedia_article_links,https://en.wikipedia.org/wiki/General_(United_States),en.wikipedia.org,wikipedia_internal,9,General,
CASE-0165,Operation Warp Speed,Operation Warp Speed,wikipedia_article_links,https://en.wikipedia.org/wiki/Gustave_F._Perna,en.wikipedia.org,wikipedia_internal,10,Gustave F. Perna,
CASE-0165,Operation Warp Speed,Operation Warp Speed,wikipedia_article_links,https://en.wikipedia.org/wiki/Donald_Trump,en.wikipedia.org,wikipedia_internal,11,Donald Trump,
CASE-0165,Operation Warp Speed,Operation Warp Speed,wikipedia_article_links,https://en.wikipedia.org/wiki/Joe_Biden,en.wikipedia.org,wikipedia_internal,12,Joe Biden,
CASE-0165,Operation Warp Speed,Operation Warp Speed,wikipedia_article_links,https://en.wikipedia.org/wiki/COVID-19_pandemic,en.wikipedia.org,wikipedia_internal,13,COVID-19 pandemic,
CASE-0165,Operation Warp Speed,Operation Warp Speed,wikipedia_article_links,https://en.wikipedia.org/wiki/COVID-19,en.wikipedia.org,wikipedia_internal,14,COVID-19,
CASE-0165,Operation Warp Speed,Operation Warp Speed,wikipedia_article_links,https://en.wikipedia.org/wiki/SARS-CoV-2,en.wikipedia.org,wikipedia_internal,15,SARS-CoV-2,
CASE-0165,Operation Warp Speed,Operation Warp Speed,wikipedia_article_links,https://en.wikipedia.org/wiki/COVID-19_pandemic_cases,en.wikipedia.org,wikipedia_internal,16,Cases,
CASE-0165,Operation Warp Speed,Operation Warp Speed,wikipedia_article_links,https://en.wikipedia.org/wiki/COVID-19_pandemic_deaths,en.wikipedia.org,wikipedia_internal,17,Deaths,
CASE-0165,Operation Warp Speed,Operation Warp Speed,wikipedia_article_links,https://en.wikipedia.org/wiki/Timeline_of_the_COVID-19_pandemic,en.wikipedia.org,wikipedia_internal,18,Timeline,
CASE-0165,Operation Warp Speed,Operation Warp Speed,wikipedia_article_links,https://en.wikipedia.org/wiki/Timeline_of_the_COVID-19_pandemic_in_2019,en.wikipedia.org,wikipedia_internal,19,2019,
CASE-0165,Operation Warp Speed,Operation Warp Speed,wikipedia_article_links,https://en.wikipedia.org/wiki/Timeline_of_the_COVID-19_pandemic_in_January_2020,en.wikipedia.org,wikipedia_internal,20,January,
CASE-0166,Antarctica conspiracy,List of conspiracy theories,wikipedia_search,https://en.wikipedia.org/wiki/List_of_conspiracy_theories,en.wikipedia.org,wikipedia_primary,1,List of conspiracy theories,
CASE-0166,Antarctica conspiracy,List of conspiracy theories,wikipedia_article_links,https://en.wikipedia.org/wiki/Eye_of_Providence,en.wikipedia.org,wikipedia_internal,2,Eye of Providence,
CASE-0166,Antarctica conspiracy,List of conspiracy theories,wikipedia_article_links,https://en.wikipedia.org/wiki/Founding_Fathers_of_the_United_States,en.wikipedia.org,wikipedia_internal,3,Founding Fathers of the United States,
CASE-0166,Antarctica conspiracy,List of conspiracy theories,wikipedia_article_links,https://en.wikipedia.org/wiki/Illuminati,en.wikipedia.org,wikipedia_internal,4,Illuminati,
CASE-0166,Antarctica conspiracy,List of conspiracy theories,wikipedia_article_links,https://en.wikipedia.org/wiki/Conspiracy_theory,en.wikipedia.org,wikipedia_internal,5,conspiracy theories,
CASE-0166,Antarctica conspiracy,List of conspiracy theories,wikipedia_article_links,https://en.wikipedia.org/wiki/Historical_method,en.wikipedia.org,wikipedia_internal,6,historical,
CASE-0166,Antarctica conspiracy,List of conspiracy theories,wikipedia_article_links,https://en.wikipedia.org/wiki/Scientific_method,en.wikipedia.org,wikipedia_internal,7,scientific methods,
CASE-0166,Antarctica conspiracy,List of conspiracy theories,wikipedia_article_links,https://en.wikipedia.org/wiki/Conspiracy,en.wikipedia.org,wikipedia_internal,8,conspiracies,
CASE-0166,Antarctica conspiracy,List of conspiracy theories,wikipedia_article_links,https://en.wikipedia.org/wiki/Operation_Himmler,en.wikipedia.org,wikipedia_internal,9,Germany's pretense for invading Poland in World War II,
CASE-0166,Antarctica conspiracy,List of conspiracy theories,wikipedia_article_links,https://en.wikipedia.org/wiki/Falsifiability,en.wikipedia.org,wikipedia_internal,10,their validity depends on evidence,
CASE-0166,Antarctica conspiracy,List of conspiracy theories,wikipedia_article_links,https://en.wikipedia.org/wiki/Prima_facie,en.wikipedia.org,wikipedia_internal,11,prima facie,
CASE-0166,Antarctica conspiracy,List of conspiracy theories,wikipedia_article_links,https://en.wikipedia.org/wiki/Occam%27s_razor,en.wikipedia.org,wikipedia_internal,12,convoluted and all-encompassing nature,
CASE-0166,Antarctica conspiracy,List of conspiracy theories,wikipedia_article_links,https://en.wikipedia.org/wiki/Paranoia,en.wikipedia.org,wikipedia_internal,13,paranoia,
CASE-0166,Antarctica conspiracy,List of conspiracy theories,wikipedia_article_links,https://en.wikipedia.org/wiki/Schizotypy,en.wikipedia.org,wikipedia_internal,14,schizotypy,
CASE-0166,Antarctica conspiracy,List of conspiracy theories,wikipedia_article_links,https://en.wikipedia.org/wiki/Narcissism,en.wikipedia.org,wikipedia_internal,15,narcissism,
CASE-0166,Antarctica conspiracy,List of conspiracy theories,wikipedia_article_links,https://en.wikipedia.org/wiki/Insecure_attachment,en.wikipedia.org,wikipedia_internal,16,insecure attachment,
CASE-0166,Antarctica conspiracy,List of conspiracy theories,wikipedia_article_links,https://en.wikipedia.org/wiki/Cognitive_bias,en.wikipedia.org,wikipedia_internal,17,cognitive bias,
CASE-0166,Antarctica conspiracy,List of conspiracy theories,wikipedia_article_links,https://en.wikipedia.org/wiki/Illusory_pattern_perception,en.wikipedia.org,wikipedia_internal,18,illusory pattern perception,
CASE-0166,Antarctica conspiracy,List of conspiracy theories,wikipedia_article_links,https://en.wikipedia.org/wiki/Scientific_consensus,en.wikipedia.org,wikipedia_internal,19,scientific consensus,
CASE-0166,Antarctica conspiracy,List of conspiracy theories,wikipedia_article_links,https://en.wikipedia.org/wiki/Evolutionary_psychology,en.wikipedia.org,wikipedia_internal,20,evolutionary origins,
CASE-0167,Tartaria,Tartarian Empire,wikipedia_search,https://en.wikipedia.org/wiki/Tartarian_Empire,en.wikipedia.org,wikipedia_primary,1,Tartarian Empire,
CASE-0167,Tartaria,Tartarian Empire,wikipedia_article_links,https://en.wikipedia.org/wiki/Pseudohistory,en.wikipedia.org,wikipedia_internal,2,pseudohistorical,
CASE-0167,Tartaria,Tartarian Empire,wikipedia_article_links,https://en.wikipedia.org/wiki/Conspiracy_theory,en.wikipedia.org,wikipedia_internal,3,conspiracy theories,
CASE-0167,Tartaria,Tartarian Empire,wikipedia_article_links,https://en.wikipedia.org/wiki/Russian_nationalism,en.wikipedia.org,wikipedia_internal,4,Russian nationalism,
CASE-0167,Tartaria,Tartarian Empire,wikipedia_article_links,https://en.wikipedia.org/wiki/Tartary,en.wikipedia.org,wikipedia_internal,5,Tartary,
CASE-0167,Tartaria,Tartarian Empire,wikipedia_article_links,https://en.wikipedia.org/wiki/Central_Asia,en.wikipedia.org,wikipedia_internal,6,Central Asia,
CASE-0167,Tartaria,Tartarian Empire,wikipedia_article_links,https://en.wikipedia.org/wiki/Siberia,en.wikipedia.org,wikipedia_internal,7,Siberia,
CASE-0167,Tartaria,Tartarian Empire,wikipedia_article_links,https://en.wikipedia.org/wiki/History_of_Asia,en.wikipedia.org,wikipedia_internal,8,history of Asia,
CASE-0167,Tartaria,Tartarian Empire,wikipedia_article_links,https://en.wikipedia.org/wiki/Afghanistan,en.wikipedia.org,wikipedia_internal,9,Afghanistan,
CASE-0167,Tartaria,Tartarian Empire,wikipedia_article_links,https://en.wikipedia.org/wiki/Kazakhstan,en.wikipedia.org,wikipedia_internal,10,Kazakhstan,
CASE-0167,Tartaria,Tartarian Empire,wikipedia_article_links,https://en.wikipedia.org/wiki/Mongolia,en.wikipedia.org,wikipedia_internal,11,Mongolia,
CASE-0167,Tartaria,Tartarian Empire,wikipedia_article_links,https://en.wikipedia.org/wiki/China,en.wikipedia.org,wikipedia_internal,12,China,
CASE-0167,Tartaria,Tartarian Empire,wikipedia_article_links,https://en.wikipedia.org/wiki/Russian_Far_East,en.wikipedia.org,wikipedia_internal,13,Russian Far East,
CASE-0167,Tartaria,Tartarian Empire,wikipedia_article_links,https://en.wikipedia.org/wiki/List_of_lost_lands,en.wikipedia.org,wikipedia_internal,14,lost land,
CASE-0167,Tartaria,Tartarian Empire,wikipedia_article_links,https://en.wikipedia.org/wiki/Anatoly_Fomenko,en.wikipedia.org,wikipedia_internal,15,Anatoly Fomenko,
CASE-0167,Tartaria,Tartarian Empire,wikipedia_article_links,https://en.wikipedia.org/wiki/New_chronology_(Fomenko),en.wikipedia.org,wikipedia_internal,16,new chronology,
CASE-0167,Tartaria,Tartarian Empire,wikipedia_article_links,https://en.wikipedia.org/wiki/Levashovism#Eschatology,en.wikipedia.org,wikipedia_internal,17,racial occult history,
CASE-0167,Tartaria,Tartarian Empire,wikipedia_article_links,https://en.wikipedia.org/wiki/Nikolai_Levashov,en.wikipedia.org,wikipedia_internal,18,Nikolai Levashov,
CASE-0167,Tartaria,Tartarian Empire,wikipedia_article_links,https://en.wikipedia.org/wiki/Pseudoscience,en.wikipedia.org,wikipedia_internal,19,pseudoscience,
CASE-0167,Tartaria,Tartarian Empire,wikipedia_article_links,https://en.wikipedia.org/wiki/Ethnic_nationalism_in_Russia,en.wikipedia.org,wikipedia_internal,20,nationalism,
CASE-0168,stolen election 2020,Big lie,wikipedia_search,https://en.wikipedia.org/wiki/Big_lie,en.wikipedia.org,wikipedia_primary,1,Big lie,
CASE-0168,stolen election 2020,Big lie,wikipedia_article_links,https://en.wikipedia.org/wiki/Big_Lie_(disambiguation),en.wikipedia.org,wikipedia_internal,2,Big Lie (disambiguation),
CASE-0168,stolen election 2020,Big lie,wikipedia_article_links,https://en.wikipedia.org/wiki/Adolf_Hitler,en.wikipedia.org,wikipedia_internal,3,Adolf Hitler,
CASE-0168,stolen election 2020,Big lie,wikipedia_article_links,https://en.wikipedia.org/wiki/German_language,en.wikipedia.org,wikipedia_internal,4,German,
CASE-0168,stolen election 2020,Big lie,wikipedia_article_links,https://en.wikipedia.org/wiki/Truth,en.wikipedia.org,wikipedia_internal,5,truth,
CASE-0168,stolen election 2020,Big lie,wikipedia_article_links,https://en.wikipedia.org/wiki/Propaganda_technique,en.wikipedia.org,wikipedia_internal,6,propaganda technique,
CASE-0168,stolen election 2020,Big lie,wikipedia_article_links,https://en.wikipedia.org/wiki/Mein_Kampf,en.wikipedia.org,wikipedia_internal,7,Mein Kampf,
CASE-0168,stolen election 2020,Big lie,wikipedia_article_links,https://en.wikipedia.org/wiki/Jews,en.wikipedia.org,wikipedia_internal,8,Jews,
CASE-0168,stolen election 2020,Big lie,wikipedia_article_links,https://en.wikipedia.org/wiki/World_War_I,en.wikipedia.org,wikipedia_internal,9,World War I,
CASE-0168,stolen election 2020,Big lie,wikipedia_article_links,https://en.wikipedia.org/wiki/Erich_Ludendorff,en.wikipedia.org,wikipedia_internal,10,Erich Ludendorff,
CASE-0168,stolen election 2020,Big lie,wikipedia_article_links,https://en.wikipedia.org/wiki/German_nationalism,en.wikipedia.org,wikipedia_internal,11,nationalist,
CASE-0168,stolen election 2020,Big lie,wikipedia_article_links,https://en.wikipedia.org/wiki/Weimar_Republic,en.wikipedia.org,wikipedia_internal,12,Weimar Republic,
CASE-0168,stolen election 2020,Big lie,wikipedia_article_links,https://en.wikipedia.org/wiki/Jeffrey_Herf,en.wikipedia.org,wikipedia_internal,13,Jeffrey Herf,
CASE-0168,stolen election 2020,Big lie,wikipedia_article_links,https://en.wikipedia.org/wiki/Nazis,en.wikipedia.org,wikipedia_internal,14,Nazis,
CASE-0168,stolen election 2020,Big lie,wikipedia_article_links,https://en.wikipedia.org/wiki/The_Holocaust,en.wikipedia.org,wikipedia_internal,15,the Holocaust,
CASE-0168,stolen election 2020,Big lie,wikipedia_article_links,https://en.wikipedia.org/wiki/Nazi_Germany,en.wikipedia.org,wikipedia_internal,16,Nazi Germany,
CASE-0168,stolen election 2020,Big lie,wikipedia_article_links,https://en.wikipedia.org/wiki/Propaganda_in_Nazi_Germany,en.wikipedia.org,wikipedia_internal,17,propagandist,
CASE-0168,stolen election 2020,Big lie,wikipedia_article_links,https://en.wikipedia.org/wiki/Joseph_Goebbels,en.wikipedia.org,wikipedia_internal,18,Joseph Goebbels,
CASE-0168,stolen election 2020,Big lie,wikipedia_article_links,https://en.wikipedia.org/wiki/Nazi_Party,en.wikipedia.org,wikipedia_internal,19,Nazi Party,
CASE-0168,stolen election 2020,Big lie,wikipedia_article_links,https://en.wikipedia.org/wiki/Accusation_in_a_mirror,en.wikipedia.org,wikipedia_internal,20,used the big lie technique that they described,
CASE-0169,Soros conspiracy,George Soros,wikipedia_search,https://en.wikipedia.org/wiki/George_Soros,en.wikipedia.org,wikipedia_primary,1,George Soros,
CASE-0169,Soros conspiracy,George Soros,wikipedia_article_links,https://en.wikipedia.org/wiki/Personal_name,en.wikipedia.org,wikipedia_internal,2,personal name,
CASE-0169,Soros conspiracy,George Soros,wikipedia_article_links,https://en.wikipedia.org/wiki/Personal_name#Western_name_order,en.wikipedia.org,wikipedia_internal,3,Western name order,
CASE-0169,Soros conspiracy,George Soros,wikipedia_article_links,https://en.wikipedia.org/wiki/Soros_(disambiguation),en.wikipedia.org,wikipedia_internal,4,Soros (disambiguation),
CASE-0169,Soros conspiracy,George Soros,wikipedia_article_links,https://en.wikipedia.org/wiki/Honorary_Fellow_of_the_British_Academy,en.wikipedia.org,wikipedia_internal,5,HonFBA,
CASE-0169,Soros conspiracy,George Soros,wikipedia_article_links,https://en.wikipedia.org/wiki/Budapest,en.wikipedia.org,wikipedia_internal,6,Budapest,
CASE-0169,Soros conspiracy,George Soros,wikipedia_article_links,https://en.wikipedia.org/wiki/Hungarians,en.wikipedia.org,wikipedia_internal,7,Hungarian,
CASE-0169,Soros conspiracy,George Soros,wikipedia_article_links,https://en.wikipedia.org/wiki/Americans,en.wikipedia.org,wikipedia_internal,8,American,
CASE-0169,Soros conspiracy,George Soros,wikipedia_article_links,https://en.wikipedia.org/wiki/London_School_of_Economics,en.wikipedia.org,wikipedia_internal,9,London School of Economics,
CASE-0169,Soros conspiracy,George Soros,wikipedia_article_links,https://en.wikipedia.org/wiki/BSc,en.wikipedia.org,wikipedia_internal,10,BSc,
CASE-0169,Soros conspiracy,George Soros,wikipedia_article_links,https://en.wikipedia.org/wiki/MSc,en.wikipedia.org,wikipedia_internal,11,MSc,
CASE-0169,Soros conspiracy,George Soros,wikipedia_article_links,https://en.wikipedia.org/wiki/Soros_Fund_Management,en.wikipedia.org,wikipedia_internal,12,Soros Fund Management,
CASE-0169,Soros conspiracy,George Soros,wikipedia_article_links,https://en.wikipedia.org/wiki/Open_Society_Foundations,en.wikipedia.org,wikipedia_internal,13,Open Society Foundations,
CASE-0169,Soros conspiracy,George Soros,wikipedia_article_links,https://en.wikipedia.org/wiki/Quantum_Fund,en.wikipedia.org,wikipedia_internal,14,Quantum Fund,
CASE-0169,Soros conspiracy,George Soros,wikipedia_article_links,https://en.wikipedia.org/wiki/Central_European_University,en.wikipedia.org,wikipedia_internal,15,Central European University,
CASE-0169,Soros conspiracy,George Soros,wikipedia_article_links,https://en.wikipedia.org/wiki/Susan_Weber_(historian),en.wikipedia.org,wikipedia_internal,16,Susan Weber,
CASE-0169,Soros conspiracy,George Soros,wikipedia_article_links,https://en.wikipedia.org/wiki/Robert_Soros,en.wikipedia.org,wikipedia_internal,17,Robert,
CASE-0169,Soros conspiracy,George Soros,wikipedia_article_links,https://en.wikipedia.org/wiki/Jonathan_Soros,en.wikipedia.org,wikipedia_internal,18,Jonathan,
CASE-0169,Soros conspiracy,George Soros,wikipedia_article_links,https://en.wikipedia.org/wiki/Alexander_Soros,en.wikipedia.org,wikipedia_internal,19,Alexander,
CASE-0169,Soros conspiracy,George Soros,wikipedia_article_links,https://en.wikipedia.org/wiki/Tivadar_Soros,en.wikipedia.org,wikipedia_internal,20,Tivadar Soros,
CASE-0170,Bohemian Grove guest list,Bohemian Grove,wikipedia_search,https://en.wikipedia.org/wiki/Bohemian_Grove,en.wikipedia.org,wikipedia_primary,1,Bohemian Grove,
CASE-0170,Bohemian Grove guest list,Bohemian Grove,wikipedia_article_links,"https://en.wikipedia.org/wiki/Monte_Rio,_California",en.wikipedia.org,wikipedia_internal,2,"Monte Rio, California",
CASE-0170,Bohemian Grove guest list,Bohemian Grove,wikipedia_article_links,https://en.wikipedia.org/wiki/Bohemian_Club,en.wikipedia.org,wikipedia_internal,3,Bohemian Club,
CASE-0170,Bohemian Grove guest list,Bohemian Grove,wikipedia_article_links,https://en.wikipedia.org/wiki/Gentlemen%27s_club,en.wikipedia.org,wikipedia_internal,4,gentlemen's club,
CASE-0170,Bohemian Grove guest list,Bohemian Grove,wikipedia_article_links,https://en.wikipedia.org/wiki/Henry_Edwards_(entomologist),en.wikipedia.org,wikipedia_internal,5,"Henry ""Harry"" Edwards",
CASE-0170,Bohemian Grove guest list,Bohemian Grove,wikipedia_article_links,https://en.wikipedia.org/wiki/New_York_City,en.wikipedia.org,wikipedia_internal,6,New York City,
CASE-0170,Bohemian Grove guest list,Bohemian Grove,wikipedia_article_links,https://en.wikipedia.org/wiki/Bohemianism,en.wikipedia.org,wikipedia_internal,7,Bohemians,
CASE-0170,Bohemian Grove guest list,Bohemian Grove,wikipedia_article_links,https://en.wikipedia.org/wiki/Sequoia_sempervirens,en.wikipedia.org,wikipedia_internal,8,redwoods,
CASE-0170,Bohemian Grove guest list,Bohemian Grove,wikipedia_article_links,"https://en.wikipedia.org/wiki/Marin_County,_California",en.wikipedia.org,wikipedia_internal,9,Marin County,
CASE-0170,Bohemian Grove guest list,Bohemian Grove,wikipedia_article_links,"https://en.wikipedia.org/wiki/Taylorville,_California",en.wikipedia.org,wikipedia_internal,10,Taylorville,
CASE-0170,Bohemian Grove guest list,Bohemian Grove,wikipedia_article_links,https://en.wikipedia.org/wiki/Samuel_P._Taylor_State_Park,en.wikipedia.org,wikipedia_internal,11,Samuel P. Taylor State Park,
CASE-0170,Bohemian Grove guest list,Bohemian Grove,wikipedia_article_links,"https://en.wikipedia.org/wiki/Sonoma_County,_California",en.wikipedia.org,wikipedia_internal,12,Sonoma,
CASE-0170,Bohemian Grove guest list,Bohemian Grove,wikipedia_article_links,https://en.wikipedia.org/wiki/Muir_Woods_National_Monument,en.wikipedia.org,wikipedia_internal,13,Muir Woods,
CASE-0170,Bohemian Grove guest list,Bohemian Grove,wikipedia_article_links,"https://en.wikipedia.org/wiki/Duncans_Mills,_California",en.wikipedia.org,wikipedia_internal,14,Duncans Mills,
CASE-0170,Bohemian Grove guest list,Bohemian Grove,wikipedia_article_links,https://en.wikipedia.org/wiki/Russian_River_(California),en.wikipedia.org,wikipedia_internal,15,Russian River,
CASE-0170,Bohemian Grove guest list,Bohemian Grove,wikipedia_article_links,https://en.wikipedia.org/wiki/William_Henry_Irwin,en.wikipedia.org,wikipedia_internal,16,William Henry Irwin,
CASE-0170,Bohemian Grove guest list,Bohemian Grove,wikipedia_article_links,https://en.wikipedia.org/wiki/Manhattan_Project,en.wikipedia.org,wikipedia_internal,17,Manhattan Project,
CASE-0170,Bohemian Grove guest list,Bohemian Grove,wikipedia_article_links,https://en.wikipedia.org/wiki/Ernest_Lawrence,en.wikipedia.org,wikipedia_internal,18,Ernest Lawrence,
CASE-0170,Bohemian Grove guest list,Bohemian Grove,wikipedia_article_links,https://en.wikipedia.org/wiki/J._Robert_Oppenheimer,en.wikipedia.org,wikipedia_internal,19,J. Robert Oppenheimer,
CASE-0170,Bohemian Grove guest list,Bohemian Grove,wikipedia_article_links,https://en.wikipedia.org/wiki/S-1_Executive_Committee,en.wikipedia.org,wikipedia_internal,20,S-1 Executive Committee,
CASE-0171,rapture date predictions,RaptureTok,wikipedia_search,https://en.wikipedia.org/wiki/RaptureTok,en.wikipedia.org,wikipedia_primary,1,RaptureTok,
CASE-0171,rapture date predictions,RaptureTok,wikipedia_article_links,https://en.wikipedia.org/wiki/Number_sign,en.wikipedia.org,wikipedia_internal,2,#,
CASE-0171,rapture date predictions,RaptureTok,wikipedia_article_links,https://en.wikipedia.org/wiki/Hashtag,en.wikipedia.org,wikipedia_internal,3,hashtag,
CASE-0171,rapture date predictions,RaptureTok,wikipedia_article_links,https://en.wikipedia.org/wiki/Social_media,en.wikipedia.org,wikipedia_internal,4,social media,
CASE-0171,rapture date predictions,RaptureTok,wikipedia_article_links,https://en.wikipedia.org/wiki/TikTok,en.wikipedia.org,wikipedia_internal,5,TikTok,
CASE-0171,rapture date predictions,RaptureTok,wikipedia_article_links,https://en.wikipedia.org/wiki/South_Africa,en.wikipedia.org,wikipedia_internal,6,South African,
CASE-0171,rapture date predictions,RaptureTok,wikipedia_article_links,https://en.wikipedia.org/wiki/Rapture#Failed_predictions,en.wikipedia.org,wikipedia_internal,7,failed Rapture predictions,
CASE-0171,rapture date predictions,RaptureTok,wikipedia_article_links,https://en.wikipedia.org/wiki/Kim_Haines-Eitzen,en.wikipedia.org,wikipedia_internal,8,Kim Haines-Eitzen,
CASE-0171,rapture date predictions,RaptureTok,wikipedia_article_links,https://en.wikipedia.org/wiki/Cornell_University,en.wikipedia.org,wikipedia_internal,9,Cornell,
CASE-0171,rapture date predictions,RaptureTok,wikipedia_article_links,https://en.wikipedia.org/wiki/Christian_Church_(Disciples_of_Christ),en.wikipedia.org,wikipedia_internal,10,Christian Church (Disciples of Christ),
CASE-0171,rapture date predictions,RaptureTok,wikipedia_article_links,https://en.wikipedia.org/wiki/Virginia_Tech,en.wikipedia.org,wikipedia_internal,11,Virginia Tech,
CASE-0171,rapture date predictions,RaptureTok,wikipedia_article_links,https://en.wikipedia.org/wiki/Sociology,en.wikipedia.org,wikipedia_internal,12,sociology,
CASE-0171,rapture date predictions,RaptureTok,wikipedia_article_links,https://en.wikipedia.org/wiki/Julian_calendar,en.wikipedia.org,wikipedia_internal,13,Julian calendar,
CASE-0171,rapture date predictions,RaptureTok,wikipedia_article_links,https://en.wikipedia.org/wiki/Rapture,en.wikipedia.org,wikipedia_internal,14,Rapture,
CASE-0171,rapture date predictions,RaptureTok,wikipedia_article_links,https://en.wikipedia.org/wiki/List_of_dates_predicted_for_apocalyptic_events,en.wikipedia.org,wikipedia_internal,15,List of dates predicted for apocalyptic events,
CASE-0172,Israel prophecy,Prophets in Judaism,wikipedia_search,https://en.wikipedia.org/wiki/Prophets_in_Judaism,en.wikipedia.org,wikipedia_primary,1,Prophets in Judaism,
CASE-0172,Israel prophecy,Prophets in Judaism,wikipedia_article_links,https://en.wikipedia.org/wiki/Prophet,en.wikipedia.org,wikipedia_internal,2,Prophet,
CASE-0172,Israel prophecy,Prophets in Judaism,wikipedia_article_links,https://en.wikipedia.org/wiki/Outline_of_Judaism,en.wikipedia.org,wikipedia_internal,3,a series,
CASE-0172,Israel prophecy,Prophets in Judaism,wikipedia_article_links,https://en.wikipedia.org/wiki/Jews,en.wikipedia.org,wikipedia_internal,4,Jews,
CASE-0172,Israel prophecy,Prophets in Judaism,wikipedia_article_links,https://en.wikipedia.org/wiki/Judaism,en.wikipedia.org,wikipedia_internal,5,Judaism,
CASE-0172,Israel prophecy,Prophets in Judaism,wikipedia_article_links,https://en.wikipedia.org/wiki/Jew_(word),en.wikipedia.org,wikipedia_internal,6,Etymology,
CASE-0172,Israel prophecy,Prophets in Judaism,wikipedia_article_links,https://en.wikipedia.org/wiki/Who_is_a_Jew%3F,en.wikipedia.org,wikipedia_internal,7,Who is a Jew?,
CASE-0172,Israel prophecy,Prophets in Judaism,wikipedia_article_links,https://en.wikipedia.org/wiki/Jewish_studies,en.wikipedia.org,wikipedia_internal,8,Jewish studies,
CASE-0172,Israel prophecy,Prophets in Judaism,wikipedia_article_links,https://en.wikipedia.org/wiki/God_in_Judaism,en.wikipedia.org,wikipedia_internal,9,God in Judaism,
CASE-0172,Israel prophecy,Prophets in Judaism,wikipedia_article_links,https://en.wikipedia.org/wiki/Names_of_God_in_Judaism,en.wikipedia.org,wikipedia_internal,10,names,
CASE-0172,Israel prophecy,Prophets in Judaism,wikipedia_article_links,https://en.wikipedia.org/wiki/Jewish_principles_of_faith,en.wikipedia.org,wikipedia_internal,11,Principles of faith,
CASE-0172,Israel prophecy,Prophets in Judaism,wikipedia_article_links,https://en.wikipedia.org/wiki/Mitzvah,en.wikipedia.org,wikipedia_internal,12,Mitzvot,
CASE-0172,Israel prophecy,Prophets in Judaism,wikipedia_article_links,https://en.wikipedia.org/wiki/613_commandments,en.wikipedia.org,wikipedia_internal,13,613,
CASE-0172,Israel prophecy,Prophets in Judaism,wikipedia_article_links,https://en.wikipedia.org/wiki/Halakha,en.wikipedia.org,wikipedia_internal,14,Halakha,
CASE-0172,Israel prophecy,Prophets in Judaism,wikipedia_article_links,https://en.wikipedia.org/wiki/Shabbat,en.wikipedia.org,wikipedia_internal,15,Shabbat,
CASE-0172,Israel prophecy,Prophets in Judaism,wikipedia_article_links,https://en.wikipedia.org/wiki/Jewish_holidays,en.wikipedia.org,wikipedia_internal,16,Holidays,
CASE-0172,Israel prophecy,Prophets in Judaism,wikipedia_article_links,https://en.wikipedia.org/wiki/Jewish_prayer,en.wikipedia.org,wikipedia_internal,17,Prayer,
CASE-0172,Israel prophecy,Prophets in Judaism,wikipedia_article_links,https://en.wikipedia.org/wiki/Tzedakah,en.wikipedia.org,wikipedia_internal,18,Tzedakah,
CASE-0172,Israel prophecy,Prophets in Judaism,wikipedia_article_links,https://en.wikipedia.org/wiki/Laws_and_customs_of_the_Land_of_Israel_in_Judaism,en.wikipedia.org,wikipedia_internal,19,Land of Israel,
CASE-0172,Israel prophecy,Prophets in Judaism,wikipedia_article_links,https://en.wikipedia.org/wiki/Brit_milah,en.wikipedia.org,wikipedia_internal,20,Brit,
CASE-0173,one world currency,World currency,wikipedia_search,https://en.wikipedia.org/wiki/World_currency,en.wikipedia.org,wikipedia_primary,1,World currency,
CASE-0173,one world currency,World currency,wikipedia_article_links,https://en.wikipedia.org/wiki/United_States_dollar,en.wikipedia.org,wikipedia_internal,2,U.S. dollar,
CASE-0173,one world currency,World currency,wikipedia_article_links,https://en.wikipedia.org/wiki/Euro,en.wikipedia.org,wikipedia_internal,3,euro,
CASE-0173,one world currency,World currency,wikipedia_article_links,https://en.wikipedia.org/wiki/Reserve_currency,en.wikipedia.org,wikipedia_internal,4,global reserves,
CASE-0173,one world currency,World currency,wikipedia_article_links,https://en.wikipedia.org/wiki/International_finance,en.wikipedia.org,wikipedia_internal,5,international finance,
CASE-0173,one world currency,World currency,wikipedia_article_links,https://en.wikipedia.org/wiki/Currency,en.wikipedia.org,wikipedia_internal,6,currency,
CASE-0173,one world currency,World currency,wikipedia_article_links,https://en.wikipedia.org/wiki/Bretton_Woods_system,en.wikipedia.org,wikipedia_internal,7,Bretton Woods Agreements,
CASE-0173,one world currency,World currency,wikipedia_article_links,https://en.wikipedia.org/wiki/Stockholms_Banco,en.wikipedia.org,wikipedia_internal,8,Stockholms Banco,
CASE-0173,one world currency,World currency,wikipedia_article_links,https://en.wikipedia.org/wiki/Johan_Palmstruch,en.wikipedia.org,wikipedia_internal,9,Johan Palmstruch,
CASE-0173,one world currency,World currency,wikipedia_article_links,https://en.wikipedia.org/wiki/Sveriges_Riksbank,en.wikipedia.org,wikipedia_internal,10,Sveriges Riksbank,
CASE-0173,one world currency,World currency,wikipedia_article_links,https://en.wikipedia.org/wiki/Bank_of_Amsterdam,en.wikipedia.org,wikipedia_internal,11,Bank of Amsterdam,
CASE-0173,one world currency,World currency,wikipedia_article_links,https://en.wikipedia.org/wiki/Dutch_guilders,en.wikipedia.org,wikipedia_internal,12,Dutch guilders,
CASE-0173,one world currency,World currency,wikipedia_article_links,https://en.wikipedia.org/wiki/Philip_V_of_Spain,en.wikipedia.org,wikipedia_internal,13,Philip V of Spain,
CASE-0173,one world currency,World currency,wikipedia_article_links,https://en.wikipedia.org/wiki/Spanish_dollar,en.wikipedia.org,wikipedia_internal,14,Spanish dollars,
CASE-0173,one world currency,World currency,wikipedia_article_links,https://en.wikipedia.org/wiki/Spanish_colonization_of_the_Americas,en.wikipedia.org,wikipedia_internal,15,Spanish territories in the Americas,
CASE-0173,one world currency,World currency,wikipedia_article_links,https://en.wikipedia.org/wiki/Asia,en.wikipedia.org,wikipedia_internal,16,Asia,
CASE-0173,one world currency,World currency,wikipedia_article_links,https://en.wikipedia.org/wiki/Europe,en.wikipedia.org,wikipedia_internal,17,Europe,
CASE-0173,one world currency,World currency,wikipedia_article_links,https://en.wikipedia.org/wiki/Spanish_Empire,en.wikipedia.org,wikipedia_internal,18,political supremacy,
CASE-0173,one world currency,World currency,wikipedia_article_links,https://en.wikipedia.org/wiki/West_Indies_Fleet,en.wikipedia.org,wikipedia_internal,19,Atlantic,
CASE-0173,one world currency,World currency,wikipedia_article_links,https://en.wikipedia.org/wiki/Manila_galleon,en.wikipedia.org,wikipedia_internal,20,Pacific,
CASE-0174,AI antichrist,Peter Thiel,wikipedia_search,https://en.wikipedia.org/wiki/Peter_Thiel,en.wikipedia.org,wikipedia_primary,1,Peter Thiel,
CASE-0174,AI antichrist,Peter Thiel,wikipedia_article_links,https://en.wikipedia.org/wiki/Peter_Thiel_(cross-country_skier),en.wikipedia.org,wikipedia_internal,2,Peter Thiel (cross-country skier),
CASE-0174,AI antichrist,Peter Thiel,wikipedia_article_links,https://en.wikipedia.org/wiki/Peter_Thielst,en.wikipedia.org,wikipedia_internal,3,Peter Thielst,
CASE-0174,AI antichrist,Peter Thiel,wikipedia_article_links,https://en.wikipedia.org/wiki/Frankfurt,en.wikipedia.org,wikipedia_internal,4,Frankfurt,
CASE-0174,AI antichrist,Peter Thiel,wikipedia_article_links,https://en.wikipedia.org/wiki/Stanford_University,en.wikipedia.org,wikipedia_internal,5,Stanford University,
CASE-0174,AI antichrist,Peter Thiel,wikipedia_article_links,https://en.wikipedia.org/wiki/Bachelor_of_Arts,en.wikipedia.org,wikipedia_internal,6,BA,
CASE-0174,AI antichrist,Peter Thiel,wikipedia_article_links,https://en.wikipedia.org/wiki/Juris_Doctor,en.wikipedia.org,wikipedia_internal,7,JD,
CASE-0174,AI antichrist,Peter Thiel,wikipedia_article_links,https://en.wikipedia.org/wiki/Venture_capitalist,en.wikipedia.org,wikipedia_internal,8,venture capitalist,
CASE-0174,AI antichrist,Peter Thiel,wikipedia_article_links,https://en.wikipedia.org/wiki/Clarium_Capital,en.wikipedia.org,wikipedia_internal,9,Clarium Capital,
CASE-0174,AI antichrist,Peter Thiel,wikipedia_article_links,https://en.wikipedia.org/wiki/Palantir_Technologies,en.wikipedia.org,wikipedia_internal,10,Palantir,
CASE-0174,AI antichrist,Peter Thiel,wikipedia_article_links,https://en.wikipedia.org/wiki/Founders_Fund,en.wikipedia.org,wikipedia_internal,11,Founders Fund,
CASE-0174,AI antichrist,Peter Thiel,wikipedia_article_links,https://en.wikipedia.org/wiki/Thiel_Capital,en.wikipedia.org,wikipedia_internal,12,Thiel Capital,
CASE-0174,AI antichrist,Peter Thiel,wikipedia_article_links,https://en.wikipedia.org/wiki/Valar_Ventures,en.wikipedia.org,wikipedia_internal,13,Valar Ventures,
CASE-0174,AI antichrist,Peter Thiel,wikipedia_article_links,https://en.wikipedia.org/wiki/Mithril_Capital,en.wikipedia.org,wikipedia_internal,14,Mithril Capital,
CASE-0174,AI antichrist,Peter Thiel,wikipedia_article_links,https://en.wikipedia.org/wiki/Republican_Party_(United_States),en.wikipedia.org,wikipedia_internal,15,Republican,
CASE-0174,AI antichrist,Peter Thiel,wikipedia_article_links,https://en.wikipedia.org/wiki/Matt_Danzeisen,en.wikipedia.org,wikipedia_internal,16,Matt Danzeisen,
CASE-0174,AI antichrist,Peter Thiel,wikipedia_article_links,https://en.wikipedia.org/wiki/PayPal,en.wikipedia.org,wikipedia_internal,17,PayPal,
CASE-0174,AI antichrist,Peter Thiel,wikipedia_article_links,https://en.wikipedia.org/wiki/Facebook,en.wikipedia.org,wikipedia_internal,18,Facebook,
CASE-0174,AI antichrist,Peter Thiel,wikipedia_article_links,https://en.wikipedia.org/wiki/The_New_York_Times,en.wikipedia.org,wikipedia_internal,19,The New York Times,
CASE-0174,AI antichrist,Peter Thiel,wikipedia_article_links,https://en.wikipedia.org/wiki/South_West_Africa,en.wikipedia.org,wikipedia_internal,20,South West Africa,
CASE-0175,ten kings prophecy,Bible prophecy,wikipedia_search,https://en.wikipedia.org/wiki/Bible_prophecy,en.wikipedia.org,wikipedia_primary,1,Bible prophecy,
CASE-0175,ten kings prophecy,Bible prophecy,wikipedia_article_links,https://en.wikipedia.org/wiki/Bible,en.wikipedia.org,wikipedia_internal,2,Bible,
CASE-0175,ten kings prophecy,Bible prophecy,wikipedia_article_links,https://en.wikipedia.org/wiki/Biblical_canon,en.wikipedia.org,wikipedia_internal,3,Canons,
CASE-0175,ten kings prophecy,Bible prophecy,wikipedia_article_links,https://en.wikipedia.org/wiki/Hebrew_Bible,en.wikipedia.org,wikipedia_internal,4,Tanakh,
CASE-0175,ten kings prophecy,Bible prophecy,wikipedia_article_links,https://en.wikipedia.org/wiki/Torah,en.wikipedia.org,wikipedia_internal,5,Torah,
CASE-0175,ten kings prophecy,Bible prophecy,wikipedia_article_links,https://en.wikipedia.org/wiki/Nevi%27im,en.wikipedia.org,wikipedia_internal,6,Nevi'im,
CASE-0175,ten kings prophecy,Bible prophecy,wikipedia_article_links,https://en.wikipedia.org/wiki/Ketuvim,en.wikipedia.org,wikipedia_internal,7,Ketuvim,
CASE-0175,ten kings prophecy,Bible prophecy,wikipedia_article_links,https://en.wikipedia.org/wiki/Old_Testament,en.wikipedia.org,wikipedia_internal,8,Old Testament,
CASE-0175,ten kings prophecy,Bible prophecy,wikipedia_article_links,https://en.wikipedia.org/wiki/New_Testament,en.wikipedia.org,wikipedia_internal,9,New Testament,
CASE-0175,ten kings prophecy,Bible prophecy,wikipedia_article_links,https://en.wikipedia.org/wiki/Deuterocanonical_books,en.wikipedia.org,wikipedia_internal,10,Deuterocanon,
CASE-0175,ten kings prophecy,Bible prophecy,wikipedia_article_links,https://en.wikipedia.org/wiki/Antilegomena,en.wikipedia.org,wikipedia_internal,11,Antilegomena,
CASE-0175,ten kings prophecy,Bible prophecy,wikipedia_article_links,https://en.wikipedia.org/wiki/Chapters_and_verses_of_the_Bible,en.wikipedia.org,wikipedia_internal,12,Chapters and verses,
CASE-0175,ten kings prophecy,Bible prophecy,wikipedia_article_links,https://en.wikipedia.org/wiki/Biblical_apocrypha,en.wikipedia.org,wikipedia_internal,13,Apocrypha,
CASE-0175,ten kings prophecy,Bible prophecy,wikipedia_article_links,https://en.wikipedia.org/wiki/Jewish_apocrypha,en.wikipedia.org,wikipedia_internal,14,Jewish,
CASE-0175,ten kings prophecy,Bible prophecy,wikipedia_article_links,https://en.wikipedia.org/wiki/New_Testament_apocrypha,en.wikipedia.org,wikipedia_internal,15,NT,
CASE-0175,ten kings prophecy,Bible prophecy,wikipedia_article_links,https://en.wikipedia.org/wiki/Authorship_of_the_Bible,en.wikipedia.org,wikipedia_internal,16,Authorship,
CASE-0175,ten kings prophecy,Bible prophecy,wikipedia_article_links,https://en.wikipedia.org/wiki/Dating_the_Bible,en.wikipedia.org,wikipedia_internal,17,Dating,
CASE-0175,ten kings prophecy,Bible prophecy,wikipedia_article_links,https://en.wikipedia.org/wiki/Development_of_the_Hebrew_Bible_canon,en.wikipedia.org,wikipedia_internal,18,Hebrew canon,
CASE-0175,ten kings prophecy,Bible prophecy,wikipedia_article_links,https://en.wikipedia.org/wiki/Development_of_the_Old_Testament_canon,en.wikipedia.org,wikipedia_internal,19,Old Testament canon,
CASE-0175,ten kings prophecy,Bible prophecy,wikipedia_article_links,https://en.wikipedia.org/wiki/Development_of_the_New_Testament_canon,en.wikipedia.org,wikipedia_internal,20,New Testament canon,
CASE-0176,two state solution prophecy,Hitler's prophecy,wikipedia_search,https://en.wikipedia.org/wiki/Hitler%27s_prophecy,en.wikipedia.org,wikipedia_primary,1,Hitler's prophecy,
CASE-0176,two state solution prophecy,Hitler's prophecy,wikipedia_article_links,https://en.wikipedia.org/wiki/Wochenspruch_der_NSDAP,en.wikipedia.org,wikipedia_internal,2,Wochenspruch der NSDAP,
CASE-0176,two state solution prophecy,Hitler's prophecy,wikipedia_article_links,https://en.wikipedia.org/wiki/Judeo-Bolshevism,en.wikipedia.org,wikipedia_internal,3,Bolshevization of the earth,
CASE-0176,two state solution prophecy,Hitler's prophecy,wikipedia_article_links,https://en.wikipedia.org/wiki/Nazism,en.wikipedia.org,wikipedia_internal,4,Nazism,
CASE-0176,two state solution prophecy,Hitler's prophecy,wikipedia_article_links,https://en.wikipedia.org/wiki/List_of_Nazi_Party_organizations,en.wikipedia.org,wikipedia_internal,5,Organizations,
CASE-0176,two state solution prophecy,Hitler's prophecy,wikipedia_article_links,https://en.wikipedia.org/wiki/Ahnenerbe,en.wikipedia.org,wikipedia_internal,6,Ahnenerbe,
CASE-0176,two state solution prophecy,Hitler's prophecy,wikipedia_article_links,https://en.wikipedia.org/wiki/Artaman_League,en.wikipedia.org,wikipedia_internal,7,Artaman League,
CASE-0176,two state solution prophecy,Hitler's prophecy,wikipedia_article_links,https://en.wikipedia.org/wiki/Gestapo,en.wikipedia.org,wikipedia_internal,8,Geheime Staatspolizei,
CASE-0176,two state solution prophecy,Hitler's prophecy,wikipedia_article_links,https://en.wikipedia.org/wiki/Deutscher_Fichte-Bund,en.wikipedia.org,wikipedia_internal,9,Deutscher Fichte-Bund,
CASE-0176,two state solution prophecy,Hitler's prophecy,wikipedia_article_links,https://en.wikipedia.org/wiki/Deutsches_Jungvolk,en.wikipedia.org,wikipedia_internal,10,Deutsches Jungvolk,
CASE-0176,two state solution prophecy,Hitler's prophecy,wikipedia_article_links,https://en.wikipedia.org/wiki/Franz_Eher_Nachfolger,en.wikipedia.org,wikipedia_internal,11,Franz Eher Nachfolger,
CASE-0176,two state solution prophecy,Hitler's prophecy,wikipedia_article_links,https://en.wikipedia.org/wiki/Hitler_Youth,en.wikipedia.org,wikipedia_internal,12,Hitler Youth,
CASE-0176,two state solution prophecy,Hitler's prophecy,wikipedia_article_links,https://en.wikipedia.org/wiki/League_of_German_Girls,en.wikipedia.org,wikipedia_internal,13,League of German Girls,
CASE-0176,two state solution prophecy,Hitler's prophecy,wikipedia_article_links,https://en.wikipedia.org/wiki/Organisation_Todt,en.wikipedia.org,wikipedia_internal,14,Organisation Todt,
CASE-0176,two state solution prophecy,Hitler's prophecy,wikipedia_article_links,https://en.wikipedia.org/wiki/National_Socialist_German_Doctors%27_League,en.wikipedia.org,wikipedia_internal,15,NSDÄB,
CASE-0176,two state solution prophecy,Hitler's prophecy,wikipedia_article_links,https://en.wikipedia.org/wiki/National_Socialist_German_Students%27_League,en.wikipedia.org,wikipedia_internal,16,NSDStB,
CASE-0176,two state solution prophecy,Hitler's prophecy,wikipedia_article_links,https://en.wikipedia.org/wiki/National_Socialist_League_of_the_Reich_for_Physical_Exercise,en.wikipedia.org,wikipedia_internal,17,NSRL,
CASE-0176,two state solution prophecy,Hitler's prophecy,wikipedia_article_links,https://en.wikipedia.org/wiki/National_Socialist_Flyers_Corps,en.wikipedia.org,wikipedia_internal,18,NSFK,
CASE-0176,two state solution prophecy,Hitler's prophecy,wikipedia_article_links,https://en.wikipedia.org/wiki/National_Socialist_Motor_Corps,en.wikipedia.org,wikipedia_internal,19,NSKK,
CASE-0176,two state solution prophecy,Hitler's prophecy,wikipedia_article_links,https://en.wikipedia.org/wiki/National_Socialist_Women%27s_League,en.wikipedia.org,wikipedia_internal,20,NSF,
CASE-0177,Gog Magog war,Gog and Magog,wikipedia_search,https://en.wikipedia.org/wiki/Gog_and_Magog,en.wikipedia.org,wikipedia_primary,1,Gog and Magog,
CASE-0177,Gog Magog war,Gog and Magog,wikipedia_article_links,https://en.wikipedia.org/wiki/Gogmagog_(giant),en.wikipedia.org,wikipedia_internal,2,Gogmagog,
CASE-0177,Gog Magog war,Gog and Magog,wikipedia_article_links,https://en.wikipedia.org/wiki/Corineus,en.wikipedia.org,wikipedia_internal,3,Corineus,
CASE-0177,Gog Magog war,Gog and Magog,wikipedia_article_links,https://en.wikipedia.org/wiki/Oaks_of_Albion,en.wikipedia.org,wikipedia_internal,4,Oaks of Albion,
CASE-0177,Gog Magog war,Gog and Magog,wikipedia_article_links,https://en.wikipedia.org/wiki/Gog_Magog_Hills,en.wikipedia.org,wikipedia_internal,5,Gog Magog Hills,
CASE-0177,Gog Magog war,Gog and Magog,wikipedia_article_links,https://en.wikipedia.org/wiki/Gog_Magog_(album),en.wikipedia.org,wikipedia_internal,6,Gog Magog (album),
CASE-0177,Gog Magog war,Gog and Magog,wikipedia_article_links,https://en.wikipedia.org/wiki/Gog_(disambiguation),en.wikipedia.org,wikipedia_internal,7,Gog (disambiguation),
CASE-0177,Gog Magog war,Gog and Magog,wikipedia_article_links,https://en.wikipedia.org/wiki/Magog_(disambiguation),en.wikipedia.org,wikipedia_internal,8,Magog (disambiguation),
CASE-0177,Gog Magog war,Gog and Magog,wikipedia_article_links,https://en.wikipedia.org/wiki/Jean_Wauquelin,en.wikipedia.org,wikipedia_internal,9,Jean Wauquelin,
CASE-0177,Gog Magog war,Gog and Magog,wikipedia_article_links,https://en.wikipedia.org/wiki/Hebrew_language,en.wikipedia.org,wikipedia_internal,10,Hebrew,
CASE-0177,Gog Magog war,Gog and Magog,wikipedia_article_links,https://en.wikipedia.org/wiki/Romanization_of_Hebrew,en.wikipedia.org,wikipedia_internal,11,romanized,
CASE-0177,Gog Magog war,Gog and Magog,wikipedia_article_links,https://en.wikipedia.org/wiki/Arabic_language,en.wikipedia.org,wikipedia_internal,12,Arabic,
CASE-0177,Gog Magog war,Gog and Magog,wikipedia_article_links,https://en.wikipedia.org/wiki/Romanization_of_Arabic,en.wikipedia.org,wikipedia_internal,13,romanized,
CASE-0177,Gog Magog war,Gog and Magog,wikipedia_article_links,https://en.wikipedia.org/wiki/Hebrew_Bible,en.wikipedia.org,wikipedia_internal,14,Hebrew Bible,
CASE-0177,Gog Magog war,Gog and Magog,wikipedia_article_links,https://en.wikipedia.org/wiki/New_Testament,en.wikipedia.org,wikipedia_internal,15,New Testament,
CASE-0177,Gog Magog war,Gog and Magog,wikipedia_article_links,https://en.wikipedia.org/wiki/Christian_Bible,en.wikipedia.org,wikipedia_internal,16,Christian Bible,
CASE-0177,Gog Magog war,Gog and Magog,wikipedia_article_links,https://en.wikipedia.org/wiki/Quran,en.wikipedia.org,wikipedia_internal,17,Quran,
CASE-0177,Gog Magog war,Gog and Magog,wikipedia_article_links,https://en.wikipedia.org/wiki/Ezekiel_38,en.wikipedia.org,wikipedia_internal,18,Ezekiel 38,
CASE-0177,Gog Magog war,Gog and Magog,wikipedia_article_links,https://en.wikipedia.org/wiki/Revelation_20,en.wikipedia.org,wikipedia_internal,19,Revelation 20,
CASE-0177,Gog Magog war,Gog and Magog,wikipedia_article_links,https://en.wikipedia.org/wiki/Jewish_Christianity,en.wikipedia.org,wikipedia_internal,20,Jewish-Christian,
CASE-0178,millennial reign,Premillennialism,wikipedia_search,https://en.wikipedia.org/wiki/Premillennialism,en.wikipedia.org,wikipedia_primary,1,Premillennialism,
CASE-0178,millennial reign,Premillennialism,wikipedia_article_links,https://en.wikipedia.org/wiki/Millenarianism,en.wikipedia.org,wikipedia_internal,2,Millenarianism,
CASE-0178,millennial reign,Premillennialism,wikipedia_article_links,https://en.wikipedia.org/wiki/Christian_eschatology,en.wikipedia.org,wikipedia_internal,3,Christian eschatology,
CASE-0178,millennial reign,Premillennialism,wikipedia_article_links,https://en.wikipedia.org/wiki/Historicism_(Christianity),en.wikipedia.org,wikipedia_internal,4,Historicism,
CASE-0178,millennial reign,Premillennialism,wikipedia_article_links,https://en.wikipedia.org/wiki/Historicist_interpretations_of_the_Book_of_Revelation,en.wikipedia.org,wikipedia_internal,5,Interpretations of Revelation,
CASE-0178,millennial reign,Premillennialism,wikipedia_article_links,https://en.wikipedia.org/wiki/Futurism_(Christianity),en.wikipedia.org,wikipedia_internal,6,Futurism,
CASE-0178,millennial reign,Premillennialism,wikipedia_article_links,https://en.wikipedia.org/wiki/Dispensationalism,en.wikipedia.org,wikipedia_internal,7,Dispensationalism,
CASE-0178,millennial reign,Premillennialism,wikipedia_article_links,https://en.wikipedia.org/wiki/Preterism,en.wikipedia.org,wikipedia_internal,8,Preterism,
CASE-0178,millennial reign,Premillennialism,wikipedia_article_links,https://en.wikipedia.org/wiki/Idealism_(Christian_eschatology),en.wikipedia.org,wikipedia_internal,9,Idealism,
CASE-0178,millennial reign,Premillennialism,wikipedia_article_links,https://en.wikipedia.org/wiki/Millennialism,en.wikipedia.org,wikipedia_internal,10,The Millennium,
CASE-0178,millennial reign,Premillennialism,wikipedia_article_links,https://en.wikipedia.org/wiki/Amillennialism,en.wikipedia.org,wikipedia_internal,11,Amillennialism,
CASE-0178,millennial reign,Premillennialism,wikipedia_article_links,https://en.wikipedia.org/wiki/Postmillennialism,en.wikipedia.org,wikipedia_internal,12,Postmillennialism,
CASE-0178,millennial reign,Premillennialism,wikipedia_article_links,https://en.wikipedia.org/wiki/Posttribulation_rapture,en.wikipedia.org,wikipedia_internal,13,Posttribulation rapture,
CASE-0178,millennial reign,Premillennialism,wikipedia_article_links,https://en.wikipedia.org/wiki/Book_of_Daniel,en.wikipedia.org,wikipedia_internal,14,Daniel,
CASE-0178,millennial reign,Premillennialism,wikipedia_article_links,https://en.wikipedia.org/wiki/Prophecy_of_Seventy_Weeks,en.wikipedia.org,wikipedia_internal,15,Seventy Weeks,
CASE-0178,millennial reign,Premillennialism,wikipedia_article_links,https://en.wikipedia.org/wiki/Synoptic_Gospels,en.wikipedia.org,wikipedia_internal,16,Synoptic Gospels,
CASE-0178,millennial reign,Premillennialism,wikipedia_article_links,https://en.wikipedia.org/wiki/Olivet_Discourse,en.wikipedia.org,wikipedia_internal,17,Olivet Discourse,
CASE-0178,millennial reign,Premillennialism,wikipedia_article_links,https://en.wikipedia.org/wiki/Mark_13,en.wikipedia.org,wikipedia_internal,18,Mark 13,
CASE-0178,millennial reign,Premillennialism,wikipedia_article_links,https://en.wikipedia.org/wiki/Matthew_24,en.wikipedia.org,wikipedia_internal,19,Matthew 24,
CASE-0178,millennial reign,Premillennialism,wikipedia_article_links,https://en.wikipedia.org/wiki/The_Sheep_and_the_Goats,en.wikipedia.org,wikipedia_internal,20,Sheep and Goats,
CASE-0179,seal judgments,Seven seals,wikipedia_search,https://en.wikipedia.org/wiki/Seven_seals,en.wikipedia.org,wikipedia_primary,1,Seven seals,
CASE-0179,seal judgments,Seven seals,wikipedia_article_links,https://en.wikipedia.org/wiki/Seven_seals_(disambiguation),en.wikipedia.org,wikipedia_internal,2,Seven seals (disambiguation),
CASE-0179,seal judgments,Seven seals,wikipedia_article_links,https://en.wikipedia.org/wiki/Lamb_of_God,en.wikipedia.org,wikipedia_internal,3,Lamb,
CASE-0179,seal judgments,Seven seals,wikipedia_article_links,https://en.wikipedia.org/wiki/Seal_(emblem)#Impression,en.wikipedia.org,wikipedia_internal,4,seals,
CASE-0179,seal judgments,Seven seals,wikipedia_article_links,https://en.wikipedia.org/wiki/Greek_language,en.wikipedia.org,wikipedia_internal,5,Greek,
CASE-0179,seal judgments,Seven seals,wikipedia_article_links,https://en.wikipedia.org/wiki/Book_of_Revelation,en.wikipedia.org,wikipedia_internal,6,Book of Revelation,
CASE-0179,seal judgments,Seven seals,wikipedia_article_links,https://en.wikipedia.org/wiki/Four_Horsemen_of_the_Apocalypse,en.wikipedia.org,wikipedia_internal,7,Four Horsemen,
CASE-0179,seal judgments,Seven seals,wikipedia_article_links,https://en.wikipedia.org/wiki/Martyrs,en.wikipedia.org,wikipedia_internal,8,martyrs,
CASE-0179,seal judgments,Seven seals,wikipedia_article_links,https://en.wikipedia.org/wiki/Plague_(disease),en.wikipedia.org,wikipedia_internal,9,plagues,
CASE-0179,seal judgments,Seven seals,wikipedia_article_links,https://en.wikipedia.org/wiki/Storms,en.wikipedia.org,wikipedia_internal,10,storms,
CASE-0179,seal judgments,Seven seals,wikipedia_article_links,https://en.wikipedia.org/wiki/Seven_trumpets,en.wikipedia.org,wikipedia_internal,11,seven angelic trumpeters,
CASE-0179,seal judgments,Seven seals,wikipedia_article_links,https://en.wikipedia.org/wiki/Seven_bowls,en.wikipedia.org,wikipedia_internal,12,seven bowl,
CASE-0179,seal judgments,Seven seals,wikipedia_article_links,https://en.wikipedia.org/wiki/Julius_Schnorr_von_Carolsfeld,en.wikipedia.org,wikipedia_internal,13,Julius Schnorr von Carolsfeld,
CASE-0179,seal judgments,Seven seals,wikipedia_article_links,https://en.wikipedia.org/wiki/Christian_eschatology,en.wikipedia.org,wikipedia_internal,14,Christian eschatology,
CASE-0179,seal judgments,Seven seals,wikipedia_article_links,https://en.wikipedia.org/wiki/Historicism_(Christianity),en.wikipedia.org,wikipedia_internal,15,Historicism,
CASE-0179,seal judgments,Seven seals,wikipedia_article_links,https://en.wikipedia.org/wiki/Historicist_interpretations_of_the_Book_of_Revelation,en.wikipedia.org,wikipedia_internal,16,Interpretations of Revelation,
CASE-0179,seal judgments,Seven seals,wikipedia_article_links,https://en.wikipedia.org/wiki/Futurism_(Christianity),en.wikipedia.org,wikipedia_internal,17,Futurism,
CASE-0179,seal judgments,Seven seals,wikipedia_article_links,https://en.wikipedia.org/wiki/Dispensationalism,en.wikipedia.org,wikipedia_internal,18,Dispensationalism,
CASE-0179,seal judgments,Seven seals,wikipedia_article_links,https://en.wikipedia.org/wiki/Preterism,en.wikipedia.org,wikipedia_internal,19,Preterism,
CASE-0179,seal judgments,Seven seals,wikipedia_article_links,https://en.wikipedia.org/wiki/Idealism_(Christian_eschatology),en.wikipedia.org,wikipedia_internal,20,Idealism,
CASE-0180,trumpet judgments,Events of Revelation,wikipedia_search,https://en.wikipedia.org/wiki/Events_of_Revelation,en.wikipedia.org,wikipedia_primary,1,Events of Revelation,
CASE-0180,trumpet judgments,Events of Revelation,wikipedia_article_links,https://en.wikipedia.org/wiki/Christian_eschatology,en.wikipedia.org,wikipedia_internal,2,Christian eschatology,
CASE-0180,trumpet judgments,Events of Revelation,wikipedia_article_links,https://en.wikipedia.org/wiki/Historicism_(Christianity),en.wikipedia.org,wikipedia_internal,3,Historicism,
CASE-0180,trumpet judgments,Events of Revelation,wikipedia_article_links,https://en.wikipedia.org/wiki/Historicist_interpretations_of_the_Book_of_Revelation,en.wikipedia.org,wikipedia_internal,4,Interpretations of Revelation,
CASE-0180,trumpet judgments,Events of Revelation,wikipedia_article_links,https://en.wikipedia.org/wiki/Futurism_(Christianity),en.wikipedia.org,wikipedia_internal,5,Futurism,
CASE-0180,trumpet judgments,Events of Revelation,wikipedia_article_links,https://en.wikipedia.org/wiki/Dispensationalism,en.wikipedia.org,wikipedia_internal,6,Dispensationalism,
CASE-0180,trumpet judgments,Events of Revelation,wikipedia_article_links,https://en.wikipedia.org/wiki/Preterism,en.wikipedia.org,wikipedia_internal,7,Preterism,
CASE-0180,trumpet judgments,Events of Revelation,wikipedia_article_links,https://en.wikipedia.org/wiki/Idealism_(Christian_eschatology),en.wikipedia.org,wikipedia_internal,8,Idealism,
CASE-0180,trumpet judgments,Events of Revelation,wikipedia_article_links,https://en.wikipedia.org/wiki/Millennialism,en.wikipedia.org,wikipedia_internal,9,The Millennium,
CASE-0180,trumpet judgments,Events of Revelation,wikipedia_article_links,https://en.wikipedia.org/wiki/Amillennialism,en.wikipedia.org,wikipedia_internal,10,Amillennialism,
CASE-0180,trumpet judgments,Events of Revelation,wikipedia_article_links,https://en.wikipedia.org/wiki/Postmillennialism,en.wikipedia.org,wikipedia_internal,11,Postmillennialism,
CASE-0180,trumpet judgments,Events of Revelation,wikipedia_article_links,https://en.wikipedia.org/wiki/Premillennialism,en.wikipedia.org,wikipedia_internal,12,Premillennialism,
CASE-0180,trumpet judgments,Events of Revelation,wikipedia_article_links,https://en.wikipedia.org/wiki/Posttribulation_rapture,en.wikipedia.org,wikipedia_internal,13,Posttribulation rapture,
CASE-0180,trumpet judgments,Events of Revelation,wikipedia_article_links,https://en.wikipedia.org/wiki/Book_of_Daniel,en.wikipedia.org,wikipedia_internal,14,Daniel,
CASE-0180,trumpet judgments,Events of Revelation,wikipedia_article_links,https://en.wikipedia.org/wiki/Prophecy_of_Seventy_Weeks,en.wikipedia.org,wikipedia_internal,15,Seventy Weeks,
CASE-0180,trumpet judgments,Events of Revelation,wikipedia_article_links,https://en.wikipedia.org/wiki/Synoptic_Gospels,en.wikipedia.org,wikipedia_internal,16,Synoptic Gospels,
CASE-0180,trumpet judgments,Events of Revelation,wikipedia_article_links,https://en.wikipedia.org/wiki/Olivet_Discourse,en.wikipedia.org,wikipedia_internal,17,Olivet Discourse,
CASE-0180,trumpet judgments,Events of Revelation,wikipedia_article_links,https://en.wikipedia.org/wiki/Mark_13,en.wikipedia.org,wikipedia_internal,18,Mark 13,
CASE-0180,trumpet judgments,Events of Revelation,wikipedia_article_links,https://en.wikipedia.org/wiki/Matthew_24,en.wikipedia.org,wikipedia_internal,19,Matthew 24,
CASE-0180,trumpet judgments,Events of Revelation,wikipedia_article_links,https://en.wikipedia.org/wiki/The_Sheep_and_the_Goats,en.wikipedia.org,wikipedia_internal,20,Sheep and Goats,
CASE-0181,Event 201,Johns Hopkins Center for Health Security,wikipedia_search,https://en.wikipedia.org/wiki/Johns_Hopkins_Center_for_Health_Security,en.wikipedia.org,wikipedia_primary,1,Johns Hopkins Center for Health Security,
CASE-0181,Event 201,Johns Hopkins Center for Health Security,wikipedia_article_links,https://en.wikipedia.org/wiki/D._A._Henderson,en.wikipedia.org,wikipedia_internal,2,D. A. Henderson,
CASE-0181,Event 201,Johns Hopkins Center for Health Security,wikipedia_article_links,https://en.wikipedia.org/wiki/Think_tank,en.wikipedia.org,wikipedia_internal,3,Think tank,
CASE-0181,Event 201,Johns Hopkins Center for Health Security,wikipedia_article_links,https://en.wikipedia.org/wiki/Baltimore,en.wikipedia.org,wikipedia_internal,4,Baltimore,
CASE-0181,Event 201,Johns Hopkins Center for Health Security,wikipedia_article_links,https://en.wikipedia.org/wiki/Maryland,en.wikipedia.org,wikipedia_internal,5,Maryland,
CASE-0181,Event 201,Johns Hopkins Center for Health Security,wikipedia_article_links,https://en.wikipedia.org/wiki/United_States_of_America,en.wikipedia.org,wikipedia_internal,6,United States of America,
CASE-0181,Event 201,Johns Hopkins Center for Health Security,wikipedia_article_links,https://en.wikipedia.org/wiki/Tom_Inglesby,en.wikipedia.org,wikipedia_internal,7,Tom Inglesby,
CASE-0181,Event 201,Johns Hopkins Center for Health Security,wikipedia_article_links,https://en.wikipedia.org/wiki/Tara_O%27Toole,en.wikipedia.org,wikipedia_internal,8,Tara O'Toole,
CASE-0181,Event 201,Johns Hopkins Center for Health Security,wikipedia_article_links,https://en.wikipedia.org/wiki/Caitlin_Rivers,en.wikipedia.org,wikipedia_internal,9,Caitlin Rivers,
CASE-0181,Event 201,Johns Hopkins Center for Health Security,wikipedia_article_links,https://en.wikipedia.org/wiki/Tara_Kirk,en.wikipedia.org,wikipedia_internal,10,Tara Kirk,
CASE-0181,Event 201,Johns Hopkins Center for Health Security,wikipedia_article_links,https://en.wikipedia.org/wiki/Crystal_Watson,en.wikipedia.org,wikipedia_internal,11,Crystal Watson,
CASE-0181,Event 201,Johns Hopkins Center for Health Security,wikipedia_article_links,https://en.wikipedia.org/wiki/Alexandra_Phelan,en.wikipedia.org,wikipedia_internal,12,Alexandra Phelan,
CASE-0181,Event 201,Johns Hopkins Center for Health Security,wikipedia_article_links,https://en.wikipedia.org/wiki/Johns_Hopkins_Bloomberg_School_of_Public_Health,en.wikipedia.org,wikipedia_internal,13,Johns Hopkins Bloomberg School of Public Health,
CASE-0181,Event 201,Johns Hopkins Center for Health Security,wikipedia_article_links,https://en.wikipedia.org/wiki/Nonprofit_organization,en.wikipedia.org,wikipedia_internal,14,nonprofit organization,
CASE-0181,Event 201,Johns Hopkins Center for Health Security,wikipedia_article_links,https://en.wikipedia.org/wiki/Johns_Hopkins_University,en.wikipedia.org,wikipedia_internal,15,Johns Hopkins University,
CASE-0181,Event 201,Johns Hopkins Center for Health Security,wikipedia_article_links,https://en.wikipedia.org/wiki/World_Health_Organization,en.wikipedia.org,wikipedia_internal,16,World Health Organization,
CASE-0181,Event 201,Johns Hopkins Center for Health Security,wikipedia_article_links,https://en.wikipedia.org/wiki/Pan_American_Health_Organization,en.wikipedia.org,wikipedia_internal,17,Pan American Health Organization,
CASE-0181,Event 201,Johns Hopkins Center for Health Security,wikipedia_article_links,https://en.wikipedia.org/wiki/United_States_Government,en.wikipedia.org,wikipedia_internal,18,United States Government,
CASE-0181,Event 201,Johns Hopkins Center for Health Security,wikipedia_article_links,https://en.wikipedia.org/wiki/European_Union,en.wikipedia.org,wikipedia_internal,19,European Union,
CASE-0181,Event 201,Johns Hopkins Center for Health Security,wikipedia_article_links,https://en.wikipedia.org/wiki/Biological_Weapons_Convention,en.wikipedia.org,wikipedia_internal,20,Biological Weapons Convention,
CASE-0182,Gain of function research,Gain-of-function research,wikipedia_search,https://en.wikipedia.org/wiki/Gain-of-function_research,en.wikipedia.org,wikipedia_primary,1,Gain-of-function research,
CASE-0182,Gain of function research,Gain-of-function research,wikipedia_article_links,https://en.wikipedia.org/wiki/Medical_research,en.wikipedia.org,wikipedia_internal,2,medical research,
CASE-0182,Gain of function research,Gain-of-function research,wikipedia_article_links,https://en.wikipedia.org/wiki/Function_(biology),en.wikipedia.org,wikipedia_internal,3,biological functions,
CASE-0182,Gain of function research,Gain-of-function research,wikipedia_article_links,https://en.wikipedia.org/wiki/Gene_product,en.wikipedia.org,wikipedia_internal,4,gene products,
CASE-0182,Gain of function research,Gain-of-function research,wikipedia_article_links,https://en.wikipedia.org/wiki/Pathogenesis,en.wikipedia.org,wikipedia_internal,5,pathogenesis,
CASE-0182,Gain of function research,Gain-of-function research,wikipedia_article_links,https://en.wikipedia.org/wiki/Transmission_(medicine),en.wikipedia.org,wikipedia_internal,6,transmissibility,
CASE-0182,Gain of function research,Gain-of-function research,wikipedia_article_links,https://en.wikipedia.org/wiki/Host_tropism,en.wikipedia.org,wikipedia_internal,7,host range,
CASE-0182,Gain of function research,Gain-of-function research,wikipedia_article_links,https://en.wikipedia.org/wiki/Microorganism,en.wikipedia.org,wikipedia_internal,8,microorganism,
CASE-0182,Gain of function research,Gain-of-function research,wikipedia_article_links,https://en.wikipedia.org/wiki/Emerging_infectious_disease,en.wikipedia.org,wikipedia_internal,9,emerging infectious diseases,
CASE-0182,Gain of function research,Gain-of-function research,wikipedia_article_links,https://en.wikipedia.org/wiki/Vaccines,en.wikipedia.org,wikipedia_internal,10,vaccines,
CASE-0182,Gain of function research,Gain-of-function research,wikipedia_article_links,https://en.wikipedia.org/wiki/Therapeutics,en.wikipedia.org,wikipedia_internal,11,therapeutics,
CASE-0182,Gain of function research,Gain-of-function research,wikipedia_article_links,https://en.wikipedia.org/wiki/Influenza_B_virus,en.wikipedia.org,wikipedia_internal,12,influenza B,
CASE-0182,Gain of function research,Gain-of-function research,wikipedia_article_links,https://en.wikipedia.org/wiki/Mutation#By_effect_on_function,en.wikipedia.org,wikipedia_internal,13,a mutation,
CASE-0182,Gain of function research,Gain-of-function research,wikipedia_article_links,https://en.wikipedia.org/wiki/Virology,en.wikipedia.org,wikipedia_internal,14,virology,
CASE-0182,Gain of function research,Gain-of-function research,wikipedia_article_links,https://en.wikipedia.org/wiki/Pandemic,en.wikipedia.org,wikipedia_internal,15,pandemics,
CASE-0182,Gain of function research,Gain-of-function research,wikipedia_article_links,https://en.wikipedia.org/wiki/Select_agent,en.wikipedia.org,wikipedia_internal,16,select agent,
CASE-0182,Gain of function research,Gain-of-function research,wikipedia_article_links,https://en.wikipedia.org/wiki/Biosafety,en.wikipedia.org,wikipedia_internal,17,biosafety,
CASE-0182,Gain of function research,Gain-of-function research,wikipedia_article_links,https://en.wikipedia.org/wiki/Biosecurity,en.wikipedia.org,wikipedia_internal,18,biosecurity,
CASE-0182,Gain of function research,Gain-of-function research,wikipedia_article_links,https://en.wikipedia.org/wiki/Dual-use_technology,en.wikipedia.org,wikipedia_internal,19,dual use,
CASE-0182,Gain of function research,Gain-of-function research,wikipedia_article_links,https://en.wikipedia.org/wiki/National_Institutes_of_Health,en.wikipedia.org,wikipedia_internal,20,NIH,
CASE-0183,USS Pueblo,USS Pueblo (AGER-2),wikipedia_search,https://en.wikipedia.org/wiki/USS_Pueblo_%28AGER-2%29,en.wikipedia.org,wikipedia_primary,1,USS Pueblo (AGER-2),
CASE-0183,USS Pueblo,USS Pueblo (AGER-2),wikipedia_article_links,https://en.wikipedia.org/wiki/USS_Pueblo,en.wikipedia.org,wikipedia_internal,2,USS Pueblo,
CASE-0183,USS Pueblo,USS Pueblo (AGER-2),wikipedia_article_links,"https://en.wikipedia.org/wiki/Pueblo,_Colorado",en.wikipedia.org,wikipedia_internal,3,"Pueblo, Colorado",
CASE-0183,USS Pueblo,USS Pueblo (AGER-2),wikipedia_article_links,"https://en.wikipedia.org/wiki/Pueblo_County,_Colorado",en.wikipedia.org,wikipedia_internal,4,"Pueblo County, Colorado",
CASE-0183,USS Pueblo,USS Pueblo (AGER-2),wikipedia_article_links,https://en.wikipedia.org/wiki/North_Korea,en.wikipedia.org,wikipedia_internal,5,North Korea,
CASE-0183,USS Pueblo,USS Pueblo (AGER-2),wikipedia_article_links,https://en.wikipedia.org/wiki/Camano-class_cargo_ship,en.wikipedia.org,wikipedia_internal,6,Camano-class cargo ship,
CASE-0183,USS Pueblo,USS Pueblo (AGER-2),wikipedia_article_links,https://en.wikipedia.org/wiki/Banner-class_environmental_research_ship,en.wikipedia.org,wikipedia_internal,7,Banner -class,
CASE-0183,USS Pueblo,USS Pueblo (AGER-2),wikipedia_article_links,https://en.wikipedia.org/wiki/Environmental_research_ship,en.wikipedia.org,wikipedia_internal,8,environmental research ship,
CASE-0183,USS Pueblo,USS Pueblo (AGER-2),wikipedia_article_links,https://en.wikipedia.org/wiki/Dead_weight_tonnage,en.wikipedia.org,wikipedia_internal,9,dwt,
CASE-0183,USS Pueblo,USS Pueblo (AGER-2),wikipedia_article_links,https://en.wikipedia.org/wiki/M2_Browning,en.wikipedia.org,wikipedia_internal,10,M2 Browning,
CASE-0183,USS Pueblo,USS Pueblo (AGER-2),wikipedia_article_links,https://en.wikipedia.org/wiki/Technical_research_ship,en.wikipedia.org,wikipedia_internal,11,technical research ship,
CASE-0183,USS Pueblo,USS Pueblo (AGER-2),wikipedia_article_links,https://en.wikipedia.org/wiki/World_War_II,en.wikipedia.org,wikipedia_internal,12,World War II,
CASE-0183,USS Pueblo,USS Pueblo (AGER-2),wikipedia_article_links,https://en.wikipedia.org/wiki/Spy_ship,en.wikipedia.org,wikipedia_internal,13,spy ship,
CASE-0183,USS Pueblo,USS Pueblo (AGER-2),wikipedia_article_links,https://en.wikipedia.org/wiki/United_States_Navy,en.wikipedia.org,wikipedia_internal,14,United States Navy,
CASE-0183,USS Pueblo,USS Pueblo (AGER-2),wikipedia_article_links,https://en.wikipedia.org/wiki/Military_intelligence,en.wikipedia.org,wikipedia_internal,15,intelligence,
CASE-0183,USS Pueblo,USS Pueblo (AGER-2),wikipedia_article_links,https://en.wikipedia.org/wiki/Oceanographic,en.wikipedia.org,wikipedia_internal,16,oceanographic,
CASE-0183,USS Pueblo,USS Pueblo (AGER-2),wikipedia_article_links,https://en.wikipedia.org/wiki/Lyndon_B._Johnson,en.wikipedia.org,wikipedia_internal,17,Lyndon B. Johnson,
CASE-0183,USS Pueblo,USS Pueblo (AGER-2),wikipedia_article_links,https://en.wikipedia.org/wiki/State_of_the_Union,en.wikipedia.org,wikipedia_internal,18,State of the Union,
CASE-0183,USS Pueblo,USS Pueblo (AGER-2),wikipedia_article_links,https://en.wikipedia.org/wiki/United_States_Congress,en.wikipedia.org,wikipedia_internal,19,United States Congress,
CASE-0183,USS Pueblo,USS Pueblo (AGER-2),wikipedia_article_links,https://en.wikipedia.org/wiki/Tet_Offensive,en.wikipedia.org,wikipedia_internal,20,Tet Offensive,
CASE-0184,Havana Syndrome,Havana syndrome,wikipedia_search,https://en.wikipedia.org/wiki/Havana_syndrome,en.wikipedia.org,wikipedia_primary,1,Havana syndrome,
CASE-0184,Havana Syndrome,Havana syndrome,wikipedia_article_links,https://en.wikipedia.org/wiki/Hotel_Nacional_de_Cuba,en.wikipedia.org,wikipedia_internal,2,Hotel Nacional,
CASE-0184,Havana Syndrome,Havana syndrome,wikipedia_article_links,https://en.wikipedia.org/wiki/Havana,en.wikipedia.org,wikipedia_internal,3,Havana,
CASE-0184,Havana Syndrome,Havana syndrome,wikipedia_article_links,https://en.wikipedia.org/wiki/Cause_(medicine),en.wikipedia.org,wikipedia_internal,4,Causes,
CASE-0184,Havana Syndrome,Havana syndrome,wikipedia_article_links,https://en.wikipedia.org/wiki/Mass_psychogenic_illness,en.wikipedia.org,wikipedia_internal,5,Mass psychogenic illness,
CASE-0184,Havana Syndrome,Havana syndrome,wikipedia_article_links,https://en.wikipedia.org/wiki/Eponym,en.wikipedia.org,wikipedia_internal,6,Named after,
CASE-0184,Havana Syndrome,Havana syndrome,wikipedia_article_links,https://en.wikipedia.org/wiki/Cognitive_impairment,en.wikipedia.org,wikipedia_internal,7,cognitive problems,
CASE-0184,Havana Syndrome,Havana syndrome,wikipedia_article_links,https://en.wikipedia.org/wiki/Balance_disorder,en.wikipedia.org,wikipedia_internal,8,balance problems,
CASE-0184,Havana Syndrome,Havana syndrome,wikipedia_article_links,https://en.wikipedia.org/wiki/Behavioral_Analysis_Unit,en.wikipedia.org,wikipedia_internal,9,Behavioral Analysis Unit,
CASE-0184,Havana Syndrome,Havana syndrome,wikipedia_article_links,https://en.wikipedia.org/wiki/JASON_(advisory_group),en.wikipedia.org,wikipedia_internal,10,JASON,
CASE-0184,Havana Syndrome,Havana syndrome,wikipedia_article_links,https://en.wikipedia.org/wiki/Centers_for_Disease_Control,en.wikipedia.org,wikipedia_internal,11,Centers for Disease Control,
CASE-0184,Havana Syndrome,Havana syndrome,wikipedia_article_links,https://en.wikipedia.org/wiki/Department_of_Defense,en.wikipedia.org,wikipedia_internal,12,Department of Defense,
CASE-0184,Havana Syndrome,Havana syndrome,wikipedia_article_links,https://en.wikipedia.org/wiki/Central_Intelligence_Agency,en.wikipedia.org,wikipedia_internal,13,Central Intelligence Agency,
CASE-0184,Havana Syndrome,Havana syndrome,wikipedia_article_links,"https://en.wikipedia.org/wiki/National_Academies_of_Sciences,_Engineering,_and_Medicine",en.wikipedia.org,wikipedia_internal,14,"National Academies of Sciences, Engineering, and Medicine",
CASE-0184,Havana Syndrome,Havana syndrome,wikipedia_article_links,https://en.wikipedia.org/wiki/Cuban_Academy_of_Sciences,en.wikipedia.org,wikipedia_internal,15,Cuban Academy of Sciences,
CASE-0184,Havana Syndrome,Havana syndrome,wikipedia_article_links,https://en.wikipedia.org/wiki/Office_of_the_Director_of_National_Intelligence,en.wikipedia.org,wikipedia_internal,16,Office of the Director of National Intelligence,
CASE-0184,Havana Syndrome,Havana syndrome,wikipedia_article_links,https://en.wikipedia.org/wiki/National_Institutes_of_Health_Clinical_Center,en.wikipedia.org,wikipedia_internal,17,National Institutes of Health,
CASE-0184,Havana Syndrome,Havana syndrome,wikipedia_article_links,https://en.wikipedia.org/wiki/Directed-energy_weapons,en.wikipedia.org,wikipedia_internal,18,directed-energy weapons,
CASE-0184,Havana Syndrome,Havana syndrome,wikipedia_article_links,https://en.wikipedia.org/wiki/International_Classification_of_Diseases,en.wikipedia.org,wikipedia_internal,19,International Classification of Diseases,
CASE-0184,Havana Syndrome,Havana syndrome,wikipedia_article_links,https://en.wikipedia.org/wiki/Acute_(medicine),en.wikipedia.org,wikipedia_internal,20,acute,
CASE-0185,alien abduction,Alien abduction,wikipedia_search,https://en.wikipedia.org/wiki/Alien_abduction,en.wikipedia.org,wikipedia_primary,1,Alien abduction,
CASE-0185,alien abduction,Alien abduction,wikipedia_article_links,https://en.wikipedia.org/wiki/Extraterritorial_abduction,en.wikipedia.org,wikipedia_internal,2,Extraterritorial abduction,
CASE-0185,alien abduction,Alien abduction,wikipedia_article_links,https://en.wikipedia.org/wiki/UFO_Abduction_(film),en.wikipedia.org,wikipedia_internal,3,UFO Abduction (film),
CASE-0185,alien abduction,Alien abduction,wikipedia_article_links,https://en.wikipedia.org/wiki/Alien_abduction_(disambiguation),en.wikipedia.org,wikipedia_internal,4,Alien abduction (disambiguation),
CASE-0185,alien abduction,Alien abduction,wikipedia_article_links,https://en.wikipedia.org/wiki/Tractor_beam,en.wikipedia.org,wikipedia_internal,5,tractor beam,
CASE-0185,alien abduction,Alien abduction,wikipedia_article_links,https://en.wikipedia.org/wiki/Unidentified_flying_object,en.wikipedia.org,wikipedia_internal,6,UFOs,
CASE-0185,alien abduction,Alien abduction,wikipedia_article_links,https://en.wikipedia.org/wiki/Ufology,en.wikipedia.org,wikipedia_internal,7,ufology,
CASE-0185,alien abduction,Alien abduction,wikipedia_article_links,https://en.wikipedia.org/wiki/List_of_reported_UFO_sightings,en.wikipedia.org,wikipedia_internal,8,Notable sightings,
CASE-0185,alien abduction,Alien abduction,wikipedia_article_links,https://en.wikipedia.org/wiki/1947_flying_disc_craze,en.wikipedia.org,wikipedia_internal,9,1947 wave,
CASE-0185,alien abduction,Alien abduction,wikipedia_article_links,"https://en.wikipedia.org/wiki/1952_Washington,_D.C._UFO_incident",en.wikipedia.org,wikipedia_internal,10,1952 flap,
CASE-0185,alien abduction,Alien abduction,wikipedia_article_links,https://en.wikipedia.org/wiki/Barney_and_Betty_Hill_incident,en.wikipedia.org,wikipedia_internal,11,Barney and Betty Hill,
CASE-0185,alien abduction,Alien abduction,wikipedia_article_links,https://en.wikipedia.org/wiki/Belgian_UFO_wave,en.wikipedia.org,wikipedia_internal,12,Belgian wave,
CASE-0185,alien abduction,Alien abduction,wikipedia_article_links,https://en.wikipedia.org/wiki/Calvine_UFO_photograph,en.wikipedia.org,wikipedia_internal,13,Calvine photo,
CASE-0185,alien abduction,Alien abduction,wikipedia_article_links,https://en.wikipedia.org/wiki/Chiles-Whitted_UFO_encounter,en.wikipedia.org,wikipedia_internal,14,Chiles-Whitted,
CASE-0185,alien abduction,Alien abduction,wikipedia_article_links,https://en.wikipedia.org/wiki/Flatwoods_monster,en.wikipedia.org,wikipedia_internal,15,Flatwoods monster,
CASE-0185,alien abduction,Alien abduction,wikipedia_article_links,https://en.wikipedia.org/wiki/Gorman_dogfight,en.wikipedia.org,wikipedia_internal,16,Gorman dogfight,
CASE-0185,alien abduction,Alien abduction,wikipedia_article_links,https://en.wikipedia.org/wiki/Kenneth_Arnold_UFO_sighting,en.wikipedia.org,wikipedia_internal,17,Kenneth Arnold sighting,
CASE-0185,alien abduction,Alien abduction,wikipedia_article_links,https://en.wikipedia.org/wiki/Mantell_UFO_incident,en.wikipedia.org,wikipedia_internal,18,Mantell crash,
CASE-0185,alien abduction,Alien abduction,wikipedia_article_links,https://en.wikipedia.org/wiki/Mariana_UFO_film,en.wikipedia.org,wikipedia_internal,19,Mariana film,
CASE-0185,alien abduction,Alien abduction,wikipedia_article_links,https://en.wikipedia.org/wiki/McMinnville_UFO_photographs,en.wikipedia.org,wikipedia_internal,20,McMinnville photos,
CASE-0186,secret societies list,Secret society,wikipedia_search,https://en.wikipedia.org/wiki/Secret_society,en.wikipedia.org,wikipedia_primary,1,Secret society,
CASE-0186,secret societies list,Secret society,wikipedia_article_links,https://en.wikipedia.org/wiki/Secret_society_(disambiguation),en.wikipedia.org,wikipedia_internal,2,Secret society (disambiguation),
CASE-0186,secret societies list,Secret society,wikipedia_article_links,https://en.wikipedia.org/wiki/Yale_University,en.wikipedia.org,wikipedia_internal,3,Yale College,
CASE-0186,secret societies list,Secret society,wikipedia_article_links,https://en.wikipedia.org/wiki/Alice_Donlevy,en.wikipedia.org,wikipedia_internal,4,Alice Donlevy,
CASE-0186,secret societies list,Secret society,wikipedia_article_links,https://en.wikipedia.org/wiki/Psi_Upsilon,en.wikipedia.org,wikipedia_internal,5,Psi Upsilon,
CASE-0186,secret societies list,Secret society,wikipedia_article_links,https://en.wikipedia.org/wiki/Skull_and_Bones,en.wikipedia.org,wikipedia_internal,6,Skull and Bones,
CASE-0186,secret societies list,Secret society,wikipedia_article_links,https://en.wikipedia.org/wiki/Delta_Kappa_Epsilon,en.wikipedia.org,wikipedia_internal,7,Delta Kappa Epsilon,
CASE-0186,secret societies list,Secret society,wikipedia_article_links,https://en.wikipedia.org/wiki/Scroll_and_Key,en.wikipedia.org,wikipedia_internal,8,Scroll and Key,
CASE-0186,secret societies list,Secret society,wikipedia_article_links,https://en.wikipedia.org/wiki/Organization,en.wikipedia.org,wikipedia_internal,9,organization,
CASE-0186,secret societies list,Secret society,wikipedia_article_links,https://en.wikipedia.org/wiki/Intelligence_agencies,en.wikipedia.org,wikipedia_internal,10,intelligence agencies,
CASE-0186,secret societies list,Secret society,wikipedia_article_links,https://en.wikipedia.org/wiki/Guerrilla_warfare,en.wikipedia.org,wikipedia_internal,11,guerrilla warfare,
CASE-0186,secret societies list,Secret society,wikipedia_article_links,https://en.wikipedia.org/wiki/Brethren_of_Purity,en.wikipedia.org,wikipedia_internal,12,Brethren of Purity,
CASE-0186,secret societies list,Secret society,wikipedia_article_links,https://en.wikipedia.org/wiki/Muslims,en.wikipedia.org,wikipedia_internal,13,Muslim,
CASE-0186,secret societies list,Secret society,wikipedia_article_links,https://en.wikipedia.org/wiki/Philosophy,en.wikipedia.org,wikipedia_internal,14,philosophers,
CASE-0186,secret societies list,Secret society,wikipedia_article_links,https://en.wikipedia.org/wiki/Basra,en.wikipedia.org,wikipedia_internal,15,Basra,
CASE-0186,secret societies list,Secret society,wikipedia_article_links,https://en.wikipedia.org/wiki/Iraq,en.wikipedia.org,wikipedia_internal,16,Iraq,
CASE-0186,secret societies list,Secret society,wikipedia_article_links,https://en.wikipedia.org/wiki/Anthropology,en.wikipedia.org,wikipedia_internal,17,Anthropologically,
CASE-0186,secret societies list,Secret society,wikipedia_article_links,https://en.wikipedia.org/wiki/Historically,en.wikipedia.org,wikipedia_internal,18,historically,
CASE-0186,secret societies list,Secret society,wikipedia_article_links,https://en.wikipedia.org/wiki/M%C3%A4nnerbund,en.wikipedia.org,wikipedia_internal,19,Männerbund,
CASE-0186,secret societies list,Secret society,wikipedia_article_links,https://en.wikipedia.org/wiki/Arnold_van_Gennep,en.wikipedia.org,wikipedia_internal,20,A. Van Gennep,
CASE-0187,Pentagon missing trillions,Military budget of the United States,wikipedia_search,https://en.wikipedia.org/wiki/Military_budget_of_the_United_States,en.wikipedia.org,wikipedia_primary,1,Military budget of the United States,
CASE-0187,Pentagon missing trillions,Military budget of the United States,wikipedia_article_links,https://en.wikipedia.org/wiki/China,en.wikipedia.org,wikipedia_internal,2,China,
CASE-0187,Pentagon missing trillions,Military budget of the United States,wikipedia_article_links,https://en.wikipedia.org/wiki/USSR,en.wikipedia.org,wikipedia_internal,3,USSR,
CASE-0187,Pentagon missing trillions,Military budget of the United States,wikipedia_article_links,https://en.wikipedia.org/wiki/Russia,en.wikipedia.org,wikipedia_internal,4,Russia,
CASE-0187,Pentagon missing trillions,Military budget of the United States,wikipedia_article_links,https://en.wikipedia.org/wiki/Federal_government_of_the_United_States,en.wikipedia.org,wikipedia_internal,5,federal government,
CASE-0187,Pentagon missing trillions,Military budget of the United States,wikipedia_article_links,https://en.wikipedia.org/wiki/Military_budget,en.wikipedia.org,wikipedia_internal,6,military budget,
CASE-0187,Pentagon missing trillions,Military budget of the United States,wikipedia_article_links,https://en.wikipedia.org/wiki/United_States,en.wikipedia.org,wikipedia_internal,7,United States,
CASE-0187,Pentagon missing trillions,Military budget of the United States,wikipedia_article_links,https://en.wikipedia.org/wiki/United_States_federal_budget,en.wikipedia.org,wikipedia_internal,8,federal budget,
CASE-0187,Pentagon missing trillions,Military budget of the United States,wikipedia_article_links,https://en.wikipedia.org/wiki/United_States_Department_of_Defense,en.wikipedia.org,wikipedia_internal,9,Department of Defense,
CASE-0187,Pentagon missing trillions,Military budget of the United States,wikipedia_article_links,https://en.wikipedia.org/wiki/Military_acquisition_in_the_United_States,en.wikipedia.org,wikipedia_internal,10,buys,
CASE-0187,Pentagon missing trillions,Military budget of the United States,wikipedia_article_links,https://en.wikipedia.org/wiki/US_military,en.wikipedia.org,wikipedia_internal,11,US military,
CASE-0187,Pentagon missing trillions,Military budget of the United States,wikipedia_article_links,https://en.wikipedia.org/wiki/United_States_Army,en.wikipedia.org,wikipedia_internal,12,Army,
CASE-0187,Pentagon missing trillions,Military budget of the United States,wikipedia_article_links,https://en.wikipedia.org/wiki/United_States_Navy,en.wikipedia.org,wikipedia_internal,13,Navy,
CASE-0187,Pentagon missing trillions,Military budget of the United States,wikipedia_article_links,https://en.wikipedia.org/wiki/United_States_Marine_Corps,en.wikipedia.org,wikipedia_internal,14,Marine Corps,
CASE-0187,Pentagon missing trillions,Military budget of the United States,wikipedia_article_links,https://en.wikipedia.org/wiki/United_States_Coast_Guard,en.wikipedia.org,wikipedia_internal,15,Coast Guard,
CASE-0187,Pentagon missing trillions,Military budget of the United States,wikipedia_article_links,https://en.wikipedia.org/wiki/United_States_Air_Force,en.wikipedia.org,wikipedia_internal,16,Air Force,
CASE-0187,Pentagon missing trillions,Military budget of the United States,wikipedia_article_links,https://en.wikipedia.org/wiki/United_States_Space_Force,en.wikipedia.org,wikipedia_internal,17,Space Force,
CASE-0187,Pentagon missing trillions,Military budget of the United States,wikipedia_article_links,https://en.wikipedia.org/wiki/Department_of_the_Army,en.wikipedia.org,wikipedia_internal,18,Department of the Army,
CASE-0187,Pentagon missing trillions,Military budget of the United States,wikipedia_article_links,https://en.wikipedia.org/wiki/United_States_Department_of_the_Navy,en.wikipedia.org,wikipedia_internal,19,Department of the Navy,
CASE-0187,Pentagon missing trillions,Military budget of the United States,wikipedia_article_links,https://en.wikipedia.org/wiki/Department_of_the_Air_Force,en.wikipedia.org,wikipedia_internal,20,Department of the Air Force,
CASE-0188,Bohemian Grove owl,Bohemian Grove,wikipedia_search,https://en.wikipedia.org/wiki/Bohemian_Grove,en.wikipedia.org,wikipedia_primary,1,Bohemian Grove,
CASE-0188,Bohemian Grove owl,Bohemian Grove,wikipedia_article_links,"https://en.wikipedia.org/wiki/Monte_Rio,_California",en.wikipedia.org,wikipedia_internal,2,"Monte Rio, California",
CASE-0188,Bohemian Grove owl,Bohemian Grove,wikipedia_article_links,https://en.wikipedia.org/wiki/Bohemian_Club,en.wikipedia.org,wikipedia_internal,3,Bohemian Club,
CASE-0188,Bohemian Grove owl,Bohemian Grove,wikipedia_article_links,https://en.wikipedia.org/wiki/Gentlemen%27s_club,en.wikipedia.org,wikipedia_internal,4,gentlemen's club,
CASE-0188,Bohemian Grove owl,Bohemian Grove,wikipedia_article_links,https://en.wikipedia.org/wiki/Henry_Edwards_(entomologist),en.wikipedia.org,wikipedia_internal,5,"Henry ""Harry"" Edwards",
CASE-0188,Bohemian Grove owl,Bohemian Grove,wikipedia_article_links,https://en.wikipedia.org/wiki/New_York_City,en.wikipedia.org,wikipedia_internal,6,New York City,
CASE-0188,Bohemian Grove owl,Bohemian Grove,wikipedia_article_links,https://en.wikipedia.org/wiki/Bohemianism,en.wikipedia.org,wikipedia_internal,7,Bohemians,
CASE-0188,Bohemian Grove owl,Bohemian Grove,wikipedia_article_links,https://en.wikipedia.org/wiki/Sequoia_sempervirens,en.wikipedia.org,wikipedia_internal,8,redwoods,
CASE-0188,Bohemian Grove owl,Bohemian Grove,wikipedia_article_links,"https://en.wikipedia.org/wiki/Marin_County,_California",en.wikipedia.org,wikipedia_internal,9,Marin County,
CASE-0188,Bohemian Grove owl,Bohemian Grove,wikipedia_article_links,"https://en.wikipedia.org/wiki/Taylorville,_California",en.wikipedia.org,wikipedia_internal,10,Taylorville,
CASE-0188,Bohemian Grove owl,Bohemian Grove,wikipedia_article_links,https://en.wikipedia.org/wiki/Samuel_P._Taylor_State_Park,en.wikipedia.org,wikipedia_internal,11,Samuel P. Taylor State Park,
CASE-0188,Bohemian Grove owl,Bohemian Grove,wikipedia_article_links,"https://en.wikipedia.org/wiki/Sonoma_County,_California",en.wikipedia.org,wikipedia_internal,12,Sonoma,
CASE-0188,Bohemian Grove owl,Bohemian Grove,wikipedia_article_links,https://en.wikipedia.org/wiki/Muir_Woods_National_Monument,en.wikipedia.org,wikipedia_internal,13,Muir Woods,
CASE-0188,Bohemian Grove owl,Bohemian Grove,wikipedia_article_links,"https://en.wikipedia.org/wiki/Duncans_Mills,_California",en.wikipedia.org,wikipedia_internal,14,Duncans Mills,
CASE-0188,Bohemian Grove owl,Bohemian Grove,wikipedia_article_links,https://en.wikipedia.org/wiki/Russian_River_(California),en.wikipedia.org,wikipedia_internal,15,Russian River,
CASE-0188,Bohemian Grove owl,Bohemian Grove,wikipedia_article_links,https://en.wikipedia.org/wiki/William_Henry_Irwin,en.wikipedia.org,wikipedia_internal,16,William Henry Irwin,
CASE-0188,Bohemian Grove owl,Bohemian Grove,wikipedia_article_links,https://en.wikipedia.org/wiki/Manhattan_Project,en.wikipedia.org,wikipedia_internal,17,Manhattan Project,
CASE-0188,Bohemian Grove owl,Bohemian Grove,wikipedia_article_links,https://en.wikipedia.org/wiki/Ernest_Lawrence,en.wikipedia.org,wikipedia_internal,18,Ernest Lawrence,
CASE-0188,Bohemian Grove owl,Bohemian Grove,wikipedia_article_links,https://en.wikipedia.org/wiki/J._Robert_Oppenheimer,en.wikipedia.org,wikipedia_internal,19,J. Robert Oppenheimer,
CASE-0188,Bohemian Grove owl,Bohemian Grove,wikipedia_article_links,https://en.wikipedia.org/wiki/S-1_Executive_Committee,en.wikipedia.org,wikipedia_internal,20,S-1 Executive Committee,
CASE-0189,MH370 conspiracy,Malaysia Airlines Flight 370 disappearance theories,wikipedia_search,https://en.wikipedia.org/wiki/Malaysia_Airlines_Flight_370_disappearance_theories,en.wikipedia.org,wikipedia_primary,1,Malaysia Airlines Flight 370 disappearance theories,
CASE-0189,MH370 conspiracy,Malaysia Airlines Flight 370 disappearance theories,wikipedia_article_links,https://en.wikipedia.org/wiki/Malaysia_Airlines_Flight_370,en.wikipedia.org,wikipedia_internal,2,Malaysia Airlines Flight 370,
CASE-0189,MH370 conspiracy,Malaysia Airlines Flight 370 disappearance theories,wikipedia_article_links,https://en.wikipedia.org/wiki/Search_for_Malaysia_Airlines_Flight_370,en.wikipedia.org,wikipedia_internal,3,Search,
CASE-0189,MH370 conspiracy,Malaysia Airlines Flight 370 disappearance theories,wikipedia_article_links,https://en.wikipedia.org/wiki/Joint_Agency_Coordination_Centre,en.wikipedia.org,wikipedia_internal,4,JACC,
CASE-0189,MH370 conspiracy,Malaysia Airlines Flight 370 disappearance theories,wikipedia_article_links,https://en.wikipedia.org/wiki/Timeline_of_Malaysia_Airlines_Flight_370,en.wikipedia.org,wikipedia_internal,5,Timeline,
CASE-0189,MH370 conspiracy,Malaysia Airlines Flight 370 disappearance theories,wikipedia_article_links,https://en.wikipedia.org/wiki/Malaysia_Airlines_Flight_370_satellite_communications,en.wikipedia.org,wikipedia_internal,6,Satellite communications analysis,
CASE-0189,MH370 conspiracy,Malaysia Airlines Flight 370 disappearance theories,wikipedia_article_links,https://en.wikipedia.org/wiki/Kuala_Lumpur,en.wikipedia.org,wikipedia_internal,7,Kuala Lumpur,
CASE-0189,MH370 conspiracy,Malaysia Airlines Flight 370 disappearance theories,wikipedia_article_links,https://en.wikipedia.org/wiki/Beijing,en.wikipedia.org,wikipedia_internal,8,Beijing,
CASE-0189,MH370 conspiracy,Malaysia Airlines Flight 370 disappearance theories,wikipedia_article_links,https://en.wikipedia.org/wiki/Najib_Razak,en.wikipedia.org,wikipedia_internal,9,Najib Razak,
CASE-0189,MH370 conspiracy,Malaysia Airlines Flight 370 disappearance theories,wikipedia_article_links,https://en.wikipedia.org/wiki/Prime_Minister_of_Malaysia,en.wikipedia.org,wikipedia_internal,10,Malaysia's prime minister,
CASE-0189,MH370 conspiracy,Malaysia Airlines Flight 370 disappearance theories,wikipedia_article_links,https://en.wikipedia.org/wiki/Conspiracy_theories,en.wikipedia.org,wikipedia_internal,11,conspiracy theories,
CASE-0189,MH370 conspiracy,Malaysia Airlines Flight 370 disappearance theories,wikipedia_article_links,"https://en.wikipedia.org/wiki/Goldsmiths,_University_of_London",en.wikipedia.org,wikipedia_internal,12,"Goldsmiths, University of London",
CASE-0189,MH370 conspiracy,Malaysia Airlines Flight 370 disappearance theories,wikipedia_article_links,https://en.wikipedia.org/wiki/Government_of_Malaysia,en.wikipedia.org,wikipedia_internal,13,Malaysian government,
CASE-0189,MH370 conspiracy,Malaysia Airlines Flight 370 disappearance theories,wikipedia_article_links,https://en.wikipedia.org/wiki/Barbara_Demick,en.wikipedia.org,wikipedia_internal,14,Barbara Demick,
CASE-0189,MH370 conspiracy,Malaysia Airlines Flight 370 disappearance theories,wikipedia_article_links,https://en.wikipedia.org/wiki/Los_Angeles_Times,en.wikipedia.org,wikipedia_internal,15,Los Angeles Times,
CASE-0189,MH370 conspiracy,Malaysia Airlines Flight 370 disappearance theories,wikipedia_article_links,https://en.wikipedia.org/wiki/Distress_signal,en.wikipedia.org,wikipedia_internal,16,distress signal,
CASE-0189,MH370 conspiracy,Malaysia Airlines Flight 370 disappearance theories,wikipedia_article_links,https://en.wikipedia.org/wiki/Boeing_777,en.wikipedia.org,wikipedia_internal,17,Boeing 777,
CASE-0189,MH370 conspiracy,Malaysia Airlines Flight 370 disappearance theories,wikipedia_article_links,https://en.wikipedia.org/wiki/Terminal_velocity,en.wikipedia.org,wikipedia_internal,18,terminal velocity,
CASE-0189,MH370 conspiracy,Malaysia Airlines Flight 370 disappearance theories,wikipedia_article_links,https://en.wikipedia.org/wiki/Cass_Sunstein,en.wikipedia.org,wikipedia_internal,19,Cass Sunstein,
CASE-0189,MH370 conspiracy,Malaysia Airlines Flight 370 disappearance theories,wikipedia_article_links,https://en.wikipedia.org/wiki/The_Wall_Street_Journal,en.wikipedia.org,wikipedia_internal,20,The Wall Street Journal,
CASE-0190,TWA 800,TWA Flight 800,wikipedia_search,https://en.wikipedia.org/wiki/TWA_Flight_800,en.wikipedia.org,wikipedia_primary,1,TWA Flight 800,
CASE-0190,TWA 800,TWA Flight 800,wikipedia_article_links,https://en.wikipedia.org/wiki/TWA_Flight_800_(film),en.wikipedia.org,wikipedia_internal,2,TWA Flight 800 (film),
CASE-0190,TWA 800,TWA Flight 800,wikipedia_article_links,https://en.wikipedia.org/wiki/TWA_Flight_800_(1964),en.wikipedia.org,wikipedia_internal,3,TWA Flight 800 (1964),
CASE-0190,TWA 800,TWA Flight 800,wikipedia_article_links,https://en.wikipedia.org/wiki/Flight_800_(disambiguation),en.wikipedia.org,wikipedia_internal,4,Flight 800 (disambiguation),
CASE-0190,TWA 800,TWA Flight 800,wikipedia_article_links,https://en.wikipedia.org/wiki/National_Transportation_Safety_Board,en.wikipedia.org,wikipedia_internal,5,NTSB,
CASE-0190,TWA 800,TWA Flight 800,wikipedia_article_links,https://en.wikipedia.org/wiki/Calverton_Executive_Airpark,en.wikipedia.org,wikipedia_internal,6,Calverton Executive Airpark,
CASE-0190,TWA 800,TWA Flight 800,wikipedia_article_links,https://en.wikipedia.org/wiki/In-flight_breakup,en.wikipedia.org,wikipedia_internal,7,In-flight breakup,
CASE-0190,TWA 800,TWA Flight 800,wikipedia_article_links,https://en.wikipedia.org/wiki/Short_circuit,en.wikipedia.org,wikipedia_internal,8,short circuit,
CASE-0190,TWA 800,TWA Flight 800,wikipedia_article_links,"https://en.wikipedia.org/wiki/East_Moriches,_New_York",en.wikipedia.org,wikipedia_internal,9,"East Moriches, New York",
CASE-0190,TWA 800,TWA Flight 800,wikipedia_article_links,https://en.wikipedia.org/wiki/Boeing_747-131,en.wikipedia.org,wikipedia_internal,10,Boeing 747-131,
CASE-0190,TWA 800,TWA Flight 800,wikipedia_article_links,https://en.wikipedia.org/wiki/Trans_World_Airlines,en.wikipedia.org,wikipedia_internal,11,Trans World Airlines,
CASE-0190,TWA 800,TWA Flight 800,wikipedia_article_links,https://en.wikipedia.org/wiki/Aircraft_registration,en.wikipedia.org,wikipedia_internal,12,Registration,
CASE-0190,TWA 800,TWA Flight 800,wikipedia_article_links,https://en.wikipedia.org/wiki/John_F._Kennedy_International_Airport,en.wikipedia.org,wikipedia_internal,13,John F. Kennedy Int'l Airport,
CASE-0190,TWA 800,TWA Flight 800,wikipedia_article_links,https://en.wikipedia.org/wiki/Charles_de_Gaulle_Airport,en.wikipedia.org,wikipedia_internal,14,Charles de Gaulle Airport,
CASE-0190,TWA 800,TWA Flight 800,wikipedia_article_links,https://en.wikipedia.org/wiki/Leonardo_da_Vinci_Airport,en.wikipedia.org,wikipedia_internal,15,Leonardo da Vinci Airport,
CASE-0190,TWA 800,TWA Flight 800,wikipedia_article_links,https://en.wikipedia.org/wiki/Rome_Fiumicino_Airport,en.wikipedia.org,wikipedia_internal,16,Fiumicino Airport,
CASE-0190,TWA 800,TWA Flight 800,wikipedia_article_links,https://en.wikipedia.org/wiki/Eastern_Daylight_Time,en.wikipedia.org,wikipedia_internal,17,EDT,
CASE-0190,TWA 800,TWA Flight 800,wikipedia_article_links,https://en.wikipedia.org/wiki/Boeing_747-100,en.wikipedia.org,wikipedia_internal,18,Boeing 747-100,
CASE-0190,TWA 800,TWA Flight 800,wikipedia_article_links,https://en.wikipedia.org/wiki/Aviation_accidents_and_incidents,en.wikipedia.org,wikipedia_internal,19,aviation accident,
CASE-0190,TWA 800,TWA Flight 800,wikipedia_article_links,https://en.wikipedia.org/wiki/Terrorist_attack,en.wikipedia.org,wikipedia_internal,20,terrorist attack,
CASE-0191,weather warfare,Weather warfare,wikipedia_search,https://en.wikipedia.org/wiki/Weather_warfare,en.wikipedia.org,wikipedia_primary,1,Weather warfare,
CASE-0191,weather warfare,Weather warfare,wikipedia_article_links,https://en.wikipedia.org/wiki/War,en.wikipedia.org,wikipedia_internal,2,War,
CASE-0191,weather warfare,Weather warfare,wikipedia_article_links,https://en.wikipedia.org/wiki/Outline_of_war,en.wikipedia.org,wikipedia_internal,3,outline,
CASE-0191,weather warfare,Weather warfare,wikipedia_article_links,https://en.wikipedia.org/wiki/Military_history,en.wikipedia.org,wikipedia_internal,4,History,
CASE-0191,weather warfare,Weather warfare,wikipedia_article_links,https://en.wikipedia.org/wiki/Prehistoric_warfare,en.wikipedia.org,wikipedia_internal,5,Prehistoric,
CASE-0191,weather warfare,Weather warfare,wikipedia_article_links,https://en.wikipedia.org/wiki/Ancient_warfare,en.wikipedia.org,wikipedia_internal,6,Ancient,
CASE-0191,weather warfare,Weather warfare,wikipedia_article_links,https://en.wikipedia.org/wiki/Early_thermal_weapons,en.wikipedia.org,wikipedia_internal,7,Thermal,
CASE-0191,weather warfare,Weather warfare,wikipedia_article_links,https://en.wikipedia.org/wiki/History_of_gunpowder,en.wikipedia.org,wikipedia_internal,8,Gunpowder,
CASE-0191,weather warfare,Weather warfare,wikipedia_article_links,https://en.wikipedia.org/wiki/Timeline_of_the_gunpowder_age,en.wikipedia.org,wikipedia_internal,9,Timeline,
CASE-0191,weather warfare,Weather warfare,wikipedia_article_links,https://en.wikipedia.org/wiki/Medieval_warfare,en.wikipedia.org,wikipedia_internal,10,Post-classical,
CASE-0191,weather warfare,Weather warfare,wikipedia_article_links,https://en.wikipedia.org/wiki/Medieval_fortification,en.wikipedia.org,wikipedia_internal,11,Castles,
CASE-0191,weather warfare,Weather warfare,wikipedia_article_links,https://en.wikipedia.org/wiki/Early_modern_warfare,en.wikipedia.org,wikipedia_internal,12,Early modern,
CASE-0191,weather warfare,Weather warfare,wikipedia_article_links,https://en.wikipedia.org/wiki/Military_Revolution,en.wikipedia.org,wikipedia_internal,13,Military revolution,
CASE-0191,weather warfare,Weather warfare,wikipedia_article_links,https://en.wikipedia.org/wiki/Pike_and_shot,en.wikipedia.org,wikipedia_internal,14,Pike and shot,
CASE-0191,weather warfare,Weather warfare,wikipedia_article_links,https://en.wikipedia.org/wiki/Napoleonic_weaponry_and_warfare,en.wikipedia.org,wikipedia_internal,15,Napoleonic warfare,
CASE-0191,weather warfare,Weather warfare,wikipedia_article_links,https://en.wikipedia.org/wiki/Modern_warfare,en.wikipedia.org,wikipedia_internal,16,Late modern,
CASE-0191,weather warfare,Weather warfare,wikipedia_article_links,https://en.wikipedia.org/wiki/Industrial_warfare,en.wikipedia.org,wikipedia_internal,17,Industrial warfare,
CASE-0191,weather warfare,Weather warfare,wikipedia_article_links,https://en.wikipedia.org/wiki/Fourth-generation_warfare,en.wikipedia.org,wikipedia_internal,18,Fourth-gen warfare,
CASE-0191,weather warfare,Weather warfare,wikipedia_article_links,https://en.wikipedia.org/wiki/Artificial_intelligence_arms_race,en.wikipedia.org,wikipedia_internal,19,AI warfare,
CASE-0191,weather warfare,Weather warfare,wikipedia_article_links,https://en.wikipedia.org/wiki/Military,en.wikipedia.org,wikipedia_internal,20,Military,
CASE-0192,aspartame conspiracy,Aspartame controversy,wikipedia_search,https://en.wikipedia.org/wiki/Aspartame_controversy,en.wikipedia.org,wikipedia_primary,1,Aspartame controversy,
CASE-0192,aspartame conspiracy,Aspartame controversy,wikipedia_article_links,https://en.wikipedia.org/wiki/Artificial_sweetener,en.wikipedia.org,wikipedia_internal,2,artificial sweetener,
CASE-0192,aspartame conspiracy,Aspartame controversy,wikipedia_article_links,https://en.wikipedia.org/wiki/Aspartame,en.wikipedia.org,wikipedia_internal,3,aspartame,
CASE-0192,aspartame conspiracy,Aspartame controversy,wikipedia_article_links,https://en.wikipedia.org/wiki/Food_and_Drug_Administration,en.wikipedia.org,wikipedia_internal,4,U.S. Food and Drug Administration,
CASE-0192,aspartame conspiracy,Aspartame controversy,wikipedia_article_links,https://en.wikipedia.org/wiki/Brain_cancer,en.wikipedia.org,wikipedia_internal,5,brain cancer,
CASE-0192,aspartame conspiracy,Aspartame controversy,wikipedia_article_links,https://en.wikipedia.org/wiki/Conflict_of_interest,en.wikipedia.org,wikipedia_internal,6,conflicts of interest,
CASE-0192,aspartame conspiracy,Aspartame controversy,wikipedia_article_links,https://en.wikipedia.org/wiki/Government_Accountability_Office,en.wikipedia.org,wikipedia_internal,7,Government Accountability Office,
CASE-0192,aspartame conspiracy,Aspartame controversy,wikipedia_article_links,https://en.wikipedia.org/wiki/Conspiracy_theory,en.wikipedia.org,wikipedia_internal,8,conspiracy theory,
CASE-0192,aspartame conspiracy,Aspartame controversy,wikipedia_article_links,https://en.wikipedia.org/wiki/Methanol_toxicity,en.wikipedia.org,wikipedia_internal,9,methanol toxicity,
CASE-0192,aspartame conspiracy,Aspartame controversy,wikipedia_article_links,https://en.wikipedia.org/wiki/Methyl_group,en.wikipedia.org,wikipedia_internal,10,methyl,
CASE-0192,aspartame conspiracy,Aspartame controversy,wikipedia_article_links,https://en.wikipedia.org/wiki/Ester,en.wikipedia.org,wikipedia_internal,11,ester,
CASE-0192,aspartame conspiracy,Aspartame controversy,wikipedia_article_links,https://en.wikipedia.org/wiki/Aspartic_acid,en.wikipedia.org,wikipedia_internal,12,aspartic acid,
CASE-0192,aspartame conspiracy,Aspartame controversy,wikipedia_article_links,https://en.wikipedia.org/wiki/Phenylalanine,en.wikipedia.org,wikipedia_internal,13,phenylalanine,
CASE-0192,aspartame conspiracy,Aspartame controversy,wikipedia_article_links,https://en.wikipedia.org/wiki/Dipeptide,en.wikipedia.org,wikipedia_internal,14,dipeptide,
CASE-0192,aspartame conspiracy,Aspartame controversy,wikipedia_article_links,https://en.wikipedia.org/wiki/Phenylketonuria,en.wikipedia.org,wikipedia_internal,15,phenylketonuria,
CASE-0192,aspartame conspiracy,Aspartame controversy,wikipedia_article_links,https://en.wikipedia.org/wiki/Food_additives,en.wikipedia.org,wikipedia_internal,16,food additives,
CASE-0192,aspartame conspiracy,Aspartame controversy,wikipedia_article_links,https://en.wikipedia.org/wiki/Scientific_evidence,en.wikipedia.org,wikipedia_internal,17,scientific evidence,
CASE-0192,aspartame conspiracy,Aspartame controversy,wikipedia_article_links,https://en.wikipedia.org/wiki/Revolving_door_(politics),en.wikipedia.org,wikipedia_internal,18,revolving door,
CASE-0192,aspartame conspiracy,Aspartame controversy,wikipedia_article_links,"https://en.wikipedia.org/wiki/G.D._Searle,_LLC",en.wikipedia.org,wikipedia_internal,19,G.D. Searle,
CASE-0192,aspartame conspiracy,Aspartame controversy,wikipedia_article_links,https://en.wikipedia.org/wiki/60_Minutes,en.wikipedia.org,wikipedia_internal,20,60 Minutes,
CASE-0193,social credit system,Social credit system,wikipedia_search,https://en.wikipedia.org/wiki/Social_credit_system,en.wikipedia.org,wikipedia_primary,1,Social credit system,
CASE-0193,social credit system,Social credit system,wikipedia_article_links,https://en.wikipedia.org/wiki/Social_credit,en.wikipedia.org,wikipedia_internal,2,social credit,
CASE-0193,social credit system,Social credit system,wikipedia_article_links,https://en.wikipedia.org/wiki/Simplified_Chinese_characters,en.wikipedia.org,wikipedia_internal,3,Simplified Chinese,
CASE-0193,social credit system,Social credit system,wikipedia_article_links,https://en.wikipedia.org/wiki/Traditional_Chinese_characters,en.wikipedia.org,wikipedia_internal,4,Traditional Chinese,
CASE-0193,social credit system,Social credit system,wikipedia_article_links,https://en.wikipedia.org/wiki/Standard_Chinese,en.wikipedia.org,wikipedia_internal,5,Standard Mandarin,
CASE-0193,social credit system,Social credit system,wikipedia_article_links,https://en.wikipedia.org/wiki/Hanyu_Pinyin,en.wikipedia.org,wikipedia_internal,6,Hanyu Pinyin,
CASE-0193,social credit system,Social credit system,wikipedia_article_links,https://en.wikipedia.org/wiki/Wade%E2%80%93Giles,en.wikipedia.org,wikipedia_internal,7,Wade–Giles,
CASE-0193,social credit system,Social credit system,wikipedia_article_links,https://en.wikipedia.org/wiki/Cantonese,en.wikipedia.org,wikipedia_internal,8,Yue: Cantonese,
CASE-0193,social credit system,Social credit system,wikipedia_article_links,https://en.wikipedia.org/wiki/Yale_romanization_of_Cantonese,en.wikipedia.org,wikipedia_internal,9,Yale Romanization,
CASE-0193,social credit system,Social credit system,wikipedia_article_links,https://en.wikipedia.org/wiki/Jyutping,en.wikipedia.org,wikipedia_internal,10,Jyutping,
CASE-0193,social credit system,Social credit system,wikipedia_article_links,https://en.wikipedia.org/wiki/Chinese_language,en.wikipedia.org,wikipedia_internal,11,Chinese,
CASE-0193,social credit system,Social credit system,wikipedia_article_links,https://en.wikipedia.org/wiki/Pinyin,en.wikipedia.org,wikipedia_internal,12,pinyin,
CASE-0193,social credit system,Social credit system,wikipedia_article_links,https://en.wikipedia.org/wiki/Credit_rating,en.wikipedia.org,wikipedia_internal,13,credit rating,
CASE-0193,social credit system,Social credit system,wikipedia_article_links,https://en.wikipedia.org/wiki/Blacklisting,en.wikipedia.org,wikipedia_internal,14,blacklist,
CASE-0193,social credit system,Social credit system,wikipedia_article_links,https://en.wikipedia.org/wiki/Government_of_the_People%27s_Republic_of_China,en.wikipedia.org,wikipedia_internal,15,government of the People's Republic of China,
CASE-0193,social credit system,Social credit system,wikipedia_article_links,https://en.wikipedia.org/wiki/Whitelist,en.wikipedia.org,wikipedia_internal,16,whitelisting,
CASE-0193,social credit system,Social credit system,wikipedia_article_links,https://en.wikipedia.org/wiki/Nudge_theory,en.wikipedia.org,wikipedia_internal,17,Nudge theory,
CASE-0193,social credit system,Social credit system,wikipedia_article_links,https://en.wikipedia.org/wiki/Richard_Thaler,en.wikipedia.org,wikipedia_internal,18,Richard Thaler,
CASE-0193,social credit system,Social credit system,wikipedia_article_links,https://en.wikipedia.org/wiki/Shlomo_Benartzi,en.wikipedia.org,wikipedia_internal,19,Shlomo Benartzi,
CASE-0193,social credit system,Social credit system,wikipedia_article_links,https://en.wikipedia.org/wiki/Cass_Sunstein,en.wikipedia.org,wikipedia_internal,20,Cass Sunstein,
CASE-0194,Bohemian Grove Nixon,Bohemian Grove,wikipedia_search,https://en.wikipedia.org/wiki/Bohemian_Grove,en.wikipedia.org,wikipedia_primary,1,Bohemian Grove,
CASE-0194,Bohemian Grove Nixon,Bohemian Grove,wikipedia_article_links,"https://en.wikipedia.org/wiki/Monte_Rio,_California",en.wikipedia.org,wikipedia_internal,2,"Monte Rio, California",
CASE-0194,Bohemian Grove Nixon,Bohemian Grove,wikipedia_article_links,https://en.wikipedia.org/wiki/Bohemian_Club,en.wikipedia.org,wikipedia_internal,3,Bohemian Club,
CASE-0194,Bohemian Grove Nixon,Bohemian Grove,wikipedia_article_links,https://en.wikipedia.org/wiki/Gentlemen%27s_club,en.wikipedia.org,wikipedia_internal,4,gentlemen's club,
CASE-0194,Bohemian Grove Nixon,Bohemian Grove,wikipedia_article_links,https://en.wikipedia.org/wiki/Henry_Edwards_(entomologist),en.wikipedia.org,wikipedia_internal,5,"Henry ""Harry"" Edwards",
CASE-0194,Bohemian Grove Nixon,Bohemian Grove,wikipedia_article_links,https://en.wikipedia.org/wiki/New_York_City,en.wikipedia.org,wikipedia_internal,6,New York City,
CASE-0194,Bohemian Grove Nixon,Bohemian Grove,wikipedia_article_links,https://en.wikipedia.org/wiki/Bohemianism,en.wikipedia.org,wikipedia_internal,7,Bohemians,
CASE-0194,Bohemian Grove Nixon,Bohemian Grove,wikipedia_article_links,https://en.wikipedia.org/wiki/Sequoia_sempervirens,en.wikipedia.org,wikipedia_internal,8,redwoods,
CASE-0194,Bohemian Grove Nixon,Bohemian Grove,wikipedia_article_links,"https://en.wikipedia.org/wiki/Marin_County,_California",en.wikipedia.org,wikipedia_internal,9,Marin County,
CASE-0194,Bohemian Grove Nixon,Bohemian Grove,wikipedia_article_links,"https://en.wikipedia.org/wiki/Taylorville,_California",en.wikipedia.org,wikipedia_internal,10,Taylorville,
CASE-0194,Bohemian Grove Nixon,Bohemian Grove,wikipedia_article_links,https://en.wikipedia.org/wiki/Samuel_P._Taylor_State_Park,en.wikipedia.org,wikipedia_internal,11,Samuel P. Taylor State Park,
CASE-0194,Bohemian Grove Nixon,Bohemian Grove,wikipedia_article_links,"https://en.wikipedia.org/wiki/Sonoma_County,_California",en.wikipedia.org,wikipedia_internal,12,Sonoma,
CASE-0194,Bohemian Grove Nixon,Bohemian Grove,wikipedia_article_links,https://en.wikipedia.org/wiki/Muir_Woods_National_Monument,en.wikipedia.org,wikipedia_internal,13,Muir Woods,
CASE-0194,Bohemian Grove Nixon,Bohemian Grove,wikipedia_article_links,"https://en.wikipedia.org/wiki/Duncans_Mills,_California",en.wikipedia.org,wikipedia_internal,14,Duncans Mills,
CASE-0194,Bohemian Grove Nixon,Bohemian Grove,wikipedia_article_links,https://en.wikipedia.org/wiki/Russian_River_(California),en.wikipedia.org,wikipedia_internal,15,Russian River,
CASE-0194,Bohemian Grove Nixon,Bohemian Grove,wikipedia_article_links,https://en.wikipedia.org/wiki/William_Henry_Irwin,en.wikipedia.org,wikipedia_internal,16,William Henry Irwin,
CASE-0194,Bohemian Grove Nixon,Bohemian Grove,wikipedia_article_links,https://en.wikipedia.org/wiki/Manhattan_Project,en.wikipedia.org,wikipedia_internal,17,Manhattan Project,
CASE-0194,Bohemian Grove Nixon,Bohemian Grove,wikipedia_article_links,https://en.wikipedia.org/wiki/Ernest_Lawrence,en.wikipedia.org,wikipedia_internal,18,Ernest Lawrence,
CASE-0194,Bohemian Grove Nixon,Bohemian Grove,wikipedia_article_links,https://en.wikipedia.org/wiki/J._Robert_Oppenheimer,en.wikipedia.org,wikipedia_internal,19,J. Robert Oppenheimer,
CASE-0194,Bohemian Grove Nixon,Bohemian Grove,wikipedia_article_links,https://en.wikipedia.org/wiki/S-1_Executive_Committee,en.wikipedia.org,wikipedia_internal,20,S-1 Executive Committee,
CASE-0195,Bilderberg attendees,List of Bilderberg participants,wikipedia_search,https://en.wikipedia.org/wiki/List_of_Bilderberg_participants,en.wikipedia.org,wikipedia_primary,1,List of Bilderberg participants,
CASE-0195,Bilderberg attendees,List of Bilderberg participants,wikipedia_article_links,https://en.wikipedia.org/wiki/Bilderberg_meeting,en.wikipedia.org,wikipedia_internal,2,Bilderberg Meeting,
CASE-0195,Bilderberg attendees,List of Bilderberg participants,wikipedia_article_links,"https://en.wikipedia.org/wiki/Ralph_Assheton,_1st_Baron_Clitheroe",en.wikipedia.org,wikipedia_internal,3,Ralph Assheton,
CASE-0195,Bilderberg attendees,List of Bilderberg participants,wikipedia_article_links,https://en.wikipedia.org/wiki/Soci%C3%A9t%C3%A9_G%C3%A9n%C3%A9rale_de_Belgique,en.wikipedia.org,wikipedia_internal,4,Banque de la Societe Generale de Belgique,
CASE-0195,Bilderberg attendees,List of Bilderberg participants,wikipedia_article_links,"https://en.wikipedia.org/wiki/Robert_Boothby,_Baron_Boothby",en.wikipedia.org,wikipedia_internal,5,Robert Boothy,
CASE-0195,Bilderberg attendees,List of Bilderberg participants,wikipedia_article_links,https://en.wikipedia.org/wiki/Max_Brauer,en.wikipedia.org,wikipedia_internal,6,Max Brauer,
CASE-0195,Bilderberg attendees,List of Bilderberg participants,wikipedia_article_links,https://en.wikipedia.org/wiki/Hamburg,en.wikipedia.org,wikipedia_internal,7,Hamburg,
CASE-0195,Bilderberg attendees,List of Bilderberg participants,wikipedia_article_links,https://en.wikipedia.org/wiki/Walker_L._Cisler,en.wikipedia.org,wikipedia_internal,8,Walker L. Cisler,
CASE-0195,Bilderberg attendees,List of Bilderberg participants,wikipedia_article_links,https://en.wikipedia.org/wiki/Detroit_Edison_Company,en.wikipedia.org,wikipedia_internal,9,Detroit Edison Co,
CASE-0195,Bilderberg attendees,List of Bilderberg participants,wikipedia_article_links,https://en.wikipedia.org/wiki/United_States_Atomic_Energy_Commission,en.wikipedia.org,wikipedia_internal,10,Atomic Energy Commission,
CASE-0195,Bilderberg attendees,List of Bilderberg participants,wikipedia_article_links,https://en.wikipedia.org/wiki/Mutual_Security_Agency,en.wikipedia.org,wikipedia_internal,11,Mutual Security Agency,
CASE-0195,Bilderberg attendees,List of Bilderberg participants,wikipedia_article_links,https://en.wikipedia.org/wiki/Clement_Davies,en.wikipedia.org,wikipedia_internal,12,Clement Davies,
CASE-0195,Bilderberg attendees,List of Bilderberg participants,wikipedia_article_links,https://en.wikipedia.org/wiki/Liberal_Party_(UK),en.wikipedia.org,wikipedia_internal,13,Liberal Party,
CASE-0195,Bilderberg attendees,List of Bilderberg participants,wikipedia_article_links,https://en.wikipedia.org/wiki/Roger_Duchet,en.wikipedia.org,wikipedia_internal,14,Roger Duchet,
CASE-0195,Bilderberg attendees,List of Bilderberg participants,wikipedia_article_links,https://en.wikipedia.org/wiki/National_Centre_of_Independents_and_Peasants,en.wikipedia.org,wikipedia_internal,15,Independents and Peasants Party,
CASE-0195,Bilderberg attendees,List of Bilderberg participants,wikipedia_article_links,https://en.wikipedia.org/wiki/Maurice_Faure,en.wikipedia.org,wikipedia_internal,16,Maurice Faure,
CASE-0195,Bilderberg attendees,List of Bilderberg participants,wikipedia_article_links,https://en.wikipedia.org/wiki/John_H._Ferguson,en.wikipedia.org,wikipedia_internal,17,John H. Ferguson,
CASE-0195,Bilderberg attendees,List of Bilderberg participants,wikipedia_article_links,https://en.wikipedia.org/wiki/Policy_Planning_Staff_(United_States),en.wikipedia.org,wikipedia_internal,18,Policy Planning Staff,
CASE-0195,Bilderberg attendees,List of Bilderberg participants,wikipedia_article_links,https://en.wikipedia.org/wiki/United_States_Department_of_State,en.wikipedia.org,wikipedia_internal,19,Department of State,
CASE-0195,Bilderberg attendees,List of Bilderberg participants,wikipedia_article_links,https://en.wikipedia.org/wiki/John_Foster_(MP_for_Northwich),en.wikipedia.org,wikipedia_internal,20,John Foster,
CASE-0196,directed energy weapons,Directed-energy weapon,wikipedia_search,https://en.wikipedia.org/wiki/Directed-energy_weapon,en.wikipedia.org,wikipedia_primary,1,Directed-energy weapon,
CASE-0196,directed energy weapons,Directed-energy weapon,wikipedia_article_links,https://en.wikipedia.org/wiki/Raygun,en.wikipedia.org,wikipedia_internal,2,Raygun,
CASE-0196,directed energy weapons,Directed-energy weapon,wikipedia_article_links,https://en.wikipedia.org/wiki/DEW_(disambiguation),en.wikipedia.org,wikipedia_internal,3,DEW (disambiguation),
CASE-0196,directed energy weapons,Directed-energy weapon,wikipedia_article_links,https://en.wikipedia.org/wiki/Long_Range_Acoustic_Device,en.wikipedia.org,wikipedia_internal,4,LRAD,
CASE-0196,directed energy weapons,Directed-energy weapon,wikipedia_article_links,https://en.wikipedia.org/wiki/Energy,en.wikipedia.org,wikipedia_internal,5,energy,
CASE-0196,directed energy weapons,Directed-energy weapon,wikipedia_article_links,https://en.wikipedia.org/wiki/Laser,en.wikipedia.org,wikipedia_internal,6,lasers,
CASE-0196,directed energy weapons,Directed-energy weapon,wikipedia_article_links,https://en.wikipedia.org/wiki/Microwave,en.wikipedia.org,wikipedia_internal,7,microwaves,
CASE-0196,directed energy weapons,Directed-energy weapon,wikipedia_article_links,https://en.wikipedia.org/wiki/Particle_beam,en.wikipedia.org,wikipedia_internal,8,particle beams,
CASE-0196,directed energy weapons,Directed-energy weapon,wikipedia_article_links,https://en.wikipedia.org/wiki/Sonic_weapon,en.wikipedia.org,wikipedia_internal,9,sound beams,
CASE-0196,directed energy weapons,Directed-energy weapon,wikipedia_article_links,https://en.wikipedia.org/wiki/Anti-personnel_weapon,en.wikipedia.org,wikipedia_internal,10,personnel,
CASE-0196,directed energy weapons,Directed-energy weapon,wikipedia_article_links,https://en.wikipedia.org/wiki/Missile_defense,en.wikipedia.org,wikipedia_internal,11,missiles,
CASE-0196,directed energy weapons,Directed-energy weapon,wikipedia_article_links,https://en.wikipedia.org/wiki/United_States_Department_of_Defense,en.wikipedia.org,wikipedia_internal,12,the Pentagon,
CASE-0196,directed energy weapons,Directed-energy weapon,wikipedia_article_links,https://en.wikipedia.org/wiki/DARPA,en.wikipedia.org,wikipedia_internal,13,DARPA,
CASE-0196,directed energy weapons,Directed-energy weapon,wikipedia_article_links,https://en.wikipedia.org/wiki/Air_Force_Research_Laboratory,en.wikipedia.org,wikipedia_internal,14,Air Force Research Laboratory,
CASE-0196,directed energy weapons,Directed-energy weapon,wikipedia_article_links,"https://en.wikipedia.org/wiki/United_States_Army_Armament_Research,_Development_and_Engineering_Center",en.wikipedia.org,wikipedia_internal,15,United States Army Armament Research Development and Engineering Center,
CASE-0196,directed energy weapons,Directed-energy weapon,wikipedia_article_links,https://en.wikipedia.org/wiki/United_States_Naval_Research_Laboratory,en.wikipedia.org,wikipedia_internal,16,Naval Research Laboratory,
CASE-0196,directed energy weapons,Directed-energy weapon,wikipedia_article_links,https://en.wikipedia.org/wiki/Ballistic_missile,en.wikipedia.org,wikipedia_internal,17,ballistic missiles,
CASE-0196,directed energy weapons,Directed-energy weapon,wikipedia_article_links,https://en.wikipedia.org/wiki/Hypersonic_cruise_missile,en.wikipedia.org,wikipedia_internal,18,hypersonic cruise missiles,
CASE-0196,directed energy weapons,Directed-energy weapon,wikipedia_article_links,https://en.wikipedia.org/wiki/Hypersonic_glide_vehicle,en.wikipedia.org,wikipedia_internal,19,hypersonic glide vehicles,
CASE-0196,directed energy weapons,Directed-energy weapon,wikipedia_article_links,https://en.wikipedia.org/wiki/ALKA_(weapon),en.wikipedia.org,wikipedia_internal,20,ALKA directed-energy weapon,
CASE-0197,UFO crash retrieval,Roswell incident,wikipedia_search,https://en.wikipedia.org/wiki/Roswell_incident,en.wikipedia.org,wikipedia_primary,1,Roswell incident,
CASE-0197,UFO crash retrieval,Roswell incident,wikipedia_article_links,https://en.wikipedia.org/wiki/Roswell_Daily_Record,en.wikipedia.org,wikipedia_internal,2,Roswell Daily Record,
CASE-0197,UFO crash retrieval,Roswell incident,wikipedia_article_links,"https://en.wikipedia.org/wiki/Lincoln_County,_New_Mexico",en.wikipedia.org,wikipedia_internal,3,"Lincoln County, New Mexico",
CASE-0197,UFO crash retrieval,Roswell incident,wikipedia_article_links,https://en.wikipedia.org/wiki/Geographic_coordinate_system,en.wikipedia.org,wikipedia_internal,4,Coordinates,
CASE-0197,UFO crash retrieval,Roswell incident,wikipedia_article_links,https://en.wikipedia.org/wiki/1947_flying_disc_craze,en.wikipedia.org,wikipedia_internal,5,1947 flying disc craze,
CASE-0197,UFO crash retrieval,Roswell incident,wikipedia_article_links,https://en.wikipedia.org/wiki/Kenneth_Arnold_UFO_sighting,en.wikipedia.org,wikipedia_internal,6,Kenneth Arnold,
CASE-0197,UFO crash retrieval,Roswell incident,wikipedia_article_links,https://en.wikipedia.org/wiki/Flight_105_UFO_sighting,en.wikipedia.org,wikipedia_internal,7,Flight 105,
CASE-0197,UFO crash retrieval,Roswell incident,wikipedia_article_links,https://en.wikipedia.org/wiki/Rhodes_UFO_photographs,en.wikipedia.org,wikipedia_internal,8,Rhodes photographs,
CASE-0197,UFO crash retrieval,Roswell incident,wikipedia_article_links,https://en.wikipedia.org/wiki/Twin_Falls_saucer_hoax,en.wikipedia.org,wikipedia_internal,9,Twin Falls hoax,
CASE-0197,UFO crash retrieval,Roswell incident,wikipedia_article_links,https://en.wikipedia.org/wiki/Maury_Island_incident,en.wikipedia.org,wikipedia_internal,10,Maury Island hoax,
CASE-0197,UFO crash retrieval,Roswell incident,wikipedia_article_links,https://en.wikipedia.org/wiki/Table_of_reports_during_the_1947_flying_disc_craze,en.wikipedia.org,wikipedia_internal,11,Table of reports,
CASE-0197,UFO crash retrieval,Roswell incident,wikipedia_article_links,"https://en.wikipedia.org/wiki/Roswell,_New_Mexico",en.wikipedia.org,wikipedia_internal,12,Roswell,
CASE-0197,UFO crash retrieval,Roswell incident,wikipedia_article_links,https://en.wikipedia.org/wiki/UFO_conspiracy_theories,en.wikipedia.org,wikipedia_internal,13,UFO conspiracy theories,
CASE-0197,UFO crash retrieval,Roswell incident,wikipedia_article_links,https://en.wikipedia.org/wiki/Roswell_Army_Air_Field,en.wikipedia.org,wikipedia_internal,14,Roswell Army Air Field,
CASE-0197,UFO crash retrieval,Roswell incident,wikipedia_article_links,https://en.wikipedia.org/wiki/United_States_Army_Air_Forces,en.wikipedia.org,wikipedia_internal,15,United States Army Air Forces,
CASE-0197,UFO crash retrieval,Roswell incident,wikipedia_article_links,https://en.wikipedia.org/wiki/Flying_saucer,en.wikipedia.org,wikipedia_internal,16,flying disc,
CASE-0197,UFO crash retrieval,Roswell incident,wikipedia_article_links,https://en.wikipedia.org/wiki/Military_balloon,en.wikipedia.org,wikipedia_internal,17,military balloon,
CASE-0197,UFO crash retrieval,Roswell incident,wikipedia_article_links,https://en.wikipedia.org/wiki/Alamogordo_Army_Air_Field,en.wikipedia.org,wikipedia_internal,18,Alamogordo Army Air Field,
CASE-0197,UFO crash retrieval,Roswell incident,wikipedia_article_links,https://en.wikipedia.org/wiki/Project_Mogul,en.wikipedia.org,wikipedia_internal,19,Project Mogul,
CASE-0197,UFO crash retrieval,Roswell incident,wikipedia_article_links,https://en.wikipedia.org/wiki/Soviet,en.wikipedia.org,wikipedia_internal,20,Soviet,
CASE-0198,cattle mutilation,Cattle mutilation,wikipedia_search,https://en.wikipedia.org/wiki/Cattle_mutilation,en.wikipedia.org,wikipedia_primary,1,Cattle mutilation,
CASE-0198,cattle mutilation,Cattle mutilation,wikipedia_article_links,https://en.wikipedia.org/wiki/Bridging_double_chickenwing,en.wikipedia.org,wikipedia_internal,2,Bridging double chickenwing,
CASE-0198,cattle mutilation,Cattle mutilation,wikipedia_article_links,https://en.wikipedia.org/wiki/Mutilation,en.wikipedia.org,wikipedia_internal,3,mutilation,
CASE-0198,cattle mutilation,Cattle mutilation,wikipedia_article_links,https://en.wikipedia.org/wiki/Cattle,en.wikipedia.org,wikipedia_internal,4,cattle,
CASE-0198,cattle mutilation,Cattle mutilation,wikipedia_article_links,https://en.wikipedia.org/wiki/United_States,en.wikipedia.org,wikipedia_internal,5,United States,
CASE-0198,cattle mutilation,Cattle mutilation,wikipedia_article_links,https://en.wikipedia.org/wiki/Decomposition,en.wikipedia.org,wikipedia_internal,6,decomposition,
CASE-0198,cattle mutilation,Cattle mutilation,wikipedia_article_links,https://en.wikipedia.org/wiki/Predation,en.wikipedia.org,wikipedia_internal,7,predation,
CASE-0198,cattle mutilation,Cattle mutilation,wikipedia_article_links,https://en.wikipedia.org/wiki/Cult,en.wikipedia.org,wikipedia_internal,8,cults,
CASE-0198,cattle mutilation,Cattle mutilation,wikipedia_article_links,https://en.wikipedia.org/wiki/Cryptid,en.wikipedia.org,wikipedia_internal,9,cryptids,
CASE-0198,cattle mutilation,Cattle mutilation,wikipedia_article_links,https://en.wikipedia.org/wiki/Chupacabra,en.wikipedia.org,wikipedia_internal,10,chupacabra,
CASE-0198,cattle mutilation,Cattle mutilation,wikipedia_article_links,https://en.wikipedia.org/wiki/James_VI_and_I,en.wikipedia.org,wikipedia_internal,11,James I,
CASE-0198,cattle mutilation,Cattle mutilation,wikipedia_article_links,https://en.wikipedia.org/wiki/Charles_Fort,en.wikipedia.org,wikipedia_internal,12,Charles Fort,
CASE-0198,cattle mutilation,Cattle mutilation,wikipedia_article_links,https://en.wikipedia.org/wiki/Mutilation_of_%22Snippy%22_the_horse,en.wikipedia.org,wikipedia_internal,13,"Mutilation of ""Snippy"" the horse",
CASE-0198,cattle mutilation,Cattle mutilation,wikipedia_article_links,https://en.wikipedia.org/wiki/Pueblo_Chieftain,en.wikipedia.org,wikipedia_internal,14,Pueblo Chieftain,
CASE-0198,cattle mutilation,Cattle mutilation,wikipedia_article_links,"https://en.wikipedia.org/wiki/Alamosa,_Colorado",en.wikipedia.org,wikipedia_internal,15,"Alamosa, Colorado",
CASE-0198,cattle mutilation,Cattle mutilation,wikipedia_article_links,https://en.wikipedia.org/wiki/Extraterrestrial_life,en.wikipedia.org,wikipedia_internal,16,extraterrestrial,
CASE-0198,cattle mutilation,Cattle mutilation,wikipedia_article_links,https://en.wikipedia.org/wiki/Unidentified_flying_object,en.wikipedia.org,wikipedia_internal,17,unidentified flying objects,
CASE-0198,cattle mutilation,Cattle mutilation,wikipedia_article_links,"https://en.wikipedia.org/wiki/Cloud_County,_Kansas",en.wikipedia.org,wikipedia_internal,18,Cloud County,
CASE-0198,cattle mutilation,Cattle mutilation,wikipedia_article_links,https://en.wikipedia.org/wiki/Ross_Doyen,en.wikipedia.org,wikipedia_internal,19,Ross Doyen,
CASE-0198,cattle mutilation,Cattle mutilation,wikipedia_article_links,https://en.wikipedia.org/wiki/Shipping_fever,en.wikipedia.org,wikipedia_internal,20,shipping fever,
CASE-0199,Dulles brothers,The Brothers (Kinzer book),wikipedia_search,https://en.wikipedia.org/wiki/The_Brothers_%28Kinzer_book%29,en.wikipedia.org,wikipedia_primary,1,The Brothers (Kinzer book),
CASE-0199,Dulles brothers,The Brothers (Kinzer book),wikipedia_article_links,https://en.wikipedia.org/wiki/Stephen_Kinzer,en.wikipedia.org,wikipedia_internal,2,Stephen Kinzer,
CASE-0199,Dulles brothers,The Brothers (Kinzer book),wikipedia_article_links,https://en.wikipedia.org/wiki/ISBN_(identifier),en.wikipedia.org,wikipedia_internal,3,ISBN,
CASE-0199,Dulles brothers,The Brothers (Kinzer book),wikipedia_article_links,https://en.wikipedia.org/wiki/New_York_Times,en.wikipedia.org,wikipedia_internal,4,New York Times,
CASE-0199,Dulles brothers,The Brothers (Kinzer book),wikipedia_article_links,https://en.wikipedia.org/wiki/Dwight_D._Eisenhower,en.wikipedia.org,wikipedia_internal,5,Dwight Eisenhower,
CASE-0199,Dulles brothers,The Brothers (Kinzer book),wikipedia_article_links,https://en.wikipedia.org/wiki/United_States_Secretary_of_State,en.wikipedia.org,wikipedia_internal,6,secretary of state,
CASE-0199,Dulles brothers,The Brothers (Kinzer book),wikipedia_article_links,https://en.wikipedia.org/wiki/John_Foster_Dulles,en.wikipedia.org,wikipedia_internal,7,John Foster Dulles,
CASE-0199,Dulles brothers,The Brothers (Kinzer book),wikipedia_article_links,https://en.wikipedia.org/wiki/Allen_Dulles,en.wikipedia.org,wikipedia_internal,8,Allen Dulles,
CASE-0199,Dulles brothers,The Brothers (Kinzer book),wikipedia_article_links,https://en.wikipedia.org/wiki/United_States_Department_of_State,en.wikipedia.org,wikipedia_internal,9,overt,
CASE-0199,Dulles brothers,The Brothers (Kinzer book),wikipedia_article_links,https://en.wikipedia.org/wiki/CIA,en.wikipedia.org,wikipedia_internal,10,covert,
CASE-0199,Dulles brothers,The Brothers (Kinzer book),wikipedia_article_links,https://en.wikipedia.org/wiki/Vietnam_War,en.wikipedia.org,wikipedia_internal,11,Vietnam War,
CASE-0199,Dulles brothers,The Brothers (Kinzer book),wikipedia_article_links,https://en.wikipedia.org/wiki/Mohammed_Mossadegh,en.wikipedia.org,wikipedia_internal,12,Mohammed Mossadegh,
CASE-0199,Dulles brothers,The Brothers (Kinzer book),wikipedia_article_links,https://en.wikipedia.org/wiki/Jacobo_%C3%81rbenz,en.wikipedia.org,wikipedia_internal,13,Jacobo Árbenz,
CASE-0199,Dulles brothers,The Brothers (Kinzer book),wikipedia_article_links,https://en.wikipedia.org/wiki/Ho_Chi_Minh,en.wikipedia.org,wikipedia_internal,14,Ho Chi Minh,
CASE-0199,Dulles brothers,The Brothers (Kinzer book),wikipedia_article_links,https://en.wikipedia.org/wiki/Sukarno,en.wikipedia.org,wikipedia_internal,15,Sukarno,
CASE-0199,Dulles brothers,The Brothers (Kinzer book),wikipedia_article_links,https://en.wikipedia.org/wiki/Patrice_Lumumba,en.wikipedia.org,wikipedia_internal,16,Patrice Lumumba,
CASE-0199,Dulles brothers,The Brothers (Kinzer book),wikipedia_article_links,https://en.wikipedia.org/wiki/Fidel_Castro,en.wikipedia.org,wikipedia_internal,17,Fidel Castro,
CASE-0199,Dulles brothers,The Brothers (Kinzer book),wikipedia_article_links,https://en.wikipedia.org/wiki/Left-wing_politics,en.wikipedia.org,wikipedia_internal,18,left-wing politics,
CASE-0199,Dulles brothers,The Brothers (Kinzer book),wikipedia_article_links,https://en.wikipedia.org/wiki/Nationalists,en.wikipedia.org,wikipedia_internal,19,nationalists,
CASE-0199,Dulles brothers,The Brothers (Kinzer book),wikipedia_article_links,https://en.wikipedia.org/wiki/Poisoner_in_Chief,en.wikipedia.org,wikipedia_internal,20,Poisoner in Chief,
CASE-0200,Paul McCartney death conspiracy,Paul is dead,wikipedia_search,https://en.wikipedia.org/wiki/Paul_is_dead,en.wikipedia.org,wikipedia_primary,1,Paul is dead,
CASE-0200,Paul McCartney death conspiracy,Paul is dead,wikipedia_article_links,https://en.wikipedia.org/wiki/Paul_Is_Dead_(comics),en.wikipedia.org,wikipedia_internal,2,Paul Is Dead (comics),
CASE-0200,Paul McCartney death conspiracy,Paul is dead,wikipedia_article_links,https://en.wikipedia.org/wiki/Paul_Is_Dead_(Miracles),en.wikipedia.org,wikipedia_internal,3,Paul Is Dead ( Miracles ),
CASE-0200,Paul McCartney death conspiracy,Paul is dead,wikipedia_article_links,https://en.wikipedia.org/wiki/Sgt._Pepper%27s_Lonely_Hearts_Club_Band#Billy_Shears,en.wikipedia.org,wikipedia_internal,4,Sgt. Pepper's Lonely Hearts Club Band § Billy Shears,
CASE-0200,Paul McCartney death conspiracy,Paul is dead,wikipedia_article_links,https://en.wikipedia.org/wiki/James_Shears_and_Sons,en.wikipedia.org,wikipedia_internal,5,James Shears and Sons,
CASE-0200,Paul McCartney death conspiracy,Paul is dead,wikipedia_article_links,https://en.wikipedia.org/wiki/Urban_legend,en.wikipedia.org,wikipedia_internal,6,urban legend,
CASE-0200,Paul McCartney death conspiracy,Paul is dead,wikipedia_article_links,https://en.wikipedia.org/wiki/Conspiracy_theory,en.wikipedia.org,wikipedia_internal,7,conspiracy theory,
CASE-0200,Paul McCartney death conspiracy,Paul is dead,wikipedia_article_links,https://en.wikipedia.org/wiki/Paul_McCartney,en.wikipedia.org,wikipedia_internal,8,Paul McCartney,
CASE-0200,Paul McCartney death conspiracy,Paul is dead,wikipedia_article_links,https://en.wikipedia.org/wiki/The_Beatles,en.wikipedia.org,wikipedia_internal,9,the Beatles,
CASE-0200,Paul McCartney death conspiracy,Paul is dead,wikipedia_article_links,https://en.wikipedia.org/wiki/Look-alike,en.wikipedia.org,wikipedia_internal,10,look-alike,
CASE-0200,Paul McCartney death conspiracy,Paul is dead,wikipedia_article_links,https://en.wikipedia.org/wiki/MI5,en.wikipedia.org,wikipedia_internal,11,MI5,
CASE-0200,Paul McCartney death conspiracy,Paul is dead,wikipedia_article_links,https://en.wikipedia.org/wiki/Life_(magazine),en.wikipedia.org,wikipedia_internal,12,Life,
CASE-0200,Paul McCartney death conspiracy,Paul is dead,wikipedia_article_links,https://en.wikipedia.org/wiki/Sociology,en.wikipedia.org,wikipedia_internal,13,sociology,
CASE-0200,Paul McCartney death conspiracy,Paul is dead,wikipedia_article_links,https://en.wikipedia.org/wiki/Psychology,en.wikipedia.org,wikipedia_internal,14,psychology,
CASE-0200,Paul McCartney death conspiracy,Paul is dead,wikipedia_article_links,https://en.wikipedia.org/wiki/Communication_studies,en.wikipedia.org,wikipedia_internal,15,communications,
CASE-0200,Paul McCartney death conspiracy,Paul is dead,wikipedia_article_links,https://en.wikipedia.org/wiki/Paul_Is_Live,en.wikipedia.org,wikipedia_internal,16,Paul Is Live,
CASE-0200,Paul McCartney death conspiracy,Paul is dead,wikipedia_article_links,https://en.wikipedia.org/wiki/Time_(magazine),en.wikipedia.org,wikipedia_internal,17,Time,
CASE-0200,Paul McCartney death conspiracy,Paul is dead,wikipedia_article_links,https://en.wikipedia.org/wiki/Tony_Barrow,en.wikipedia.org,wikipedia_internal,18,Tony Barrow,
CASE-0200,Paul McCartney death conspiracy,Paul is dead,wikipedia_article_links,https://en.wikipedia.org/wiki/Fleet_Street,en.wikipedia.org,wikipedia_internal,19,Fleet Street,
CASE-0200,Paul McCartney death conspiracy,Paul is dead,wikipedia_article_links,https://en.wikipedia.org/wiki/M1_motorway,en.wikipedia.org,wikipedia_internal,20,M1 motorway,
CASE-0201,Operation Midnight Climax,Operation Midnight Climax,wikipedia_search,https://en.wikipedia.org/wiki/Operation_Midnight_Climax,en.wikipedia.org,wikipedia_primary,1,Operation Midnight Climax,
CASE-0201,Operation Midnight Climax,Operation Midnight Climax,wikipedia_article_links,https://en.wikipedia.org/wiki/Central_Intelligence_Agency,en.wikipedia.org,wikipedia_internal,2,Central Intelligence Agency,
CASE-0201,Operation Midnight Climax,Operation Midnight Climax,wikipedia_article_links,https://en.wikipedia.org/wiki/Project_MKUltra,en.wikipedia.org,wikipedia_internal,3,Project MKUltra,
CASE-0201,Operation Midnight Climax,Operation Midnight Climax,wikipedia_article_links,https://en.wikipedia.org/wiki/Brainwashing,en.wikipedia.org,wikipedia_internal,4,mind-control,
CASE-0201,Operation Midnight Climax,Operation Midnight Climax,wikipedia_article_links,https://en.wikipedia.org/wiki/Sidney_Gottlieb,en.wikipedia.org,wikipedia_internal,5,Sidney Gottlieb,
CASE-0201,Operation Midnight Climax,Operation Midnight Climax,wikipedia_article_links,https://en.wikipedia.org/wiki/Federal_Bureau_of_Narcotics,en.wikipedia.org,wikipedia_internal,6,Federal Bureau of Narcotics,
CASE-0201,Operation Midnight Climax,Operation Midnight Climax,wikipedia_article_links,https://en.wikipedia.org/wiki/Boston,en.wikipedia.org,wikipedia_internal,7,Boston,
CASE-0201,Operation Midnight Climax,Operation Midnight Climax,wikipedia_article_links,https://en.wikipedia.org/wiki/George_Hunter_White,en.wikipedia.org,wikipedia_internal,8,George Hunter White,
CASE-0201,Operation Midnight Climax,Operation Midnight Climax,wikipedia_article_links,https://en.wikipedia.org/wiki/Pseudonym,en.wikipedia.org,wikipedia_internal,9,pseudonym,
CASE-0201,Operation Midnight Climax,Operation Midnight Climax,wikipedia_article_links,https://en.wikipedia.org/wiki/Office_of_Technical_Service,en.wikipedia.org,wikipedia_internal,10,Office of Technical Service,
CASE-0201,Operation Midnight Climax,Operation Midnight Climax,wikipedia_article_links,https://en.wikipedia.org/wiki/Interrogation,en.wikipedia.org,wikipedia_internal,11,interrogation,
CASE-0201,Operation Midnight Climax,Operation Midnight Climax,wikipedia_article_links,https://en.wikipedia.org/wiki/Project_ARTICHOKE,en.wikipedia.org,wikipedia_internal,12,Project Artichoke,
CASE-0201,Operation Midnight Climax,Operation Midnight Climax,wikipedia_article_links,https://en.wikipedia.org/wiki/Safehouse,en.wikipedia.org,wikipedia_internal,13,safehouses,
CASE-0201,Operation Midnight Climax,Operation Midnight Climax,wikipedia_article_links,https://en.wikipedia.org/wiki/San_Francisco,en.wikipedia.org,wikipedia_internal,14,San Francisco,
CASE-0201,Operation Midnight Climax,Operation Midnight Climax,wikipedia_article_links,"https://en.wikipedia.org/wiki/Mill_Valley,_California",en.wikipedia.org,wikipedia_internal,15,"Mill Valley, California",
CASE-0201,Operation Midnight Climax,Operation Midnight Climax,wikipedia_article_links,https://en.wikipedia.org/wiki/New_York_City,en.wikipedia.org,wikipedia_internal,16,New York City,
CASE-0201,Operation Midnight Climax,Operation Midnight Climax,wikipedia_article_links,https://en.wikipedia.org/wiki/LSD,en.wikipedia.org,wikipedia_internal,17,LSD,
CASE-0201,Operation Midnight Climax,Operation Midnight Climax,wikipedia_article_links,https://en.wikipedia.org/wiki/Consent,en.wikipedia.org,wikipedia_internal,18,non-consenting,
CASE-0201,Operation Midnight Climax,Operation Midnight Climax,wikipedia_article_links,https://en.wikipedia.org/wiki/Prostitutes,en.wikipedia.org,wikipedia_internal,19,Prostitutes,
CASE-0201,Operation Midnight Climax,Operation Midnight Climax,wikipedia_article_links,https://en.wikipedia.org/wiki/One-way_glass,en.wikipedia.org,wikipedia_internal,20,one-way glass,
CASE-0202,Bay of Pigs conspiracy,Bay of Pigs Invasion,wikipedia_search,https://en.wikipedia.org/wiki/Bay_of_Pigs_Invasion,en.wikipedia.org,wikipedia_primary,1,Bay of Pigs Invasion,
CASE-0202,Bay of Pigs conspiracy,Bay of Pigs Invasion,wikipedia_article_links,https://en.wikipedia.org/wiki/Invasion_of_Cuba_(1741),en.wikipedia.org,wikipedia_internal,2,Invasion of Cuba (1741),
CASE-0202,Bay of Pigs conspiracy,Bay of Pigs Invasion,wikipedia_article_links,https://en.wikipedia.org/wiki/Spanish%E2%80%93American_War,en.wikipedia.org,wikipedia_internal,3,Spanish–American War,
CASE-0202,Bay of Pigs conspiracy,Bay of Pigs Invasion,wikipedia_article_links,https://en.wikipedia.org/wiki/Cold_War,en.wikipedia.org,wikipedia_internal,4,Cold War,
CASE-0202,Bay of Pigs conspiracy,Bay of Pigs Invasion,wikipedia_article_links,https://en.wikipedia.org/wiki/Consolidation_of_the_Cuban_Revolution,en.wikipedia.org,wikipedia_internal,5,Consolidation of the Cuban Revolution,
CASE-0202,Bay of Pigs conspiracy,Bay of Pigs Invasion,wikipedia_article_links,https://en.wikipedia.org/wiki/Cuban_Revolutionary_Armed_Forces,en.wikipedia.org,wikipedia_internal,6,Cuban Revolutionary Armed Forces,
CASE-0202,Bay of Pigs conspiracy,Bay of Pigs Invasion,wikipedia_article_links,https://en.wikipedia.org/wiki/Playa_Gir%C3%B3n,en.wikipedia.org,wikipedia_internal,7,Playa Girón,
CASE-0202,Bay of Pigs conspiracy,Bay of Pigs Invasion,wikipedia_article_links,https://en.wikipedia.org/wiki/Bay_of_Pigs,en.wikipedia.org,wikipedia_internal,8,Bay of Pigs,
CASE-0202,Bay of Pigs conspiracy,Bay of Pigs Invasion,wikipedia_article_links,https://en.wikipedia.org/wiki/Cuba,en.wikipedia.org,wikipedia_internal,9,Cuba,
CASE-0202,Bay of Pigs conspiracy,Bay of Pigs Invasion,wikipedia_article_links,https://en.wikipedia.org/wiki/Cuban_Democratic_Revolutionary_Front,en.wikipedia.org,wikipedia_internal,10,Opposition,
CASE-0202,Bay of Pigs conspiracy,Bay of Pigs Invasion,wikipedia_article_links,https://en.wikipedia.org/wiki/Cuba%E2%80%93Soviet_Union_relations,en.wikipedia.org,wikipedia_internal,11,Increased cooperation,
CASE-0202,Bay of Pigs conspiracy,Bay of Pigs Invasion,wikipedia_article_links,https://en.wikipedia.org/wiki/Soviet_Union,en.wikipedia.org,wikipedia_internal,12,Soviet Union,
CASE-0202,Bay of Pigs conspiracy,Bay of Pigs Invasion,wikipedia_article_links,https://en.wikipedia.org/wiki/United_States,en.wikipedia.org,wikipedia_internal,13,United States,
CASE-0202,Bay of Pigs conspiracy,Bay of Pigs Invasion,wikipedia_article_links,https://en.wikipedia.org/wiki/John_F._Kennedy,en.wikipedia.org,wikipedia_internal,14,John F. Kennedy,
CASE-0202,Bay of Pigs conspiracy,Bay of Pigs Invasion,wikipedia_article_links,https://en.wikipedia.org/wiki/Robert_McNamara,en.wikipedia.org,wikipedia_internal,15,Robert McNamara,
CASE-0202,Bay of Pigs conspiracy,Bay of Pigs Invasion,wikipedia_article_links,https://en.wikipedia.org/wiki/Robert_F._Kennedy,en.wikipedia.org,wikipedia_internal,16,Robert F. Kennedy,
CASE-0202,Bay of Pigs conspiracy,Bay of Pigs Invasion,wikipedia_article_links,https://en.wikipedia.org/wiki/Maxwell_D._Taylor,en.wikipedia.org,wikipedia_internal,17,Maxwell D. Taylor,
CASE-0202,Bay of Pigs conspiracy,Bay of Pigs Invasion,wikipedia_article_links,https://en.wikipedia.org/wiki/Charles_Cabell,en.wikipedia.org,wikipedia_internal,18,Charles Cabell,
CASE-0202,Bay of Pigs conspiracy,Bay of Pigs Invasion,wikipedia_article_links,https://en.wikipedia.org/wiki/Pepe_San_Rom%C3%A1n,en.wikipedia.org,wikipedia_internal,19,Pepe San Román,
CASE-0202,Bay of Pigs conspiracy,Bay of Pigs Invasion,wikipedia_article_links,https://en.wikipedia.org/wiki/Prisoner_of_war,en.wikipedia.org,wikipedia_internal,20,POW,
CASE-0203,Watergate deeper conspiracy,Watergate scandal,wikipedia_search,https://en.wikipedia.org/wiki/Watergate_scandal,en.wikipedia.org,wikipedia_primary,1,Watergate scandal,
CASE-0203,Watergate deeper conspiracy,Watergate scandal,wikipedia_article_links,https://en.wikipedia.org/wiki/Watergate_complex,en.wikipedia.org,wikipedia_internal,2,Watergate complex,
CASE-0203,Watergate deeper conspiracy,Watergate scandal,wikipedia_article_links,https://en.wikipedia.org/wiki/Watergate_(disambiguation),en.wikipedia.org,wikipedia_internal,3,Watergate (disambiguation),
CASE-0203,Watergate deeper conspiracy,Watergate scandal,wikipedia_article_links,https://en.wikipedia.org/wiki/Timeline_of_the_Watergate_scandal,en.wikipedia.org,wikipedia_internal,4,Timeline of the Watergate scandal,
CASE-0203,Watergate deeper conspiracy,Watergate scandal,wikipedia_article_links,https://en.wikipedia.org/wiki/Howard_Johnson%27s,en.wikipedia.org,wikipedia_internal,5,Howard Johnson's,
CASE-0203,Watergate deeper conspiracy,Watergate scandal,wikipedia_article_links,https://en.wikipedia.org/wiki/White_House_Plumbers,en.wikipedia.org,wikipedia_internal,6,White House Plumbers,
CASE-0203,Watergate deeper conspiracy,Watergate scandal,wikipedia_article_links,https://en.wikipedia.org/wiki/Political_scandal,en.wikipedia.org,wikipedia_internal,7,political scandal,
CASE-0203,Watergate deeper conspiracy,Watergate scandal,wikipedia_article_links,https://en.wikipedia.org/wiki/Presidency_of_Richard_Nixon,en.wikipedia.org,wikipedia_internal,8,administration,
CASE-0203,Watergate deeper conspiracy,Watergate scandal,wikipedia_article_links,https://en.wikipedia.org/wiki/Richard_Nixon,en.wikipedia.org,wikipedia_internal,9,Richard Nixon,
CASE-0203,Watergate deeper conspiracy,Watergate scandal,wikipedia_article_links,https://en.wikipedia.org/wiki/Richard_Nixon_1972_presidential_campaign,en.wikipedia.org,wikipedia_internal,10,1972 re-election campaign,
CASE-0203,Watergate deeper conspiracy,Watergate scandal,wikipedia_article_links,https://en.wikipedia.org/wiki/Democratic_National_Committee,en.wikipedia.org,wikipedia_internal,11,Democratic National Committee,
CASE-0203,Watergate deeper conspiracy,Watergate scandal,wikipedia_article_links,https://en.wikipedia.org/wiki/Impeachment_process_against_Richard_Nixon,en.wikipedia.org,wikipedia_internal,12,impeachment process,
CASE-0203,Watergate deeper conspiracy,Watergate scandal,wikipedia_article_links,https://en.wikipedia.org/wiki/Richard_Nixon%27s_resignation_speech,en.wikipedia.org,wikipedia_internal,13,his resignation,
CASE-0203,Watergate deeper conspiracy,Watergate scandal,wikipedia_article_links,https://en.wikipedia.org/wiki/White_House,en.wikipedia.org,wikipedia_internal,14,White House,
CASE-0203,Watergate deeper conspiracy,Watergate scandal,wikipedia_article_links,https://en.wikipedia.org/wiki/News_leak,en.wikipedia.org,wikipedia_internal,15,leaks,
CASE-0203,Watergate deeper conspiracy,Watergate scandal,wikipedia_article_links,https://en.wikipedia.org/wiki/Operation_Gemstone,en.wikipedia.org,wikipedia_internal,16,Operation Gemstone,
CASE-0203,Watergate deeper conspiracy,Watergate scandal,wikipedia_article_links,https://en.wikipedia.org/wiki/E._Howard_Hunt,en.wikipedia.org,wikipedia_internal,17,E. Howard Hunt,
CASE-0203,Watergate deeper conspiracy,Watergate scandal,wikipedia_article_links,https://en.wikipedia.org/wiki/G._Gordon_Liddy,en.wikipedia.org,wikipedia_internal,18,G. Gordon Liddy,
CASE-0203,Watergate deeper conspiracy,Watergate scandal,wikipedia_article_links,https://en.wikipedia.org/wiki/The_Washington_Post,en.wikipedia.org,wikipedia_internal,19,The Washington Post,
CASE-0203,Watergate deeper conspiracy,Watergate scandal,wikipedia_article_links,https://en.wikipedia.org/wiki/Bob_Woodward,en.wikipedia.org,wikipedia_internal,20,Bob Woodward,
CASE-0204,Pentagon Papers,Pentagon Papers,wikipedia_search,https://en.wikipedia.org/wiki/Pentagon_Papers,en.wikipedia.org,wikipedia_primary,1,Pentagon Papers,
CASE-0204,Pentagon Papers,Pentagon Papers,wikipedia_article_links,https://en.wikipedia.org/wiki/Panama_Papers,en.wikipedia.org,wikipedia_internal,2,Panama Papers,
CASE-0204,Pentagon Papers,Pentagon Papers,wikipedia_article_links,https://en.wikipedia.org/wiki/The_Pentagon_Papers_(film),en.wikipedia.org,wikipedia_internal,3,The Pentagon Papers (film),
CASE-0204,Pentagon Papers,Pentagon Papers,wikipedia_article_links,https://en.wikipedia.org/wiki/Central_Intelligence_Agency,en.wikipedia.org,wikipedia_internal,4,Central Intelligence Agency,
CASE-0204,Pentagon Papers,Pentagon Papers,wikipedia_article_links,https://en.wikipedia.org/wiki/Indochina_Wars,en.wikipedia.org,wikipedia_internal,5,Indochina,
CASE-0204,Pentagon Papers,Pentagon Papers,wikipedia_article_links,https://en.wikipedia.org/wiki/United_States_Department_of_Defense,en.wikipedia.org,wikipedia_internal,6,United States Department of Defense,
CASE-0204,Pentagon Papers,Pentagon Papers,wikipedia_article_links,https://en.wikipedia.org/wiki/United_States_in_the_Vietnam_War,en.wikipedia.org,wikipedia_internal,7,United States' political and military involvement in Vietnam,
CASE-0204,Pentagon Papers,Pentagon Papers,wikipedia_article_links,https://en.wikipedia.org/wiki/Daniel_Ellsberg,en.wikipedia.org,wikipedia_internal,8,Daniel Ellsberg,
CASE-0204,Pentagon Papers,Pentagon Papers,wikipedia_article_links,https://en.wikipedia.org/wiki/The_New_York_Times,en.wikipedia.org,wikipedia_internal,9,The New York Times,
CASE-0204,Pentagon Papers,Pentagon Papers,wikipedia_article_links,https://en.wikipedia.org/wiki/Lyndon_B._Johnson%27s_administration,en.wikipedia.org,wikipedia_internal,10,Lyndon B. Johnson's administration,
CASE-0204,Pentagon Papers,Pentagon Papers,wikipedia_article_links,https://en.wikipedia.org/wiki/Vietnam_War,en.wikipedia.org,wikipedia_internal,11,Vietnam War,
CASE-0204,Pentagon Papers,Pentagon Papers,wikipedia_article_links,https://en.wikipedia.org/wiki/North_Vietnam,en.wikipedia.org,wikipedia_internal,12,North Vietnam,
CASE-0204,Pentagon Papers,Pentagon Papers,wikipedia_article_links,https://en.wikipedia.org/wiki/United_States_Marine_Corps,en.wikipedia.org,wikipedia_internal,13,Marine Corps,
CASE-0204,Pentagon Papers,Pentagon Papers,wikipedia_article_links,https://en.wikipedia.org/wiki/Watergate_scandal,en.wikipedia.org,wikipedia_internal,14,Watergate scandal,
CASE-0204,Pentagon Papers,Pentagon Papers,wikipedia_article_links,https://en.wikipedia.org/wiki/Nixon_White_House,en.wikipedia.org,wikipedia_internal,15,Nixon White House,
CASE-0204,Pentagon Papers,Pentagon Papers,wikipedia_article_links,https://en.wikipedia.org/wiki/White_House_Plumbers,en.wikipedia.org,wikipedia_internal,16,White House Plumbers,
CASE-0204,Pentagon Papers,Pentagon Papers,wikipedia_article_links,https://en.wikipedia.org/wiki/Time_(magazine),en.wikipedia.org,wikipedia_internal,17,Time magazine,
CASE-0204,Pentagon Papers,Pentagon Papers,wikipedia_article_links,https://en.wikipedia.org/wiki/United_States_Secretary_of_Defense,en.wikipedia.org,wikipedia_internal,18,Secretary of Defense,
CASE-0204,Pentagon Papers,Pentagon Papers,wikipedia_article_links,https://en.wikipedia.org/wiki/Robert_McNamara,en.wikipedia.org,wikipedia_internal,19,Robert McNamara,
CASE-0204,Pentagon Papers,Pentagon Papers,wikipedia_article_links,https://en.wikipedia.org/wiki/Leslie_H._Gelb,en.wikipedia.org,wikipedia_internal,20,Leslie H. Gelb,
CASE-0205,Project Stargate remote viewing,Stargate Project (U.S. Army unit),wikipedia_search,https://en.wikipedia.org/wiki/Stargate_Project_%28U.S._Army_unit%29,en.wikipedia.org,wikipedia_primary,1,Stargate Project (U.S. Army unit),
CASE-0205,Project Stargate remote viewing,Stargate Project (U.S. Army unit),wikipedia_article_links,https://en.wikipedia.org/wiki/Stargate_LLC,en.wikipedia.org,wikipedia_internal,2,Stargate LLC,
CASE-0205,Project Stargate remote viewing,Stargate Project (U.S. Army unit),wikipedia_article_links,https://en.wikipedia.org/wiki/Stargate_(disambiguation),en.wikipedia.org,wikipedia_internal,3,Stargate (disambiguation),
CASE-0205,Project Stargate remote viewing,Stargate Project (U.S. Army unit),wikipedia_article_links,https://en.wikipedia.org/wiki/Paranormal,en.wikipedia.org,wikipedia_internal,4,Paranormal,
CASE-0205,Project Stargate remote viewing,Stargate Project (U.S. Army unit),wikipedia_article_links,https://en.wikipedia.org/wiki/Astral_projection,en.wikipedia.org,wikipedia_internal,5,Astral projection,
CASE-0205,Project Stargate remote viewing,Stargate Project (U.S. Army unit),wikipedia_article_links,https://en.wikipedia.org/wiki/Astrology,en.wikipedia.org,wikipedia_internal,6,Astrology,
CASE-0205,Project Stargate remote viewing,Stargate Project (U.S. Army unit),wikipedia_article_links,https://en.wikipedia.org/wiki/Aura_(paranormal),en.wikipedia.org,wikipedia_internal,7,Aura,
CASE-0205,Project Stargate remote viewing,Stargate Project (U.S. Army unit),wikipedia_article_links,https://en.wikipedia.org/wiki/Bilocation,en.wikipedia.org,wikipedia_internal,8,Bilocation,
CASE-0205,Project Stargate remote viewing,Stargate Project (U.S. Army unit),wikipedia_article_links,https://en.wikipedia.org/wiki/Inedia,en.wikipedia.org,wikipedia_internal,9,Breatharianism,
CASE-0205,Project Stargate remote viewing,Stargate Project (U.S. Army unit),wikipedia_article_links,https://en.wikipedia.org/wiki/Clairvoyance,en.wikipedia.org,wikipedia_internal,10,Clairvoyance,
CASE-0205,Project Stargate remote viewing,Stargate Project (U.S. Army unit),wikipedia_article_links,https://en.wikipedia.org/wiki/Close_encounter,en.wikipedia.org,wikipedia_internal,11,Close encounter,
CASE-0205,Project Stargate remote viewing,Stargate Project (U.S. Army unit),wikipedia_article_links,https://en.wikipedia.org/wiki/Cold_spot_(paranormal),en.wikipedia.org,wikipedia_internal,12,Cold spot,
CASE-0205,Project Stargate remote viewing,Stargate Project (U.S. Army unit),wikipedia_article_links,https://en.wikipedia.org/wiki/Crystal_gazing,en.wikipedia.org,wikipedia_internal,13,Crystal gazing,
CASE-0205,Project Stargate remote viewing,Stargate Project (U.S. Army unit),wikipedia_article_links,https://en.wikipedia.org/wiki/Evocation,en.wikipedia.org,wikipedia_internal,14,Conjuration,
CASE-0205,Project Stargate remote viewing,Stargate Project (U.S. Army unit),wikipedia_article_links,https://en.wikipedia.org/wiki/Cryptozoology,en.wikipedia.org,wikipedia_internal,15,Cryptozoology,
CASE-0205,Project Stargate remote viewing,Stargate Project (U.S. Army unit),wikipedia_article_links,https://en.wikipedia.org/wiki/Spirit_possession,en.wikipedia.org,wikipedia_internal,16,Demonic possession,
CASE-0205,Project Stargate remote viewing,Stargate Project (U.S. Army unit),wikipedia_article_links,https://en.wikipedia.org/wiki/Demonology,en.wikipedia.org,wikipedia_internal,17,Demonology,
CASE-0205,Project Stargate remote viewing,Stargate Project (U.S. Army unit),wikipedia_article_links,https://en.wikipedia.org/wiki/Doppelg%C3%A4nger,en.wikipedia.org,wikipedia_internal,18,Doppelgänger,
CASE-0205,Project Stargate remote viewing,Stargate Project (U.S. Army unit),wikipedia_article_links,https://en.wikipedia.org/wiki/Ectoplasm_(paranormal),en.wikipedia.org,wikipedia_internal,19,Ectoplasm,
CASE-0205,Project Stargate remote viewing,Stargate Project (U.S. Army unit),wikipedia_article_links,https://en.wikipedia.org/wiki/Electronic_voice_phenomenon,en.wikipedia.org,wikipedia_internal,20,Electronic voice phenomenon,
CASE-0206,CIA assassination attempts Castro,CIA assassination attempts on Fidel Castro,wikipedia_search,https://en.wikipedia.org/wiki/CIA_assassination_attempts_on_Fidel_Castro,en.wikipedia.org,wikipedia_primary,1,CIA assassination attempts on Fidel Castro,
CASE-0206,CIA assassination attempts Castro,CIA assassination attempts on Fidel Castro,wikipedia_article_links,https://en.wikipedia.org/wiki/Fidel_Castro,en.wikipedia.org,wikipedia_internal,2,Fidel Castro,
CASE-0206,CIA assassination attempts Castro,CIA assassination attempts on Fidel Castro,wikipedia_article_links,"https://en.wikipedia.org/wiki/Washington,_D.C.",en.wikipedia.org,wikipedia_internal,3,"Washington, D.C.",
CASE-0206,CIA assassination attempts Castro,CIA assassination attempts on Fidel Castro,wikipedia_article_links,https://en.wikipedia.org/wiki/Cuban_Revolution,en.wikipedia.org,wikipedia_internal,4,Cuban Revolution,
CASE-0206,CIA assassination attempts Castro,CIA assassination attempts on Fidel Castro,wikipedia_article_links,https://en.wikipedia.org/wiki/Early_life_of_Fidel_Castro,en.wikipedia.org,wikipedia_internal,5,Early life,
CASE-0206,CIA assassination attempts Castro,CIA assassination attempts on Fidel Castro,wikipedia_article_links,https://en.wikipedia.org/wiki/Fidelismo,en.wikipedia.org,wikipedia_internal,6,Fidelismo,
CASE-0206,CIA assassination attempts Castro,CIA assassination attempts on Fidel Castro,wikipedia_article_links,https://en.wikipedia.org/wiki/Religious_views_of_Fidel_Castro,en.wikipedia.org,wikipedia_internal,7,Religious views,
CASE-0206,CIA assassination attempts Castro,CIA assassination attempts on Fidel Castro,wikipedia_article_links,https://en.wikipedia.org/wiki/Fidel_Castro_and_dairy,en.wikipedia.org,wikipedia_internal,8,Dairy,
CASE-0206,CIA assassination attempts Castro,CIA assassination attempts on Fidel Castro,wikipedia_article_links,https://en.wikipedia.org/wiki/Death_and_state_funeral_of_Fidel_Castro,en.wikipedia.org,wikipedia_internal,9,Death and state funeral,
CASE-0206,CIA assassination attempts Castro,CIA assassination attempts on Fidel Castro,wikipedia_article_links,https://en.wikipedia.org/wiki/Fidel_Castro_in_the_Cuban_Revolution,en.wikipedia.org,wikipedia_internal,10,Cuban Revolution,
CASE-0206,CIA assassination attempts Castro,CIA assassination attempts on Fidel Castro,wikipedia_article_links,https://en.wikipedia.org/wiki/Attack_on_the_Moncada_Barracks,en.wikipedia.org,wikipedia_internal,11,Attack on the Moncada Barracks,
CASE-0206,CIA assassination attempts Castro,CIA assassination attempts on Fidel Castro,wikipedia_article_links,https://en.wikipedia.org/wiki/History_Will_Absolve_Me,en.wikipedia.org,wikipedia_internal,12,History Will Absolve Me,
CASE-0206,CIA assassination attempts Castro,CIA assassination attempts on Fidel Castro,wikipedia_article_links,https://en.wikipedia.org/wiki/26th_of_July_Movement,en.wikipedia.org,wikipedia_internal,13,26th of July Movement,
CASE-0206,CIA assassination attempts Castro,CIA assassination attempts on Fidel Castro,wikipedia_article_links,https://en.wikipedia.org/wiki/Landing_of_the_Granma,en.wikipedia.org,wikipedia_internal,14,Landing of the Granma,
CASE-0206,CIA assassination attempts Castro,CIA assassination attempts on Fidel Castro,wikipedia_article_links,https://en.wikipedia.org/wiki/Triumph_of_the_Revolution,en.wikipedia.org,wikipedia_internal,15,Triumph of the Revolution,
CASE-0206,CIA assassination attempts Castro,CIA assassination attempts on Fidel Castro,wikipedia_article_links,https://en.wikipedia.org/wiki/Political_career_of_Fidel_Castro#Premiership_(1959–1976),en.wikipedia.org,wikipedia_internal,16,Provisional government,
CASE-0206,CIA assassination attempts Castro,CIA assassination attempts on Fidel Castro,wikipedia_article_links,https://en.wikipedia.org/wiki/Consolidation_of_the_Cuban_Revolution,en.wikipedia.org,wikipedia_internal,17,Consolidation of the Cuban Revolution,
CASE-0206,CIA assassination attempts Castro,CIA assassination attempts on Fidel Castro,wikipedia_article_links,https://en.wikipedia.org/wiki/Proclamation_Against_Discrimination,en.wikipedia.org,wikipedia_internal,18,Proclamation Against Discrimination,
CASE-0206,CIA assassination attempts Castro,CIA assassination attempts on Fidel Castro,wikipedia_article_links,"https://en.wikipedia.org/wiki/Revolution_first,_elections_later",en.wikipedia.org,wikipedia_internal,19,"Revolution first, elections later",
CASE-0206,CIA assassination attempts Castro,CIA assassination attempts on Fidel Castro,wikipedia_article_links,https://en.wikipedia.org/wiki/Agrarian_reforms_in_Cuba,en.wikipedia.org,wikipedia_internal,20,Agrarian reforms,
CASE-0207,Operation Timber Sycamore,Timber Sycamore,wikipedia_search,https://en.wikipedia.org/wiki/Timber_Sycamore,en.wikipedia.org,wikipedia_primary,1,Timber Sycamore,
CASE-0207,Operation Timber Sycamore,Timber Sycamore,wikipedia_article_links,https://en.wikipedia.org/wiki/United_States,en.wikipedia.org,wikipedia_internal,2,United States,
CASE-0207,Operation Timber Sycamore,Timber Sycamore,wikipedia_article_links,https://en.wikipedia.org/wiki/Central_Intelligence_Agency,en.wikipedia.org,wikipedia_internal,3,CIA,
CASE-0207,Operation Timber Sycamore,Timber Sycamore,wikipedia_article_links,https://en.wikipedia.org/wiki/Ba%27athist_Syria,en.wikipedia.org,wikipedia_internal,4,Ba'athist Syria,
CASE-0207,Operation Timber Sycamore,Timber Sycamore,wikipedia_article_links,https://en.wikipedia.org/wiki/United_States_Department_of_Defense,en.wikipedia.org,wikipedia_internal,5,Department of Defense,
CASE-0207,Operation Timber Sycamore,Timber Sycamore,wikipedia_article_links,https://en.wikipedia.org/wiki/United_Kingdom,en.wikipedia.org,wikipedia_internal,6,United Kingdom,
CASE-0207,Operation Timber Sycamore,Timber Sycamore,wikipedia_article_links,https://en.wikipedia.org/wiki/MI6,en.wikipedia.org,wikipedia_internal,7,MI6,
CASE-0207,Operation Timber Sycamore,Timber Sycamore,wikipedia_article_links,https://en.wikipedia.org/wiki/Jordan,en.wikipedia.org,wikipedia_internal,8,Jordan,
CASE-0207,Operation Timber Sycamore,Timber Sycamore,wikipedia_article_links,https://en.wikipedia.org/wiki/Jordanian_Armed_Forces,en.wikipedia.org,wikipedia_internal,9,Jordanian Armed Forces,
CASE-0207,Operation Timber Sycamore,Timber Sycamore,wikipedia_article_links,https://en.wikipedia.org/wiki/General_Intelligence_Department_(Jordan),en.wikipedia.org,wikipedia_internal,10,General Intelligence Department,
CASE-0207,Operation Timber Sycamore,Timber Sycamore,wikipedia_article_links,https://en.wikipedia.org/wiki/Saudi_Arabia,en.wikipedia.org,wikipedia_internal,11,Saudi Arabia,
CASE-0207,Operation Timber Sycamore,Timber Sycamore,wikipedia_article_links,https://en.wikipedia.org/wiki/General_Intelligence_Presidency,en.wikipedia.org,wikipedia_internal,12,General Intelligence Presidency,
CASE-0207,Operation Timber Sycamore,Timber Sycamore,wikipedia_article_links,https://en.wikipedia.org/wiki/Qatar,en.wikipedia.org,wikipedia_internal,13,Qatar,
CASE-0207,Operation Timber Sycamore,Timber Sycamore,wikipedia_article_links,https://en.wikipedia.org/wiki/Qatar_State_Security,en.wikipedia.org,wikipedia_internal,14,Qatar State Security,
CASE-0207,Operation Timber Sycamore,Timber Sycamore,wikipedia_article_links,https://en.wikipedia.org/wiki/Syrian_Train_and_Equip_Program,en.wikipedia.org,wikipedia_internal,15,Syrian Train and Equip Program,
CASE-0207,Operation Timber Sycamore,Timber Sycamore,wikipedia_article_links,https://en.wikipedia.org/wiki/Syrian_Democratic_Forces,en.wikipedia.org,wikipedia_internal,16,SDF,
CASE-0207,Operation Timber Sycamore,Timber Sycamore,wikipedia_article_links,https://en.wikipedia.org/wiki/United_States_involvement_in_regime_change,en.wikipedia.org,wikipedia_internal,17,United States involvement in regime change,
CASE-0207,Operation Timber Sycamore,Timber Sycamore,wikipedia_article_links,https://en.wikipedia.org/wiki/Overthrow_of_the_Hawaiian_Kingdom,en.wikipedia.org,wikipedia_internal,18,1893 overthrow of the Hawaiian Kingdom,
CASE-0207,Operation Timber Sycamore,Timber Sycamore,wikipedia_article_links,https://en.wikipedia.org/wiki/Military_Government_of_Cuba,en.wikipedia.org,wikipedia_internal,19,1898–1902 occupation of Cuba,
CASE-0207,Operation Timber Sycamore,Timber Sycamore,wikipedia_article_links,https://en.wikipedia.org/wiki/Military_Government_of_the_Philippine_Islands,en.wikipedia.org,wikipedia_internal,20,Philippines,
CASE-0208,Rex 84,Rex 84,wikipedia_search,https://en.wikipedia.org/wiki/Rex_84,en.wikipedia.org,wikipedia_primary,1,Rex 84,
CASE-0208,Rex 84,Rex 84,wikipedia_article_links,https://en.wikipedia.org/wiki/Classified_information,en.wikipedia.org,wikipedia_internal,2,classified,
CASE-0208,Rex 84,Rex 84,wikipedia_article_links,https://en.wikipedia.org/wiki/United_States_federal_government,en.wikipedia.org,wikipedia_internal,3,United States federal government,
CASE-0208,Rex 84,Rex 84,wikipedia_article_links,https://en.wikipedia.org/wiki/National_security,en.wikipedia.org,wikipedia_internal,4,national security,
CASE-0208,Rex 84,Rex 84,wikipedia_article_links,https://en.wikipedia.org/wiki/National_Emergencies_Act,en.wikipedia.org,wikipedia_internal,5,National Emergency,
CASE-0208,Rex 84,Rex 84,wikipedia_article_links,https://en.wikipedia.org/wiki/Central_America,en.wikipedia.org,wikipedia_internal,6,Central American,
CASE-0208,Rex 84,Rex 84,wikipedia_article_links,https://en.wikipedia.org/wiki/American_citizens,en.wikipedia.org,wikipedia_internal,7,American citizens,
CASE-0208,Rex 84,Rex 84,wikipedia_article_links,https://en.wikipedia.org/wiki/US_Attorney_General,en.wikipedia.org,wikipedia_internal,8,US Attorney General,
CASE-0208,Rex 84,Rex 84,wikipedia_article_links,https://en.wikipedia.org/wiki/Continuity_of_Government_Plan,en.wikipedia.org,wikipedia_internal,9,Continuity of Government,
CASE-0208,Rex 84,Rex 84,wikipedia_article_links,https://en.wikipedia.org/wiki/Federal_Emergency_Management_Agency,en.wikipedia.org,wikipedia_internal,10,Federal Emergency Management Agency,
CASE-0208,Rex 84,Rex 84,wikipedia_article_links,https://en.wikipedia.org/wiki/Christic_Institute,en.wikipedia.org,wikipedia_internal,11,Christic Institute,
CASE-0208,Rex 84,Rex 84,wikipedia_article_links,https://en.wikipedia.org/wiki/Alfonso_Chardy,en.wikipedia.org,wikipedia_internal,12,Alfonso Chardy,
CASE-0208,Rex 84,Rex 84,wikipedia_article_links,https://en.wikipedia.org/wiki/Miami_Herald,en.wikipedia.org,wikipedia_internal,13,Miami Herald,
CASE-0208,Rex 84,Rex 84,wikipedia_article_links,https://en.wikipedia.org/wiki/Contingency_plan,en.wikipedia.org,wikipedia_internal,14,contingency plans,
CASE-0208,Rex 84,Rex 84,wikipedia_article_links,https://en.wikipedia.org/wiki/Operation_Garden_Plot,en.wikipedia.org,wikipedia_internal,15,Operation Garden Plot,
CASE-0208,Rex 84,Rex 84,wikipedia_article_links,https://en.wikipedia.org/wiki/Ron_Ridenhour,en.wikipedia.org,wikipedia_internal,16,Ron Ridenhour,
CASE-0208,Rex 84,Rex 84,wikipedia_article_links,https://en.wikipedia.org/wiki/CounterSpy_(magazine),en.wikipedia.org,wikipedia_internal,17,CounterSpy,
CASE-0208,Rex 84,Rex 84,wikipedia_article_links,https://en.wikipedia.org/wiki/82nd_Airborne_Division,en.wikipedia.org,wikipedia_internal,18,82nd Airborne Division,
CASE-0208,Rex 84,Rex 84,wikipedia_article_links,https://en.wikipedia.org/wiki/Fort_Bragg,en.wikipedia.org,wikipedia_internal,19,Fort Bragg,
CASE-0208,Rex 84,Rex 84,wikipedia_article_links,https://en.wikipedia.org/wiki/North_Carolina,en.wikipedia.org,wikipedia_internal,20,North Carolina,
CASE-0209,Operation Fast and Furious,ATF gunwalking scandal,wikipedia_search,https://en.wikipedia.org/wiki/ATF_gunwalking_scandal,en.wikipedia.org,wikipedia_primary,1,ATF gunwalking scandal,
CASE-0209,Operation Fast and Furious,ATF gunwalking scandal,wikipedia_article_links,"https://en.wikipedia.org/wiki/Naco,_Sonora",en.wikipedia.org,wikipedia_internal,2,"Naco, Sonora",
CASE-0209,Operation Fast and Furious,ATF gunwalking scandal,wikipedia_article_links,"https://en.wikipedia.org/wiki/Bureau_of_Alcohol,_Tobacco,_Firearms_and_Explosives",en.wikipedia.org,wikipedia_internal,3,"Bureau of Alcohol, Tobacco, Firearms and Explosives",
CASE-0209,Operation Fast and Furious,ATF gunwalking scandal,wikipedia_article_links,https://en.wikipedia.org/wiki/Sting_operation,en.wikipedia.org,wikipedia_internal,4,sting operations,
CASE-0209,Operation Fast and Furious,ATF gunwalking scandal,wikipedia_article_links,https://en.wikipedia.org/wiki/Straw_purchase,en.wikipedia.org,wikipedia_internal,5,straw buyers,
CASE-0209,Operation Fast and Furious,ATF gunwalking scandal,wikipedia_article_links,https://en.wikipedia.org/wiki/Project_Gunrunner,en.wikipedia.org,wikipedia_internal,6,Project Gunrunner,
CASE-0209,Operation Fast and Furious,ATF gunwalking scandal,wikipedia_article_links,https://en.wikipedia.org/wiki/Firearm,en.wikipedia.org,wikipedia_internal,7,firearms,
CASE-0209,Operation Fast and Furious,ATF gunwalking scandal,wikipedia_article_links,https://en.wikipedia.org/wiki/El_Paso_Intelligence_Center,en.wikipedia.org,wikipedia_internal,8,El Paso Intelligence Center,
CASE-0209,Operation Fast and Furious,ATF gunwalking scandal,wikipedia_article_links,https://en.wikipedia.org/wiki/Mexico%E2%80%93United_States_border,en.wikipedia.org,wikipedia_internal,9,Mexico–United States border,
CASE-0209,Operation Fast and Furious,ATF gunwalking scandal,wikipedia_article_links,https://en.wikipedia.org/wiki/United_States_Border_Patrol,en.wikipedia.org,wikipedia_internal,10,United States Border Patrol,
CASE-0209,Operation Fast and Furious,ATF gunwalking scandal,wikipedia_article_links,https://en.wikipedia.org/wiki/Humberto_Ben%C3%ADtez_Trevi%C3%B1o,en.wikipedia.org,wikipedia_internal,11,Humberto Benítez Treviño,
CASE-0209,Operation Fast and Furious,ATF gunwalking scandal,wikipedia_article_links,https://en.wikipedia.org/wiki/Chamber_of_Deputies_(Mexico),en.wikipedia.org,wikipedia_internal,12,Chamber of Deputies,
CASE-0209,Operation Fast and Furious,ATF gunwalking scandal,wikipedia_article_links,https://en.wikipedia.org/wiki/United_States_Department_of_Justice,en.wikipedia.org,wikipedia_internal,13,Justice Department,
CASE-0209,Operation Fast and Furious,ATF gunwalking scandal,wikipedia_article_links,https://en.wikipedia.org/wiki/Attorney_General_of_the_United_States,en.wikipedia.org,wikipedia_internal,14,Attorney General,
CASE-0209,Operation Fast and Furious,ATF gunwalking scandal,wikipedia_article_links,https://en.wikipedia.org/wiki/Eric_Holder,en.wikipedia.org,wikipedia_internal,15,Eric Holder,
CASE-0209,Operation Fast and Furious,ATF gunwalking scandal,wikipedia_article_links,https://en.wikipedia.org/wiki/Cabinet_of_the_United_States,en.wikipedia.org,wikipedia_internal,16,Cabinet of the United States,
CASE-0209,Operation Fast and Furious,ATF gunwalking scandal,wikipedia_article_links,https://en.wikipedia.org/wiki/Contempt_of_Congress,en.wikipedia.org,wikipedia_internal,17,contempt of Congress,
CASE-0209,Operation Fast and Furious,ATF gunwalking scandal,wikipedia_article_links,https://en.wikipedia.org/wiki/Barack_Obama,en.wikipedia.org,wikipedia_internal,18,Barack Obama,
CASE-0209,Operation Fast and Furious,ATF gunwalking scandal,wikipedia_article_links,https://en.wikipedia.org/wiki/Executive_privilege,en.wikipedia.org,wikipedia_internal,19,executive privilege,
CASE-0209,Operation Fast and Furious,ATF gunwalking scandal,wikipedia_article_links,https://en.wikipedia.org/wiki/Mexican_Drug_War,en.wikipedia.org,wikipedia_internal,20,Mexican Drug War,
CASE-0210,Benghazi conspiracy,13 Hours: The Secret Soldiers of Benghazi,wikipedia_search,https://en.wikipedia.org/wiki/13_Hours%3A_The_Secret_Soldiers_of_Benghazi,en.wikipedia.org,wikipedia_primary,1,13 Hours: The Secret Soldiers of Benghazi,
CASE-0210,Benghazi conspiracy,13 Hours: The Secret Soldiers of Benghazi,wikipedia_article_links,https://en.wikipedia.org/wiki/13Hrs,en.wikipedia.org,wikipedia_internal,2,13Hrs,
CASE-0210,Benghazi conspiracy,13 Hours: The Secret Soldiers of Benghazi,wikipedia_article_links,https://en.wikipedia.org/wiki/13_Hours_(book),en.wikipedia.org,wikipedia_internal,3,13 Hours (book),
CASE-0210,Benghazi conspiracy,13 Hours: The Secret Soldiers of Benghazi,wikipedia_article_links,https://en.wikipedia.org/wiki/Michael_Bay,en.wikipedia.org,wikipedia_internal,4,Michael Bay,
CASE-0210,Benghazi conspiracy,13 Hours: The Secret Soldiers of Benghazi,wikipedia_article_links,https://en.wikipedia.org/wiki/Chuck_Hogan,en.wikipedia.org,wikipedia_internal,5,Chuck Hogan,
CASE-0210,Benghazi conspiracy,13 Hours: The Secret Soldiers of Benghazi,wikipedia_article_links,https://en.wikipedia.org/wiki/Mitchell_Zuckoff,en.wikipedia.org,wikipedia_internal,6,Mitchell Zuckoff,
CASE-0210,Benghazi conspiracy,13 Hours: The Secret Soldiers of Benghazi,wikipedia_article_links,https://en.wikipedia.org/wiki/Erwin_Stoff,en.wikipedia.org,wikipedia_internal,7,Erwin Stoff,
CASE-0210,Benghazi conspiracy,13 Hours: The Secret Soldiers of Benghazi,wikipedia_article_links,https://en.wikipedia.org/wiki/James_Badge_Dale,en.wikipedia.org,wikipedia_internal,8,James Badge Dale,
CASE-0210,Benghazi conspiracy,13 Hours: The Secret Soldiers of Benghazi,wikipedia_article_links,https://en.wikipedia.org/wiki/John_Krasinski,en.wikipedia.org,wikipedia_internal,9,John Krasinski,
CASE-0210,Benghazi conspiracy,13 Hours: The Secret Soldiers of Benghazi,wikipedia_article_links,https://en.wikipedia.org/wiki/Max_Martini,en.wikipedia.org,wikipedia_internal,10,Max Martini,
CASE-0210,Benghazi conspiracy,13 Hours: The Secret Soldiers of Benghazi,wikipedia_article_links,https://en.wikipedia.org/wiki/Dion_Beebe,en.wikipedia.org,wikipedia_internal,11,Dion Beebe,
CASE-0210,Benghazi conspiracy,13 Hours: The Secret Soldiers of Benghazi,wikipedia_article_links,https://en.wikipedia.org/wiki/Pietro_Scalia,en.wikipedia.org,wikipedia_internal,12,Pietro Scalia,
CASE-0210,Benghazi conspiracy,13 Hours: The Secret Soldiers of Benghazi,wikipedia_article_links,https://en.wikipedia.org/wiki/Michael_McCusker,en.wikipedia.org,wikipedia_internal,13,Michael McCusker,
CASE-0210,Benghazi conspiracy,13 Hours: The Secret Soldiers of Benghazi,wikipedia_article_links,https://en.wikipedia.org/wiki/Lorne_Balfe,en.wikipedia.org,wikipedia_internal,14,Lorne Balfe,
CASE-0210,Benghazi conspiracy,13 Hours: The Secret Soldiers of Benghazi,wikipedia_article_links,https://en.wikipedia.org/wiki/3_Arts_Entertainment,en.wikipedia.org,wikipedia_internal,15,3 Arts Entertainment,
CASE-0210,Benghazi conspiracy,13 Hours: The Secret Soldiers of Benghazi,wikipedia_article_links,https://en.wikipedia.org/wiki/Paramount_Pictures,en.wikipedia.org,wikipedia_internal,16,Paramount Pictures,
CASE-0210,Benghazi conspiracy,13 Hours: The Secret Soldiers of Benghazi,wikipedia_article_links,https://en.wikipedia.org/wiki/AT%26T_Stadium,en.wikipedia.org,wikipedia_internal,17,AT&T Stadium,
CASE-0210,Benghazi conspiracy,13 Hours: The Secret Soldiers of Benghazi,wikipedia_article_links,https://en.wikipedia.org/wiki/Biographical_film,en.wikipedia.org,wikipedia_internal,18,biographical,
CASE-0210,Benghazi conspiracy,13 Hours: The Secret Soldiers of Benghazi,wikipedia_article_links,https://en.wikipedia.org/wiki/Action-thriller_film,en.wikipedia.org,wikipedia_internal,19,action-thriller film,
CASE-0210,Benghazi conspiracy,13 Hours: The Secret Soldiers of Benghazi,wikipedia_article_links,https://en.wikipedia.org/wiki/Benghazi,en.wikipedia.org,wikipedia_internal,20,Benghazi,
