case_id,case_title,matched_title,discovery_method,url,source_domain,source_type,priority,link_label,notes
CASE-0311,Septuagint vs Masoretic,Anno Mundi,wikipedia_search,https://en.wikipedia.org/wiki/Anno_Mundi,en.wikipedia.org,wikipedia_primary,1,Anno Mundi,
CASE-0311,Septuagint vs Masoretic,Anno Mundi,wikipedia_article_links,https://en.wikipedia.org/wiki/Sunday,en.wikipedia.org,wikipedia_internal,2,Sunday,
CASE-0311,Septuagint vs Masoretic,Anno Mundi,wikipedia_article_links,https://en.wikipedia.org/wiki/Gregorian_calendar,en.wikipedia.org,wikipedia_internal,3,Gregorian calendar,
CASE-0311,Septuagint vs Masoretic,Anno Mundi,wikipedia_article_links,https://en.wikipedia.org/wiki/5_April,en.wikipedia.org,wikipedia_internal,4,5 April,
CASE-0311,Septuagint vs Masoretic,Anno Mundi,wikipedia_article_links,https://en.wikipedia.org/wiki/Anno_Domini,en.wikipedia.org,wikipedia_internal,5,AD,
CASE-0311,Septuagint vs Masoretic,Anno Mundi,wikipedia_article_links,https://en.wikipedia.org/wiki/2026,en.wikipedia.org,wikipedia_internal,6,2026,
CASE-0311,Septuagint vs Masoretic,Anno Mundi,wikipedia_article_links,https://en.wikipedia.org/wiki/Islamic_calendar,en.wikipedia.org,wikipedia_internal,7,Islamic calendar,
CASE-0311,Septuagint vs Masoretic,Anno Mundi,wikipedia_article_links,https://en.wikipedia.org/wiki/Shawwal,en.wikipedia.org,wikipedia_internal,8,Shawwal,
CASE-0311,Septuagint vs Masoretic,Anno Mundi,wikipedia_article_links,https://en.wikipedia.org/wiki/Hijri_era,en.wikipedia.org,wikipedia_internal,9,AH,
CASE-0311,Septuagint vs Masoretic,Anno Mundi,wikipedia_article_links,https://en.wikipedia.org/wiki/Tabular_Islamic_calendar,en.wikipedia.org,wikipedia_internal,10,tabular method,
CASE-0311,Septuagint vs Masoretic,Anno Mundi,wikipedia_article_links,https://en.wikipedia.org/wiki/Hebrew_calendar,en.wikipedia.org,wikipedia_internal,11,Hebrew calendar,
CASE-0311,Septuagint vs Masoretic,Anno Mundi,wikipedia_article_links,https://en.wikipedia.org/wiki/Nisan,en.wikipedia.org,wikipedia_internal,12,Nisan,
CASE-0311,Septuagint vs Masoretic,Anno Mundi,wikipedia_article_links,https://en.wikipedia.org/wiki/Sefirat_HaOmer,en.wikipedia.org,wikipedia_internal,13,Omer,
CASE-0311,Septuagint vs Masoretic,Anno Mundi,wikipedia_article_links,https://en.wikipedia.org/wiki/Coptic_calendar,en.wikipedia.org,wikipedia_internal,14,Coptic calendar,
CASE-0311,Septuagint vs Masoretic,Anno Mundi,wikipedia_article_links,https://en.wikipedia.org/wiki/Paremhat,en.wikipedia.org,wikipedia_internal,15,Paremhat,
CASE-0311,Septuagint vs Masoretic,Anno Mundi,wikipedia_article_links,https://en.wikipedia.org/wiki/Era_of_the_Martyrs,en.wikipedia.org,wikipedia_internal,16,AM,
CASE-0311,Septuagint vs Masoretic,Anno Mundi,wikipedia_article_links,https://en.wikipedia.org/wiki/Solar_Hijri_calendar,en.wikipedia.org,wikipedia_internal,17,Solar Hijri calendar,
CASE-0311,Septuagint vs Masoretic,Anno Mundi,wikipedia_article_links,https://en.wikipedia.org/wiki/Farvardin,en.wikipedia.org,wikipedia_internal,18,Farvardin,
CASE-0311,Septuagint vs Masoretic,Anno Mundi,wikipedia_article_links,https://en.wikipedia.org/wiki/Bengali_calendar,en.wikipedia.org,wikipedia_internal,19,Bengali calendar,
CASE-0311,Septuagint vs Masoretic,Anno Mundi,wikipedia_article_links,https://en.wikipedia.org/wiki/Chaitro,en.wikipedia.org,wikipedia_internal,20,Chaitro,
CASE-0312,textual criticism Bible,Textual criticism,wikipedia_search,https://en.wikipedia.org/wiki/Textual_criticism,en.wikipedia.org,wikipedia_primary,1,Textual criticism,
CASE-0312,textual criticism Bible,Textual criticism,wikipedia_article_links,https://en.wikipedia.org/wiki/Cambridge_Songs,en.wikipedia.org,wikipedia_internal,2,Carmina Cantabrigiensia,
CASE-0312,textual criticism Bible,Textual criticism,wikipedia_article_links,https://en.wikipedia.org/wiki/Textual_scholarship,en.wikipedia.org,wikipedia_internal,3,textual scholarship,
CASE-0312,textual criticism Bible,Textual criticism,wikipedia_article_links,https://en.wikipedia.org/wiki/Philology,en.wikipedia.org,wikipedia_internal,4,philology,
CASE-0312,textual criticism Bible,Textual criticism,wikipedia_article_links,https://en.wikipedia.org/wiki/Literary_criticism,en.wikipedia.org,wikipedia_internal,5,literary criticism,
CASE-0312,textual criticism Bible,Textual criticism,wikipedia_article_links,https://en.wikipedia.org/wiki/Manuscripts,en.wikipedia.org,wikipedia_internal,6,manuscripts,
CASE-0312,textual criticism Bible,Textual criticism,wikipedia_article_links,https://en.wikipedia.org/wiki/Cuneiform,en.wikipedia.org,wikipedia_internal,7,cuneiform,
CASE-0312,textual criticism Bible,Textual criticism,wikipedia_article_links,https://en.wikipedia.org/wiki/Scribes,en.wikipedia.org,wikipedia_internal,8,scribes,
CASE-0312,textual criticism Bible,Textual criticism,wikipedia_article_links,https://en.wikipedia.org/wiki/Interpolation_(manuscripts),en.wikipedia.org,wikipedia_internal,9,interpolation,
CASE-0312,textual criticism Bible,Textual criticism,wikipedia_article_links,https://en.wikipedia.org/wiki/Recension,en.wikipedia.org,wikipedia_internal,10,recensions,
CASE-0312,textual criticism Bible,Textual criticism,wikipedia_article_links,https://en.wikipedia.org/wiki/Urtext_(Biblical_studies),en.wikipedia.org,wikipedia_internal,11,urtext,
CASE-0312,textual criticism Bible,Textual criticism,wikipedia_article_links,https://en.wikipedia.org/wiki/Biblical_studies,en.wikipedia.org,wikipedia_internal,12,Biblical studies,
CASE-0312,textual criticism Bible,Textual criticism,wikipedia_article_links,https://en.wikipedia.org/wiki/Archetype_(textual_criticism),en.wikipedia.org,wikipedia_internal,13,archetype,
CASE-0312,textual criticism Bible,Textual criticism,wikipedia_article_links,https://en.wikipedia.org/wiki/Autograph_(manuscript),en.wikipedia.org,wikipedia_internal,14,autograph,
CASE-0312,textual criticism Bible,Textual criticism,wikipedia_article_links,https://en.wikipedia.org/wiki/Oral_tradition,en.wikipedia.org,wikipedia_internal,15,oral tradition,
CASE-0312,textual criticism Bible,Textual criticism,wikipedia_article_links,https://en.wikipedia.org/wiki/Phylogenetics,en.wikipedia.org,wikipedia_internal,16,phylogenetics,
CASE-0312,textual criticism Bible,Textual criticism,wikipedia_article_links,https://en.wikipedia.org/wiki/Higher_criticism,en.wikipedia.org,wikipedia_internal,17,higher criticism,
CASE-0312,textual criticism Bible,Textual criticism,wikipedia_article_links,https://en.wikipedia.org/wiki/Text_(literary_theory),en.wikipedia.org,wikipedia_internal,18,text,
CASE-0312,textual criticism Bible,Textual criticism,wikipedia_article_links,https://en.wikipedia.org/wiki/History_of_Alexandria#Ptolemaic_era,en.wikipedia.org,wikipedia_internal,19,Hellenistic Alexandria,
CASE-0312,textual criticism Bible,Textual criticism,wikipedia_article_links,https://en.wikipedia.org/wiki/Ancient_history,en.wikipedia.org,wikipedia_internal,20,antiquity,
CASE-0313,Isaiah 7 14 virgin prophecy,Isaiah 7:14,wikipedia_search,https://en.wikipedia.org/wiki/Isaiah_7%3A14,en.wikipedia.org,wikipedia_primary,1,Isaiah 7:14,
CASE-0313,Isaiah 7 14 virgin prophecy,Isaiah 7:14,wikipedia_article_links,https://en.wikipedia.org/wiki/Chapters_and_verses_of_the_Bible,en.wikipedia.org,wikipedia_internal,2,verse,
CASE-0313,Isaiah 7 14 virgin prophecy,Isaiah 7:14,wikipedia_article_links,https://en.wikipedia.org/wiki/Isaiah_7,en.wikipedia.org,wikipedia_internal,3,the seventh chapter,
CASE-0313,Isaiah 7 14 virgin prophecy,Isaiah 7:14,wikipedia_article_links,https://en.wikipedia.org/wiki/Book_of_Isaiah,en.wikipedia.org,wikipedia_internal,4,Book of Isaiah,
CASE-0313,Isaiah 7 14 virgin prophecy,Isaiah 7:14,wikipedia_article_links,https://en.wikipedia.org/wiki/Isaiah,en.wikipedia.org,wikipedia_internal,5,prophet Isaiah,
CASE-0313,Isaiah 7 14 virgin prophecy,Isaiah 7:14,wikipedia_article_links,https://en.wikipedia.org/wiki/Ahaz,en.wikipedia.org,wikipedia_internal,6,Ahaz,
CASE-0313,Isaiah 7 14 virgin prophecy,Isaiah 7:14,wikipedia_article_links,https://en.wikipedia.org/wiki/Kingdom_of_Judah,en.wikipedia.org,wikipedia_internal,7,of Judah,
CASE-0313,Isaiah 7 14 virgin prophecy,Isaiah 7:14,wikipedia_article_links,https://en.wikipedia.org/wiki/Almah,en.wikipedia.org,wikipedia_internal,8,almah,
CASE-0313,Isaiah 7 14 virgin prophecy,Isaiah 7:14,wikipedia_article_links,https://en.wikipedia.org/wiki/Septuagint,en.wikipedia.org,wikipedia_internal,9,Septuagint,
CASE-0313,Isaiah 7 14 virgin prophecy,Isaiah 7:14,wikipedia_article_links,https://en.wikipedia.org/wiki/Gospel_of_Matthew,en.wikipedia.org,wikipedia_internal,10,Matthew,
CASE-0313,Isaiah 7 14 virgin prophecy,Isaiah 7:14,wikipedia_article_links,https://en.wikipedia.org/wiki/Virgin_birth_of_Jesus,en.wikipedia.org,wikipedia_internal,11,Virgin birth of Jesus,
CASE-0313,Isaiah 7 14 virgin prophecy,Isaiah 7:14,wikipedia_article_links,https://en.wikipedia.org/wiki/Revised_Standard_Version,en.wikipedia.org,wikipedia_internal,12,Revised Standard Version,
CASE-0313,Isaiah 7 14 virgin prophecy,Isaiah 7:14,wikipedia_article_links,https://en.wikipedia.org/wiki/King_Josiah,en.wikipedia.org,wikipedia_internal,13,King Josiah,
CASE-0313,Isaiah 7 14 virgin prophecy,Isaiah 7:14,wikipedia_article_links,https://en.wikipedia.org/wiki/King_Ahaz,en.wikipedia.org,wikipedia_internal,14,King Ahaz,
CASE-0313,Isaiah 7 14 virgin prophecy,Isaiah 7:14,wikipedia_article_links,https://en.wikipedia.org/wiki/Hezekiah,en.wikipedia.org,wikipedia_internal,15,Hezekiah,
CASE-0313,Isaiah 7 14 virgin prophecy,Isaiah 7:14,wikipedia_article_links,https://en.wikipedia.org/wiki/Assyrian_Empire,en.wikipedia.org,wikipedia_internal,16,Assyrian Empire,
CASE-0313,Isaiah 7 14 virgin prophecy,Isaiah 7:14,wikipedia_article_links,https://en.wikipedia.org/wiki/Masoretic,en.wikipedia.org,wikipedia_internal,17,Masoretic,
CASE-0313,Isaiah 7 14 virgin prophecy,Isaiah 7:14,wikipedia_article_links,https://en.wikipedia.org/wiki/Aram-Damascus,en.wikipedia.org,wikipedia_internal,18,Aram-Damascus,
CASE-0313,Isaiah 7 14 virgin prophecy,Isaiah 7:14,wikipedia_article_links,https://en.wikipedia.org/wiki/Rezin,en.wikipedia.org,wikipedia_internal,19,Rezin,
CASE-0313,Isaiah 7 14 virgin prophecy,Isaiah 7:14,wikipedia_article_links,https://en.wikipedia.org/wiki/Pekah,en.wikipedia.org,wikipedia_internal,20,Pekah,
CASE-0314,Immanuel prophecy,Immanuel,wikipedia_search,https://en.wikipedia.org/wiki/Immanuel,en.wikipedia.org,wikipedia_primary,1,Immanuel,
CASE-0314,Immanuel prophecy,Immanuel,wikipedia_article_links,https://en.wikipedia.org/wiki/Immanuel_(disambiguation),en.wikipedia.org,wikipedia_internal,2,Immanuel (disambiguation),
CASE-0314,Immanuel prophecy,Immanuel,wikipedia_article_links,https://en.wikipedia.org/wiki/Emmanuel_(disambiguation),en.wikipedia.org,wikipedia_internal,3,Emmanuel (disambiguation),
CASE-0314,Immanuel prophecy,Immanuel,wikipedia_article_links,https://en.wikipedia.org/wiki/Icon,en.wikipedia.org,wikipedia_internal,4,icon,
CASE-0314,Immanuel prophecy,Immanuel,wikipedia_article_links,https://en.wikipedia.org/wiki/Riza,en.wikipedia.org,wikipedia_internal,5,riza,
CASE-0314,Immanuel prophecy,Immanuel,wikipedia_article_links,https://en.wikipedia.org/wiki/Simon_Ushakov,en.wikipedia.org,wikipedia_internal,6,Simon Ushakov,
CASE-0314,Immanuel prophecy,Immanuel,wikipedia_article_links,https://en.wikipedia.org/wiki/Gospel_of_Matthew,en.wikipedia.org,wikipedia_internal,7,Gospel of Matthew,
CASE-0314,Immanuel prophecy,Immanuel,wikipedia_article_links,https://en.wikipedia.org/wiki/Hebrew_language,en.wikipedia.org,wikipedia_internal,8,Hebrew,
CASE-0314,Immanuel prophecy,Immanuel,wikipedia_article_links,https://en.wikipedia.org/wiki/Romanization_of_Hebrew,en.wikipedia.org,wikipedia_internal,9,romanized,
CASE-0314,Immanuel prophecy,Immanuel,wikipedia_article_links,https://en.wikipedia.org/wiki/Koine_Greek,en.wikipedia.org,wikipedia_internal,10,Koine Greek,
CASE-0314,Immanuel prophecy,Immanuel,wikipedia_article_links,https://en.wikipedia.org/wiki/Book_of_Isaiah,en.wikipedia.org,wikipedia_internal,11,Book of Isaiah,
CASE-0314,Immanuel prophecy,Immanuel,wikipedia_article_links,https://en.wikipedia.org/wiki/Davidic_line,en.wikipedia.org,wikipedia_internal,12,House of David,
CASE-0314,Immanuel prophecy,Immanuel,wikipedia_article_links,https://en.wikipedia.org/wiki/Jesus,en.wikipedia.org,wikipedia_internal,13,Jesus,
CASE-0314,Immanuel prophecy,Immanuel,wikipedia_article_links,https://en.wikipedia.org/wiki/El_(god),en.wikipedia.org,wikipedia_internal,14,El,
CASE-0314,Immanuel prophecy,Immanuel,wikipedia_article_links,https://en.wikipedia.org/wiki/Isaiah,en.wikipedia.org,wikipedia_internal,15,Isaiah,
CASE-0314,Immanuel prophecy,Immanuel,wikipedia_article_links,"https://en.wikipedia.org/wiki/List_of_minor_Old_Testament_figures,_L%E2%80%93Z#Shearjashub",en.wikipedia.org,wikipedia_internal,16,Shearjashub,
CASE-0314,Immanuel prophecy,Immanuel,wikipedia_article_links,https://en.wikipedia.org/wiki/Maher-shalal-hash-baz,en.wikipedia.org,wikipedia_internal,17,Maher-shalal-hash-baz,
CASE-0314,Immanuel prophecy,Immanuel,wikipedia_article_links,https://en.wikipedia.org/wiki/Pele-joez-el-gibbor-abi-ad-sar-shalom,en.wikipedia.org,wikipedia_internal,18,Pele-joez-el-gibbor-abi-ad-sar-shalom,
CASE-0314,Immanuel prophecy,Immanuel,wikipedia_article_links,https://en.wikipedia.org/wiki/Jewish_messianism,en.wikipedia.org,wikipedia_internal,19,Jewish messianism,
CASE-0314,Immanuel prophecy,Immanuel,wikipedia_article_links,https://en.wikipedia.org/wiki/Christian_theology,en.wikipedia.org,wikipedia_internal,20,Christian theology,
CASE-0315,Jeremiah 29 11 context,Book of Jeremiah,wikipedia_search,https://en.wikipedia.org/wiki/Book_of_Jeremiah,en.wikipedia.org,wikipedia_primary,1,Book of Jeremiah,
CASE-0315,Jeremiah 29 11 context,Book of Jeremiah,wikipedia_article_links,https://en.wikipedia.org/wiki/Hebrew_Bible,en.wikipedia.org,wikipedia_internal,2,Tanakh,
CASE-0315,Jeremiah 29 11 context,Book of Jeremiah,wikipedia_article_links,https://en.wikipedia.org/wiki/Judaism,en.wikipedia.org,wikipedia_internal,3,Judaism,
CASE-0315,Jeremiah 29 11 context,Book of Jeremiah,wikipedia_article_links,https://en.wikipedia.org/wiki/Torah,en.wikipedia.org,wikipedia_internal,4,Torah (Instruction),
CASE-0315,Jeremiah 29 11 context,Book of Jeremiah,wikipedia_article_links,https://en.wikipedia.org/wiki/Book_of_Genesis,en.wikipedia.org,wikipedia_internal,5,Genesis,
CASE-0315,Jeremiah 29 11 context,Book of Jeremiah,wikipedia_article_links,https://en.wikipedia.org/wiki/Book_of_Exodus,en.wikipedia.org,wikipedia_internal,6,Exodus,
CASE-0315,Jeremiah 29 11 context,Book of Jeremiah,wikipedia_article_links,https://en.wikipedia.org/wiki/Book_of_Leviticus,en.wikipedia.org,wikipedia_internal,7,Leviticus,
CASE-0315,Jeremiah 29 11 context,Book of Jeremiah,wikipedia_article_links,https://en.wikipedia.org/wiki/Book_of_Numbers,en.wikipedia.org,wikipedia_internal,8,Numbers,
CASE-0315,Jeremiah 29 11 context,Book of Jeremiah,wikipedia_article_links,https://en.wikipedia.org/wiki/Book_of_Deuteronomy,en.wikipedia.org,wikipedia_internal,9,Deuteronomy,
CASE-0315,Jeremiah 29 11 context,Book of Jeremiah,wikipedia_article_links,https://en.wikipedia.org/wiki/Nevi%27im,en.wikipedia.org,wikipedia_internal,10,Nevi'im (Prophets),
CASE-0315,Jeremiah 29 11 context,Book of Jeremiah,wikipedia_article_links,https://en.wikipedia.org/wiki/Nevi%27im#Former_Prophets,en.wikipedia.org,wikipedia_internal,11,Former,
CASE-0315,Jeremiah 29 11 context,Book of Jeremiah,wikipedia_article_links,https://en.wikipedia.org/wiki/Book_of_Joshua,en.wikipedia.org,wikipedia_internal,12,Joshua,
CASE-0315,Jeremiah 29 11 context,Book of Jeremiah,wikipedia_article_links,https://en.wikipedia.org/wiki/Book_of_Judges,en.wikipedia.org,wikipedia_internal,13,Judges,
CASE-0315,Jeremiah 29 11 context,Book of Jeremiah,wikipedia_article_links,https://en.wikipedia.org/wiki/Books_of_Samuel,en.wikipedia.org,wikipedia_internal,14,Samuel,
CASE-0315,Jeremiah 29 11 context,Book of Jeremiah,wikipedia_article_links,https://en.wikipedia.org/wiki/Books_of_Kings,en.wikipedia.org,wikipedia_internal,15,Kings,
CASE-0315,Jeremiah 29 11 context,Book of Jeremiah,wikipedia_article_links,https://en.wikipedia.org/wiki/Nevi%27im#Latter_Prophets,en.wikipedia.org,wikipedia_internal,16,Latter,
CASE-0315,Jeremiah 29 11 context,Book of Jeremiah,wikipedia_article_links,https://en.wikipedia.org/wiki/Book_of_Isaiah,en.wikipedia.org,wikipedia_internal,17,Isaiah,
CASE-0315,Jeremiah 29 11 context,Book of Jeremiah,wikipedia_article_links,https://en.wikipedia.org/wiki/Book_of_Ezekiel,en.wikipedia.org,wikipedia_internal,18,Ezekiel,
CASE-0315,Jeremiah 29 11 context,Book of Jeremiah,wikipedia_article_links,https://en.wikipedia.org/wiki/Twelve_Minor_Prophets,en.wikipedia.org,wikipedia_internal,19,Minor,
CASE-0315,Jeremiah 29 11 context,Book of Jeremiah,wikipedia_article_links,https://en.wikipedia.org/wiki/Book_of_Hosea,en.wikipedia.org,wikipedia_internal,20,Hosea,
CASE-0316,2 Chronicles 7 14 prophecy,Old Testament messianic prophecies quoted in the New Testament,wikipedia_search,https://en.wikipedia.org/wiki/Old_Testament_messianic_prophecies_quoted_in_the_New_Testament,en.wikipedia.org,wikipedia_primary,1,Old Testament messianic prophecies quoted in the New Testament,
CASE-0316,2 Chronicles 7 14 prophecy,Old Testament messianic prophecies quoted in the New Testament,wikipedia_article_links,https://en.wikipedia.org/wiki/New_Testament,en.wikipedia.org,wikipedia_internal,2,New Testament,
CASE-0316,2 Chronicles 7 14 prophecy,Old Testament messianic prophecies quoted in the New Testament,wikipedia_article_links,https://en.wikipedia.org/wiki/Jewish_scripture,en.wikipedia.org,wikipedia_internal,3,Jewish scripture,
CASE-0316,2 Chronicles 7 14 prophecy,Old Testament messianic prophecies quoted in the New Testament,wikipedia_article_links,https://en.wikipedia.org/wiki/Early_Christians,en.wikipedia.org,wikipedia_internal,4,Early Christians,
CASE-0316,2 Chronicles 7 14 prophecy,Old Testament messianic prophecies quoted in the New Testament,wikipedia_article_links,https://en.wikipedia.org/wiki/Jesus,en.wikipedia.org,wikipedia_internal,5,Jesus,
CASE-0316,2 Chronicles 7 14 prophecy,Old Testament messianic prophecies quoted in the New Testament,wikipedia_article_links,https://en.wikipedia.org/wiki/Messiah_in_Judaism,en.wikipedia.org,wikipedia_internal,6,Jewish Messiah,
CASE-0316,2 Chronicles 7 14 prophecy,Old Testament messianic prophecies quoted in the New Testament,wikipedia_article_links,https://en.wikipedia.org/wiki/Book_of_Isaiah,en.wikipedia.org,wikipedia_internal,7,Book of Isaiah,
CASE-0316,2 Chronicles 7 14 prophecy,Old Testament messianic prophecies quoted in the New Testament,wikipedia_article_links,https://en.wikipedia.org/wiki/Judaism,en.wikipedia.org,wikipedia_internal,8,Jews,
CASE-0316,2 Chronicles 7 14 prophecy,Old Testament messianic prophecies quoted in the New Testament,wikipedia_article_links,https://en.wikipedia.org/wiki/Prophecies,en.wikipedia.org,wikipedia_internal,9,prophecies,
CASE-0316,2 Chronicles 7 14 prophecy,Old Testament messianic prophecies quoted in the New Testament,wikipedia_article_links,https://en.wikipedia.org/wiki/Old_Testament,en.wikipedia.org,wikipedia_internal,10,Old Testament,
CASE-0316,2 Chronicles 7 14 prophecy,Old Testament messianic prophecies quoted in the New Testament,wikipedia_article_links,https://en.wikipedia.org/wiki/Biblical_scholars,en.wikipedia.org,wikipedia_internal,11,biblical scholars,
CASE-0316,2 Chronicles 7 14 prophecy,Old Testament messianic prophecies quoted in the New Testament,wikipedia_article_links,https://en.wikipedia.org/wiki/Historical_criticism,en.wikipedia.org,wikipedia_internal,12,Historical criticism,
CASE-0316,2 Chronicles 7 14 prophecy,Old Testament messianic prophecies quoted in the New Testament,wikipedia_article_links,https://en.wikipedia.org/wiki/Hebrew_Bible,en.wikipedia.org,wikipedia_internal,13,Hebrew Bible,
CASE-0316,2 Chronicles 7 14 prophecy,Old Testament messianic prophecies quoted in the New Testament,wikipedia_article_links,https://en.wikipedia.org/wiki/Bible,en.wikipedia.org,wikipedia_internal,14,Bible,
CASE-0316,2 Chronicles 7 14 prophecy,Old Testament messianic prophecies quoted in the New Testament,wikipedia_article_links,https://en.wikipedia.org/wiki/Sensus_plenior,en.wikipedia.org,wikipedia_internal,15,sensus plenior,
CASE-0316,2 Chronicles 7 14 prophecy,Old Testament messianic prophecies quoted in the New Testament,wikipedia_article_links,https://en.wikipedia.org/wiki/Religious_text,en.wikipedia.org,wikipedia_internal,16,scriptures,
CASE-0316,2 Chronicles 7 14 prophecy,Old Testament messianic prophecies quoted in the New Testament,wikipedia_article_links,https://en.wikipedia.org/wiki/Gospel_of_Mark,en.wikipedia.org,wikipedia_internal,17,Gospel of Mark,
CASE-0316,2 Chronicles 7 14 prophecy,Old Testament messianic prophecies quoted in the New Testament,wikipedia_article_links,https://en.wikipedia.org/wiki/Gospel_of_Matthew,en.wikipedia.org,wikipedia_internal,18,Matthew,
CASE-0316,2 Chronicles 7 14 prophecy,Old Testament messianic prophecies quoted in the New Testament,wikipedia_article_links,https://en.wikipedia.org/wiki/Gospel_of_Luke,en.wikipedia.org,wikipedia_internal,19,Luke,
CASE-0316,2 Chronicles 7 14 prophecy,Old Testament messianic prophecies quoted in the New Testament,wikipedia_article_links,https://en.wikipedia.org/wiki/Gospel_of_John,en.wikipedia.org,wikipedia_internal,20,John,
CASE-0317,Hosea prophecy fulfilled,Old Testament messianic prophecies quoted in the New Testament,wikipedia_search,https://en.wikipedia.org/wiki/Old_Testament_messianic_prophecies_quoted_in_the_New_Testament,en.wikipedia.org,wikipedia_primary,1,Old Testament messianic prophecies quoted in the New Testament,
CASE-0317,Hosea prophecy fulfilled,Old Testament messianic prophecies quoted in the New Testament,wikipedia_article_links,https://en.wikipedia.org/wiki/New_Testament,en.wikipedia.org,wikipedia_internal,2,New Testament,
CASE-0317,Hosea prophecy fulfilled,Old Testament messianic prophecies quoted in the New Testament,wikipedia_article_links,https://en.wikipedia.org/wiki/Jewish_scripture,en.wikipedia.org,wikipedia_internal,3,Jewish scripture,
CASE-0317,Hosea prophecy fulfilled,Old Testament messianic prophecies quoted in the New Testament,wikipedia_article_links,https://en.wikipedia.org/wiki/Early_Christians,en.wikipedia.org,wikipedia_internal,4,Early Christians,
CASE-0317,Hosea prophecy fulfilled,Old Testament messianic prophecies quoted in the New Testament,wikipedia_article_links,https://en.wikipedia.org/wiki/Jesus,en.wikipedia.org,wikipedia_internal,5,Jesus,
CASE-0317,Hosea prophecy fulfilled,Old Testament messianic prophecies quoted in the New Testament,wikipedia_article_links,https://en.wikipedia.org/wiki/Messiah_in_Judaism,en.wikipedia.org,wikipedia_internal,6,Jewish Messiah,
CASE-0317,Hosea prophecy fulfilled,Old Testament messianic prophecies quoted in the New Testament,wikipedia_article_links,https://en.wikipedia.org/wiki/Book_of_Isaiah,en.wikipedia.org,wikipedia_internal,7,Book of Isaiah,
CASE-0317,Hosea prophecy fulfilled,Old Testament messianic prophecies quoted in the New Testament,wikipedia_article_links,https://en.wikipedia.org/wiki/Judaism,en.wikipedia.org,wikipedia_internal,8,Jews,
CASE-0317,Hosea prophecy fulfilled,Old Testament messianic prophecies quoted in the New Testament,wikipedia_article_links,https://en.wikipedia.org/wiki/Prophecies,en.wikipedia.org,wikipedia_internal,9,prophecies,
CASE-0317,Hosea prophecy fulfilled,Old Testament messianic prophecies quoted in the New Testament,wikipedia_article_links,https://en.wikipedia.org/wiki/Old_Testament,en.wikipedia.org,wikipedia_internal,10,Old Testament,
CASE-0317,Hosea prophecy fulfilled,Old Testament messianic prophecies quoted in the New Testament,wikipedia_article_links,https://en.wikipedia.org/wiki/Biblical_scholars,en.wikipedia.org,wikipedia_internal,11,biblical scholars,
CASE-0317,Hosea prophecy fulfilled,Old Testament messianic prophecies quoted in the New Testament,wikipedia_article_links,https://en.wikipedia.org/wiki/Historical_criticism,en.wikipedia.org,wikipedia_internal,12,Historical criticism,
CASE-0317,Hosea prophecy fulfilled,Old Testament messianic prophecies quoted in the New Testament,wikipedia_article_links,https://en.wikipedia.org/wiki/Hebrew_Bible,en.wikipedia.org,wikipedia_internal,13,Hebrew Bible,
CASE-0317,Hosea prophecy fulfilled,Old Testament messianic prophecies quoted in the New Testament,wikipedia_article_links,https://en.wikipedia.org/wiki/Bible,en.wikipedia.org,wikipedia_internal,14,Bible,
CASE-0317,Hosea prophecy fulfilled,Old Testament messianic prophecies quoted in the New Testament,wikipedia_article_links,https://en.wikipedia.org/wiki/Sensus_plenior,en.wikipedia.org,wikipedia_internal,15,sensus plenior,
CASE-0317,Hosea prophecy fulfilled,Old Testament messianic prophecies quoted in the New Testament,wikipedia_article_links,https://en.wikipedia.org/wiki/Religious_text,en.wikipedia.org,wikipedia_internal,16,scriptures,
CASE-0317,Hosea prophecy fulfilled,Old Testament messianic prophecies quoted in the New Testament,wikipedia_article_links,https://en.wikipedia.org/wiki/Gospel_of_Mark,en.wikipedia.org,wikipedia_internal,17,Gospel of Mark,
CASE-0317,Hosea prophecy fulfilled,Old Testament messianic prophecies quoted in the New Testament,wikipedia_article_links,https://en.wikipedia.org/wiki/Gospel_of_Matthew,en.wikipedia.org,wikipedia_internal,18,Matthew,
CASE-0317,Hosea prophecy fulfilled,Old Testament messianic prophecies quoted in the New Testament,wikipedia_article_links,https://en.wikipedia.org/wiki/Gospel_of_Luke,en.wikipedia.org,wikipedia_internal,19,Luke,
CASE-0317,Hosea prophecy fulfilled,Old Testament messianic prophecies quoted in the New Testament,wikipedia_article_links,https://en.wikipedia.org/wiki/Gospel_of_John,en.wikipedia.org,wikipedia_internal,20,John,
CASE-0318,Amos earthquake prophecy,Book of Amos,wikipedia_search,https://en.wikipedia.org/wiki/Book_of_Amos,en.wikipedia.org,wikipedia_primary,1,Book of Amos,
CASE-0318,Amos earthquake prophecy,Book of Amos,wikipedia_article_links,https://en.wikipedia.org/wiki/Tanakh,en.wikipedia.org,wikipedia_internal,2,Tanakh,
CASE-0318,Amos earthquake prophecy,Book of Amos,wikipedia_article_links,https://en.wikipedia.org/wiki/Torah,en.wikipedia.org,wikipedia_internal,3,Torah (Instruction),
CASE-0318,Amos earthquake prophecy,Book of Amos,wikipedia_article_links,https://en.wikipedia.org/wiki/Book_of_Genesis,en.wikipedia.org,wikipedia_internal,4,Genesis,
CASE-0318,Amos earthquake prophecy,Book of Amos,wikipedia_article_links,https://en.wikipedia.org/wiki/Book_of_Exodus,en.wikipedia.org,wikipedia_internal,5,Exodus,
CASE-0318,Amos earthquake prophecy,Book of Amos,wikipedia_article_links,https://en.wikipedia.org/wiki/Book_of_Leviticus,en.wikipedia.org,wikipedia_internal,6,Leviticus,
CASE-0318,Amos earthquake prophecy,Book of Amos,wikipedia_article_links,https://en.wikipedia.org/wiki/Book_of_Numbers,en.wikipedia.org,wikipedia_internal,7,Numbers,
CASE-0318,Amos earthquake prophecy,Book of Amos,wikipedia_article_links,https://en.wikipedia.org/wiki/Book_of_Deuteronomy,en.wikipedia.org,wikipedia_internal,8,Deuteronomy,
CASE-0318,Amos earthquake prophecy,Book of Amos,wikipedia_article_links,https://en.wikipedia.org/wiki/Nevi%27im,en.wikipedia.org,wikipedia_internal,9,Nevi'im (Prophets),
CASE-0318,Amos earthquake prophecy,Book of Amos,wikipedia_article_links,https://en.wikipedia.org/wiki/Nevi%27im#Former_Prophets,en.wikipedia.org,wikipedia_internal,10,Former,
CASE-0318,Amos earthquake prophecy,Book of Amos,wikipedia_article_links,https://en.wikipedia.org/wiki/Book_of_Joshua,en.wikipedia.org,wikipedia_internal,11,Joshua,
CASE-0318,Amos earthquake prophecy,Book of Amos,wikipedia_article_links,https://en.wikipedia.org/wiki/Book_of_Judges,en.wikipedia.org,wikipedia_internal,12,Judges,
CASE-0318,Amos earthquake prophecy,Book of Amos,wikipedia_article_links,https://en.wikipedia.org/wiki/Books_of_Samuel,en.wikipedia.org,wikipedia_internal,13,Samuel,
CASE-0318,Amos earthquake prophecy,Book of Amos,wikipedia_article_links,https://en.wikipedia.org/wiki/Books_of_Kings,en.wikipedia.org,wikipedia_internal,14,Kings,
CASE-0318,Amos earthquake prophecy,Book of Amos,wikipedia_article_links,https://en.wikipedia.org/wiki/Nevi%27im#Latter_Prophets,en.wikipedia.org,wikipedia_internal,15,Latter,
CASE-0318,Amos earthquake prophecy,Book of Amos,wikipedia_article_links,https://en.wikipedia.org/wiki/Book_of_Isaiah,en.wikipedia.org,wikipedia_internal,16,Isaiah,
CASE-0318,Amos earthquake prophecy,Book of Amos,wikipedia_article_links,https://en.wikipedia.org/wiki/Book_of_Jeremiah,en.wikipedia.org,wikipedia_internal,17,Jeremiah,
CASE-0318,Amos earthquake prophecy,Book of Amos,wikipedia_article_links,https://en.wikipedia.org/wiki/Book_of_Ezekiel,en.wikipedia.org,wikipedia_internal,18,Ezekiel,
CASE-0318,Amos earthquake prophecy,Book of Amos,wikipedia_article_links,https://en.wikipedia.org/wiki/Twelve_Minor_Prophets,en.wikipedia.org,wikipedia_internal,19,Minor,
CASE-0318,Amos earthquake prophecy,Book of Amos,wikipedia_article_links,https://en.wikipedia.org/wiki/Book_of_Hosea,en.wikipedia.org,wikipedia_internal,20,Hosea,
CASE-0319,Habakkuk end times,Book of Habakkuk,wikipedia_search,https://en.wikipedia.org/wiki/Book_of_Habakkuk,en.wikipedia.org,wikipedia_primary,1,Book of Habakkuk,
CASE-0319,Habakkuk end times,Book of Habakkuk,wikipedia_article_links,https://en.wikipedia.org/wiki/Hebrew_Bible,en.wikipedia.org,wikipedia_internal,2,Tanakh,
CASE-0319,Habakkuk end times,Book of Habakkuk,wikipedia_article_links,https://en.wikipedia.org/wiki/Judaism,en.wikipedia.org,wikipedia_internal,3,Judaism,
CASE-0319,Habakkuk end times,Book of Habakkuk,wikipedia_article_links,https://en.wikipedia.org/wiki/Torah,en.wikipedia.org,wikipedia_internal,4,Torah (Instruction),
CASE-0319,Habakkuk end times,Book of Habakkuk,wikipedia_article_links,https://en.wikipedia.org/wiki/Book_of_Genesis,en.wikipedia.org,wikipedia_internal,5,Genesis,
CASE-0319,Habakkuk end times,Book of Habakkuk,wikipedia_article_links,https://en.wikipedia.org/wiki/Book_of_Exodus,en.wikipedia.org,wikipedia_internal,6,Exodus,
CASE-0319,Habakkuk end times,Book of Habakkuk,wikipedia_article_links,https://en.wikipedia.org/wiki/Book_of_Leviticus,en.wikipedia.org,wikipedia_internal,7,Leviticus,
CASE-0319,Habakkuk end times,Book of Habakkuk,wikipedia_article_links,https://en.wikipedia.org/wiki/Book_of_Numbers,en.wikipedia.org,wikipedia_internal,8,Numbers,
CASE-0319,Habakkuk end times,Book of Habakkuk,wikipedia_article_links,https://en.wikipedia.org/wiki/Book_of_Deuteronomy,en.wikipedia.org,wikipedia_internal,9,Deuteronomy,
CASE-0319,Habakkuk end times,Book of Habakkuk,wikipedia_article_links,https://en.wikipedia.org/wiki/Nevi%27im,en.wikipedia.org,wikipedia_internal,10,Nevi'im (Prophets),
CASE-0319,Habakkuk end times,Book of Habakkuk,wikipedia_article_links,https://en.wikipedia.org/wiki/Nevi%27im#Former_Prophets,en.wikipedia.org,wikipedia_internal,11,Former,
CASE-0319,Habakkuk end times,Book of Habakkuk,wikipedia_article_links,https://en.wikipedia.org/wiki/Book_of_Joshua,en.wikipedia.org,wikipedia_internal,12,Joshua,
CASE-0319,Habakkuk end times,Book of Habakkuk,wikipedia_article_links,https://en.wikipedia.org/wiki/Book_of_Judges,en.wikipedia.org,wikipedia_internal,13,Judges,
CASE-0319,Habakkuk end times,Book of Habakkuk,wikipedia_article_links,https://en.wikipedia.org/wiki/Books_of_Samuel,en.wikipedia.org,wikipedia_internal,14,Samuel,
CASE-0319,Habakkuk end times,Book of Habakkuk,wikipedia_article_links,https://en.wikipedia.org/wiki/Books_of_Kings,en.wikipedia.org,wikipedia_internal,15,Kings,
CASE-0319,Habakkuk end times,Book of Habakkuk,wikipedia_article_links,https://en.wikipedia.org/wiki/Nevi%27im#Latter_Prophets,en.wikipedia.org,wikipedia_internal,16,Latter,
CASE-0319,Habakkuk end times,Book of Habakkuk,wikipedia_article_links,https://en.wikipedia.org/wiki/Book_of_Isaiah,en.wikipedia.org,wikipedia_internal,17,Isaiah,
CASE-0319,Habakkuk end times,Book of Habakkuk,wikipedia_article_links,https://en.wikipedia.org/wiki/Book_of_Jeremiah,en.wikipedia.org,wikipedia_internal,18,Jeremiah,
CASE-0319,Habakkuk end times,Book of Habakkuk,wikipedia_article_links,https://en.wikipedia.org/wiki/Book_of_Ezekiel,en.wikipedia.org,wikipedia_internal,19,Ezekiel,
CASE-0319,Habakkuk end times,Book of Habakkuk,wikipedia_article_links,https://en.wikipedia.org/wiki/Twelve_Minor_Prophets,en.wikipedia.org,wikipedia_internal,20,Minor,
CASE-0320,Malachi 4 Elijah,Elijah,wikipedia_search,https://en.wikipedia.org/wiki/Elijah,en.wikipedia.org,wikipedia_primary,1,Elijah,
CASE-0320,Malachi 4 Elijah,Elijah,wikipedia_article_links,https://en.wikipedia.org/wiki/Elias_(disambiguation),en.wikipedia.org,wikipedia_internal,2,Elias (disambiguation),
CASE-0320,Malachi 4 Elijah,Elijah,wikipedia_article_links,https://en.wikipedia.org/wiki/Elisha,en.wikipedia.org,wikipedia_internal,3,Elisha,
CASE-0320,Malachi 4 Elijah,Elijah,wikipedia_article_links,https://en.wikipedia.org/wiki/Elishah,en.wikipedia.org,wikipedia_internal,4,Elishah,
CASE-0320,Malachi 4 Elijah,Elijah,wikipedia_article_links,https://en.wikipedia.org/wiki/Giovanni_Girolamo_Savoldo,en.wikipedia.org,wikipedia_internal,5,Giovanni Girolamo Savoldo,
CASE-0320,Malachi 4 Elijah,Elijah,wikipedia_article_links,https://en.wikipedia.org/wiki/Tishbe,en.wikipedia.org,wikipedia_internal,6,Tishbe,
CASE-0320,Malachi 4 Elijah,Elijah,wikipedia_article_links,https://en.wikipedia.org/wiki/Jericho,en.wikipedia.org,wikipedia_internal,7,Jericho,
CASE-0320,Malachi 4 Elijah,Elijah,wikipedia_article_links,https://en.wikipedia.org/wiki/Judaism,en.wikipedia.org,wikipedia_internal,8,Judaism,
CASE-0320,Malachi 4 Elijah,Elijah,wikipedia_article_links,https://en.wikipedia.org/wiki/Christianity,en.wikipedia.org,wikipedia_internal,9,Christianity,
CASE-0320,Malachi 4 Elijah,Elijah,wikipedia_article_links,https://en.wikipedia.org/wiki/Islam,en.wikipedia.org,wikipedia_internal,10,Islam,
CASE-0320,Malachi 4 Elijah,Elijah,wikipedia_article_links,https://en.wikipedia.org/wiki/Druze_faith,en.wikipedia.org,wikipedia_internal,11,Druze faith,
CASE-0320,Malachi 4 Elijah,Elijah,wikipedia_article_links,https://en.wikipedia.org/wiki/Calendar_of_saints,en.wikipedia.org,wikipedia_internal,12,Feast,
CASE-0320,Malachi 4 Elijah,Elijah,wikipedia_article_links,https://en.wikipedia.org/wiki/Catholic_Church,en.wikipedia.org,wikipedia_internal,13,Catholic Church,
CASE-0320,Malachi 4 Elijah,Elijah,wikipedia_article_links,https://en.wikipedia.org/wiki/Eastern_Orthodox_Church,en.wikipedia.org,wikipedia_internal,14,Eastern Orthodox Church,
CASE-0320,Malachi 4 Elijah,Elijah,wikipedia_article_links,https://en.wikipedia.org/wiki/Lutheran_Church%E2%80%93Missouri_Synod,en.wikipedia.org,wikipedia_internal,15,Lutheran Church–Missouri Synod,
CASE-0320,Malachi 4 Elijah,Elijah,wikipedia_article_links,https://en.wikipedia.org/wiki/Patron_saint,en.wikipedia.org,wikipedia_internal,16,Patronage,
CASE-0320,Malachi 4 Elijah,Elijah,wikipedia_article_links,https://en.wikipedia.org/wiki/Carmelite_Order,en.wikipedia.org,wikipedia_internal,17,Carmelite Order,
CASE-0320,Malachi 4 Elijah,Elijah,wikipedia_article_links,https://en.wikipedia.org/wiki/11th_Guards_Air_Assault_Brigade,en.wikipedia.org,wikipedia_internal,18,11th Guards Air Assault Brigade,
CASE-0320,Malachi 4 Elijah,Elijah,wikipedia_article_links,https://en.wikipedia.org/wiki/Bosnia_and_Herzegovina,en.wikipedia.org,wikipedia_internal,19,Bosnia and Herzegovina,
CASE-0320,Malachi 4 Elijah,Elijah,wikipedia_article_links,https://en.wikipedia.org/wiki/Druze_people,en.wikipedia.org,wikipedia_internal,20,Druze people,
CASE-0321,Acts 2 last days,Acts 2,wikipedia_search,https://en.wikipedia.org/wiki/Acts_2,en.wikipedia.org,wikipedia_primary,1,Acts 2,
CASE-0321,Acts 2 last days,Acts 2,wikipedia_article_links,https://en.wikipedia.org/wiki/Acts_1,en.wikipedia.org,wikipedia_internal,2,chapter 1,
CASE-0321,Acts 2 last days,Acts 2,wikipedia_article_links,https://en.wikipedia.org/wiki/Acts_3,en.wikipedia.org,wikipedia_internal,3,chapter 3,
CASE-0321,Acts 2 last days,Acts 2,wikipedia_article_links,https://en.wikipedia.org/wiki/Uncial_076,en.wikipedia.org,wikipedia_internal,4,Uncial 076,
CASE-0321,Acts 2 last days,Acts 2,wikipedia_article_links,https://en.wikipedia.org/wiki/Acts_of_the_Apostles,en.wikipedia.org,wikipedia_internal,5,Acts of the Apostles,
CASE-0321,Acts 2 last days,Acts 2,wikipedia_article_links,https://en.wikipedia.org/wiki/Church_history,en.wikipedia.org,wikipedia_internal,6,Church history,
CASE-0321,Acts 2 last days,Acts 2,wikipedia_article_links,https://en.wikipedia.org/wiki/New_Testament,en.wikipedia.org,wikipedia_internal,7,New Testament,
CASE-0321,Acts 2 last days,Acts 2,wikipedia_article_links,https://en.wikipedia.org/wiki/Christianity,en.wikipedia.org,wikipedia_internal,8,Christian,
CASE-0321,Acts 2 last days,Acts 2,wikipedia_article_links,https://en.wikipedia.org/wiki/Bible,en.wikipedia.org,wikipedia_internal,9,Bible,
CASE-0321,Acts 2 last days,Acts 2,wikipedia_article_links,https://en.wikipedia.org/wiki/Luke_the_Evangelist,en.wikipedia.org,wikipedia_internal,10,Luke,
CASE-0321,Acts 2 last days,Acts 2,wikipedia_article_links,https://en.wikipedia.org/wiki/Gospel_of_Luke,en.wikipedia.org,wikipedia_internal,11,Gospel of Luke,
CASE-0321,Acts 2 last days,Acts 2,wikipedia_article_links,https://en.wikipedia.org/wiki/Pentecost,en.wikipedia.org,wikipedia_internal,12,Pentecost,
CASE-0321,Acts 2 last days,Acts 2,wikipedia_article_links,https://en.wikipedia.org/wiki/Ascension_of_Jesus,en.wikipedia.org,wikipedia_internal,13,the ascension,
CASE-0321,Acts 2 last days,Acts 2,wikipedia_article_links,https://en.wikipedia.org/wiki/Jesus_Christ,en.wikipedia.org,wikipedia_internal,14,Jesus Christ,
CASE-0321,Acts 2 last days,Acts 2,wikipedia_article_links,https://en.wikipedia.org/wiki/Koine_Greek,en.wikipedia.org,wikipedia_internal,15,Koine Greek,
CASE-0321,Acts 2 last days,Acts 2,wikipedia_article_links,https://en.wikipedia.org/wiki/Chapters_and_verses_of_the_Bible,en.wikipedia.org,wikipedia_internal,16,This chapter is divided into,
CASE-0321,Acts 2 last days,Acts 2,wikipedia_article_links,https://en.wikipedia.org/wiki/Biblical_manuscript#New_Testament_manuscripts,en.wikipedia.org,wikipedia_internal,17,manuscripts,
CASE-0321,Acts 2 last days,Acts 2,wikipedia_article_links,https://en.wikipedia.org/wiki/Papyrus_91,en.wikipedia.org,wikipedia_internal,18,Papyrus 91,
CASE-0321,Acts 2 last days,Acts 2,wikipedia_article_links,https://en.wikipedia.org/wiki/Codex_Vaticanus,en.wikipedia.org,wikipedia_internal,19,Codex Vaticanus,
CASE-0321,Acts 2 last days,Acts 2,wikipedia_article_links,https://en.wikipedia.org/wiki/Codex_Sinaiticus,en.wikipedia.org,wikipedia_internal,20,Codex Sinaiticus,
CASE-0322,1 Thessalonians rapture,Rapture,wikipedia_search,https://en.wikipedia.org/wiki/Rapture,en.wikipedia.org,wikipedia_primary,1,Rapture,
CASE-0322,1 Thessalonians rapture,Rapture,wikipedia_article_links,https://en.wikipedia.org/wiki/Rapture_(disambiguation),en.wikipedia.org,wikipedia_internal,2,Rapture (disambiguation),
CASE-0322,1 Thessalonians rapture,Rapture,wikipedia_article_links,https://en.wikipedia.org/wiki/Jan_Luyken,en.wikipedia.org,wikipedia_internal,3,Jan Luyken,
CASE-0322,1 Thessalonians rapture,Rapture,wikipedia_article_links,https://en.wikipedia.org/wiki/Matthew_24,en.wikipedia.org,wikipedia_internal,4,Matthew 24,
CASE-0322,1 Thessalonians rapture,Rapture,wikipedia_article_links,https://en.wikipedia.org/wiki/Bowyer_Bible,en.wikipedia.org,wikipedia_internal,5,Bowyer Bible,
CASE-0322,1 Thessalonians rapture,Rapture,wikipedia_article_links,https://en.wikipedia.org/wiki/Christian_eschatology,en.wikipedia.org,wikipedia_internal,6,Christian eschatology,
CASE-0322,1 Thessalonians rapture,Rapture,wikipedia_article_links,https://en.wikipedia.org/wiki/Historicism_(Christianity),en.wikipedia.org,wikipedia_internal,7,Historicism,
CASE-0322,1 Thessalonians rapture,Rapture,wikipedia_article_links,https://en.wikipedia.org/wiki/Historicist_interpretations_of_the_Book_of_Revelation,en.wikipedia.org,wikipedia_internal,8,Interpretations of Revelation,
CASE-0322,1 Thessalonians rapture,Rapture,wikipedia_article_links,https://en.wikipedia.org/wiki/Futurism_(Christianity),en.wikipedia.org,wikipedia_internal,9,Futurism,
CASE-0322,1 Thessalonians rapture,Rapture,wikipedia_article_links,https://en.wikipedia.org/wiki/Dispensationalism,en.wikipedia.org,wikipedia_internal,10,Dispensationalism,
CASE-0322,1 Thessalonians rapture,Rapture,wikipedia_article_links,https://en.wikipedia.org/wiki/Preterism,en.wikipedia.org,wikipedia_internal,11,Preterism,
CASE-0322,1 Thessalonians rapture,Rapture,wikipedia_article_links,https://en.wikipedia.org/wiki/Idealism_(Christian_eschatology),en.wikipedia.org,wikipedia_internal,12,Idealism,
CASE-0322,1 Thessalonians rapture,Rapture,wikipedia_article_links,https://en.wikipedia.org/wiki/Millennialism,en.wikipedia.org,wikipedia_internal,13,The Millennium,
CASE-0322,1 Thessalonians rapture,Rapture,wikipedia_article_links,https://en.wikipedia.org/wiki/Amillennialism,en.wikipedia.org,wikipedia_internal,14,Amillennialism,
CASE-0322,1 Thessalonians rapture,Rapture,wikipedia_article_links,https://en.wikipedia.org/wiki/Postmillennialism,en.wikipedia.org,wikipedia_internal,15,Postmillennialism,
CASE-0322,1 Thessalonians rapture,Rapture,wikipedia_article_links,https://en.wikipedia.org/wiki/Premillennialism,en.wikipedia.org,wikipedia_internal,16,Premillennialism,
CASE-0322,1 Thessalonians rapture,Rapture,wikipedia_article_links,https://en.wikipedia.org/wiki/Posttribulation_rapture,en.wikipedia.org,wikipedia_internal,17,Posttribulation rapture,
CASE-0322,1 Thessalonians rapture,Rapture,wikipedia_article_links,https://en.wikipedia.org/wiki/Book_of_Daniel,en.wikipedia.org,wikipedia_internal,18,Daniel,
CASE-0322,1 Thessalonians rapture,Rapture,wikipedia_article_links,https://en.wikipedia.org/wiki/Prophecy_of_Seventy_Weeks,en.wikipedia.org,wikipedia_internal,19,Seventy Weeks,
CASE-0322,1 Thessalonians rapture,Rapture,wikipedia_article_links,https://en.wikipedia.org/wiki/Synoptic_Gospels,en.wikipedia.org,wikipedia_internal,20,Synoptic Gospels,
CASE-0323,Bob Lazar Area 51,Bob Lazar,wikipedia_search,https://en.wikipedia.org/wiki/Bob_Lazar,en.wikipedia.org,wikipedia_primary,1,Bob Lazar,
CASE-0323,Bob Lazar Area 51,Bob Lazar,wikipedia_article_links,"https://en.wikipedia.org/wiki/Coral_Gables,_Florida",en.wikipedia.org,wikipedia_internal,2,"Coral Gables, Florida",
CASE-0323,Bob Lazar Area 51,Bob Lazar,wikipedia_article_links,https://en.wikipedia.org/wiki/Procuring_(prostitution),en.wikipedia.org,wikipedia_internal,3,Pandering,
CASE-0323,Bob Lazar Area 51,Bob Lazar,wikipedia_article_links,https://en.wikipedia.org/wiki/Reverse_engineering,en.wikipedia.org,wikipedia_internal,4,reverse engineering,
CASE-0323,Bob Lazar Area 51,Bob Lazar,wikipedia_article_links,https://en.wikipedia.org/wiki/Extraterrestrial_life,en.wikipedia.org,wikipedia_internal,5,extraterrestrial,
CASE-0323,Bob Lazar Area 51,Bob Lazar,wikipedia_article_links,https://en.wikipedia.org/wiki/United_States_Air_Force,en.wikipedia.org,wikipedia_internal,6,United States Air Force,
CASE-0323,Bob Lazar Area 51,Bob Lazar,wikipedia_article_links,https://en.wikipedia.org/wiki/Area_51,en.wikipedia.org,wikipedia_internal,7,Area 51,
CASE-0323,Bob Lazar Area 51,Bob Lazar,wikipedia_article_links,https://en.wikipedia.org/wiki/Ufology,en.wikipedia.org,wikipedia_internal,8,ufologists,
CASE-0323,Bob Lazar Area 51,Bob Lazar,wikipedia_article_links,https://en.wikipedia.org/wiki/Groom_Lake,en.wikipedia.org,wikipedia_internal,9,Groom Lake,
CASE-0323,Bob Lazar Area 51,Bob Lazar,wikipedia_article_links,https://en.wikipedia.org/wiki/Papoose_Lake,en.wikipedia.org,wikipedia_internal,10,Papoose Lake,
CASE-0323,Bob Lazar Area 51,Bob Lazar,wikipedia_article_links,https://en.wikipedia.org/wiki/Chemistry,en.wikipedia.org,wikipedia_internal,11,chemistry,
CASE-0323,Bob Lazar Area 51,Bob Lazar,wikipedia_article_links,https://en.wikipedia.org/wiki/Los_Angeles_Pierce_College,en.wikipedia.org,wikipedia_internal,12,Pierce Junior College,
CASE-0323,Bob Lazar Area 51,Bob Lazar,wikipedia_article_links,https://en.wikipedia.org/wiki/Photographic_processing,en.wikipedia.org,wikipedia_internal,13,film processor,
CASE-0323,Bob Lazar Area 51,Bob Lazar,wikipedia_article_links,https://en.wikipedia.org/wiki/Massachusetts_Institute_of_Technology,en.wikipedia.org,wikipedia_internal,14,Massachusetts Institute of Technology,
CASE-0323,Bob Lazar Area 51,Bob Lazar,wikipedia_article_links,https://en.wikipedia.org/wiki/California_Institute_of_Technology,en.wikipedia.org,wikipedia_internal,15,California Institute of Technology,
CASE-0323,Bob Lazar Area 51,Bob Lazar,wikipedia_article_links,https://en.wikipedia.org/wiki/Stanton_T._Friedman,en.wikipedia.org,wikipedia_internal,16,Stanton T. Friedman,
CASE-0323,Bob Lazar Area 51,Bob Lazar,wikipedia_article_links,https://en.wikipedia.org/wiki/Donald_Prothero,en.wikipedia.org,wikipedia_internal,17,Donald R. Prothero,
CASE-0323,Bob Lazar Area 51,Bob Lazar,wikipedia_article_links,https://en.wikipedia.org/wiki/Benjamin_Radford,en.wikipedia.org,wikipedia_internal,18,Benjamin Radford,
CASE-0323,Bob Lazar Area 51,Bob Lazar,wikipedia_article_links,https://en.wikipedia.org/wiki/Live_Science,en.wikipedia.org,wikipedia_internal,19,Live Science,
CASE-0323,Bob Lazar Area 51,Bob Lazar,wikipedia_article_links,https://en.wikipedia.org/wiki/Jet_car,en.wikipedia.org,wikipedia_internal,20,jet-powered cars,
CASE-0324,Travis Walton abduction,Travis Walton incident,wikipedia_search,https://en.wikipedia.org/wiki/Travis_Walton_incident,en.wikipedia.org,wikipedia_primary,1,Travis Walton incident,
CASE-0324,Travis Walton abduction,Travis Walton incident,wikipedia_article_links,https://en.wikipedia.org/wiki/Alien_abduction,en.wikipedia.org,wikipedia_internal,2,alien abduction,
CASE-0324,Travis Walton abduction,Travis Walton incident,wikipedia_article_links,https://en.wikipedia.org/wiki/Apache%E2%80%93Sitgreaves_National_Forests,en.wikipedia.org,wikipedia_internal,3,Apache–Sitgreaves National Forests,
CASE-0324,Travis Walton abduction,Travis Walton incident,wikipedia_article_links,"https://en.wikipedia.org/wiki/Heber-Overgaard,_Arizona",en.wikipedia.org,wikipedia_internal,4,"Heber, Arizona",
CASE-0324,Travis Walton abduction,Travis Walton incident,wikipedia_article_links,https://en.wikipedia.org/wiki/National_Enquirer,en.wikipedia.org,wikipedia_internal,5,National Enquirer,
CASE-0324,Travis Walton abduction,Travis Walton incident,wikipedia_article_links,https://en.wikipedia.org/wiki/John_G._Fuller,en.wikipedia.org,wikipedia_internal,6,John G. Fuller,
CASE-0324,Travis Walton abduction,Travis Walton incident,wikipedia_article_links,https://en.wikipedia.org/wiki/Tracy_Torme,en.wikipedia.org,wikipedia_internal,7,Tracy Torme,
CASE-0324,Travis Walton abduction,Travis Walton incident,wikipedia_article_links,https://en.wikipedia.org/wiki/Fire_in_the_Sky,en.wikipedia.org,wikipedia_internal,8,Fire in the Sky,
CASE-0324,Travis Walton abduction,Travis Walton incident,wikipedia_article_links,https://en.wikipedia.org/wiki/Robert_Lieberman,en.wikipedia.org,wikipedia_internal,9,Robert Lieberman,
CASE-0324,Travis Walton abduction,Travis Walton incident,wikipedia_article_links,https://en.wikipedia.org/wiki/Philip_J._Klass,en.wikipedia.org,wikipedia_internal,10,Philip J. Klass,
CASE-0324,Travis Walton abduction,Travis Walton incident,wikipedia_article_links,https://en.wikipedia.org/wiki/Michael_Shermer,en.wikipedia.org,wikipedia_internal,11,Michael Shermer,
CASE-0324,Travis Walton abduction,Travis Walton incident,wikipedia_article_links,https://en.wikipedia.org/wiki/Act_of_God,en.wikipedia.org,wikipedia_internal,12,Act of God,
CASE-0324,Travis Walton abduction,Travis Walton incident,wikipedia_article_links,https://en.wikipedia.org/wiki/United_States_Forest_Service,en.wikipedia.org,wikipedia_internal,13,Forestry Service,
CASE-0324,Travis Walton abduction,Travis Walton incident,wikipedia_article_links,https://en.wikipedia.org/wiki/Apache-Sitgreaves_National_Forest,en.wikipedia.org,wikipedia_internal,14,Apache-Sitgreaves National Forest,
CASE-0324,Travis Walton abduction,Travis Walton incident,wikipedia_article_links,https://en.wikipedia.org/wiki/The_UFO_Incident,en.wikipedia.org,wikipedia_internal,15,The UFO Incident,
CASE-0324,Travis Walton abduction,Travis Walton incident,wikipedia_article_links,https://en.wikipedia.org/wiki/Television_special,en.wikipedia.org,wikipedia_internal,16,prime-time special,
CASE-0324,Travis Walton abduction,Travis Walton incident,wikipedia_article_links,https://en.wikipedia.org/wiki/James_Earl_Jones,en.wikipedia.org,wikipedia_internal,17,James Earl Jones,
CASE-0324,Travis Walton abduction,Travis Walton incident,wikipedia_article_links,https://en.wikipedia.org/wiki/Barney_Hill,en.wikipedia.org,wikipedia_internal,18,Barney Hill,
CASE-0324,Travis Walton abduction,Travis Walton incident,wikipedia_article_links,https://en.wikipedia.org/wiki/Recovered-memory_therapy,en.wikipedia.org,wikipedia_internal,19,Recovered-memory therapy,
CASE-0324,Travis Walton abduction,Travis Walton incident,wikipedia_article_links,https://en.wikipedia.org/wiki/False_memories,en.wikipedia.org,wikipedia_internal,20,false memories,
CASE-0325,Skinwalker Ranch,Skinwalker Ranch,wikipedia_search,https://en.wikipedia.org/wiki/Skinwalker_Ranch,en.wikipedia.org,wikipedia_primary,1,Skinwalker Ranch,
CASE-0325,Skinwalker Ranch,Skinwalker Ranch,wikipedia_article_links,https://en.wikipedia.org/wiki/Skywalker_Ranch,en.wikipedia.org,wikipedia_internal,2,Skywalker Ranch,
CASE-0325,Skinwalker Ranch,Skinwalker Ranch,wikipedia_article_links,https://en.wikipedia.org/wiki/Skinwalker_Ranch_(film),en.wikipedia.org,wikipedia_internal,3,Skinwalker Ranch (film),
CASE-0325,Skinwalker Ranch,Skinwalker Ranch,wikipedia_article_links,"https://en.wikipedia.org/wiki/Uintah_County,_Utah",en.wikipedia.org,wikipedia_internal,4,"Uintah County, Utah",
CASE-0325,Skinwalker Ranch,Skinwalker Ranch,wikipedia_article_links,https://en.wikipedia.org/wiki/Geographic_coordinate_system,en.wikipedia.org,wikipedia_internal,5,Coordinates,
CASE-0325,Skinwalker Ranch,Skinwalker Ranch,wikipedia_article_links,https://en.wikipedia.org/wiki/Robert_Bigelow,en.wikipedia.org,wikipedia_internal,6,Robert Bigelow,
CASE-0325,Skinwalker Ranch,Skinwalker Ranch,wikipedia_article_links,https://en.wikipedia.org/wiki/Brandon_Fugal,en.wikipedia.org,wikipedia_internal,7,Brandon Fugal,
CASE-0325,Skinwalker Ranch,Skinwalker Ranch,wikipedia_article_links,"https://en.wikipedia.org/wiki/Ballard,_Utah",en.wikipedia.org,wikipedia_internal,8,"Ballard, Utah",
CASE-0325,Skinwalker Ranch,Skinwalker Ranch,wikipedia_article_links,https://en.wikipedia.org/wiki/Paranormal,en.wikipedia.org,wikipedia_internal,9,paranormal,
CASE-0325,Skinwalker Ranch,Skinwalker Ranch,wikipedia_article_links,https://en.wikipedia.org/wiki/Unidentified_flying_object,en.wikipedia.org,wikipedia_internal,10,UFO,
CASE-0325,Skinwalker Ranch,Skinwalker Ranch,wikipedia_article_links,https://en.wikipedia.org/wiki/Skin-walker,en.wikipedia.org,wikipedia_internal,11,skin-walker,
CASE-0325,Skinwalker Ranch,Skinwalker Ranch,wikipedia_article_links,https://en.wikipedia.org/wiki/Navajo,en.wikipedia.org,wikipedia_internal,12,Navajo,
CASE-0325,Skinwalker Ranch,Skinwalker Ranch,wikipedia_article_links,https://en.wikipedia.org/wiki/Uinta_Basin,en.wikipedia.org,wikipedia_internal,13,Uintah Basin,
CASE-0325,Skinwalker Ranch,Skinwalker Ranch,wikipedia_article_links,"https://en.wikipedia.org/wiki/Salt_Lake_City,_Utah",en.wikipedia.org,wikipedia_internal,14,"Salt Lake City, Utah",
CASE-0325,Skinwalker Ranch,Skinwalker Ranch,wikipedia_article_links,https://en.wikipedia.org/wiki/Deseret_News,en.wikipedia.org,wikipedia_internal,15,Deseret News,
CASE-0325,Skinwalker Ranch,Skinwalker Ranch,wikipedia_article_links,https://en.wikipedia.org/wiki/Las_Vegas_Mercury,en.wikipedia.org,wikipedia_internal,16,Las Vegas Mercury,
CASE-0325,Skinwalker Ranch,Skinwalker Ranch,wikipedia_article_links,https://en.wikipedia.org/wiki/George_Knapp_(television_journalist),en.wikipedia.org,wikipedia_internal,17,George Knapp,
CASE-0325,Skinwalker Ranch,Skinwalker Ranch,wikipedia_article_links,https://en.wikipedia.org/wiki/Uintah_and_Ouray_Indian_Reservation,en.wikipedia.org,wikipedia_internal,18,Uintah and Ouray Indian Reservation,
CASE-0325,Skinwalker Ranch,Skinwalker Ranch,wikipedia_article_links,https://en.wikipedia.org/wiki/John_B._Alexander,en.wikipedia.org,wikipedia_internal,19,John B. Alexander,
CASE-0325,Skinwalker Ranch,Skinwalker Ranch,wikipedia_article_links,https://en.wikipedia.org/wiki/National_Institute_for_Discovery_Science,en.wikipedia.org,wikipedia_internal,20,NIDSci,
CASE-0326,Dyatlov Pass conspiracy,Dyatlov Pass incident,wikipedia_search,https://en.wikipedia.org/wiki/Dyatlov_Pass_incident,en.wikipedia.org,wikipedia_primary,1,Dyatlov Pass incident,
CASE-0326,Dyatlov Pass conspiracy,Dyatlov Pass incident,wikipedia_article_links,https://en.wikipedia.org/wiki/Devil%27s_Pass,en.wikipedia.org,wikipedia_internal,2,Devil's Pass,
CASE-0326,Dyatlov Pass conspiracy,Dyatlov Pass incident,wikipedia_article_links,https://en.wikipedia.org/wiki/Yekaterinburg,en.wikipedia.org,wikipedia_internal,3,Yekaterinburg,
CASE-0326,Dyatlov Pass conspiracy,Dyatlov Pass incident,wikipedia_article_links,https://en.wikipedia.org/wiki/Russia,en.wikipedia.org,wikipedia_internal,4,Russia,
CASE-0326,Dyatlov Pass conspiracy,Dyatlov Pass incident,wikipedia_article_links,https://en.wikipedia.org/wiki/Kholat_Syakhl,en.wikipedia.org,wikipedia_internal,5,Kholat Syakhl,
CASE-0326,Dyatlov Pass conspiracy,Dyatlov Pass incident,wikipedia_article_links,https://en.wikipedia.org/wiki/Ural_Mountains#Northern_Ural,en.wikipedia.org,wikipedia_internal,6,Northern Urals,
CASE-0326,Dyatlov Pass conspiracy,Dyatlov Pass incident,wikipedia_article_links,https://en.wikipedia.org/wiki/Russian_Soviet_Federative_Socialist_Republic,en.wikipedia.org,wikipedia_internal,7,Russian SFSR,
CASE-0326,Dyatlov Pass conspiracy,Dyatlov Pass incident,wikipedia_article_links,https://en.wikipedia.org/wiki/Soviet_Union,en.wikipedia.org,wikipedia_internal,8,Soviet Union,
CASE-0326,Dyatlov Pass conspiracy,Dyatlov Pass incident,wikipedia_article_links,https://en.wikipedia.org/wiki/Geographic_coordinate_system,en.wikipedia.org,wikipedia_internal,9,Coordinates,
CASE-0326,Dyatlov Pass conspiracy,Dyatlov Pass incident,wikipedia_article_links,https://en.wikipedia.org/wiki/Ural_State_Technical_University,en.wikipedia.org,wikipedia_internal,10,Ural Polytechnical Institute,
CASE-0326,Dyatlov Pass conspiracy,Dyatlov Pass incident,wikipedia_article_links,https://en.wikipedia.org/wiki/Soviet_people,en.wikipedia.org,wikipedia_internal,11,Soviet,
CASE-0326,Dyatlov Pass conspiracy,Dyatlov Pass incident,wikipedia_article_links,https://en.wikipedia.org/wiki/Ural_Mountains,en.wikipedia.org,wikipedia_internal,12,Ural Mountains,
CASE-0326,Dyatlov Pass conspiracy,Dyatlov Pass incident,wikipedia_article_links,https://en.wikipedia.org/wiki/Government_of_the_Soviet_Union,en.wikipedia.org,wikipedia_internal,13,Soviet authorities,
CASE-0326,Dyatlov Pass conspiracy,Dyatlov Pass incident,wikipedia_article_links,https://en.wikipedia.org/wiki/Hypothermia,en.wikipedia.org,wikipedia_internal,14,hypothermia,
CASE-0326,Dyatlov Pass conspiracy,Dyatlov Pass incident,wikipedia_article_links,https://en.wikipedia.org/wiki/Injury,en.wikipedia.org,wikipedia_internal,15,physical trauma,
CASE-0326,Dyatlov Pass conspiracy,Dyatlov Pass incident,wikipedia_article_links,https://en.wikipedia.org/wiki/Skull_fracture,en.wikipedia.org,wikipedia_internal,16,small crack in his skull,
CASE-0326,Dyatlov Pass conspiracy,Dyatlov Pass incident,wikipedia_article_links,https://en.wikipedia.org/wiki/Soft_tissue,en.wikipedia.org,wikipedia_internal,17,soft tissue,
CASE-0326,Dyatlov Pass conspiracy,Dyatlov Pass incident,wikipedia_article_links,https://en.wikipedia.org/wiki/Avalanche,en.wikipedia.org,wikipedia_internal,18,avalanche,
CASE-0326,Dyatlov Pass conspiracy,Dyatlov Pass incident,wikipedia_article_links,https://en.wikipedia.org/wiki/Slab_avalanche,en.wikipedia.org,wikipedia_internal,19,slab avalanche,
CASE-0326,Dyatlov Pass conspiracy,Dyatlov Pass incident,wikipedia_article_links,https://en.wikipedia.org/wiki/UFO,en.wikipedia.org,wikipedia_internal,20,UFO,
CASE-0327,Bermuda Triangle,Bermuda Triangle,wikipedia_search,https://en.wikipedia.org/wiki/Bermuda_Triangle,en.wikipedia.org,wikipedia_primary,1,Bermuda Triangle,
CASE-0327,Bermuda Triangle,Bermuda Triangle,wikipedia_article_links,https://en.wikipedia.org/wiki/Devil%27s_Triangle_(disambiguation),en.wikipedia.org,wikipedia_internal,2,Devil's Triangle (disambiguation),
CASE-0327,Bermuda Triangle,Bermuda Triangle,wikipedia_article_links,https://en.wikipedia.org/wiki/Bermuda_Triangle_(disambiguation),en.wikipedia.org,wikipedia_internal,3,Bermuda Triangle (disambiguation),
CASE-0327,Bermuda Triangle,Bermuda Triangle,wikipedia_article_links,https://en.wikipedia.org/wiki/Paranormal,en.wikipedia.org,wikipedia_internal,4,Paranormal,
CASE-0327,Bermuda Triangle,Bermuda Triangle,wikipedia_article_links,https://en.wikipedia.org/wiki/Astral_projection,en.wikipedia.org,wikipedia_internal,5,Astral projection,
CASE-0327,Bermuda Triangle,Bermuda Triangle,wikipedia_article_links,https://en.wikipedia.org/wiki/Astrology,en.wikipedia.org,wikipedia_internal,6,Astrology,
CASE-0327,Bermuda Triangle,Bermuda Triangle,wikipedia_article_links,https://en.wikipedia.org/wiki/Aura_(paranormal),en.wikipedia.org,wikipedia_internal,7,Aura,
CASE-0327,Bermuda Triangle,Bermuda Triangle,wikipedia_article_links,https://en.wikipedia.org/wiki/Bilocation,en.wikipedia.org,wikipedia_internal,8,Bilocation,
CASE-0327,Bermuda Triangle,Bermuda Triangle,wikipedia_article_links,https://en.wikipedia.org/wiki/Inedia,en.wikipedia.org,wikipedia_internal,9,Breatharianism,
CASE-0327,Bermuda Triangle,Bermuda Triangle,wikipedia_article_links,https://en.wikipedia.org/wiki/Clairvoyance,en.wikipedia.org,wikipedia_internal,10,Clairvoyance,
CASE-0327,Bermuda Triangle,Bermuda Triangle,wikipedia_article_links,https://en.wikipedia.org/wiki/Close_encounter,en.wikipedia.org,wikipedia_internal,11,Close encounter,
CASE-0327,Bermuda Triangle,Bermuda Triangle,wikipedia_article_links,https://en.wikipedia.org/wiki/Cold_spot_(paranormal),en.wikipedia.org,wikipedia_internal,12,Cold spot,
CASE-0327,Bermuda Triangle,Bermuda Triangle,wikipedia_article_links,https://en.wikipedia.org/wiki/Crystal_gazing,en.wikipedia.org,wikipedia_internal,13,Crystal gazing,
CASE-0327,Bermuda Triangle,Bermuda Triangle,wikipedia_article_links,https://en.wikipedia.org/wiki/Evocation,en.wikipedia.org,wikipedia_internal,14,Conjuration,
CASE-0327,Bermuda Triangle,Bermuda Triangle,wikipedia_article_links,https://en.wikipedia.org/wiki/Cryptozoology,en.wikipedia.org,wikipedia_internal,15,Cryptozoology,
CASE-0327,Bermuda Triangle,Bermuda Triangle,wikipedia_article_links,https://en.wikipedia.org/wiki/Spirit_possession,en.wikipedia.org,wikipedia_internal,16,Demonic possession,
CASE-0327,Bermuda Triangle,Bermuda Triangle,wikipedia_article_links,https://en.wikipedia.org/wiki/Demonology,en.wikipedia.org,wikipedia_internal,17,Demonology,
CASE-0327,Bermuda Triangle,Bermuda Triangle,wikipedia_article_links,https://en.wikipedia.org/wiki/Doppelg%C3%A4nger,en.wikipedia.org,wikipedia_internal,18,Doppelgänger,
CASE-0327,Bermuda Triangle,Bermuda Triangle,wikipedia_article_links,https://en.wikipedia.org/wiki/Ectoplasm_(paranormal),en.wikipedia.org,wikipedia_internal,19,Ectoplasm,
CASE-0327,Bermuda Triangle,Bermuda Triangle,wikipedia_article_links,https://en.wikipedia.org/wiki/Electronic_voice_phenomenon,en.wikipedia.org,wikipedia_internal,20,Electronic voice phenomenon,
CASE-0328,Nazca Lines aliens,Ancient astronauts,wikipedia_search,https://en.wikipedia.org/wiki/Ancient_astronauts,en.wikipedia.org,wikipedia_primary,1,Ancient astronauts,
CASE-0328,Nazca Lines aliens,Ancient astronauts,wikipedia_article_links,https://en.wikipedia.org/wiki/Directed_panspermia,en.wikipedia.org,wikipedia_internal,2,Directed panspermia,
CASE-0328,Nazca Lines aliens,Ancient astronauts,wikipedia_article_links,https://en.wikipedia.org/wiki/Ancient_astronauts_in_popular_culture,en.wikipedia.org,wikipedia_internal,3,Ancient astronauts in popular culture,
CASE-0328,Nazca Lines aliens,Ancient astronauts,wikipedia_article_links,https://en.wikipedia.org/wiki/Ancient_Astronauts_(album),en.wikipedia.org,wikipedia_internal,4,Ancient Astronauts (album),
CASE-0328,Nazca Lines aliens,Ancient astronauts,wikipedia_article_links,https://en.wikipedia.org/wiki/Rock_Drawings_in_Valcamonica,en.wikipedia.org,wikipedia_internal,5,Petroglyphs from Val Camonica,
CASE-0328,Nazca Lines aliens,Ancient astronauts,wikipedia_article_links,https://en.wikipedia.org/wiki/Astronaut,en.wikipedia.org,wikipedia_internal,6,astronauts,
CASE-0328,Nazca Lines aliens,Ancient astronauts,wikipedia_article_links,https://en.wikipedia.org/wiki/Archaeology,en.wikipedia.org,wikipedia_internal,7,Archaeology,
CASE-0328,Nazca Lines aliens,Ancient astronauts,wikipedia_article_links,https://en.wikipedia.org/wiki/Pseudoscience,en.wikipedia.org,wikipedia_internal,8,(Overview of pseudoscientific concepts),
CASE-0328,Nazca Lines aliens,Ancient astronauts,wikipedia_article_links,https://en.wikipedia.org/wiki/Paranormal,en.wikipedia.org,wikipedia_internal,9,Paranormal,
CASE-0328,Nazca Lines aliens,Ancient astronauts,wikipedia_article_links,https://en.wikipedia.org/wiki/Astral_projection,en.wikipedia.org,wikipedia_internal,10,Astral projection,
CASE-0328,Nazca Lines aliens,Ancient astronauts,wikipedia_article_links,https://en.wikipedia.org/wiki/Astrology,en.wikipedia.org,wikipedia_internal,11,Astrology,
CASE-0328,Nazca Lines aliens,Ancient astronauts,wikipedia_article_links,https://en.wikipedia.org/wiki/Aura_(paranormal),en.wikipedia.org,wikipedia_internal,12,Aura,
CASE-0328,Nazca Lines aliens,Ancient astronauts,wikipedia_article_links,https://en.wikipedia.org/wiki/Bilocation,en.wikipedia.org,wikipedia_internal,13,Bilocation,
CASE-0328,Nazca Lines aliens,Ancient astronauts,wikipedia_article_links,https://en.wikipedia.org/wiki/Inedia,en.wikipedia.org,wikipedia_internal,14,Breatharianism,
CASE-0328,Nazca Lines aliens,Ancient astronauts,wikipedia_article_links,https://en.wikipedia.org/wiki/Clairvoyance,en.wikipedia.org,wikipedia_internal,15,Clairvoyance,
CASE-0328,Nazca Lines aliens,Ancient astronauts,wikipedia_article_links,https://en.wikipedia.org/wiki/Close_encounter,en.wikipedia.org,wikipedia_internal,16,Close encounter,
CASE-0328,Nazca Lines aliens,Ancient astronauts,wikipedia_article_links,https://en.wikipedia.org/wiki/Cold_spot_(paranormal),en.wikipedia.org,wikipedia_internal,17,Cold spot,
CASE-0328,Nazca Lines aliens,Ancient astronauts,wikipedia_article_links,https://en.wikipedia.org/wiki/Crystal_gazing,en.wikipedia.org,wikipedia_internal,18,Crystal gazing,
CASE-0328,Nazca Lines aliens,Ancient astronauts,wikipedia_article_links,https://en.wikipedia.org/wiki/Evocation,en.wikipedia.org,wikipedia_internal,19,Conjuration,
CASE-0328,Nazca Lines aliens,Ancient astronauts,wikipedia_article_links,https://en.wikipedia.org/wiki/Cryptozoology,en.wikipedia.org,wikipedia_internal,20,Cryptozoology,
CASE-0329,crop circles,Crop circle,wikipedia_search,https://en.wikipedia.org/wiki/Crop_circle,en.wikipedia.org,wikipedia_primary,1,Crop circle,
CASE-0329,crop circles,Crop circle,wikipedia_article_links,https://en.wikipedia.org/wiki/Crop_circles_(disambiguation),en.wikipedia.org,wikipedia_internal,2,Crop circles (disambiguation),
CASE-0329,crop circles,Crop circle,wikipedia_article_links,https://en.wikipedia.org/wiki/Center_pivot_irrigation,en.wikipedia.org,wikipedia_internal,3,center pivot irrigation,
CASE-0329,crop circles,Crop circle,wikipedia_article_links,https://en.wikipedia.org/wiki/Crop,en.wikipedia.org,wikipedia_internal,4,crop,
CASE-0329,crop circles,Crop circle,wikipedia_article_links,https://en.wikipedia.org/wiki/Cereal,en.wikipedia.org,wikipedia_internal,5,cereal,
CASE-0329,crop circles,Crop circle,wikipedia_article_links,https://en.wikipedia.org/wiki/Hoax,en.wikipedia.org,wikipedia_internal,6,hoaxes,
CASE-0329,crop circles,Crop circle,wikipedia_article_links,https://en.wikipedia.org/wiki/Taner_Edis,en.wikipedia.org,wikipedia_internal,7,Taner Edis,
CASE-0329,crop circles,Crop circle,wikipedia_article_links,https://en.wikipedia.org/wiki/Truman_State_University,en.wikipedia.org,wikipedia_internal,8,Truman State University,
CASE-0329,crop circles,Crop circle,wikipedia_article_links,https://en.wikipedia.org/wiki/Extraterrestrial_life,en.wikipedia.org,wikipedia_internal,9,alien,
CASE-0329,crop circles,Crop circle,wikipedia_article_links,https://en.wikipedia.org/wiki/Fringe_theory,en.wikipedia.org,wikipedia_internal,10,fringe theorists,
CASE-0329,crop circles,Crop circle,wikipedia_article_links,https://en.wikipedia.org/wiki/Stonehenge,en.wikipedia.org,wikipedia_internal,11,Stonehenge,
CASE-0329,crop circles,Crop circle,wikipedia_article_links,https://en.wikipedia.org/wiki/Avebury,en.wikipedia.org,wikipedia_internal,12,Avebury,
CASE-0329,crop circles,Crop circle,wikipedia_article_links,https://en.wikipedia.org/wiki/Cropmark,en.wikipedia.org,wikipedia_internal,13,cropmarks,
CASE-0329,crop circles,Crop circle,wikipedia_article_links,https://en.wikipedia.org/wiki/Mowing-Devil,en.wikipedia.org,wikipedia_internal,14,"The Mowing-Devil: or, Strange News Out of Hartfordshire",
CASE-0329,crop circles,Crop circle,wikipedia_article_links,https://en.wikipedia.org/wiki/Naturalist,en.wikipedia.org,wikipedia_internal,15,naturalist,
CASE-0329,crop circles,Crop circle,wikipedia_article_links,https://en.wikipedia.org/wiki/Robert_Plot,en.wikipedia.org,wikipedia_internal,16,Robert Plot,
CASE-0329,crop circles,Crop circle,wikipedia_article_links,https://en.wikipedia.org/wiki/Fairy_ring,en.wikipedia.org,wikipedia_internal,17,fairy rings,
CASE-0329,crop circles,Crop circle,wikipedia_article_links,https://en.wikipedia.org/wiki/Erich_von_D%C3%A4niken,en.wikipedia.org,wikipedia_internal,18,Erich von Däniken,
CASE-0329,crop circles,Crop circle,wikipedia_article_links,https://en.wikipedia.org/wiki/Nature_(journal),en.wikipedia.org,wikipedia_internal,19,Nature,
CASE-0329,crop circles,Crop circle,wikipedia_article_links,https://en.wikipedia.org/wiki/John_Rand_Capron,en.wikipedia.org,wikipedia_internal,20,John Rand Capron,
CASE-0330,men in black real,We Real Cool: Black Men and Masculinity,wikipedia_search,https://en.wikipedia.org/wiki/We_Real_Cool%3A_Black_Men_and_Masculinity,en.wikipedia.org,wikipedia_primary,1,We Real Cool: Black Men and Masculinity,
CASE-0330,men in black real,We Real Cool: Black Men and Masculinity,wikipedia_article_links,https://en.wikipedia.org/wiki/Bell_hooks,en.wikipedia.org,wikipedia_internal,2,bell hooks,
CASE-0330,men in black real,We Real Cool: Black Men and Masculinity,wikipedia_article_links,https://en.wikipedia.org/wiki/Masculinity,en.wikipedia.org,wikipedia_internal,3,Masculinity,
CASE-0330,men in black real,We Real Cool: Black Men and Masculinity,wikipedia_article_links,https://en.wikipedia.org/wiki/ISBN_(identifier),en.wikipedia.org,wikipedia_internal,4,ISBN,
CASE-0330,men in black real,We Real Cool: Black Men and Masculinity,wikipedia_article_links,https://en.wikipedia.org/wiki/Gwendolyn_Brooks,en.wikipedia.org,wikipedia_internal,5,Gwendolyn Brooks,
CASE-0330,men in black real,We Real Cool: Black Men and Masculinity,wikipedia_article_links,https://en.wikipedia.org/wiki/We_Real_Cool,en.wikipedia.org,wikipedia_internal,6,We Real Cool,
CASE-0330,men in black real,We Real Cool: Black Men and Masculinity,wikipedia_article_links,https://en.wikipedia.org/wiki/White_supremacist,en.wikipedia.org,wikipedia_internal,7,white supremacist,
CASE-0330,men in black real,We Real Cool: Black Men and Masculinity,wikipedia_article_links,https://en.wikipedia.org/wiki/Patriarchy,en.wikipedia.org,wikipedia_internal,8,patriarchy,
CASE-0330,men in black real,We Real Cool: Black Men and Masculinity,wikipedia_article_links,https://en.wikipedia.org/wiki/Berea_College,en.wikipedia.org,wikipedia_internal,9,Berea College,
CASE-0330,men in black real,We Real Cool: Black Men and Masculinity,wikipedia_article_links,https://en.wikipedia.org/wiki/Feminism,en.wikipedia.org,wikipedia_internal,10,feminism,
CASE-0330,men in black real,We Real Cool: Black Men and Masculinity,wikipedia_article_links,https://en.wikipedia.org/wiki/Malcolm_X,en.wikipedia.org,wikipedia_internal,11,Malcolm X,
CASE-0330,men in black real,We Real Cool: Black Men and Masculinity,wikipedia_article_links,https://en.wikipedia.org/wiki/W._E._B._Du_Bois,en.wikipedia.org,wikipedia_internal,12,W. E. B. Du Bois,
CASE-0330,men in black real,We Real Cool: Black Men and Masculinity,wikipedia_article_links,https://en.wikipedia.org/wiki/Intersectionality,en.wikipedia.org,wikipedia_internal,13,intersectionality,
CASE-0330,men in black real,We Real Cool: Black Men and Masculinity,wikipedia_article_links,https://en.wikipedia.org/wiki/Atlantic_slave_trade,en.wikipedia.org,wikipedia_internal,14,Atlantic slave trade,
CASE-0330,men in black real,We Real Cool: Black Men and Masculinity,wikipedia_article_links,https://en.wikipedia.org/wiki/Pre-Columbian_trans-oceanic_contact_theories#Claims_of_African_and_West_Asian_contact,en.wikipedia.org,wikipedia_internal,15,African explorers of the Americas,
CASE-0330,men in black real,We Real Cool: Black Men and Masculinity,wikipedia_article_links,https://en.wikipedia.org/wiki/Frederick_Douglass,en.wikipedia.org,wikipedia_internal,16,Frederick Douglass,
CASE-0330,men in black real,We Real Cool: Black Men and Masculinity,wikipedia_article_links,https://en.wikipedia.org/wiki/Martin_Delany,en.wikipedia.org,wikipedia_internal,17,Martin Delany,
CASE-0330,men in black real,We Real Cool: Black Men and Masculinity,wikipedia_article_links,https://en.wikipedia.org/wiki/Amy_Jacques_Garvey,en.wikipedia.org,wikipedia_internal,18,Amy Jacques Garvey,
CASE-0330,men in black real,We Real Cool: Black Men and Masculinity,wikipedia_article_links,https://en.wikipedia.org/wiki/Marcus_Garvey,en.wikipedia.org,wikipedia_internal,19,Marcus,
CASE-0330,men in black real,We Real Cool: Black Men and Masculinity,wikipedia_article_links,https://en.wikipedia.org/wiki/E._Franklin_Frazier,en.wikipedia.org,wikipedia_internal,20,E. Franklin Frazier,
CASE-0331,Roswell autopsy film,Alien Autopsy (1995 film),wikipedia_search,https://en.wikipedia.org/wiki/Alien_Autopsy_%281995_film%29,en.wikipedia.org,wikipedia_primary,1,Alien Autopsy (1995 film),
CASE-0331,Roswell autopsy film,Alien Autopsy (1995 film),wikipedia_article_links,https://en.wikipedia.org/wiki/Alien_Autopsy_(2006_film),en.wikipedia.org,wikipedia_internal,2,Alien Autopsy (2006 film),
CASE-0331,Roswell autopsy film,Alien Autopsy (1995 film),wikipedia_article_links,https://en.wikipedia.org/wiki/Pseudo-documentary,en.wikipedia.org,wikipedia_internal,3,pseudo-documentary,
CASE-0331,Roswell autopsy film,Alien Autopsy (1995 film),wikipedia_article_links,https://en.wikipedia.org/wiki/Hoax,en.wikipedia.org,wikipedia_internal,4,hoaxed,
CASE-0331,Roswell autopsy film,Alien Autopsy (1995 film),wikipedia_article_links,https://en.wikipedia.org/wiki/Autopsy,en.wikipedia.org,wikipedia_internal,5,autopsy,
CASE-0331,Roswell autopsy film,Alien Autopsy (1995 film),wikipedia_article_links,https://en.wikipedia.org/wiki/Roswell_incident,en.wikipedia.org,wikipedia_internal,6,Roswell incident,
CASE-0331,Roswell autopsy film,Alien Autopsy (1995 film),wikipedia_article_links,https://en.wikipedia.org/wiki/Ray_Santilli,en.wikipedia.org,wikipedia_internal,7,Ray Santilli,
CASE-0331,Roswell autopsy film,Alien Autopsy (1995 film),wikipedia_article_links,https://en.wikipedia.org/wiki/Fox_television,en.wikipedia.org,wikipedia_internal,8,Fox television,
CASE-0331,Roswell autopsy film,Alien Autopsy (1995 film),wikipedia_article_links,https://en.wikipedia.org/wiki/Jonathan_Frakes,en.wikipedia.org,wikipedia_internal,9,Jonathan Frakes,
CASE-0331,Roswell autopsy film,Alien Autopsy (1995 film),wikipedia_article_links,https://en.wikipedia.org/wiki/Channel_4,en.wikipedia.org,wikipedia_internal,10,Channel 4,
CASE-0331,Roswell autopsy film,Alien Autopsy (1995 film),wikipedia_article_links,https://en.wikipedia.org/wiki/Time_(magazine),en.wikipedia.org,wikipedia_internal,11,Time,
CASE-0331,Roswell autopsy film,Alien Autopsy (1995 film),wikipedia_article_links,https://en.wikipedia.org/wiki/Zapruder_film,en.wikipedia.org,wikipedia_internal,12,Zapruder film,
CASE-0331,Roswell autopsy film,Alien Autopsy (1995 film),wikipedia_article_links,https://en.wikipedia.org/wiki/Offal,en.wikipedia.org,wikipedia_internal,13,offal,
CASE-0331,Roswell autopsy film,Alien Autopsy (1995 film),wikipedia_article_links,https://en.wikipedia.org/wiki/British_Sky_Broadcasting,en.wikipedia.org,wikipedia_internal,14,Sky,
CASE-0331,Roswell autopsy film,Alien Autopsy (1995 film),wikipedia_article_links,https://en.wikipedia.org/wiki/Eamonn_Holmes,en.wikipedia.org,wikipedia_internal,15,Eamonn Holmes,
CASE-0331,Roswell autopsy film,Alien Autopsy (1995 film),wikipedia_article_links,https://en.wikipedia.org/wiki/Parody,en.wikipedia.org,wikipedia_internal,16,parodies,
CASE-0331,Roswell autopsy film,Alien Autopsy (1995 film),wikipedia_article_links,https://en.wikipedia.org/wiki/The_X-Files,en.wikipedia.org,wikipedia_internal,17,The X-Files,
CASE-0331,Roswell autopsy film,Alien Autopsy (1995 film),wikipedia_article_links,https://en.wikipedia.org/wiki/Jose_Chung%27s_From_Outer_Space,en.wikipedia.org,wikipedia_internal,18,Jose Chung's From Outer Space,
CASE-0331,Roswell autopsy film,Alien Autopsy (1995 film),wikipedia_article_links,https://en.wikipedia.org/wiki/Scientific_American_Frontiers,en.wikipedia.org,wikipedia_internal,19,Scientific American Frontiers,
CASE-0331,Roswell autopsy film,Alien Autopsy (1995 film),wikipedia_article_links,https://en.wikipedia.org/wiki/PBS,en.wikipedia.org,wikipedia_internal,20,PBS,
CASE-0332,Betty Hill star map,Barney and Betty Hill incident,wikipedia_search,https://en.wikipedia.org/wiki/Barney_and_Betty_Hill_incident,en.wikipedia.org,wikipedia_primary,1,Barney and Betty Hill incident,
CASE-0332,Betty Hill star map,Barney and Betty Hill incident,wikipedia_article_links,"https://en.wikipedia.org/wiki/Newport_News,_Virginia",en.wikipedia.org,wikipedia_internal,2,"Newport News, Virginia",
CASE-0332,Betty Hill star map,Barney and Betty Hill incident,wikipedia_article_links,"https://en.wikipedia.org/wiki/Newton,_New_Hampshire",en.wikipedia.org,wikipedia_internal,3,"Newton, New Hampshire",
CASE-0332,Betty Hill star map,Barney and Betty Hill incident,wikipedia_article_links,"https://en.wikipedia.org/wiki/Portsmouth,_New_Hampshire",en.wikipedia.org,wikipedia_internal,4,"Portsmouth, New Hampshire",
CASE-0332,Betty Hill star map,Barney and Betty Hill incident,wikipedia_article_links,https://en.wikipedia.org/wiki/Alien_abduction,en.wikipedia.org,wikipedia_internal,5,alien abduction,
CASE-0332,Betty Hill star map,Barney and Betty Hill incident,wikipedia_article_links,https://en.wikipedia.org/wiki/Extraterrestrials,en.wikipedia.org,wikipedia_internal,6,extraterrestrials,
CASE-0332,Betty Hill star map,Barney and Betty Hill incident,wikipedia_article_links,https://en.wikipedia.org/wiki/New_Hampshire,en.wikipedia.org,wikipedia_internal,7,New Hampshire,
CASE-0332,Betty Hill star map,Barney and Betty Hill incident,wikipedia_article_links,https://en.wikipedia.org/wiki/Zeta_Reticuli,en.wikipedia.org,wikipedia_internal,8,Zeta Reticuli,
CASE-0332,Betty Hill star map,Barney and Betty Hill incident,wikipedia_article_links,https://en.wikipedia.org/wiki/NBC,en.wikipedia.org,wikipedia_internal,9,NBC,
CASE-0332,Betty Hill star map,Barney and Betty Hill incident,wikipedia_article_links,https://en.wikipedia.org/wiki/The_UFO_Incident,en.wikipedia.org,wikipedia_internal,10,The UFO Incident,
CASE-0332,Betty Hill star map,Barney and Betty Hill incident,wikipedia_article_links,https://en.wikipedia.org/wiki/University_of_New_Hampshire,en.wikipedia.org,wikipedia_internal,11,University of New Hampshire,
CASE-0332,Betty Hill star map,Barney and Betty Hill incident,wikipedia_article_links,https://en.wikipedia.org/wiki/Alma_mater,en.wikipedia.org,wikipedia_internal,12,alma mater,
CASE-0332,Betty Hill star map,Barney and Betty Hill incident,wikipedia_article_links,https://en.wikipedia.org/wiki/New_Hampshire_Division_of_Historical_Resources,en.wikipedia.org,wikipedia_internal,13,New Hampshire Division of Historical Resources,
CASE-0332,Betty Hill star map,Barney and Betty Hill incident,wikipedia_article_links,https://en.wikipedia.org/wiki/List_of_New_Hampshire_historical_markers_(201%E2%80%93225)#224,en.wikipedia.org,wikipedia_internal,14,historical marker,
CASE-0332,Betty Hill star map,Barney and Betty Hill incident,wikipedia_article_links,https://en.wikipedia.org/wiki/United_States_Postal_Service,en.wikipedia.org,wikipedia_internal,15,United States Postal Service,
CASE-0332,Betty Hill star map,Barney and Betty Hill incident,wikipedia_article_links,https://en.wikipedia.org/wiki/Birth_name#Maiden_and_married_names,en.wikipedia.org,wikipedia_internal,16,née,
CASE-0332,Betty Hill star map,Barney and Betty Hill incident,wikipedia_article_links,https://en.wikipedia.org/wiki/Social_work,en.wikipedia.org,wikipedia_internal,17,social worker,
CASE-0332,Betty Hill star map,Barney and Betty Hill incident,wikipedia_article_links,https://en.wikipedia.org/wiki/Unitarianism,en.wikipedia.org,wikipedia_internal,18,Unitarian,
CASE-0332,Betty Hill star map,Barney and Betty Hill incident,wikipedia_article_links,https://en.wikipedia.org/wiki/NAACP,en.wikipedia.org,wikipedia_internal,19,NAACP,
CASE-0332,Betty Hill star map,Barney and Betty Hill incident,wikipedia_article_links,https://en.wikipedia.org/wiki/United_States_Commission_on_Civil_Rights,en.wikipedia.org,wikipedia_internal,20,United States Commission on Civil Rights,
CASE-0333,Kecksburg UFO incident,Kecksburg UFO incident,wikipedia_search,https://en.wikipedia.org/wiki/Kecksburg_UFO_incident,en.wikipedia.org,wikipedia_primary,1,Kecksburg UFO incident,
CASE-0333,Kecksburg UFO incident,Kecksburg UFO incident,wikipedia_article_links,https://en.wikipedia.org/wiki/Unsolved_Mysteries,en.wikipedia.org,wikipedia_internal,2,Unsolved Mysteries,
CASE-0333,Kecksburg UFO incident,Kecksburg UFO incident,wikipedia_article_links,"https://en.wikipedia.org/wiki/Kecksburg,_Pennsylvania",en.wikipedia.org,wikipedia_internal,3,Kecksburg,
CASE-0333,Kecksburg UFO incident,Kecksburg UFO incident,wikipedia_article_links,https://en.wikipedia.org/wiki/Detroit,en.wikipedia.org,wikipedia_internal,4,"Detroit, Michigan",
CASE-0333,Kecksburg UFO incident,Kecksburg UFO incident,wikipedia_article_links,"https://en.wikipedia.org/wiki/Windsor,_Ontario",en.wikipedia.org,wikipedia_internal,5,"Windsor, Ontario",
CASE-0333,Kecksburg UFO incident,Kecksburg UFO incident,wikipedia_article_links,https://en.wikipedia.org/wiki/Meteor,en.wikipedia.org,wikipedia_internal,6,meteor,
CASE-0333,Kecksburg UFO incident,Kecksburg UFO incident,wikipedia_article_links,https://en.wikipedia.org/wiki/Bolide,en.wikipedia.org,wikipedia_internal,7,bolide,
CASE-0333,Kecksburg UFO incident,Kecksburg UFO incident,wikipedia_article_links,https://en.wikipedia.org/wiki/NASA,en.wikipedia.org,wikipedia_internal,8,NASA,
CASE-0333,Kecksburg UFO incident,Kecksburg UFO incident,wikipedia_article_links,https://en.wikipedia.org/wiki/Soviet_Union,en.wikipedia.org,wikipedia_internal,9,Soviet,
CASE-0333,Kecksburg UFO incident,Kecksburg UFO incident,wikipedia_article_links,https://en.wikipedia.org/wiki/Freedom_of_Information_Act_(United_States),en.wikipedia.org,wikipedia_internal,10,Freedom of Information Act,
CASE-0333,Kecksburg UFO incident,Kecksburg UFO incident,wikipedia_article_links,https://en.wikipedia.org/wiki/Ufology,en.wikipedia.org,wikipedia_internal,11,ufology,
CASE-0333,Kecksburg UFO incident,Kecksburg UFO incident,wikipedia_article_links,https://en.wikipedia.org/wiki/Kosmos_96,en.wikipedia.org,wikipedia_internal,12,Kosmos 96,
CASE-0333,Kecksburg UFO incident,Kecksburg UFO incident,wikipedia_article_links,https://en.wikipedia.org/wiki/Roswell_incident,en.wikipedia.org,wikipedia_internal,13,Roswell,
CASE-0333,Kecksburg UFO incident,Kecksburg UFO incident,wikipedia_article_links,https://en.wikipedia.org/wiki/Sonic_booms,en.wikipedia.org,wikipedia_internal,14,sonic booms,
CASE-0333,Kecksburg UFO incident,Kecksburg UFO incident,wikipedia_article_links,https://en.wikipedia.org/wiki/Pittsburgh_metropolitan_area,en.wikipedia.org,wikipedia_internal,15,Pittsburgh metropolitan area,
CASE-0333,Kecksburg UFO incident,Kecksburg UFO incident,wikipedia_article_links,https://en.wikipedia.org/wiki/Pittsburgh,en.wikipedia.org,wikipedia_internal,16,Pittsburgh,
CASE-0333,Kecksburg UFO incident,Kecksburg UFO incident,wikipedia_article_links,https://en.wikipedia.org/wiki/Greensburg_Tribune-Review,en.wikipedia.org,wikipedia_internal,17,Greensburg Tribune-Review,
CASE-0333,Kecksburg UFO incident,Kecksburg UFO incident,wikipedia_article_links,https://en.wikipedia.org/wiki/William_P._Bidelman,en.wikipedia.org,wikipedia_internal,18,William P. Bidelman,
CASE-0333,Kecksburg UFO incident,Kecksburg UFO incident,wikipedia_article_links,https://en.wikipedia.org/wiki/Sky_%26_Telescope,en.wikipedia.org,wikipedia_internal,19,Sky & Telescope,
CASE-0333,Kecksburg UFO incident,Kecksburg UFO incident,wikipedia_article_links,https://en.wikipedia.org/wiki/Federal_Aviation_Administration,en.wikipedia.org,wikipedia_internal,20,Federal Aviation Administration,
CASE-0334,Shag Harbour UFO,Shag Harbour UFO incident,wikipedia_search,https://en.wikipedia.org/wiki/Shag_Harbour_UFO_incident,en.wikipedia.org,wikipedia_primary,1,Shag Harbour UFO incident,
CASE-0334,Shag Harbour UFO,Shag Harbour UFO incident,wikipedia_article_links,"https://en.wikipedia.org/wiki/Shelburne_County,_Nova_Scotia",en.wikipedia.org,wikipedia_internal,2,"Shelburne County, Nova Scotia",
CASE-0334,Shag Harbour UFO,Shag Harbour UFO incident,wikipedia_article_links,"https://en.wikipedia.org/wiki/Shag_Harbour,_Nova_Scotia",en.wikipedia.org,wikipedia_internal,3,"Shag Harbour, Nova Scotia",
CASE-0334,Shag Harbour UFO,Shag Harbour UFO incident,wikipedia_article_links,https://en.wikipedia.org/wiki/Atlantic_Ocean,en.wikipedia.org,wikipedia_internal,4,Atlantic coast,
CASE-0334,Shag Harbour UFO,Shag Harbour UFO incident,wikipedia_article_links,https://en.wikipedia.org/wiki/Royal_Canadian_Mounted_Police,en.wikipedia.org,wikipedia_internal,5,RCMP,
CASE-0334,Shag Harbour UFO,Shag Harbour UFO incident,wikipedia_article_links,https://en.wikipedia.org/wiki/Canadian_Coast_Guard,en.wikipedia.org,wikipedia_internal,6,Canadian Coast Guard,
CASE-0334,Shag Harbour UFO,Shag Harbour UFO incident,wikipedia_article_links,https://en.wikipedia.org/wiki/Canadian_Forces,en.wikipedia.org,wikipedia_internal,7,Canadian Forces,
CASE-0334,Shag Harbour UFO,Shag Harbour UFO incident,wikipedia_article_links,https://en.wikipedia.org/wiki/Condon_Committee,en.wikipedia.org,wikipedia_internal,8,Condon Committee,
CASE-0334,Shag Harbour UFO,Shag Harbour UFO incident,wikipedia_article_links,https://en.wikipedia.org/wiki/Halifax_International_airport,en.wikipedia.org,wikipedia_internal,9,Halifax International airport,
CASE-0334,Shag Harbour UFO,Shag Harbour UFO incident,wikipedia_article_links,https://en.wikipedia.org/wiki/Toronto,en.wikipedia.org,wikipedia_internal,10,Toronto,
CASE-0334,Shag Harbour UFO,Shag Harbour UFO incident,wikipedia_article_links,https://en.wikipedia.org/wiki/Sherbrooke,en.wikipedia.org,wikipedia_internal,11,Sherbrooke,
CASE-0334,Shag Harbour UFO,Shag Harbour UFO incident,wikipedia_article_links,"https://en.wikipedia.org/wiki/Saint-Jean,_Quebec",en.wikipedia.org,wikipedia_internal,12,"Saint-Jean, Quebec",
CASE-0334,Shag Harbour UFO,Shag Harbour UFO incident,wikipedia_article_links,https://en.wikipedia.org/wiki/Air_Canada,en.wikipedia.org,wikipedia_internal,13,Air Canada,
CASE-0334,Shag Harbour UFO,Shag Harbour UFO incident,wikipedia_article_links,https://en.wikipedia.org/wiki/Aerial_bomb,en.wikipedia.org,wikipedia_internal,14,bomb,
CASE-0334,Shag Harbour UFO,Shag Harbour UFO incident,wikipedia_article_links,https://en.wikipedia.org/wiki/Unidentified_flying_object,en.wikipedia.org,wikipedia_internal,15,unidentified flying object,
CASE-0334,Shag Harbour UFO,Shag Harbour UFO incident,wikipedia_article_links,https://en.wikipedia.org/wiki/Government_of_Canada,en.wikipedia.org,wikipedia_internal,16,Government of Canada,
CASE-0334,Shag Harbour UFO,Shag Harbour UFO incident,wikipedia_article_links,https://en.wikipedia.org/wiki/Rescue_Coordination_Centre,en.wikipedia.org,wikipedia_internal,17,Rescue Coordination Centre,
CASE-0334,Shag Harbour UFO,Shag Harbour UFO incident,wikipedia_article_links,"https://en.wikipedia.org/wiki/Halifax,_Nova_Scotia",en.wikipedia.org,wikipedia_internal,18,Halifax,
CASE-0334,Shag Harbour UFO,Shag Harbour UFO incident,wikipedia_article_links,https://en.wikipedia.org/wiki/Cape_Islander,en.wikipedia.org,wikipedia_internal,19,fishing boats,
CASE-0334,Shag Harbour UFO,Shag Harbour UFO incident,wikipedia_article_links,"https://en.wikipedia.org/wiki/Clark%27s_Harbour,_Nova_Scotia",en.wikipedia.org,wikipedia_internal,20,Clark's Harbour,
CASE-0335,Westall UFO 1966,Westall UFO,wikipedia_search,https://en.wikipedia.org/wiki/Westall_UFO,en.wikipedia.org,wikipedia_primary,1,Westall UFO,
CASE-0335,Westall UFO 1966,Westall UFO,wikipedia_article_links,https://en.wikipedia.org/wiki/Clayton_South,en.wikipedia.org,wikipedia_internal,2,Clayton South,
CASE-0335,Westall UFO 1966,Westall UFO,wikipedia_article_links,https://en.wikipedia.org/wiki/Victoria_(Australia),en.wikipedia.org,wikipedia_internal,3,Victoria,
CASE-0335,Westall UFO 1966,Westall UFO,wikipedia_article_links,https://en.wikipedia.org/wiki/Australia,en.wikipedia.org,wikipedia_internal,4,Australia,
CASE-0335,Westall UFO 1966,Westall UFO,wikipedia_article_links,https://en.wikipedia.org/wiki/Geographic_coordinate_system,en.wikipedia.org,wikipedia_internal,5,Coordinates,
CASE-0335,Westall UFO 1966,Westall UFO,wikipedia_article_links,https://en.wikipedia.org/wiki/UFO_sightings_in_Australia,en.wikipedia.org,wikipedia_internal,6,UFO sighting in Australia,
CASE-0335,Westall UFO 1966,Westall UFO,wikipedia_article_links,https://en.wikipedia.org/wiki/Melbourne,en.wikipedia.org,wikipedia_internal,7,Melbourne,
CASE-0335,Westall UFO 1966,Westall UFO,wikipedia_article_links,https://en.wikipedia.org/wiki/Family_car,en.wikipedia.org,wikipedia_internal,8,family car,
CASE-0335,Westall UFO 1966,Westall UFO,wikipedia_article_links,https://en.wikipedia.org/wiki/The_Age,en.wikipedia.org,wikipedia_internal,9,The Age,
CASE-0335,Westall UFO 1966,Westall UFO,wikipedia_article_links,"https://en.wikipedia.org/wiki/Laverton,_Victoria",en.wikipedia.org,wikipedia_internal,10,Laverton,
CASE-0335,Westall UFO 1966,Westall UFO,wikipedia_article_links,https://en.wikipedia.org/wiki/RAAF,en.wikipedia.org,wikipedia_internal,11,RAAF,
CASE-0335,Westall UFO 1966,Westall UFO,wikipedia_article_links,https://en.wikipedia.org/wiki/High-altitude_balloon,en.wikipedia.org,wikipedia_internal,12,high-altitude balloon,
CASE-0335,Westall UFO 1966,Westall UFO,wikipedia_article_links,https://en.wikipedia.org/wiki/British_nuclear_tests_at_Maralinga,en.wikipedia.org,wikipedia_internal,13,British nuclear tests at Maralinga,
CASE-0335,Westall UFO 1966,Westall UFO,wikipedia_article_links,https://en.wikipedia.org/wiki/Mildura,en.wikipedia.org,wikipedia_internal,14,Mildura,
CASE-0335,Westall UFO 1966,Westall UFO,wikipedia_article_links,https://en.wikipedia.org/wiki/Brian_Dunning_(author),en.wikipedia.org,wikipedia_internal,15,Brian Dunning,
CASE-0335,Westall UFO 1966,Westall UFO,wikipedia_article_links,https://en.wikipedia.org/wiki/Richard_Saunders_(skeptic),en.wikipedia.org,wikipedia_internal,16,Richard Saunders,
CASE-0335,Westall UFO 1966,Westall UFO,wikipedia_article_links,https://en.wikipedia.org/wiki/False_memory_syndrome,en.wikipedia.org,wikipedia_internal,17,false memory,
CASE-0335,Westall UFO 1966,Westall UFO,wikipedia_article_links,https://en.wikipedia.org/wiki/The_Phenomenon_(2020_film),en.wikipedia.org,wikipedia_internal,18,The Phenomenon,
CASE-0335,Westall UFO 1966,Westall UFO,wikipedia_article_links,"https://en.wikipedia.org/wiki/Kingston,_Victoria",en.wikipedia.org,wikipedia_internal,19,City of Kingston,
CASE-0335,Westall UFO 1966,Westall UFO,wikipedia_article_links,https://en.wikipedia.org/wiki/Ariel_School_UFO_incident,en.wikipedia.org,wikipedia_internal,20,Ariel School UFO incident,
CASE-0336,Zimbabwe school UFO 1994,Ariel School UFO incident,wikipedia_search,https://en.wikipedia.org/wiki/Ariel_School_UFO_incident,en.wikipedia.org,wikipedia_primary,1,Ariel School UFO incident,
CASE-0336,Zimbabwe school UFO 1994,Ariel School UFO incident,wikipedia_article_links,https://en.wikipedia.org/wiki/Unidentified_flying_object,en.wikipedia.org,wikipedia_internal,2,UFO,
CASE-0336,Zimbabwe school UFO 1994,Ariel School UFO incident,wikipedia_article_links,https://en.wikipedia.org/wiki/List_of_reported_UFO_sightings,en.wikipedia.org,wikipedia_internal,3,sighting,
CASE-0336,Zimbabwe school UFO 1994,Ariel School UFO incident,wikipedia_article_links,https://en.wikipedia.org/wiki/Ruwa,en.wikipedia.org,wikipedia_internal,4,Ruwa,
CASE-0336,Zimbabwe school UFO 1994,Ariel School UFO incident,wikipedia_article_links,https://en.wikipedia.org/wiki/Zimbabwe,en.wikipedia.org,wikipedia_internal,5,Zimbabwe,
CASE-0336,Zimbabwe school UFO 1994,Ariel School UFO incident,wikipedia_article_links,https://en.wikipedia.org/wiki/Telepathy,en.wikipedia.org,wikipedia_internal,6,telepathically,
CASE-0336,Zimbabwe school UFO 1994,Ariel School UFO incident,wikipedia_article_links,https://en.wikipedia.org/wiki/Environmentalism,en.wikipedia.org,wikipedia_internal,7,environmental,
CASE-0336,Zimbabwe school UFO 1994,Ariel School UFO incident,wikipedia_article_links,https://en.wikipedia.org/wiki/Fortean,en.wikipedia.org,wikipedia_internal,8,Fortean,
CASE-0336,Zimbabwe school UFO 1994,Ariel School UFO incident,wikipedia_article_links,https://en.wikipedia.org/wiki/Jerome_Clark,en.wikipedia.org,wikipedia_internal,9,Jerome Clark,
CASE-0336,Zimbabwe school UFO 1994,Ariel School UFO incident,wikipedia_article_links,https://en.wikipedia.org/wiki/Close_encounter,en.wikipedia.org,wikipedia_internal,10,close encounter of the third kind,
CASE-0336,Zimbabwe school UFO 1994,Ariel School UFO incident,wikipedia_article_links,https://en.wikipedia.org/wiki/Mass_hysteria,en.wikipedia.org,wikipedia_internal,11,mass hysteria,
CASE-0336,Zimbabwe school UFO 1994,Ariel School UFO incident,wikipedia_article_links,https://en.wikipedia.org/wiki/Harare,en.wikipedia.org,wikipedia_internal,12,Harare,
CASE-0336,Zimbabwe school UFO 1994,Ariel School UFO incident,wikipedia_article_links,https://en.wikipedia.org/wiki/White_Zimbabweans,en.wikipedia.org,wikipedia_internal,13,white,
CASE-0336,Zimbabwe school UFO 1994,Ariel School UFO incident,wikipedia_article_links,https://en.wikipedia.org/wiki/Southern_Africa,en.wikipedia.org,wikipedia_internal,14,southern Africa,
CASE-0336,Zimbabwe school UFO 1994,Ariel School UFO incident,wikipedia_article_links,https://en.wikipedia.org/wiki/Zimbabwe_Broadcasting_Corporation,en.wikipedia.org,wikipedia_internal,15,ZBC,
CASE-0336,Zimbabwe school UFO 1994,Ariel School UFO incident,wikipedia_article_links,https://en.wikipedia.org/wiki/Comet,en.wikipedia.org,wikipedia_internal,16,comet,
CASE-0336,Zimbabwe school UFO 1994,Ariel School UFO incident,wikipedia_article_links,https://en.wikipedia.org/wiki/Meteor,en.wikipedia.org,wikipedia_internal,17,meteor,
CASE-0336,Zimbabwe school UFO 1994,Ariel School UFO incident,wikipedia_article_links,https://en.wikipedia.org/wiki/Brian_Dunning_(author),en.wikipedia.org,wikipedia_internal,18,Brian Dunning,
CASE-0336,Zimbabwe school UFO 1994,Ariel School UFO incident,wikipedia_article_links,https://en.wikipedia.org/wiki/Recess_(break),en.wikipedia.org,wikipedia_internal,19,break,
CASE-0336,Zimbabwe school UFO 1994,Ariel School UFO incident,wikipedia_article_links,https://en.wikipedia.org/wiki/BBC,en.wikipedia.org,wikipedia_internal,20,BBC,
CASE-0337,Varginha UFO Brazil,Varginha UFO incident,wikipedia_search,https://en.wikipedia.org/wiki/Varginha_UFO_incident,en.wikipedia.org,wikipedia_primary,1,Varginha UFO incident,
CASE-0337,Varginha UFO Brazil,Varginha UFO incident,wikipedia_article_links,https://en.wikipedia.org/wiki/Nave_Espacial_de_Varginha,en.wikipedia.org,wikipedia_internal,2,spaceship-shaped water tower,
CASE-0337,Varginha UFO Brazil,Varginha UFO incident,wikipedia_article_links,https://en.wikipedia.org/wiki/Varginha,en.wikipedia.org,wikipedia_internal,3,Varginha,
CASE-0337,Varginha UFO Brazil,Varginha UFO incident,wikipedia_article_links,https://en.wikipedia.org/wiki/Unidentified_flying_object,en.wikipedia.org,wikipedia_internal,4,unidentified flying object,
CASE-0337,Varginha UFO Brazil,Varginha UFO incident,wikipedia_article_links,https://en.wikipedia.org/wiki/Extraterrestrial_life,en.wikipedia.org,wikipedia_internal,5,extraterrestrial,
CASE-0337,Varginha UFO Brazil,Varginha UFO incident,wikipedia_article_links,https://en.wikipedia.org/wiki/Devil,en.wikipedia.org,wikipedia_internal,6,devil,
CASE-0337,Varginha UFO Brazil,Varginha UFO incident,wikipedia_article_links,https://en.wikipedia.org/wiki/Tapir,en.wikipedia.org,wikipedia_internal,7,tapir,
CASE-0337,Varginha UFO Brazil,Varginha UFO incident,wikipedia_article_links,https://en.wikipedia.org/wiki/Ocelot,en.wikipedia.org,wikipedia_internal,8,ocelot,
CASE-0337,Varginha UFO Brazil,Varginha UFO incident,wikipedia_article_links,https://en.wikipedia.org/wiki/Gray_brocket,en.wikipedia.org,wikipedia_internal,9,gray brockets,
CASE-0337,Varginha UFO Brazil,Varginha UFO incident,wikipedia_article_links,https://en.wikipedia.org/wiki/Ufology,en.wikipedia.org,wikipedia_internal,10,Ufologists,
CASE-0337,Varginha UFO Brazil,Varginha UFO incident,wikipedia_article_links,https://en.wikipedia.org/wiki/Campinas,en.wikipedia.org,wikipedia_internal,11,Campinas,
CASE-0337,Varginha UFO Brazil,Varginha UFO incident,wikipedia_article_links,https://en.wikipedia.org/wiki/Brian_Dunning_(author),en.wikipedia.org,wikipedia_internal,12,Brian Dunning,
CASE-0337,Varginha UFO Brazil,Varginha UFO incident,wikipedia_article_links,https://en.wikipedia.org/wiki/Grey_alien,en.wikipedia.org,wikipedia_internal,13,Grey alien,
CASE-0337,Varginha UFO Brazil,Varginha UFO incident,wikipedia_article_links,https://en.wikipedia.org/wiki/Meter,en.wikipedia.org,wikipedia_internal,14,metres,
CASE-0337,Varginha UFO Brazil,Varginha UFO incident,wikipedia_article_links,https://en.wikipedia.org/wiki/Water_tower,en.wikipedia.org,wikipedia_internal,15,water tower,
CASE-0337,Varginha UFO Brazil,Varginha UFO incident,wikipedia_article_links,https://en.wikipedia.org/wiki/Roger_Leir,en.wikipedia.org,wikipedia_internal,16,Roger Leir,
CASE-0337,Varginha UFO Brazil,Varginha UFO incident,wikipedia_article_links,https://en.wikipedia.org/wiki/Bruce_Burgess,en.wikipedia.org,wikipedia_internal,17,Bruce Burgess,
CASE-0337,Varginha UFO Brazil,Varginha UFO incident,wikipedia_article_links,https://en.wikipedia.org/wiki/National_Geographic_(American_TV_channel),en.wikipedia.org,wikipedia_internal,18,National Geographic channel,
CASE-0337,Varginha UFO Brazil,Varginha UFO incident,wikipedia_article_links,https://en.wikipedia.org/wiki/The_Blair_Witch_Project,en.wikipedia.org,wikipedia_internal,19,The Blair Witch Project,
CASE-0337,Varginha UFO Brazil,Varginha UFO incident,wikipedia_article_links,https://en.wikipedia.org/wiki/James_Fox_(filmmaker),en.wikipedia.org,wikipedia_internal,20,James Fox,
CASE-0338,Belgian UFO wave,Belgian UFO wave,wikipedia_search,https://en.wikipedia.org/wiki/Belgian_UFO_wave,en.wikipedia.org,wikipedia_primary,1,Belgian UFO wave,
CASE-0338,Belgian UFO wave,Belgian UFO wave,wikipedia_article_links,https://en.wikipedia.org/wiki/Black_triangle_(UFO),en.wikipedia.org,wikipedia_internal,2,triangular UFOs,
CASE-0338,Belgian UFO wave,Belgian UFO wave,wikipedia_article_links,https://en.wikipedia.org/wiki/Radar,en.wikipedia.org,wikipedia_internal,3,radar,
CASE-0338,Belgian UFO wave,Belgian UFO wave,wikipedia_article_links,https://en.wikipedia.org/wiki/Belgian_Air_Force,en.wikipedia.org,wikipedia_internal,4,Belgian Air Force,
CASE-0338,Belgian UFO wave,Belgian UFO wave,wikipedia_article_links,https://en.wikipedia.org/wiki/General_Dynamics_F-16_Fighting_Falcon,en.wikipedia.org,wikipedia_internal,5,F-16s,
CASE-0338,Belgian UFO wave,Belgian UFO wave,wikipedia_article_links,https://en.wikipedia.org/wiki/Glons,en.wikipedia.org,wikipedia_internal,6,Glons,
CASE-0338,Belgian UFO wave,Belgian UFO wave,wikipedia_article_links,https://en.wikipedia.org/wiki/Brussels,en.wikipedia.org,wikipedia_internal,7,Brussels,
CASE-0338,Belgian UFO wave,Belgian UFO wave,wikipedia_article_links,https://en.wikipedia.org/wiki/Wavre,en.wikipedia.org,wikipedia_internal,8,Wavre,
CASE-0338,Belgian UFO wave,Belgian UFO wave,wikipedia_article_links,https://en.wikipedia.org/wiki/Gendarmerie_(Belgium),en.wikipedia.org,wikipedia_internal,9,gendarmerie,
CASE-0338,Belgian UFO wave,Belgian UFO wave,wikipedia_article_links,https://en.wikipedia.org/wiki/Semmerzake,en.wikipedia.org,wikipedia_internal,10,Semmerzake,
CASE-0338,Belgian UFO wave,Belgian UFO wave,wikipedia_article_links,https://en.wikipedia.org/wiki/Beauvechain_Air_Base,en.wikipedia.org,wikipedia_internal,11,Beauvechain Air Base,
CASE-0338,Belgian UFO wave,Belgian UFO wave,wikipedia_article_links,https://en.wikipedia.org/wiki/Radar_lock-on,en.wikipedia.org,wikipedia_internal,12,radar lock,
CASE-0338,Belgian UFO wave,Belgian UFO wave,wikipedia_article_links,https://en.wikipedia.org/wiki/Bragg_scattering,en.wikipedia.org,wikipedia_internal,13,Bragg scattering,
CASE-0338,Belgian UFO wave,Belgian UFO wave,wikipedia_article_links,https://en.wikipedia.org/wiki/Polystyrene,en.wikipedia.org,wikipedia_internal,14,polystyrene,
CASE-0338,Belgian UFO wave,Belgian UFO wave,wikipedia_article_links,https://en.wikipedia.org/wiki/Lightbulb,en.wikipedia.org,wikipedia_internal,15,lightbulbs,
CASE-0338,Belgian UFO wave,Belgian UFO wave,wikipedia_article_links,https://en.wikipedia.org/wiki/NASA,en.wikipedia.org,wikipedia_internal,16,NASA,
CASE-0338,Belgian UFO wave,Belgian UFO wave,wikipedia_article_links,https://en.wikipedia.org/wiki/French_National_Centre_for_Scientific_Research,en.wikipedia.org,wikipedia_internal,17,French National Centre for Scientific Research,
CASE-0338,Belgian UFO wave,Belgian UFO wave,wikipedia_article_links,https://en.wikipedia.org/wiki/Royal_Military_Academy_(Belgium),en.wikipedia.org,wikipedia_internal,18,Royal Military Academy,
CASE-0338,Belgian UFO wave,Belgian UFO wave,wikipedia_article_links,https://en.wikipedia.org/wiki/SOBEPS,en.wikipedia.org,wikipedia_internal,19,SOBEPS,
CASE-0338,Belgian UFO wave,Belgian UFO wave,wikipedia_article_links,https://en.wikipedia.org/wiki/UFO_photographs,en.wikipedia.org,wikipedia_internal,20,UFO photographs,
CASE-0339,Japan Airlines Flight 1628,Japan Air Lines Cargo Flight 1628,wikipedia_search,https://en.wikipedia.org/wiki/Japan_Air_Lines_Cargo_Flight_1628,en.wikipedia.org,wikipedia_primary,1,Japan Air Lines Cargo Flight 1628,
CASE-0339,Japan Airlines Flight 1628,Japan Air Lines Cargo Flight 1628,wikipedia_article_links,https://en.wikipedia.org/wiki/Unidentified_flying_object,en.wikipedia.org,wikipedia_internal,2,UFO,
CASE-0339,Japan Airlines Flight 1628,Japan Air Lines Cargo Flight 1628,wikipedia_article_links,https://en.wikipedia.org/wiki/Alaska,en.wikipedia.org,wikipedia_internal,3,Alaska,
CASE-0339,Japan Airlines Flight 1628,Japan Air Lines Cargo Flight 1628,wikipedia_article_links,https://en.wikipedia.org/wiki/Japan_Airlines,en.wikipedia.org,wikipedia_internal,4,JAL Cargo,
CASE-0339,Japan Airlines Flight 1628,Japan Air Lines Cargo Flight 1628,wikipedia_article_links,https://en.wikipedia.org/wiki/Paris_Charles_De_Gaulle_Airport,en.wikipedia.org,wikipedia_internal,5,Paris Charles De Gaulle Airport,
CASE-0339,Japan Airlines Flight 1628,Japan Air Lines Cargo Flight 1628,wikipedia_article_links,https://en.wikipedia.org/wiki/Paris,en.wikipedia.org,wikipedia_internal,6,Paris,
CASE-0339,Japan Airlines Flight 1628,Japan Air Lines Cargo Flight 1628,wikipedia_article_links,https://en.wikipedia.org/wiki/Keflav%C3%ADk_International_Airport,en.wikipedia.org,wikipedia_internal,7,Keflavík International Airport,
CASE-0339,Japan Airlines Flight 1628,Japan Air Lines Cargo Flight 1628,wikipedia_article_links,https://en.wikipedia.org/wiki/Su%C3%B0urnesjab%C3%A6r,en.wikipedia.org,wikipedia_internal,8,Suðurnesjabær,
CASE-0339,Japan Airlines Flight 1628,Japan Air Lines Cargo Flight 1628,wikipedia_article_links,https://en.wikipedia.org/wiki/Ted_Stevens_Anchorage_International_Airport,en.wikipedia.org,wikipedia_internal,9,Anchorage International Airport,
CASE-0339,Japan Airlines Flight 1628,Japan Air Lines Cargo Flight 1628,wikipedia_article_links,"https://en.wikipedia.org/wiki/Anchorage,_Alaska",en.wikipedia.org,wikipedia_internal,10,"Anchorage, Alaska",
CASE-0339,Japan Airlines Flight 1628,Japan Air Lines Cargo Flight 1628,wikipedia_article_links,https://en.wikipedia.org/wiki/Narita_International_Airport,en.wikipedia.org,wikipedia_internal,11,New Tokyo International Airport,
CASE-0339,Japan Airlines Flight 1628,Japan Air Lines Cargo Flight 1628,wikipedia_article_links,"https://en.wikipedia.org/wiki/Narita,_Chiba",en.wikipedia.org,wikipedia_internal,12,"Narita, Chiba",
CASE-0339,Japan Airlines Flight 1628,Japan Air Lines Cargo Flight 1628,wikipedia_article_links,https://en.wikipedia.org/wiki/Boeing_747,en.wikipedia.org,wikipedia_internal,13,Boeing 747-200F,
CASE-0339,Japan Airlines Flight 1628,Japan Air Lines Cargo Flight 1628,wikipedia_article_links,https://en.wikipedia.org/wiki/Cargo_aircraft,en.wikipedia.org,wikipedia_internal,14,cargo aircraft,
CASE-0339,Japan Airlines Flight 1628,Japan Air Lines Cargo Flight 1628,wikipedia_article_links,https://en.wikipedia.org/wiki/Reykjav%C3%ADk,en.wikipedia.org,wikipedia_internal,15,Reykjavík,
CASE-0339,Japan Airlines Flight 1628,Japan Air Lines Cargo Flight 1628,wikipedia_article_links,https://en.wikipedia.org/wiki/Anchorage,en.wikipedia.org,wikipedia_internal,16,Anchorage,
CASE-0339,Japan Airlines Flight 1628,Japan Air Lines Cargo Flight 1628,wikipedia_article_links,https://en.wikipedia.org/wiki/Federal_Aviation_Administration,en.wikipedia.org,wikipedia_internal,17,Federal Aviation Administration,
CASE-0339,Japan Airlines Flight 1628,Japan Air Lines Cargo Flight 1628,wikipedia_article_links,https://en.wikipedia.org/wiki/United_Airlines,en.wikipedia.org,wikipedia_internal,18,United Airlines,
CASE-0339,Japan Airlines Flight 1628,Japan Air Lines Cargo Flight 1628,wikipedia_article_links,https://en.wikipedia.org/wiki/United_States_Air_Force,en.wikipedia.org,wikipedia_internal,19,US Air Force,
CASE-0339,Japan Airlines Flight 1628,Japan Air Lines Cargo Flight 1628,wikipedia_article_links,https://en.wikipedia.org/wiki/Lockheed_C-130_Hercules,en.wikipedia.org,wikipedia_internal,20,C-130,
CASE-0340,Colares UFO Brazil,UFO sightings in Brazil,wikipedia_search,https://en.wikipedia.org/wiki/UFO_sightings_in_Brazil,en.wikipedia.org,wikipedia_primary,1,UFO sightings in Brazil,
CASE-0340,Colares UFO Brazil,UFO sightings in Brazil,wikipedia_article_links,https://en.wikipedia.org/wiki/Unidentified_flying_objects,en.wikipedia.org,wikipedia_internal,2,unidentified flying objects,
CASE-0340,Colares UFO Brazil,UFO sightings in Brazil,wikipedia_article_links,https://en.wikipedia.org/wiki/Brazil,en.wikipedia.org,wikipedia_internal,3,Brazil,
CASE-0340,Colares UFO Brazil,UFO sightings in Brazil,wikipedia_article_links,https://en.wikipedia.org/wiki/Topographer,en.wikipedia.org,wikipedia_internal,4,topographer,
CASE-0340,Colares UFO Brazil,UFO sightings in Brazil,wikipedia_article_links,https://en.wikipedia.org/wiki/Bauru,en.wikipedia.org,wikipedia_internal,5,Bauru,
CASE-0340,Colares UFO Brazil,UFO sightings in Brazil,wikipedia_article_links,https://en.wikipedia.org/wiki/Sao_Paulo_(state),en.wikipedia.org,wikipedia_internal,6,São Paulo,
CASE-0340,Colares UFO Brazil,UFO sightings in Brazil,wikipedia_article_links,https://en.wikipedia.org/wiki/Barra_da_Tijuca,en.wikipedia.org,wikipedia_internal,7,Barra da Tijuca,
CASE-0340,Colares UFO Brazil,UFO sightings in Brazil,wikipedia_article_links,https://en.wikipedia.org/wiki/O_Cruzeiro,en.wikipedia.org,wikipedia_internal,8,O Cruzeiro,
CASE-0340,Colares UFO Brazil,UFO sightings in Brazil,wikipedia_article_links,https://en.wikipedia.org/wiki/Ubatuba,en.wikipedia.org,wikipedia_internal,9,Ubatuba,
CASE-0340,Colares UFO Brazil,UFO sightings in Brazil,wikipedia_article_links,https://en.wikipedia.org/wiki/James_Harder_(ufologist),en.wikipedia.org,wikipedia_internal,10,James Harder,
CASE-0340,Colares UFO Brazil,UFO sightings in Brazil,wikipedia_article_links,https://en.wikipedia.org/wiki/Antonio_Villas_Boas,en.wikipedia.org,wikipedia_internal,11,Antonio Villas Boas,
CASE-0340,Colares UFO Brazil,UFO sightings in Brazil,wikipedia_article_links,https://en.wikipedia.org/wiki/Praia_Grande,en.wikipedia.org,wikipedia_internal,12,Praia Grande,
CASE-0340,Colares UFO Brazil,UFO sightings in Brazil,wikipedia_article_links,https://en.wikipedia.org/wiki/S%C3%A3o_Paulo_(state),en.wikipedia.org,wikipedia_internal,13,São Paulo,
CASE-0340,Colares UFO Brazil,UFO sightings in Brazil,wikipedia_article_links,https://en.wikipedia.org/wiki/Brazilian_Army,en.wikipedia.org,wikipedia_internal,14,Brazilian Army,
CASE-0340,Colares UFO Brazil,UFO sightings in Brazil,wikipedia_article_links,https://en.wikipedia.org/wiki/United_States_Air_Force,en.wikipedia.org,wikipedia_internal,15,United States Air Force,
CASE-0340,Colares UFO Brazil,UFO sightings in Brazil,wikipedia_article_links,https://en.wikipedia.org/wiki/Brazilian_Air_Force,en.wikipedia.org,wikipedia_internal,16,Brazilian Air Force,
CASE-0340,Colares UFO Brazil,UFO sightings in Brazil,wikipedia_article_links,https://en.wikipedia.org/wiki/Donald_Keyhoe,en.wikipedia.org,wikipedia_internal,17,Donald Keyhoe,
CASE-0340,Colares UFO Brazil,UFO sightings in Brazil,wikipedia_article_links,https://en.wikipedia.org/wiki/Sputnik_program,en.wikipedia.org,wikipedia_internal,18,Sputniks,
CASE-0340,Colares UFO Brazil,UFO sightings in Brazil,wikipedia_article_links,"https://en.wikipedia.org/wiki/Embassy_of_Brazil_in_Washington,_D.C.",en.wikipedia.org,wikipedia_internal,19,Brazilian Embassy in the United States,
CASE-0340,Colares UFO Brazil,UFO sightings in Brazil,wikipedia_article_links,https://en.wikipedia.org/wiki/International_Geophysical_Year,en.wikipedia.org,wikipedia_internal,20,International Geophysical Year,
CASE-0341,Valensole UFO encounter,UFO sightings in France,wikipedia_search,https://en.wikipedia.org/wiki/UFO_sightings_in_France,en.wikipedia.org,wikipedia_primary,1,UFO sightings in France,
CASE-0341,Valensole UFO encounter,UFO sightings in France,wikipedia_article_links,https://en.wikipedia.org/wiki/Unidentified_flying_objects,en.wikipedia.org,wikipedia_internal,2,unidentified flying objects,
CASE-0341,Valensole UFO encounter,UFO sightings in France,wikipedia_article_links,https://en.wikipedia.org/wiki/France,en.wikipedia.org,wikipedia_internal,3,France,
CASE-0341,Valensole UFO encounter,UFO sightings in France,wikipedia_article_links,https://en.wikipedia.org/wiki/Magonia_(mythology),en.wikipedia.org,wikipedia_internal,4,Magonia (mythology),
CASE-0341,Valensole UFO encounter,UFO sightings in France,wikipedia_article_links,https://en.wikipedia.org/wiki/Lyon,en.wikipedia.org,wikipedia_internal,5,Lyons,
CASE-0341,Valensole UFO encounter,UFO sightings in France,wikipedia_article_links,https://en.wikipedia.org/wiki/Auvergne-Rh%C3%B4ne-Alpes,en.wikipedia.org,wikipedia_internal,6,Auvergne-Rhône-Alpes,
CASE-0341,Valensole UFO encounter,UFO sightings in France,wikipedia_article_links,https://en.wikipedia.org/wiki/Carolingian,en.wikipedia.org,wikipedia_internal,7,Carolingian,
CASE-0341,Valensole UFO encounter,UFO sightings in France,wikipedia_article_links,https://en.wikipedia.org/wiki/Agobard,en.wikipedia.org,wikipedia_internal,8,Agobard,
CASE-0341,Valensole UFO encounter,UFO sightings in France,wikipedia_article_links,https://en.wikipedia.org/wiki/Oloron-Sainte-Marie,en.wikipedia.org,wikipedia_internal,9,Oloron-Sainte-Marie,
CASE-0341,Valensole UFO encounter,UFO sightings in France,wikipedia_article_links,https://en.wikipedia.org/wiki/Siliceous_cotton,en.wikipedia.org,wikipedia_internal,10,siliceous cotton,
CASE-0341,Valensole UFO encounter,UFO sightings in France,wikipedia_article_links,https://en.wikipedia.org/wiki/Spider,en.wikipedia.org,wikipedia_internal,11,spiders,
CASE-0341,Valensole UFO encounter,UFO sightings in France,wikipedia_article_links,https://en.wikipedia.org/wiki/Marius_Dewilde,en.wikipedia.org,wikipedia_internal,12,Marius Dewilde,
CASE-0341,Valensole UFO encounter,UFO sightings in France,wikipedia_article_links,https://en.wikipedia.org/wiki/Quarouble,en.wikipedia.org,wikipedia_internal,13,Quarouble,
CASE-0341,Valensole UFO encounter,UFO sightings in France,wikipedia_article_links,https://en.wikipedia.org/wiki/Nord_(French_department),en.wikipedia.org,wikipedia_internal,14,Nord,
CASE-0341,Valensole UFO encounter,UFO sightings in France,wikipedia_article_links,https://en.wikipedia.org/wiki/Valensole,en.wikipedia.org,wikipedia_internal,15,Valensole,
CASE-0341,Valensole UFO encounter,UFO sightings in France,wikipedia_article_links,https://en.wikipedia.org/wiki/Alpes-de-Haute-Provence,en.wikipedia.org,wikipedia_internal,16,Alpes-de-Haute-Provence,
CASE-0341,Valensole UFO encounter,UFO sightings in France,wikipedia_article_links,https://en.wikipedia.org/wiki/Close_encounter,en.wikipedia.org,wikipedia_internal,17,close encounter,
CASE-0341,Valensole UFO encounter,UFO sightings in France,wikipedia_article_links,https://en.wikipedia.org/wiki/Fort-de-France,en.wikipedia.org,wikipedia_internal,18,Fort-de-France,
CASE-0341,Valensole UFO encounter,UFO sightings in France,wikipedia_article_links,https://en.wikipedia.org/wiki/Martinique,en.wikipedia.org,wikipedia_internal,19,Martinique,
CASE-0341,Valensole UFO encounter,UFO sightings in France,wikipedia_article_links,https://en.wikipedia.org/wiki/Close_encounter_of_Cussac,en.wikipedia.org,wikipedia_internal,20,Close encounter of Cussac,
CASE-0342,Pascagoula abduction,Pascagoula incident,wikipedia_search,https://en.wikipedia.org/wiki/Pascagoula_incident,en.wikipedia.org,wikipedia_primary,1,Pascagoula incident,
CASE-0342,Pascagoula abduction,Pascagoula incident,wikipedia_article_links,https://en.wikipedia.org/wiki/U.S._Route_90,en.wikipedia.org,wikipedia_internal,2,US 90,
CASE-0342,Pascagoula abduction,Pascagoula incident,wikipedia_article_links,https://en.wikipedia.org/wiki/UFO,en.wikipedia.org,wikipedia_internal,3,UFO,
CASE-0342,Pascagoula abduction,Pascagoula incident,wikipedia_article_links,https://en.wikipedia.org/wiki/Extraterrestrial_life,en.wikipedia.org,wikipedia_internal,4,aliens,
CASE-0342,Pascagoula abduction,Pascagoula incident,wikipedia_article_links,"https://en.wikipedia.org/wiki/Pascagoula,_Mississippi",en.wikipedia.org,wikipedia_internal,5,"Pascagoula, Mississippi",
CASE-0342,Pascagoula abduction,Pascagoula incident,wikipedia_article_links,https://en.wikipedia.org/wiki/UFO_flap,en.wikipedia.org,wikipedia_internal,6,UFO flap,
CASE-0342,Pascagoula abduction,Pascagoula incident,wikipedia_article_links,"https://en.wikipedia.org/wiki/Jackson_County,_Mississippi",en.wikipedia.org,wikipedia_internal,7,"Jackson County, Mississippi",
CASE-0342,Pascagoula abduction,Pascagoula incident,wikipedia_article_links,https://en.wikipedia.org/wiki/Fishing,en.wikipedia.org,wikipedia_internal,8,fishing,
CASE-0342,Pascagoula abduction,Pascagoula incident,wikipedia_article_links,https://en.wikipedia.org/wiki/Pascagoula_River,en.wikipedia.org,wikipedia_internal,9,Pascagoula River,
CASE-0342,Pascagoula abduction,Pascagoula incident,wikipedia_article_links,https://en.wikipedia.org/wiki/Associated_Press,en.wikipedia.org,wikipedia_internal,10,Associated Press,
CASE-0342,Pascagoula abduction,Pascagoula incident,wikipedia_article_links,https://en.wikipedia.org/wiki/United_Press_International,en.wikipedia.org,wikipedia_internal,11,United Press International,
CASE-0342,Pascagoula abduction,Pascagoula incident,wikipedia_article_links,https://en.wikipedia.org/wiki/Betty_and_Barney_Hill,en.wikipedia.org,wikipedia_internal,12,Betty and Barney Hill,
CASE-0342,Pascagoula abduction,Pascagoula incident,wikipedia_article_links,https://en.wikipedia.org/wiki/The_Dick_Cavett_Show,en.wikipedia.org,wikipedia_internal,13,The Dick Cavett Show,
CASE-0342,Pascagoula abduction,Pascagoula incident,wikipedia_article_links,https://en.wikipedia.org/wiki/The_Mike_Douglas_Show,en.wikipedia.org,wikipedia_internal,14,The Mike Douglas Show,
CASE-0342,Pascagoula abduction,Pascagoula incident,wikipedia_article_links,https://en.wikipedia.org/wiki/Tonight_Show_Starring_Johnny_Carson,en.wikipedia.org,wikipedia_internal,15,Tonight Show Starring Johnny Carson,
CASE-0342,Pascagoula abduction,Pascagoula incident,wikipedia_article_links,https://en.wikipedia.org/wiki/Eric_von_D%C3%A4niken,en.wikipedia.org,wikipedia_internal,16,Eric von Däniken,
CASE-0342,Pascagoula abduction,Pascagoula incident,wikipedia_article_links,https://en.wikipedia.org/wiki/To_Tell_The_Truth,en.wikipedia.org,wikipedia_internal,17,To Tell The Truth,
CASE-0342,Pascagoula abduction,Pascagoula incident,wikipedia_article_links,https://en.wikipedia.org/wiki/The_Washington_Post,en.wikipedia.org,wikipedia_internal,18,The Washington Post,
CASE-0342,Pascagoula abduction,Pascagoula incident,wikipedia_article_links,https://en.wikipedia.org/wiki/Philip_J._Klass,en.wikipedia.org,wikipedia_internal,19,Philip J. Klass,
CASE-0342,Pascagoula abduction,Pascagoula incident,wikipedia_article_links,https://en.wikipedia.org/wiki/Polygraph,en.wikipedia.org,wikipedia_internal,20,polygraph,
CASE-0343,social media censorship,Social media,wikipedia_search,https://en.wikipedia.org/wiki/Social_media,en.wikipedia.org,wikipedia_primary,1,Social media,
CASE-0343,social media censorship,Social media,wikipedia_article_links,https://en.wikipedia.org/wiki/New_media,en.wikipedia.org,wikipedia_internal,2,new media,
CASE-0343,social media censorship,Social media,wikipedia_article_links,https://en.wikipedia.org/wiki/Content_creation,en.wikipedia.org,wikipedia_internal,3,creation,
CASE-0343,social media censorship,Social media,wikipedia_article_links,https://en.wikipedia.org/wiki/Information_exchange,en.wikipedia.org,wikipedia_internal,4,sharing,
CASE-0343,social media censorship,Social media,wikipedia_article_links,https://en.wikipedia.org/wiki/News_aggregator,en.wikipedia.org,wikipedia_internal,5,aggregation,
CASE-0343,social media censorship,Social media,wikipedia_article_links,https://en.wikipedia.org/wiki/Content_(media),en.wikipedia.org,wikipedia_internal,6,content,
CASE-0343,social media censorship,Social media,wikipedia_article_links,https://en.wikipedia.org/wiki/Virtual_communities,en.wikipedia.org,wikipedia_internal,7,virtual communities,
CASE-0343,social media censorship,Social media,wikipedia_article_links,https://en.wikipedia.org/wiki/Network_virtualization,en.wikipedia.org,wikipedia_internal,8,networks,
CASE-0343,social media censorship,Social media,wikipedia_article_links,https://en.wikipedia.org/wiki/Social_network,en.wikipedia.org,wikipedia_internal,9,social networking,
CASE-0343,social media censorship,Social media,wikipedia_article_links,https://en.wikipedia.org/wiki/User-generated_content,en.wikipedia.org,wikipedia_internal,10,User-generated content,
CASE-0343,social media censorship,Social media,wikipedia_article_links,https://en.wikipedia.org/wiki/Digital_photo,en.wikipedia.org,wikipedia_internal,11,digital photos,
CASE-0343,social media censorship,Social media,wikipedia_article_links,https://en.wikipedia.org/wiki/Video,en.wikipedia.org,wikipedia_internal,12,videos,
CASE-0343,social media censorship,Social media,wikipedia_article_links,https://en.wikipedia.org/wiki/Data,en.wikipedia.org,wikipedia_internal,13,data,
CASE-0343,social media censorship,Social media,wikipedia_article_links,https://en.wikipedia.org/wiki/Online,en.wikipedia.org,wikipedia_internal,14,online,
CASE-0343,social media censorship,Social media,wikipedia_article_links,https://en.wikipedia.org/wiki/List_of_social_networking_services,en.wikipedia.org,wikipedia_internal,15,social media organization,
CASE-0343,social media censorship,Social media,wikipedia_article_links,https://en.wikipedia.org/wiki/User_profile,en.wikipedia.org,wikipedia_internal,16,user's profile,
CASE-0343,social media censorship,Social media,wikipedia_article_links,https://en.wikipedia.org/wiki/Twitter,en.wikipedia.org,wikipedia_internal,17,Twitter,
CASE-0343,social media censorship,Social media,wikipedia_article_links,https://en.wikipedia.org/wiki/Facebook,en.wikipedia.org,wikipedia_internal,18,Facebook,
CASE-0343,social media censorship,Social media,wikipedia_article_links,https://en.wikipedia.org/wiki/WeChat,en.wikipedia.org,wikipedia_internal,19,WeChat,
CASE-0343,social media censorship,Social media,wikipedia_article_links,https://en.wikipedia.org/wiki/ShareChat,en.wikipedia.org,wikipedia_internal,20,ShareChat,
CASE-0344,Section 230 conspiracy,Conspiracy theory,wikipedia_search,https://en.wikipedia.org/wiki/Conspiracy_theory,en.wikipedia.org,wikipedia_primary,1,Conspiracy theory,
CASE-0344,Section 230 conspiracy,Conspiracy theory,wikipedia_article_links,https://en.wikipedia.org/wiki/Conspiracy_theory_(disambiguation),en.wikipedia.org,wikipedia_internal,2,Conspiracy theory (disambiguation),
CASE-0344,Section 230 conspiracy,Conspiracy theory,wikipedia_article_links,https://en.wikipedia.org/wiki/Eye_of_Providence,en.wikipedia.org,wikipedia_internal,3,Eye of Providence,
CASE-0344,Section 230 conspiracy,Conspiracy theory,wikipedia_article_links,https://en.wikipedia.org/wiki/Founding_Fathers_of_the_United_States,en.wikipedia.org,wikipedia_internal,4,Founding Fathers of the United States,
CASE-0344,Section 230 conspiracy,Conspiracy theory,wikipedia_article_links,https://en.wikipedia.org/wiki/New_World_Order_conspiracy_theory,en.wikipedia.org,wikipedia_internal,5,New World Order conspiracy theory,
CASE-0344,Section 230 conspiracy,Conspiracy theory,wikipedia_article_links,https://en.wikipedia.org/wiki/Conspiracy,en.wikipedia.org,wikipedia_internal,6,conspiracy,
CASE-0344,Section 230 conspiracy,Conspiracy theory,wikipedia_article_links,https://en.wikipedia.org/wiki/Connotation,en.wikipedia.org,wikipedia_internal,7,connotation,
CASE-0344,Section 230 conspiracy,Conspiracy theory,wikipedia_article_links,https://en.wikipedia.org/wiki/Prejudice,en.wikipedia.org,wikipedia_internal,8,prejudice,
CASE-0344,Section 230 conspiracy,Conspiracy theory,wikipedia_article_links,https://en.wikipedia.org/wiki/Paranoia,en.wikipedia.org,wikipedia_internal,9,paranoia,
CASE-0344,Section 230 conspiracy,Conspiracy theory,wikipedia_article_links,https://en.wikipedia.org/wiki/Scientist,en.wikipedia.org,wikipedia_internal,10,scientists,
CASE-0344,Section 230 conspiracy,Conspiracy theory,wikipedia_article_links,https://en.wikipedia.org/wiki/Historian,en.wikipedia.org,wikipedia_internal,11,historians,
CASE-0344,Section 230 conspiracy,Conspiracy theory,wikipedia_article_links,https://en.wikipedia.org/wiki/Lay_theory,en.wikipedia.org,wikipedia_internal,12,lay theories,
CASE-0344,Section 230 conspiracy,Conspiracy theory,wikipedia_article_links,https://en.wikipedia.org/wiki/Falsifiability,en.wikipedia.org,wikipedia_internal,13,falsification,
CASE-0344,Section 230 conspiracy,Conspiracy theory,wikipedia_article_links,https://en.wikipedia.org/wiki/Circular_reasoning,en.wikipedia.org,wikipedia_internal,14,circular reasoning,
CASE-0344,Section 230 conspiracy,Conspiracy theory,wikipedia_article_links,https://en.wikipedia.org/wiki/Stephan_Lewandowsky,en.wikipedia.org,wikipedia_internal,15,Stephan Lewandowsky,
CASE-0344,Section 230 conspiracy,Conspiracy theory,wikipedia_article_links,https://en.wikipedia.org/wiki/Anti-authority,en.wikipedia.org,wikipedia_internal,16,distrust of authority,
CASE-0344,Section 230 conspiracy,Conspiracy theory,wikipedia_article_links,https://en.wikipedia.org/wiki/Cynicism_(contemporary),en.wikipedia.org,wikipedia_internal,17,cynicism,
CASE-0344,Section 230 conspiracy,Conspiracy theory,wikipedia_article_links,https://en.wikipedia.org/wiki/Psychological_projection,en.wikipedia.org,wikipedia_internal,18,psychological projection,
CASE-0344,Section 230 conspiracy,Conspiracy theory,wikipedia_article_links,https://en.wikipedia.org/wiki/Machiavellianism_(psychology),en.wikipedia.org,wikipedia_internal,19,Machiavellianism,
CASE-0344,Section 230 conspiracy,Conspiracy theory,wikipedia_article_links,https://en.wikipedia.org/wiki/Schizotypy,en.wikipedia.org,wikipedia_internal,20,schizotypy,
CASE-0345,Twitter Files,Twitter Files,wikipedia_search,https://en.wikipedia.org/wiki/Twitter_Files,en.wikipedia.org,wikipedia_primary,1,Twitter Files,
CASE-0345,Twitter Files,Twitter Files,wikipedia_article_links,"https://en.wikipedia.org/wiki/Twitter,_Inc.",en.wikipedia.org,wikipedia_internal,2,Twitter,
CASE-0345,Twitter Files,Twitter Files,wikipedia_article_links,https://en.wikipedia.org/wiki/Elon_Musk,en.wikipedia.org,wikipedia_internal,3,Elon Musk,
CASE-0345,Twitter Files,Twitter Files,wikipedia_article_links,https://en.wikipedia.org/wiki/Matt_Taibbi,en.wikipedia.org,wikipedia_internal,4,Matt Taibbi,
CASE-0345,Twitter Files,Twitter Files,wikipedia_article_links,https://en.wikipedia.org/wiki/Bari_Weiss,en.wikipedia.org,wikipedia_internal,5,Bari Weiss,
CASE-0345,Twitter Files,Twitter Files,wikipedia_article_links,https://en.wikipedia.org/wiki/Lee_Fang,en.wikipedia.org,wikipedia_internal,6,Lee Fang,
CASE-0345,Twitter Files,Twitter Files,wikipedia_article_links,https://en.wikipedia.org/wiki/Michael_Shellenberger,en.wikipedia.org,wikipedia_internal,7,Michael Shellenberger,
CASE-0345,Twitter Files,Twitter Files,wikipedia_article_links,https://en.wikipedia.org/wiki/David_Zweig_(journalist),en.wikipedia.org,wikipedia_internal,8,David Zweig,
CASE-0345,Twitter Files,Twitter Files,wikipedia_article_links,https://en.wikipedia.org/wiki/List_of_awards_and_honors_received_by_Elon_Musk,en.wikipedia.org,wikipedia_internal,9,Awards and honors,
CASE-0345,Twitter Files,Twitter Files,wikipedia_article_links,https://en.wikipedia.org/wiki/Business_career_of_Elon_Musk,en.wikipedia.org,wikipedia_internal,10,Business career,
CASE-0345,Twitter Files,Twitter Files,wikipedia_article_links,https://en.wikipedia.org/wiki/Views_of_Elon_Musk,en.wikipedia.org,wikipedia_internal,11,Views,
CASE-0345,Twitter Files,Twitter Files,wikipedia_article_links,https://en.wikipedia.org/wiki/Musk_family,en.wikipedia.org,wikipedia_internal,12,Family,
CASE-0345,Twitter Files,Twitter Files,wikipedia_article_links,https://en.wikipedia.org/wiki/International_relations_of_Elon_Musk,en.wikipedia.org,wikipedia_internal,13,International relations,
CASE-0345,Twitter Files,Twitter Files,wikipedia_article_links,https://en.wikipedia.org/wiki/Legal_affairs_of_Elon_Musk,en.wikipedia.org,wikipedia_internal,14,Legal affairs,
CASE-0345,Twitter Files,Twitter Files,wikipedia_article_links,https://en.wikipedia.org/wiki/Public_image_of_Elon_Musk,en.wikipedia.org,wikipedia_internal,15,Public image,
CASE-0345,Twitter Files,Twitter Files,wikipedia_article_links,https://en.wikipedia.org/wiki/Texas_Institute_of_Technology_and_Science,en.wikipedia.org,wikipedia_internal,16,Texas Institute of Technology and Science,
CASE-0345,Twitter Files,Twitter Files,wikipedia_article_links,https://en.wikipedia.org/wiki/Wealth_of_Elon_Musk,en.wikipedia.org,wikipedia_internal,17,Wealth,
CASE-0345,Twitter Files,Twitter Files,wikipedia_article_links,https://en.wikipedia.org/wiki/Musk_Foundation,en.wikipedia.org,wikipedia_internal,18,Foundation,
CASE-0345,Twitter Files,Twitter Files,wikipedia_article_links,https://en.wikipedia.org/wiki/Zip2,en.wikipedia.org,wikipedia_internal,19,Zip2,
CASE-0345,Twitter Files,Twitter Files,wikipedia_article_links,https://en.wikipedia.org/wiki/X.com_(bank),en.wikipedia.org,wikipedia_internal,20,X.com,
CASE-0346,Facebook Cambridge Analytica,Facebook–Cambridge Analytica data scandal,wikipedia_search,https://en.wikipedia.org/wiki/Facebook%E2%80%93Cambridge_Analytica_data_scandal,en.wikipedia.org,wikipedia_primary,1,Facebook–Cambridge Analytica data scandal,
CASE-0346,Facebook Cambridge Analytica,Facebook–Cambridge Analytica data scandal,wikipedia_article_links,https://en.wikipedia.org/wiki/Meta_Platforms,en.wikipedia.org,wikipedia_internal,2,Meta Platforms,
CASE-0346,Facebook Cambridge Analytica,Facebook–Cambridge Analytica data scandal,wikipedia_article_links,https://en.wikipedia.org/wiki/History_of_Facebook,en.wikipedia.org,wikipedia_internal,3,History,
CASE-0346,Facebook Cambridge Analytica,Facebook–Cambridge Analytica data scandal,wikipedia_article_links,https://en.wikipedia.org/wiki/Timeline_of_Instagram,en.wikipedia.org,wikipedia_internal,4,Instagram,
CASE-0346,Facebook Cambridge Analytica,Facebook–Cambridge Analytica data scandal,wikipedia_article_links,https://en.wikipedia.org/wiki/Timeline_of_WhatsApp,en.wikipedia.org,wikipedia_internal,5,WhatsApp,
CASE-0346,Facebook Cambridge Analytica,Facebook–Cambridge Analytica data scandal,wikipedia_article_links,https://en.wikipedia.org/wiki/List_of_mergers_and_acquisitions_by_Meta_Platforms,en.wikipedia.org,wikipedia_internal,6,Acquisitions,
CASE-0346,Facebook Cambridge Analytica,Facebook–Cambridge Analytica data scandal,wikipedia_article_links,https://en.wikipedia.org/wiki/Facebook,en.wikipedia.org,wikipedia_internal,7,Facebook,
CASE-0346,Facebook Cambridge Analytica,Facebook–Cambridge Analytica data scandal,wikipedia_article_links,https://en.wikipedia.org/wiki/2021_Facebook_outage,en.wikipedia.org,wikipedia_internal,8,2021 outage,
CASE-0346,Facebook Cambridge Analytica,Facebook–Cambridge Analytica data scandal,wikipedia_article_links,https://en.wikipedia.org/wiki/List_of_Facebook_features,en.wikipedia.org,wikipedia_internal,9,Features,
CASE-0346,Facebook Cambridge Analytica,Facebook–Cambridge Analytica data scandal,wikipedia_article_links,https://en.wikipedia.org/wiki/Facebook_Dating,en.wikipedia.org,wikipedia_internal,10,Dating,
CASE-0346,Facebook Cambridge Analytica,Facebook–Cambridge Analytica data scandal,wikipedia_article_links,https://en.wikipedia.org/wiki/Feed_(Facebook),en.wikipedia.org,wikipedia_internal,11,Feed,
CASE-0346,Facebook Cambridge Analytica,Facebook–Cambridge Analytica data scandal,wikipedia_article_links,https://en.wikipedia.org/wiki/Facebook_like_button,en.wikipedia.org,wikipedia_internal,12,Like button,
CASE-0346,Facebook Cambridge Analytica,Facebook–Cambridge Analytica data scandal,wikipedia_article_links,https://en.wikipedia.org/wiki/Facebook_Reels,en.wikipedia.org,wikipedia_internal,13,Reels,
CASE-0346,Facebook Cambridge Analytica,Facebook–Cambridge Analytica data scandal,wikipedia_article_links,https://en.wikipedia.org/wiki/Instagram,en.wikipedia.org,wikipedia_internal,14,Instagram,
CASE-0346,Facebook Cambridge Analytica,Facebook–Cambridge Analytica data scandal,wikipedia_article_links,https://en.wikipedia.org/wiki/Threads_(social_network),en.wikipedia.org,wikipedia_internal,15,Threads,
CASE-0346,Facebook Cambridge Analytica,Facebook–Cambridge Analytica data scandal,wikipedia_article_links,https://en.wikipedia.org/wiki/Facebook_Messenger,en.wikipedia.org,wikipedia_internal,16,Messenger,
CASE-0346,Facebook Cambridge Analytica,Facebook–Cambridge Analytica data scandal,wikipedia_article_links,https://en.wikipedia.org/wiki/Messenger_Kids,en.wikipedia.org,wikipedia_internal,17,Kids,
CASE-0346,Facebook Cambridge Analytica,Facebook–Cambridge Analytica data scandal,wikipedia_article_links,https://en.wikipedia.org/wiki/Meta_AI,en.wikipedia.org,wikipedia_internal,18,Meta AI,
CASE-0346,Facebook Cambridge Analytica,Facebook–Cambridge Analytica data scandal,wikipedia_article_links,https://en.wikipedia.org/wiki/Meta_Portal,en.wikipedia.org,wikipedia_internal,19,Meta Portal,
CASE-0346,Facebook Cambridge Analytica,Facebook–Cambridge Analytica data scandal,wikipedia_article_links,https://en.wikipedia.org/wiki/Oculus_Quest,en.wikipedia.org,wikipedia_internal,20,Quest,
CASE-0347,Google censorship,Censorship by Google,wikipedia_search,https://en.wikipedia.org/wiki/Censorship_by_Google,en.wikipedia.org,wikipedia_primary,1,Censorship by Google,
CASE-0347,Google censorship,Censorship by Google,wikipedia_article_links,https://en.wikipedia.org/wiki/Censorship_of_Google,en.wikipedia.org,wikipedia_internal,2,Censorship of Google,
CASE-0347,Google censorship,Censorship by Google,wikipedia_article_links,https://en.wikipedia.org/wiki/Google,en.wikipedia.org,wikipedia_internal,3,Google,
CASE-0347,Google censorship,Censorship by Google,wikipedia_article_links,https://en.wikipedia.org/wiki/YouTube,en.wikipedia.org,wikipedia_internal,4,YouTube,
CASE-0347,Google censorship,Censorship by Google,wikipedia_article_links,https://en.wikipedia.org/wiki/Censorship,en.wikipedia.org,wikipedia_internal,5,censorship,
CASE-0347,Google censorship,Censorship by Google,wikipedia_article_links,https://en.wikipedia.org/wiki/China,en.wikipedia.org,wikipedia_internal,6,China,
CASE-0347,Google censorship,Censorship by Google,wikipedia_article_links,https://en.wikipedia.org/wiki/Iran,en.wikipedia.org,wikipedia_internal,7,Iran,
CASE-0347,Google censorship,Censorship by Google,wikipedia_article_links,https://en.wikipedia.org/wiki/Google_AdSense,en.wikipedia.org,wikipedia_internal,8,Google AdSense,
CASE-0347,Google censorship,Censorship by Google,wikipedia_article_links,https://en.wikipedia.org/wiki/Oceana_(non-profit_group),en.wikipedia.org,wikipedia_internal,9,Oceana,
CASE-0347,Google censorship,Censorship by Google,wikipedia_article_links,https://en.wikipedia.org/wiki/Crisis_pregnancy_center,en.wikipedia.org,wikipedia_internal,10,crisis pregnancy centers,
CASE-0347,Google censorship,Censorship by Google,wikipedia_article_links,https://en.wikipedia.org/wiki/NARAL,en.wikipedia.org,wikipedia_internal,11,NARAL,
CASE-0347,Google censorship,Censorship by Google,wikipedia_article_links,https://en.wikipedia.org/wiki/Abortion_clinic,en.wikipedia.org,wikipedia_internal,12,abortion clinics,
CASE-0347,Google censorship,Censorship by Google,wikipedia_article_links,https://en.wikipedia.org/wiki/Anti-abortion_movement_in_the_United_States,en.wikipedia.org,wikipedia_internal,13,anti-abortion,
CASE-0347,Google censorship,Censorship by Google,wikipedia_article_links,https://en.wikipedia.org/wiki/Central_Election_Commission_(Russia),en.wikipedia.org,wikipedia_internal,14,Central Election Commission,
CASE-0347,Google censorship,Censorship by Google,wikipedia_article_links,https://en.wikipedia.org/wiki/Google_Maps,en.wikipedia.org,wikipedia_internal,15,Google Maps,
CASE-0347,Google censorship,Censorship by Google,wikipedia_article_links,https://en.wikipedia.org/wiki/Satellite_imagery,en.wikipedia.org,wikipedia_internal,16,satellite imagery,
CASE-0347,Google censorship,Censorship by Google,wikipedia_article_links,https://en.wikipedia.org/wiki/Hurricane_Katrina,en.wikipedia.org,wikipedia_internal,17,Hurricane Katrina,
CASE-0347,Google censorship,Censorship by Google,wikipedia_article_links,https://en.wikipedia.org/wiki/Louisiana,en.wikipedia.org,wikipedia_internal,18,Louisiana,
CASE-0347,Google censorship,Censorship by Google,wikipedia_article_links,https://en.wikipedia.org/wiki/Keyhole_Markup_Language,en.wikipedia.org,wikipedia_internal,19,KML,
CASE-0347,Google censorship,Censorship by Google,wikipedia_article_links,https://en.wikipedia.org/wiki/Google_Earth,en.wikipedia.org,wikipedia_internal,20,Google Earth,
CASE-0348,YouTube algorithm manipulation,History of YouTube,wikipedia_search,https://en.wikipedia.org/wiki/History_of_YouTube,en.wikipedia.org,wikipedia_primary,1,History of YouTube,
CASE-0348,YouTube algorithm manipulation,History of YouTube,wikipedia_article_links,https://en.wikipedia.org/wiki/YouTube,en.wikipedia.org,wikipedia_internal,2,YouTube,
CASE-0348,YouTube algorithm manipulation,History of YouTube,wikipedia_article_links,https://en.wikipedia.org/wiki/Video_hosting_service,en.wikipedia.org,wikipedia_internal,3,online video-sharing,
CASE-0348,YouTube algorithm manipulation,History of YouTube,wikipedia_article_links,https://en.wikipedia.org/wiki/Web_platform,en.wikipedia.org,wikipedia_internal,4,platform,
CASE-0348,YouTube algorithm manipulation,History of YouTube,wikipedia_article_links,"https://en.wikipedia.org/wiki/San_Bruno,_California",en.wikipedia.org,wikipedia_internal,5,"San Bruno, California",
CASE-0348,YouTube algorithm manipulation,History of YouTube,wikipedia_article_links,https://en.wikipedia.org/wiki/PayPal,en.wikipedia.org,wikipedia_internal,6,PayPal,
CASE-0348,YouTube algorithm manipulation,History of YouTube,wikipedia_article_links,https://en.wikipedia.org/wiki/Chad_Hurley,en.wikipedia.org,wikipedia_internal,7,Chad Hurley,
CASE-0348,YouTube algorithm manipulation,History of YouTube,wikipedia_article_links,https://en.wikipedia.org/wiki/Steve_Chen,en.wikipedia.org,wikipedia_internal,8,Steve Chen,
CASE-0348,YouTube algorithm manipulation,History of YouTube,wikipedia_article_links,https://en.wikipedia.org/wiki/Jawed_Karim,en.wikipedia.org,wikipedia_internal,9,Jawed Karim,
CASE-0348,YouTube algorithm manipulation,History of YouTube,wikipedia_article_links,https://en.wikipedia.org/wiki/Google,en.wikipedia.org,wikipedia_internal,10,Google,
CASE-0348,YouTube algorithm manipulation,History of YouTube,wikipedia_article_links,https://en.wikipedia.org/wiki/Subsidiary,en.wikipedia.org,wikipedia_internal,11,subsidiaries,
CASE-0348,YouTube algorithm manipulation,History of YouTube,wikipedia_article_links,https://en.wikipedia.org/wiki/Video,en.wikipedia.org,wikipedia_internal,12,videos,
CASE-0348,YouTube algorithm manipulation,History of YouTube,wikipedia_article_links,https://en.wikipedia.org/wiki/Like_button,en.wikipedia.org,wikipedia_internal,13,likes,
CASE-0348,YouTube algorithm manipulation,History of YouTube,wikipedia_article_links,https://en.wikipedia.org/wiki/Dislike,en.wikipedia.org,wikipedia_internal,14,dislikes,
CASE-0348,YouTube algorithm manipulation,History of YouTube,wikipedia_article_links,https://en.wikipedia.org/wiki/List_of_most-subscribed_YouTube_channels,en.wikipedia.org,wikipedia_internal,15,subscribe to other users,
CASE-0348,YouTube algorithm manipulation,History of YouTube,wikipedia_article_links,https://en.wikipedia.org/wiki/User_profile,en.wikipedia.org,wikipedia_internal,16,user profiles,
CASE-0348,YouTube algorithm manipulation,History of YouTube,wikipedia_article_links,https://en.wikipedia.org/wiki/Television,en.wikipedia.org,wikipedia_internal,17,television,
CASE-0348,YouTube algorithm manipulation,History of YouTube,wikipedia_article_links,https://en.wikipedia.org/wiki/Video_on_demand,en.wikipedia.org,wikipedia_internal,18,video on demand,
CASE-0348,YouTube algorithm manipulation,History of YouTube,wikipedia_article_links,https://en.wikipedia.org/wiki/User-generated_content,en.wikipedia.org,wikipedia_internal,19,user-generated,
CASE-0348,YouTube algorithm manipulation,History of YouTube,wikipedia_article_links,https://en.wikipedia.org/wiki/Digital_video,en.wikipedia.org,wikipedia_internal,20,video clips,
CASE-0349,Palantir surveillance,Palantir,wikipedia_search,https://en.wikipedia.org/wiki/Palantir,en.wikipedia.org,wikipedia_primary,1,Palantir,
CASE-0349,Palantir surveillance,Palantir,wikipedia_article_links,https://en.wikipedia.org/wiki/Palant%C3%ADr,en.wikipedia.org,wikipedia_internal,2,Palantír,
CASE-0349,Palantir surveillance,Palantir,wikipedia_article_links,https://en.wikipedia.org/wiki/Public_company,en.wikipedia.org,wikipedia_internal,3,Public,
CASE-0349,Palantir surveillance,Palantir,wikipedia_article_links,https://en.wikipedia.org/wiki/Ticker_symbol,en.wikipedia.org,wikipedia_internal,4,Traded as,
CASE-0349,Palantir surveillance,Palantir,wikipedia_article_links,https://en.wikipedia.org/wiki/Nasdaq,en.wikipedia.org,wikipedia_internal,5,Nasdaq,
CASE-0349,Palantir surveillance,Palantir,wikipedia_article_links,https://en.wikipedia.org/wiki/Nasdaq-100,en.wikipedia.org,wikipedia_internal,6,Nasdaq-100,
CASE-0349,Palantir surveillance,Palantir,wikipedia_article_links,https://en.wikipedia.org/wiki/S%26P_100,en.wikipedia.org,wikipedia_internal,7,S&P 100,
CASE-0349,Palantir surveillance,Palantir,wikipedia_article_links,https://en.wikipedia.org/wiki/S%26P_500,en.wikipedia.org,wikipedia_internal,8,S&P 500,
CASE-0349,Palantir surveillance,Palantir,wikipedia_article_links,https://en.wikipedia.org/wiki/Software,en.wikipedia.org,wikipedia_internal,9,Software,
CASE-0349,Palantir surveillance,Palantir,wikipedia_article_links,https://en.wikipedia.org/wiki/Peter_Thiel,en.wikipedia.org,wikipedia_internal,10,Peter Thiel,
CASE-0349,Palantir surveillance,Palantir,wikipedia_article_links,https://en.wikipedia.org/wiki/Stephen_Cohen_(entrepreneur),en.wikipedia.org,wikipedia_internal,11,Stephen Cohen,
CASE-0349,Palantir surveillance,Palantir,wikipedia_article_links,https://en.wikipedia.org/wiki/Alex_Karp,en.wikipedia.org,wikipedia_internal,12,Alex Karp,
CASE-0349,Palantir surveillance,Palantir,wikipedia_article_links,https://en.wikipedia.org/wiki/Joe_Lonsdale,en.wikipedia.org,wikipedia_internal,13,Joe Lonsdale,
CASE-0349,Palantir surveillance,Palantir,wikipedia_article_links,https://en.wikipedia.org/wiki/Miami,en.wikipedia.org,wikipedia_internal,14,Miami,
CASE-0349,Palantir surveillance,Palantir,wikipedia_article_links,https://en.wikipedia.org/wiki/Chairman,en.wikipedia.org,wikipedia_internal,15,chairman,
CASE-0349,Palantir surveillance,Palantir,wikipedia_article_links,https://en.wikipedia.org/wiki/Chief_executive_officer,en.wikipedia.org,wikipedia_internal,16,CEO,
CASE-0349,Palantir surveillance,Palantir,wikipedia_article_links,https://en.wikipedia.org/wiki/President_(corporate_title),en.wikipedia.org,wikipedia_internal,17,president,
CASE-0349,Palantir surveillance,Palantir,wikipedia_article_links,https://en.wikipedia.org/wiki/United_States_dollar,en.wikipedia.org,wikipedia_internal,18,US$,
CASE-0349,Palantir surveillance,Palantir,wikipedia_article_links,https://en.wikipedia.org/wiki/Earnings_before_interest_and_taxes,en.wikipedia.org,wikipedia_internal,19,Operating income,
CASE-0349,Palantir surveillance,Palantir,wikipedia_article_links,https://en.wikipedia.org/wiki/Net_income,en.wikipedia.org,wikipedia_internal,20,Net income,
CASE-0350,Clearview AI facial recognition,Clearview AI,wikipedia_search,https://en.wikipedia.org/wiki/Clearview_AI,en.wikipedia.org,wikipedia_primary,1,Clearview AI,
CASE-0350,Clearview AI facial recognition,Clearview AI,wikipedia_article_links,https://en.wikipedia.org/wiki/Privately_held_company,en.wikipedia.org,wikipedia_internal,2,Private,
CASE-0350,Clearview AI facial recognition,Clearview AI,wikipedia_article_links,https://en.wikipedia.org/wiki/Facial_recognition_system,en.wikipedia.org,wikipedia_internal,3,Facial recognition,
CASE-0350,Clearview AI facial recognition,Clearview AI,wikipedia_article_links,https://en.wikipedia.org/wiki/Hoan_Ton-That,en.wikipedia.org,wikipedia_internal,4,Hoan Ton-That,
CASE-0350,Clearview AI facial recognition,Clearview AI,wikipedia_article_links,https://en.wikipedia.org/wiki/Richard_Schwartz_(politician),en.wikipedia.org,wikipedia_internal,5,Richard Schwartz,
CASE-0350,Clearview AI facial recognition,Clearview AI,wikipedia_article_links,https://en.wikipedia.org/wiki/Manhattan,en.wikipedia.org,wikipedia_internal,6,Manhattan,
CASE-0350,Clearview AI facial recognition,Clearview AI,wikipedia_article_links,https://en.wikipedia.org/wiki/New_York_City,en.wikipedia.org,wikipedia_internal,7,New York City,
CASE-0350,Clearview AI facial recognition,Clearview AI,wikipedia_article_links,https://en.wikipedia.org/wiki/Law_enforcement,en.wikipedia.org,wikipedia_internal,8,law enforcement,
CASE-0350,Clearview AI facial recognition,Clearview AI,wikipedia_article_links,https://en.wikipedia.org/wiki/Charles_C._Johnson,en.wikipedia.org,wikipedia_internal,9,Charles C. Johnson,
CASE-0350,Clearview AI facial recognition,Clearview AI,wikipedia_article_links,https://en.wikipedia.org/wiki/American_Civil_Liberties_Union,en.wikipedia.org,wikipedia_internal,10,American Civil Liberties Union,
CASE-0350,Clearview AI facial recognition,Clearview AI,wikipedia_article_links,https://en.wikipedia.org/wiki/United_States_Immigration_and_Customs_Enforcement,en.wikipedia.org,wikipedia_internal,11,United States Immigration and Customs Enforcement,
CASE-0350,Clearview AI facial recognition,Clearview AI,wikipedia_article_links,https://en.wikipedia.org/wiki/United_States_Customs_and_Border_Protection,en.wikipedia.org,wikipedia_internal,12,United States Customs and Border Protection,
CASE-0350,Clearview AI facial recognition,Clearview AI,wikipedia_article_links,https://en.wikipedia.org/wiki/Manhattan_Institute,en.wikipedia.org,wikipedia_internal,13,Manhattan Institute,
CASE-0350,Clearview AI facial recognition,Clearview AI,wikipedia_article_links,https://en.wikipedia.org/wiki/Peter_Thiel,en.wikipedia.org,wikipedia_internal,14,Peter Thiel,
CASE-0350,Clearview AI facial recognition,Clearview AI,wikipedia_article_links,https://en.wikipedia.org/wiki/Series_A,en.wikipedia.org,wikipedia_internal,15,Series A,
CASE-0350,Clearview AI facial recognition,Clearview AI,wikipedia_article_links,https://en.wikipedia.org/wiki/John_Catsimatidis,en.wikipedia.org,wikipedia_internal,16,John Catsimatidis,
CASE-0350,Clearview AI facial recognition,Clearview AI,wikipedia_article_links,https://en.wikipedia.org/wiki/Gristedes,en.wikipedia.org,wikipedia_internal,17,Gristedes grocery markets,
CASE-0350,Clearview AI facial recognition,Clearview AI,wikipedia_article_links,https://en.wikipedia.org/wiki/United_States_Department_of_the_Treasury,en.wikipedia.org,wikipedia_internal,18,United States Department of the Treasury,
CASE-0350,Clearview AI facial recognition,Clearview AI,wikipedia_article_links,https://en.wikipedia.org/wiki/LexisNexis_Risk_Solutions,en.wikipedia.org,wikipedia_internal,19,LexisNexis Risk Solutions,
CASE-0350,Clearview AI facial recognition,Clearview AI,wikipedia_article_links,https://en.wikipedia.org/wiki/Motorola_Solutions,en.wikipedia.org,wikipedia_internal,20,Motorola Solutions,
CASE-0351,Ring doorbell police access,Ring (company),wikipedia_search,https://en.wikipedia.org/wiki/Ring_%28company%29,en.wikipedia.org,wikipedia_primary,1,Ring (company),
CASE-0351,Ring doorbell police access,Ring (company),wikipedia_article_links,https://en.wikipedia.org/wiki/Amazon_Echo#Wearables,en.wikipedia.org,wikipedia_internal,2,Amazon Echo § Wearables,
CASE-0351,Ring doorbell police access,Ring (company),wikipedia_article_links,https://en.wikipedia.org/wiki/Subsidiary,en.wikipedia.org,wikipedia_internal,3,Subsidiary,
CASE-0351,Ring doorbell police access,Ring (company),wikipedia_article_links,"https://en.wikipedia.org/wiki/Santa_Monica,_California",en.wikipedia.org,wikipedia_internal,4,"Santa Monica, California",
CASE-0351,Ring doorbell police access,Ring (company),wikipedia_article_links,https://en.wikipedia.org/wiki/Smart_doorbell,en.wikipedia.org,wikipedia_internal,5,Smart doorbells,
CASE-0351,Ring doorbell police access,Ring (company),wikipedia_article_links,https://en.wikipedia.org/wiki/IP_camera,en.wikipedia.org,wikipedia_internal,6,Surveillance IP cameras,
CASE-0351,Ring doorbell police access,Ring (company),wikipedia_article_links,https://en.wikipedia.org/wiki/Cloud_storage,en.wikipedia.org,wikipedia_internal,7,Cloud recording,
CASE-0351,Ring doorbell police access,Ring (company),wikipedia_article_links,https://en.wikipedia.org/wiki/Alarm_monitoring_center,en.wikipedia.org,wikipedia_internal,8,Alarm monitoring,
CASE-0351,Ring doorbell police access,Ring (company),wikipedia_article_links,https://en.wikipedia.org/wiki/Parent_company,en.wikipedia.org,wikipedia_internal,9,Parent,
CASE-0351,Ring doorbell police access,Ring (company),wikipedia_article_links,https://en.wikipedia.org/wiki/Amazon_(company),en.wikipedia.org,wikipedia_internal,10,Amazon,
CASE-0351,Ring doorbell police access,Ring (company),wikipedia_article_links,https://en.wikipedia.org/wiki/Home_security,en.wikipedia.org,wikipedia_internal,11,home security,
CASE-0351,Ring doorbell police access,Ring (company),wikipedia_article_links,https://en.wikipedia.org/wiki/Home_automation,en.wikipedia.org,wikipedia_internal,12,smart home,
CASE-0351,Ring doorbell police access,Ring (company),wikipedia_article_links,https://en.wikipedia.org/wiki/Security_camera,en.wikipedia.org,wikipedia_internal,13,security cameras,
CASE-0351,Ring doorbell police access,Ring (company),wikipedia_article_links,https://en.wikipedia.org/wiki/Security_alarm,en.wikipedia.org,wikipedia_internal,14,alarm systems,
CASE-0351,Ring doorbell police access,Ring (company),wikipedia_article_links,https://en.wikipedia.org/wiki/Neighbors_(app),en.wikipedia.org,wikipedia_internal,15,Neighbors,
CASE-0351,Ring doorbell police access,Ring (company),wikipedia_article_links,https://en.wikipedia.org/wiki/Law_enforcement_agency,en.wikipedia.org,wikipedia_internal,16,law enforcement agencies,
CASE-0351,Ring doorbell police access,Ring (company),wikipedia_article_links,https://en.wikipedia.org/wiki/Civil_and_political_rights,en.wikipedia.org,wikipedia_internal,17,civil rights,
CASE-0351,Ring doorbell police access,Ring (company),wikipedia_article_links,https://en.wikipedia.org/wiki/Federal_Trade_Commission,en.wikipedia.org,wikipedia_internal,18,Federal Trade Commission,
CASE-0351,Ring doorbell police access,Ring (company),wikipedia_article_links,https://en.wikipedia.org/wiki/Shark_Tank,en.wikipedia.org,wikipedia_internal,19,Shark Tank,
CASE-0351,Ring doorbell police access,Ring (company),wikipedia_article_links,https://en.wikipedia.org/wiki/Kevin_O%27Leary,en.wikipedia.org,wikipedia_internal,20,Kevin O'Leary,
CASE-0352,Pegasus spyware,Pegasus (spyware),wikipedia_search,https://en.wikipedia.org/wiki/Pegasus_%28spyware%29,en.wikipedia.org,wikipedia_primary,1,Pegasus (spyware),
CASE-0352,Pegasus spyware,Pegasus (spyware),wikipedia_article_links,https://en.wikipedia.org/wiki/Programmer,en.wikipedia.org,wikipedia_internal,2,Developer,
CASE-0352,Pegasus spyware,Pegasus (spyware),wikipedia_article_links,https://en.wikipedia.org/wiki/NSO_Group,en.wikipedia.org,wikipedia_internal,3,NSO Group,
CASE-0352,Pegasus spyware,Pegasus (spyware),wikipedia_article_links,https://en.wikipedia.org/wiki/Operating_system,en.wikipedia.org,wikipedia_internal,4,Operating system,
CASE-0352,Pegasus spyware,Pegasus (spyware),wikipedia_article_links,https://en.wikipedia.org/wiki/IOS,en.wikipedia.org,wikipedia_internal,5,iOS,
CASE-0352,Pegasus spyware,Pegasus (spyware),wikipedia_article_links,https://en.wikipedia.org/wiki/Android_(operating_system),en.wikipedia.org,wikipedia_internal,6,Android,
CASE-0352,Pegasus spyware,Pegasus (spyware),wikipedia_article_links,https://en.wikipedia.org/wiki/Software_categories#Categorization_approaches,en.wikipedia.org,wikipedia_internal,7,Type,
CASE-0352,Pegasus spyware,Pegasus (spyware),wikipedia_article_links,https://en.wikipedia.org/wiki/Spyware,en.wikipedia.org,wikipedia_internal,8,Spyware,
CASE-0352,Pegasus spyware,Pegasus (spyware),wikipedia_article_links,https://en.wikipedia.org/wiki/Cyber-arms_industry,en.wikipedia.org,wikipedia_internal,9,cyber-arms,
CASE-0352,Pegasus spyware,Pegasus (spyware),wikipedia_article_links,https://en.wikipedia.org/wiki/Mobile_phone,en.wikipedia.org,wikipedia_internal,10,mobile phones,
CASE-0352,Pegasus spyware,Pegasus (spyware),wikipedia_article_links,https://en.wikipedia.org/wiki/Ministry_of_Defense_(Israel),en.wikipedia.org,wikipedia_internal,11,Israeli Ministry of Defense,
CASE-0352,Pegasus spyware,Pegasus (spyware),wikipedia_article_links,https://en.wikipedia.org/wiki/IOS_16#Release_history,en.wikipedia.org,wikipedia_internal,12,16.6,
CASE-0352,Pegasus spyware,Pegasus (spyware),wikipedia_article_links,https://en.wikipedia.org/wiki/Exploit_(computer_security)#Zero-click,en.wikipedia.org,wikipedia_internal,13,zero-click,
CASE-0352,Pegasus spyware,Pegasus (spyware),wikipedia_article_links,https://en.wikipedia.org/wiki/Phone_surveillance,en.wikipedia.org,wikipedia_internal,14,reading text messages,
CASE-0352,Pegasus spyware,Pegasus (spyware),wikipedia_article_links,https://en.wikipedia.org/wiki/Call-tracking_software,en.wikipedia.org,wikipedia_internal,15,call snooping,
CASE-0352,Pegasus spyware,Pegasus (spyware),wikipedia_article_links,https://en.wikipedia.org/wiki/Keystroke_logging,en.wikipedia.org,wikipedia_internal,16,collecting passwords,
CASE-0352,Pegasus spyware,Pegasus (spyware),wikipedia_article_links,https://en.wikipedia.org/wiki/Mobile_phone_tracking,en.wikipedia.org,wikipedia_internal,17,location tracking,
CASE-0352,Pegasus spyware,Pegasus (spyware),wikipedia_article_links,https://en.wikipedia.org/wiki/Pegasus,en.wikipedia.org,wikipedia_internal,18,Pegasus,
CASE-0352,Pegasus spyware,Pegasus (spyware),wikipedia_article_links,https://en.wikipedia.org/wiki/Greek_mythology,en.wikipedia.org,wikipedia_internal,19,Greek mythology,
CASE-0352,Pegasus spyware,Pegasus (spyware),wikipedia_article_links,https://en.wikipedia.org/wiki/Citizen_Lab,en.wikipedia.org,wikipedia_internal,20,Citizen Lab,
CASE-0353,China TikTok spying,TikTok,wikipedia_search,https://en.wikipedia.org/wiki/TikTok,en.wikipedia.org,wikipedia_primary,1,TikTok,
CASE-0353,China TikTok spying,TikTok,wikipedia_article_links,https://en.wikipedia.org/wiki/Tik_Tok_(song),en.wikipedia.org,wikipedia_internal,2,Tik Tok (song),
CASE-0353,China TikTok spying,TikTok,wikipedia_article_links,https://en.wikipedia.org/wiki/Tick_tock_(disambiguation),en.wikipedia.org,wikipedia_internal,3,Tick tock (disambiguation),
CASE-0353,China TikTok spying,TikTok,wikipedia_article_links,https://en.wikipedia.org/wiki/Programmer,en.wikipedia.org,wikipedia_internal,4,Developers,
CASE-0353,China TikTok spying,TikTok,wikipedia_article_links,https://en.wikipedia.org/wiki/ByteDance,en.wikipedia.org,wikipedia_internal,5,ByteDance,
CASE-0353,China TikTok spying,TikTok,wikipedia_article_links,https://en.wikipedia.org/wiki/TikTok_USDS_Joint_Venture_LLC,en.wikipedia.org,wikipedia_internal,6,TikTok USDS Joint Venture LLC,
CASE-0353,China TikTok spying,TikTok,wikipedia_article_links,https://en.wikipedia.org/wiki/Operating_system,en.wikipedia.org,wikipedia_internal,7,Operating system,
CASE-0353,China TikTok spying,TikTok,wikipedia_article_links,https://en.wikipedia.org/wiki/IOS_12,en.wikipedia.org,wikipedia_internal,8,iOS 12,
CASE-0353,China TikTok spying,TikTok,wikipedia_article_links,https://en.wikipedia.org/wiki/IPadOS,en.wikipedia.org,wikipedia_internal,9,iPadOS,
CASE-0353,China TikTok spying,TikTok,wikipedia_article_links,https://en.wikipedia.org/wiki/Android_(operating_system),en.wikipedia.org,wikipedia_internal,10,Android,
CASE-0353,China TikTok spying,TikTok,wikipedia_article_links,https://en.wikipedia.org/wiki/Android_TV,en.wikipedia.org,wikipedia_internal,11,Android TV,
CASE-0353,China TikTok spying,TikTok,wikipedia_article_links,https://en.wikipedia.org/wiki/VisionOS,en.wikipedia.org,wikipedia_internal,12,visionOS,
CASE-0353,China TikTok spying,TikTok,wikipedia_article_links,https://en.wikipedia.org/wiki/HarmonyOS,en.wikipedia.org,wikipedia_internal,13,HarmonyOS,
CASE-0353,China TikTok spying,TikTok,wikipedia_article_links,https://en.wikipedia.org/wiki/Musical.ly,en.wikipedia.org,wikipedia_internal,14,musical.ly,
CASE-0353,China TikTok spying,TikTok,wikipedia_article_links,https://en.wikipedia.org/wiki/Live.ly,en.wikipedia.org,wikipedia_internal,15,live.ly,
CASE-0353,China TikTok spying,TikTok,wikipedia_article_links,https://en.wikipedia.org/wiki/Azerbaijani_language,en.wikipedia.org,wikipedia_internal,16,Azerbaijani,
CASE-0353,China TikTok spying,TikTok,wikipedia_article_links,https://en.wikipedia.org/wiki/Arabic,en.wikipedia.org,wikipedia_internal,17,Arabic,
CASE-0353,China TikTok spying,TikTok,wikipedia_article_links,https://en.wikipedia.org/wiki/Bengali_language,en.wikipedia.org,wikipedia_internal,18,Bengali,
CASE-0353,China TikTok spying,TikTok,wikipedia_article_links,https://en.wikipedia.org/wiki/Bulgarian_language,en.wikipedia.org,wikipedia_internal,19,Bulgarian,
CASE-0353,China TikTok spying,TikTok,wikipedia_article_links,https://en.wikipedia.org/wiki/Burmese_language,en.wikipedia.org,wikipedia_internal,20,Burmese,
CASE-0354,Huawei backdoor,Huawei,wikipedia_search,https://en.wikipedia.org/wiki/Huawei,en.wikipedia.org,wikipedia_primary,1,Huawei,
CASE-0354,Huawei backdoor,Huawei,wikipedia_article_links,https://en.wikipedia.org/wiki/Guangdong,en.wikipedia.org,wikipedia_internal,2,Guangdong,
CASE-0354,Huawei backdoor,Huawei,wikipedia_article_links,https://en.wikipedia.org/wiki/Romanization,en.wikipedia.org,wikipedia_internal,3,Romanized,
CASE-0354,Huawei backdoor,Huawei,wikipedia_article_links,https://en.wikipedia.org/wiki/Private_company,en.wikipedia.org,wikipedia_internal,4,Private,
CASE-0354,Huawei backdoor,Huawei,wikipedia_article_links,https://en.wikipedia.org/wiki/International_Securities_Identification_Number,en.wikipedia.org,wikipedia_internal,5,ISIN,
CASE-0354,Huawei backdoor,Huawei,wikipedia_article_links,https://en.wikipedia.org/wiki/Telecommunications_equipment,en.wikipedia.org,wikipedia_internal,6,Telecom equipment,
CASE-0354,Huawei backdoor,Huawei,wikipedia_article_links,https://en.wikipedia.org/wiki/Networking_equipment,en.wikipedia.org,wikipedia_internal,7,Networking equipment,
CASE-0354,Huawei backdoor,Huawei,wikipedia_article_links,https://en.wikipedia.org/wiki/Consumer_electronics,en.wikipedia.org,wikipedia_internal,8,Consumer electronics,
CASE-0354,Huawei backdoor,Huawei,wikipedia_article_links,https://en.wikipedia.org/wiki/Semiconductor_industry,en.wikipedia.org,wikipedia_internal,9,Semiconductors,
CASE-0354,Huawei backdoor,Huawei,wikipedia_article_links,https://en.wikipedia.org/wiki/Artificial_intelligence,en.wikipedia.org,wikipedia_internal,10,Artificial intelligence,
CASE-0354,Huawei backdoor,Huawei,wikipedia_article_links,https://en.wikipedia.org/wiki/Automation,en.wikipedia.org,wikipedia_internal,11,Automation,
CASE-0354,Huawei backdoor,Huawei,wikipedia_article_links,https://en.wikipedia.org/wiki/Cloud_computing,en.wikipedia.org,wikipedia_internal,12,Cloud computing,
CASE-0354,Huawei backdoor,Huawei,wikipedia_article_links,https://en.wikipedia.org/wiki/Internet_of_things,en.wikipedia.org,wikipedia_internal,13,Internet of things,
CASE-0354,Huawei backdoor,Huawei,wikipedia_article_links,https://en.wikipedia.org/wiki/Ren_Zhengfei,en.wikipedia.org,wikipedia_internal,14,Ren Zhengfei,
CASE-0354,Huawei backdoor,Huawei,wikipedia_article_links,https://en.wikipedia.org/wiki/Shenzhen,en.wikipedia.org,wikipedia_internal,15,Shenzhen,
CASE-0354,Huawei backdoor,Huawei,wikipedia_article_links,https://en.wikipedia.org/wiki/Chief_executive_officer,en.wikipedia.org,wikipedia_internal,16,CEO,
CASE-0354,Huawei backdoor,Huawei,wikipedia_article_links,https://en.wikipedia.org/wiki/Liang_Hua,en.wikipedia.org,wikipedia_internal,17,Liang Hua,
CASE-0354,Huawei backdoor,Huawei,wikipedia_article_links,https://en.wikipedia.org/wiki/Chairperson,en.wikipedia.org,wikipedia_internal,18,chairman,
CASE-0354,Huawei backdoor,Huawei,wikipedia_article_links,https://en.wikipedia.org/wiki/Meng_Wanzhou,en.wikipedia.org,wikipedia_internal,19,Meng Wanzhou,
CASE-0354,Huawei backdoor,Huawei,wikipedia_article_links,https://en.wikipedia.org/wiki/Chief_financial_officer,en.wikipedia.org,wikipedia_internal,20,CFO,
CASE-0355,smart TV spying,Smart TV,wikipedia_search,https://en.wikipedia.org/wiki/Smart_TV,en.wikipedia.org,wikipedia_primary,1,Smart TV,
CASE-0355,smart TV spying,Smart TV,wikipedia_article_links,https://en.wikipedia.org/wiki/Television_set,en.wikipedia.org,wikipedia_internal,2,television set,
CASE-0355,smart TV spying,Smart TV,wikipedia_article_links,https://en.wikipedia.org/wiki/Internet,en.wikipedia.org,wikipedia_internal,3,Internet,
CASE-0355,smart TV spying,Smart TV,wikipedia_article_links,https://en.wikipedia.org/wiki/Web_2.0,en.wikipedia.org,wikipedia_internal,4,Web 2.0,
CASE-0355,smart TV spying,Smart TV,wikipedia_article_links,https://en.wikipedia.org/wiki/Technological_convergence,en.wikipedia.org,wikipedia_internal,5,technological convergence,
CASE-0355,smart TV spying,Smart TV,wikipedia_article_links,https://en.wikipedia.org/wiki/Computer,en.wikipedia.org,wikipedia_internal,6,computers,
CASE-0355,smart TV spying,Smart TV,wikipedia_article_links,https://en.wikipedia.org/wiki/Television,en.wikipedia.org,wikipedia_internal,7,televisions,
CASE-0355,smart TV spying,Smart TV,wikipedia_article_links,https://en.wikipedia.org/wiki/Digital_media_player,en.wikipedia.org,wikipedia_internal,8,digital media players,
CASE-0355,smart TV spying,Smart TV,wikipedia_article_links,https://en.wikipedia.org/wiki/Broadcasting,en.wikipedia.org,wikipedia_internal,9,broadcasting,
CASE-0355,smart TV spying,Smart TV,wikipedia_article_links,https://en.wikipedia.org/wiki/Over-the-top_media_service,en.wikipedia.org,wikipedia_internal,10,over-the-top media services,
CASE-0355,smart TV spying,Smart TV,wikipedia_article_links,https://en.wikipedia.org/wiki/Streaming_television,en.wikipedia.org,wikipedia_internal,11,streaming television,
CASE-0355,smart TV spying,Smart TV,wikipedia_article_links,https://en.wikipedia.org/wiki/Internet_radio,en.wikipedia.org,wikipedia_internal,12,internet radio,
CASE-0355,smart TV spying,Smart TV,wikipedia_article_links,https://en.wikipedia.org/wiki/Home_network,en.wikipedia.org,wikipedia_internal,13,home networking,
CASE-0355,smart TV spying,Smart TV,wikipedia_article_links,https://en.wikipedia.org/wiki/IPTV,en.wikipedia.org,wikipedia_internal,14,IPTV,
CASE-0355,smart TV spying,Smart TV,wikipedia_article_links,https://en.wikipedia.org/wiki/Operating_system,en.wikipedia.org,wikipedia_internal,15,operating system,
CASE-0355,smart TV spying,Smart TV,wikipedia_article_links,https://en.wikipedia.org/wiki/Firmware,en.wikipedia.org,wikipedia_internal,16,firmware,
CASE-0355,smart TV spying,Smart TV,wikipedia_article_links,https://en.wikipedia.org/wiki/Digital_content,en.wikipedia.org,wikipedia_internal,17,digital content,
CASE-0355,smart TV spying,Smart TV,wikipedia_article_links,https://en.wikipedia.org/wiki/Visual_display_unit,en.wikipedia.org,wikipedia_internal,18,displays,
CASE-0355,smart TV spying,Smart TV,wikipedia_article_links,https://en.wikipedia.org/wiki/Software_application,en.wikipedia.org,wikipedia_internal,19,software applications,
CASE-0355,smart TV spying,Smart TV,wikipedia_article_links,https://en.wikipedia.org/wiki/Application_store,en.wikipedia.org,wikipedia_internal,20,application store or marketplace,
CASE-0356,Alexa always listening,Amazon Alexa,wikipedia_search,https://en.wikipedia.org/wiki/Amazon_Alexa,en.wikipedia.org,wikipedia_primary,1,Amazon Alexa,
CASE-0356,Alexa always listening,Amazon Alexa,wikipedia_article_links,https://en.wikipedia.org/wiki/Alexa_Internet,en.wikipedia.org,wikipedia_internal,2,Alexa Internet,
CASE-0356,Alexa always listening,Amazon Alexa,wikipedia_article_links,https://en.wikipedia.org/wiki/Operating_system,en.wikipedia.org,wikipedia_internal,3,Operating system,
CASE-0356,Alexa always listening,Amazon Alexa,wikipedia_article_links,https://en.wikipedia.org/wiki/Windows,en.wikipedia.org,wikipedia_internal,4,Windows,
CASE-0356,Alexa always listening,Amazon Alexa,wikipedia_article_links,https://en.wikipedia.org/wiki/Fire_OS,en.wikipedia.org,wikipedia_internal,5,Fire OS,
CASE-0356,Alexa always listening,Amazon Alexa,wikipedia_article_links,https://en.wikipedia.org/wiki/IOS,en.wikipedia.org,wikipedia_internal,6,iOS,
CASE-0356,Alexa always listening,Amazon Alexa,wikipedia_article_links,https://en.wikipedia.org/wiki/Android_(operating_system),en.wikipedia.org,wikipedia_internal,7,Android,
CASE-0356,Alexa always listening,Amazon Alexa,wikipedia_article_links,https://en.wikipedia.org/wiki/Computing_platform,en.wikipedia.org,wikipedia_internal,8,Platform,
CASE-0356,Alexa always listening,Amazon Alexa,wikipedia_article_links,https://en.wikipedia.org/wiki/Linux,en.wikipedia.org,wikipedia_internal,9,Linux,
CASE-0356,Alexa always listening,Amazon Alexa,wikipedia_article_links,https://en.wikipedia.org/wiki/Wear_OS,en.wikipedia.org,wikipedia_internal,10,Wear OS,
CASE-0356,Alexa always listening,Amazon Alexa,wikipedia_article_links,https://en.wikipedia.org/wiki/English_language,en.wikipedia.org,wikipedia_internal,11,English,
CASE-0356,Alexa always listening,Amazon Alexa,wikipedia_article_links,https://en.wikipedia.org/wiki/French_language,en.wikipedia.org,wikipedia_internal,12,French,
CASE-0356,Alexa always listening,Amazon Alexa,wikipedia_article_links,https://en.wikipedia.org/wiki/German_language,en.wikipedia.org,wikipedia_internal,13,German,
CASE-0356,Alexa always listening,Amazon Alexa,wikipedia_article_links,https://en.wikipedia.org/wiki/Japanese_language,en.wikipedia.org,wikipedia_internal,14,Japanese,
CASE-0356,Alexa always listening,Amazon Alexa,wikipedia_article_links,https://en.wikipedia.org/wiki/Italian_language,en.wikipedia.org,wikipedia_internal,15,Italian,
CASE-0356,Alexa always listening,Amazon Alexa,wikipedia_article_links,https://en.wikipedia.org/wiki/Spanish_language,en.wikipedia.org,wikipedia_internal,16,Spanish,
CASE-0356,Alexa always listening,Amazon Alexa,wikipedia_article_links,https://en.wikipedia.org/wiki/Portuguese_language,en.wikipedia.org,wikipedia_internal,17,Portuguese,
CASE-0356,Alexa always listening,Amazon Alexa,wikipedia_article_links,https://en.wikipedia.org/wiki/Hindi,en.wikipedia.org,wikipedia_internal,18,Hindi,
CASE-0356,Alexa always listening,Amazon Alexa,wikipedia_article_links,https://en.wikipedia.org/wiki/Arabic,en.wikipedia.org,wikipedia_internal,19,Arabic,
CASE-0356,Alexa always listening,Amazon Alexa,wikipedia_article_links,https://en.wikipedia.org/wiki/Software_categories#Categorization_approaches,en.wikipedia.org,wikipedia_internal,20,Type,
CASE-0357,Siri recording conversations,Siri,wikipedia_search,https://en.wikipedia.org/wiki/Siri,en.wikipedia.org,wikipedia_primary,1,Siri,
CASE-0357,Siri recording conversations,Siri,wikipedia_article_links,https://en.wikipedia.org/wiki/Siri_(disambiguation),en.wikipedia.org,wikipedia_internal,2,Siri (disambiguation),
CASE-0357,Siri recording conversations,Siri,wikipedia_article_links,https://en.wikipedia.org/wiki/IOS_18,en.wikipedia.org,wikipedia_internal,3,iOS 18,
CASE-0357,Siri recording conversations,Siri,wikipedia_article_links,https://en.wikipedia.org/wiki/MacOS_Sequoia,en.wikipedia.org,wikipedia_internal,4,macOS Sequoia,
CASE-0357,Siri recording conversations,Siri,wikipedia_article_links,https://en.wikipedia.org/wiki/Apple_Intelligence,en.wikipedia.org,wikipedia_internal,5,Apple Intelligence,
CASE-0357,Siri recording conversations,Siri,wikipedia_article_links,https://en.wikipedia.org/wiki/IOS_18.1,en.wikipedia.org,wikipedia_internal,6,iOS 18.1,
CASE-0357,Siri recording conversations,Siri,wikipedia_article_links,https://en.wikipedia.org/wiki/Programmer,en.wikipedia.org,wikipedia_internal,7,Original author,
CASE-0357,Siri recording conversations,Siri,wikipedia_article_links,https://en.wikipedia.org/wiki/Apple_Inc.,en.wikipedia.org,wikipedia_internal,8,Apple,
CASE-0357,Siri recording conversations,Siri,wikipedia_article_links,https://en.wikipedia.org/wiki/Operating_system,en.wikipedia.org,wikipedia_internal,9,Operating system,
CASE-0357,Siri recording conversations,Siri,wikipedia_article_links,https://en.wikipedia.org/wiki/IOS_5,en.wikipedia.org,wikipedia_internal,10,iOS 5,
CASE-0357,Siri recording conversations,Siri,wikipedia_article_links,https://en.wikipedia.org/wiki/MacOS_Sierra,en.wikipedia.org,wikipedia_internal,11,macOS Sierra,
CASE-0357,Siri recording conversations,Siri,wikipedia_article_links,https://en.wikipedia.org/wiki/TvOS,en.wikipedia.org,wikipedia_internal,12,tvOS,
CASE-0357,Siri recording conversations,Siri,wikipedia_article_links,https://en.wikipedia.org/wiki/WatchOS,en.wikipedia.org,wikipedia_internal,13,watchOS,
CASE-0357,Siri recording conversations,Siri,wikipedia_article_links,https://en.wikipedia.org/wiki/IPadOS,en.wikipedia.org,wikipedia_internal,14,iPadOS,
CASE-0357,Siri recording conversations,Siri,wikipedia_article_links,https://en.wikipedia.org/wiki/VisionOS,en.wikipedia.org,wikipedia_internal,15,visionOS,
CASE-0357,Siri recording conversations,Siri,wikipedia_article_links,https://en.wikipedia.org/wiki/Computing_platform,en.wikipedia.org,wikipedia_internal,16,Platform,
CASE-0357,Siri recording conversations,Siri,wikipedia_article_links,https://en.wikipedia.org/wiki/IPhone,en.wikipedia.org,wikipedia_internal,17,iPhone,
CASE-0357,Siri recording conversations,Siri,wikipedia_article_links,https://en.wikipedia.org/wiki/IPad,en.wikipedia.org,wikipedia_internal,18,iPad,
CASE-0357,Siri recording conversations,Siri,wikipedia_article_links,https://en.wikipedia.org/wiki/IPod_Touch,en.wikipedia.org,wikipedia_internal,19,iPod Touch,
CASE-0357,Siri recording conversations,Siri,wikipedia_article_links,https://en.wikipedia.org/wiki/Macintosh,en.wikipedia.org,wikipedia_internal,20,Mac,
CASE-0358,location tracking conspiracy,List of conspiracy theories,wikipedia_search,https://en.wikipedia.org/wiki/List_of_conspiracy_theories,en.wikipedia.org,wikipedia_primary,1,List of conspiracy theories,
CASE-0358,location tracking conspiracy,List of conspiracy theories,wikipedia_article_links,https://en.wikipedia.org/wiki/Eye_of_Providence,en.wikipedia.org,wikipedia_internal,2,Eye of Providence,
CASE-0358,location tracking conspiracy,List of conspiracy theories,wikipedia_article_links,https://en.wikipedia.org/wiki/Founding_Fathers_of_the_United_States,en.wikipedia.org,wikipedia_internal,3,Founding Fathers of the United States,
CASE-0358,location tracking conspiracy,List of conspiracy theories,wikipedia_article_links,https://en.wikipedia.org/wiki/Illuminati,en.wikipedia.org,wikipedia_internal,4,Illuminati,
CASE-0358,location tracking conspiracy,List of conspiracy theories,wikipedia_article_links,https://en.wikipedia.org/wiki/Conspiracy_theory,en.wikipedia.org,wikipedia_internal,5,conspiracy theories,
CASE-0358,location tracking conspiracy,List of conspiracy theories,wikipedia_article_links,https://en.wikipedia.org/wiki/Historical_method,en.wikipedia.org,wikipedia_internal,6,historical,
CASE-0358,location tracking conspiracy,List of conspiracy theories,wikipedia_article_links,https://en.wikipedia.org/wiki/Scientific_method,en.wikipedia.org,wikipedia_internal,7,scientific methods,
CASE-0358,location tracking conspiracy,List of conspiracy theories,wikipedia_article_links,https://en.wikipedia.org/wiki/Conspiracy,en.wikipedia.org,wikipedia_internal,8,conspiracies,
CASE-0358,location tracking conspiracy,List of conspiracy theories,wikipedia_article_links,https://en.wikipedia.org/wiki/Operation_Himmler,en.wikipedia.org,wikipedia_internal,9,Germany's pretense for invading Poland in World War II,
CASE-0358,location tracking conspiracy,List of conspiracy theories,wikipedia_article_links,https://en.wikipedia.org/wiki/Falsifiability,en.wikipedia.org,wikipedia_internal,10,their validity depends on evidence,
CASE-0358,location tracking conspiracy,List of conspiracy theories,wikipedia_article_links,https://en.wikipedia.org/wiki/Prima_facie,en.wikipedia.org,wikipedia_internal,11,prima facie,
CASE-0358,location tracking conspiracy,List of conspiracy theories,wikipedia_article_links,https://en.wikipedia.org/wiki/Occam%27s_razor,en.wikipedia.org,wikipedia_internal,12,convoluted and all-encompassing nature,
CASE-0358,location tracking conspiracy,List of conspiracy theories,wikipedia_article_links,https://en.wikipedia.org/wiki/Paranoia,en.wikipedia.org,wikipedia_internal,13,paranoia,
CASE-0358,location tracking conspiracy,List of conspiracy theories,wikipedia_article_links,https://en.wikipedia.org/wiki/Schizotypy,en.wikipedia.org,wikipedia_internal,14,schizotypy,
CASE-0358,location tracking conspiracy,List of conspiracy theories,wikipedia_article_links,https://en.wikipedia.org/wiki/Narcissism,en.wikipedia.org,wikipedia_internal,15,narcissism,
CASE-0358,location tracking conspiracy,List of conspiracy theories,wikipedia_article_links,https://en.wikipedia.org/wiki/Insecure_attachment,en.wikipedia.org,wikipedia_internal,16,insecure attachment,
CASE-0358,location tracking conspiracy,List of conspiracy theories,wikipedia_article_links,https://en.wikipedia.org/wiki/Cognitive_bias,en.wikipedia.org,wikipedia_internal,17,cognitive bias,
CASE-0358,location tracking conspiracy,List of conspiracy theories,wikipedia_article_links,https://en.wikipedia.org/wiki/Illusory_pattern_perception,en.wikipedia.org,wikipedia_internal,18,illusory pattern perception,
CASE-0358,location tracking conspiracy,List of conspiracy theories,wikipedia_article_links,https://en.wikipedia.org/wiki/Scientific_consensus,en.wikipedia.org,wikipedia_internal,19,scientific consensus,
CASE-0358,location tracking conspiracy,List of conspiracy theories,wikipedia_article_links,https://en.wikipedia.org/wiki/Evolutionary_psychology,en.wikipedia.org,wikipedia_internal,20,evolutionary origins,
CASE-0359,metadata surveillance,Mass surveillance in the United States,wikipedia_search,https://en.wikipedia.org/wiki/Mass_surveillance_in_the_United_States,en.wikipedia.org,wikipedia_primary,1,Mass surveillance in the United States,
CASE-0359,metadata surveillance,Mass surveillance in the United States,wikipedia_article_links,https://en.wikipedia.org/wiki/National_Security_Agency,en.wikipedia.org,wikipedia_internal,2,National Security Agency,
CASE-0359,metadata surveillance,Mass surveillance in the United States,wikipedia_article_links,https://en.wikipedia.org/wiki/Boundless_Informant,en.wikipedia.org,wikipedia_internal,3,Map of global NSA data collection,
CASE-0359,metadata surveillance,Mass surveillance in the United States,wikipedia_article_links,https://en.wikipedia.org/wiki/ECHELON,en.wikipedia.org,wikipedia_internal,4,ECHELON,
CASE-0359,metadata surveillance,Mass surveillance in the United States,wikipedia_article_links,https://en.wikipedia.org/wiki/Project_MINARET,en.wikipedia.org,wikipedia_internal,5,MINARET,
CASE-0359,metadata surveillance,Mass surveillance in the United States,wikipedia_article_links,https://en.wikipedia.org/wiki/Project_SHAMROCK,en.wikipedia.org,wikipedia_internal,6,SHAMROCK,
CASE-0359,metadata surveillance,Mass surveillance in the United States,wikipedia_article_links,https://en.wikipedia.org/wiki/PROMIS_(intelligence_software),en.wikipedia.org,wikipedia_internal,7,PROMIS,
CASE-0359,metadata surveillance,Mass surveillance in the United States,wikipedia_article_links,https://en.wikipedia.org/wiki/Upstream_collection,en.wikipedia.org,wikipedia_internal,8,Upstream collection,
CASE-0359,metadata surveillance,Mass surveillance in the United States,wikipedia_article_links,https://en.wikipedia.org/wiki/Blarney_(code_name),en.wikipedia.org,wikipedia_internal,9,BLARNEY,
CASE-0359,metadata surveillance,Mass surveillance in the United States,wikipedia_article_links,https://en.wikipedia.org/wiki/Fairview_(surveillance_program),en.wikipedia.org,wikipedia_internal,10,FAIRVIEW,
CASE-0359,metadata surveillance,Mass surveillance in the United States,wikipedia_article_links,https://en.wikipedia.org/wiki/Main_Core,en.wikipedia.org,wikipedia_internal,11,Main Core,
CASE-0359,metadata surveillance,Mass surveillance in the United States,wikipedia_article_links,https://en.wikipedia.org/wiki/ThinThread,en.wikipedia.org,wikipedia_internal,12,ThinThread,
CASE-0359,metadata surveillance,Mass surveillance in the United States,wikipedia_article_links,https://en.wikipedia.org/wiki/Project_Genoa,en.wikipedia.org,wikipedia_internal,13,Genoa,
CASE-0359,metadata surveillance,Mass surveillance in the United States,wikipedia_article_links,https://en.wikipedia.org/wiki/RAMPART-A,en.wikipedia.org,wikipedia_internal,14,RAMPART-A,
CASE-0359,metadata surveillance,Mass surveillance in the United States,wikipedia_article_links,https://en.wikipedia.org/wiki/Tailored_Access_Operations,en.wikipedia.org,wikipedia_internal,15,Tailored Access Operations,
CASE-0359,metadata surveillance,Mass surveillance in the United States,wikipedia_article_links,https://en.wikipedia.org/wiki/OAKSTAR,en.wikipedia.org,wikipedia_internal,16,OAKSTAR,
CASE-0359,metadata surveillance,Mass surveillance in the United States,wikipedia_article_links,https://en.wikipedia.org/wiki/STORMBREW,en.wikipedia.org,wikipedia_internal,17,STORMBREW,
CASE-0359,metadata surveillance,Mass surveillance in the United States,wikipedia_article_links,https://en.wikipedia.org/wiki/Trailblazer_Project,en.wikipedia.org,wikipedia_internal,18,Trailblazer,
CASE-0359,metadata surveillance,Mass surveillance in the United States,wikipedia_article_links,https://en.wikipedia.org/wiki/Turbulence_(NSA),en.wikipedia.org,wikipedia_internal,19,Turbulence,
CASE-0359,metadata surveillance,Mass surveillance in the United States,wikipedia_article_links,https://en.wikipedia.org/wiki/Project_Genoa_II,en.wikipedia.org,wikipedia_internal,20,Genoa II,
CASE-0360,predictive policing,Predictive policing,wikipedia_search,https://en.wikipedia.org/wiki/Predictive_policing,en.wikipedia.org,wikipedia_primary,1,Predictive policing,
CASE-0360,predictive policing,Predictive policing,wikipedia_article_links,https://en.wikipedia.org/wiki/Government_by_algorithm,en.wikipedia.org,wikipedia_internal,2,Algocracy,
CASE-0360,predictive policing,Predictive policing,wikipedia_article_links,https://en.wikipedia.org/wiki/Artificial_intelligence_in_government,en.wikipedia.org,wikipedia_internal,3,AI in government,
CASE-0360,predictive policing,Predictive policing,wikipedia_article_links,https://en.wikipedia.org/wiki/AI_politician,en.wikipedia.org,wikipedia_internal,4,AI politician,
CASE-0360,predictive policing,Predictive policing,wikipedia_article_links,https://en.wikipedia.org/wiki/Project_Cybersyn,en.wikipedia.org,wikipedia_internal,5,Cybersyn,
CASE-0360,predictive policing,Predictive policing,wikipedia_article_links,https://en.wikipedia.org/wiki/Decentralized_autonomous_organization,en.wikipedia.org,wikipedia_internal,6,DAO,
CASE-0360,predictive policing,Predictive policing,wikipedia_article_links,https://en.wikipedia.org/wiki/Digital_dictatorship,en.wikipedia.org,wikipedia_internal,7,Digital dictatorship,
CASE-0360,predictive policing,Predictive policing,wikipedia_article_links,https://en.wikipedia.org/wiki/Merit_order,en.wikipedia.org,wikipedia_internal,8,Merit order,
CASE-0360,predictive policing,Predictive policing,wikipedia_article_links,https://en.wikipedia.org/wiki/OGAS,en.wikipedia.org,wikipedia_internal,9,OGAS,
CASE-0360,predictive policing,Predictive policing,wikipedia_article_links,https://en.wikipedia.org/wiki/Ofqual_exam_results_algorithm,en.wikipedia.org,wikipedia_internal,10,Ofqual exam results algorithm,
CASE-0360,predictive policing,Predictive policing,wikipedia_article_links,https://en.wikipedia.org/wiki/ChatGPT_in_education,en.wikipedia.org,wikipedia_internal,11,ChatGPT in education,
CASE-0360,predictive policing,Predictive policing,wikipedia_article_links,https://en.wikipedia.org/wiki/Oracle_Intelligent_Advisor,en.wikipedia.org,wikipedia_internal,12,OIA,
CASE-0360,predictive policing,Predictive policing,wikipedia_article_links,https://en.wikipedia.org/wiki/Prescription_monitoring_program,en.wikipedia.org,wikipedia_internal,13,PMPs,
CASE-0360,predictive policing,Predictive policing,wikipedia_article_links,https://en.wikipedia.org/wiki/Gangs_Matrix,en.wikipedia.org,wikipedia_internal,14,Gangs Matrix,
CASE-0360,predictive policing,Predictive policing,wikipedia_article_links,https://en.wikipedia.org/wiki/COMPAS_(software),en.wikipedia.org,wikipedia_internal,15,COMPAS,
CASE-0360,predictive policing,Predictive policing,wikipedia_article_links,https://en.wikipedia.org/wiki/Offender_Assessment_System,en.wikipedia.org,wikipedia_internal,16,OASys,
CASE-0360,predictive policing,Predictive policing,wikipedia_article_links,https://en.wikipedia.org/wiki/Robodebt_scheme,en.wikipedia.org,wikipedia_internal,17,Robodebt scheme,
CASE-0360,predictive policing,Predictive policing,wikipedia_article_links,https://en.wikipedia.org/wiki/Smart_city,en.wikipedia.org,wikipedia_internal,18,Smart city,
CASE-0360,predictive policing,Predictive policing,wikipedia_article_links,https://en.wikipedia.org/wiki/Surveillance_capitalism,en.wikipedia.org,wikipedia_internal,19,Surveillance capitalism,
CASE-0360,predictive policing,Predictive policing,wikipedia_article_links,https://en.wikipedia.org/wiki/SyRI,en.wikipedia.org,wikipedia_internal,20,SyRI,
CASE-0361,AI deepfake elections,Deepfake,wikipedia_search,https://en.wikipedia.org/wiki/Deepfake,en.wikipedia.org,wikipedia_primary,1,Deepfake,
CASE-0361,AI deepfake elections,Deepfake,wikipedia_article_links,https://en.wikipedia.org/wiki/Hallucination_(artificial_intelligence),en.wikipedia.org,wikipedia_internal,2,hallucinated,
CASE-0361,AI deepfake elections,Deepfake,wikipedia_article_links,https://en.wikipedia.org/wiki/Kim_Jong_Un,en.wikipedia.org,wikipedia_internal,3,Kim Jong Un,
CASE-0361,AI deepfake elections,Deepfake,wikipedia_article_links,https://en.wikipedia.org/wiki/RepresentUs,en.wikipedia.org,wikipedia_internal,4,RepresentUs,
CASE-0361,AI deepfake elections,Deepfake,wikipedia_article_links,https://en.wikipedia.org/wiki/Artificial_intelligence,en.wikipedia.org,wikipedia_internal,5,Artificial intelligence (AI),
CASE-0361,AI deepfake elections,Deepfake,wikipedia_article_links,https://en.wikipedia.org/wiki/Artificial_intelligence#Goals,en.wikipedia.org,wikipedia_internal,6,Major goals,
CASE-0361,AI deepfake elections,Deepfake,wikipedia_article_links,https://en.wikipedia.org/wiki/Artificial_general_intelligence,en.wikipedia.org,wikipedia_internal,7,Artificial general intelligence,
CASE-0361,AI deepfake elections,Deepfake,wikipedia_article_links,https://en.wikipedia.org/wiki/Intelligent_agent,en.wikipedia.org,wikipedia_internal,8,Intelligent agent,
CASE-0361,AI deepfake elections,Deepfake,wikipedia_article_links,https://en.wikipedia.org/wiki/Recursive_self-improvement,en.wikipedia.org,wikipedia_internal,9,Recursive self-improvement,
CASE-0361,AI deepfake elections,Deepfake,wikipedia_article_links,https://en.wikipedia.org/wiki/Automated_planning_and_scheduling,en.wikipedia.org,wikipedia_internal,10,Planning,
CASE-0361,AI deepfake elections,Deepfake,wikipedia_article_links,https://en.wikipedia.org/wiki/Computer_vision,en.wikipedia.org,wikipedia_internal,11,Computer vision,
CASE-0361,AI deepfake elections,Deepfake,wikipedia_article_links,https://en.wikipedia.org/wiki/General_game_playing,en.wikipedia.org,wikipedia_internal,12,General game playing,
CASE-0361,AI deepfake elections,Deepfake,wikipedia_article_links,https://en.wikipedia.org/wiki/Knowledge_representation_and_reasoning,en.wikipedia.org,wikipedia_internal,13,Knowledge representation,
CASE-0361,AI deepfake elections,Deepfake,wikipedia_article_links,https://en.wikipedia.org/wiki/Natural_language_processing,en.wikipedia.org,wikipedia_internal,14,Natural language processing,
CASE-0361,AI deepfake elections,Deepfake,wikipedia_article_links,https://en.wikipedia.org/wiki/Robotics,en.wikipedia.org,wikipedia_internal,15,Robotics,
CASE-0361,AI deepfake elections,Deepfake,wikipedia_article_links,https://en.wikipedia.org/wiki/AI_safety,en.wikipedia.org,wikipedia_internal,16,AI safety,
CASE-0361,AI deepfake elections,Deepfake,wikipedia_article_links,https://en.wikipedia.org/wiki/Machine_learning,en.wikipedia.org,wikipedia_internal,17,Machine learning,
CASE-0361,AI deepfake elections,Deepfake,wikipedia_article_links,https://en.wikipedia.org/wiki/Symbolic_artificial_intelligence,en.wikipedia.org,wikipedia_internal,18,Symbolic,
CASE-0361,AI deepfake elections,Deepfake,wikipedia_article_links,https://en.wikipedia.org/wiki/Deep_learning,en.wikipedia.org,wikipedia_internal,19,Deep learning,
CASE-0361,AI deepfake elections,Deepfake,wikipedia_article_links,https://en.wikipedia.org/wiki/Bayesian_network,en.wikipedia.org,wikipedia_internal,20,Bayesian networks,
CASE-0362,synthetic media manipulation,Synthetic media,wikipedia_search,https://en.wikipedia.org/wiki/Synthetic_media,en.wikipedia.org,wikipedia_primary,1,Synthetic media,
CASE-0362,synthetic media manipulation,Synthetic media,wikipedia_article_links,https://en.wikipedia.org/wiki/Chemically_defined_medium,en.wikipedia.org,wikipedia_internal,2,synthetic growth medium,
CASE-0362,synthetic media manipulation,Synthetic media,wikipedia_article_links,https://en.wikipedia.org/wiki/Digital_content,en.wikipedia.org,wikipedia_internal,3,digital content,
CASE-0362,synthetic media manipulation,Synthetic media,wikipedia_article_links,https://en.wikipedia.org/wiki/AI,en.wikipedia.org,wikipedia_internal,4,AI,
CASE-0362,synthetic media manipulation,Synthetic media,wikipedia_article_links,https://en.wikipedia.org/wiki/Generative_artificial_intelligence,en.wikipedia.org,wikipedia_internal,5,generative AI,
CASE-0362,synthetic media manipulation,Synthetic media,wikipedia_article_links,https://en.wikipedia.org/wiki/Deepfake,en.wikipedia.org,wikipedia_internal,6,deepfakes,
CASE-0362,synthetic media manipulation,Synthetic media,wikipedia_article_links,https://en.wikipedia.org/wiki/Artificial_intelligence,en.wikipedia.org,wikipedia_internal,7,artificial intelligence,
CASE-0362,synthetic media manipulation,Synthetic media,wikipedia_article_links,https://en.wikipedia.org/wiki/Generative_adversarial_networks,en.wikipedia.org,wikipedia_internal,8,generative adversarial networks,
CASE-0362,synthetic media manipulation,Synthetic media,wikipedia_article_links,https://en.wikipedia.org/wiki/Natural-language_generation,en.wikipedia.org,wikipedia_internal,9,natural-language generation,
CASE-0362,synthetic media manipulation,Synthetic media,wikipedia_article_links,https://en.wikipedia.org/wiki/Voice_cloning,en.wikipedia.org,wikipedia_internal,10,voice cloning,
CASE-0362,synthetic media manipulation,Synthetic media,wikipedia_article_links,https://en.wikipedia.org/wiki/Motherboard_magazine,en.wikipedia.org,wikipedia_internal,11,Motherboard,
CASE-0362,synthetic media manipulation,Synthetic media,wikipedia_article_links,https://en.wikipedia.org/wiki/Deepfake_pornography,en.wikipedia.org,wikipedia_internal,12,AI altered pornographic videos,
CASE-0362,synthetic media manipulation,Synthetic media,wikipedia_article_links,https://en.wikipedia.org/wiki/Artificial_imagination,en.wikipedia.org,wikipedia_internal,13,artificial imagination,
CASE-0362,synthetic media manipulation,Synthetic media,wikipedia_article_links,https://en.wikipedia.org/wiki/Maillardet%27s_automaton,en.wikipedia.org,wikipedia_internal,14,Maillardet's automaton,
CASE-0362,synthetic media manipulation,Synthetic media,wikipedia_article_links,https://en.wikipedia.org/wiki/Automaton,en.wikipedia.org,wikipedia_internal,15,automata,
CASE-0362,synthetic media manipulation,Synthetic media,wikipedia_article_links,https://en.wikipedia.org/wiki/Hellenistic_civilization,en.wikipedia.org,wikipedia_internal,16,ancient Greek civilization,
CASE-0362,synthetic media manipulation,Synthetic media,wikipedia_article_links,https://en.wikipedia.org/wiki/Hero_of_Alexandria,en.wikipedia.org,wikipedia_internal,17,Hero of Alexandria,
CASE-0362,synthetic media manipulation,Synthetic media,wikipedia_article_links,https://en.wikipedia.org/wiki/Johann_Philipp_Kirnberger,en.wikipedia.org,wikipedia_internal,18,Johann Philipp Kirnberger,
CASE-0362,synthetic media manipulation,Synthetic media,wikipedia_article_links,https://en.wikipedia.org/wiki/Musikalisches_W%C3%BCrfelspiel,en.wikipedia.org,wikipedia_internal,19,Musikalisches Würfelspiel,
CASE-0362,synthetic media manipulation,Synthetic media,wikipedia_article_links,https://en.wikipedia.org/wiki/History_of_artificial_intelligence,en.wikipedia.org,wikipedia_internal,20,History of artificial intelligence,
CASE-0363,Lusitania conspiracy,Sinking of the RMS Lusitania,wikipedia_search,https://en.wikipedia.org/wiki/Sinking_of_the_RMS_Lusitania,en.wikipedia.org,wikipedia_primary,1,Sinking of the RMS Lusitania,
CASE-0363,Lusitania conspiracy,Sinking of the RMS Lusitania,wikipedia_article_links,https://en.wikipedia.org/wiki/The_Sinking_of_the_Lusitania,en.wikipedia.org,wikipedia_internal,2,The Sinking of the Lusitania,
CASE-0363,Lusitania conspiracy,Sinking of the RMS Lusitania,wikipedia_article_links,https://en.wikipedia.org/wiki/German_Federal_Archives,en.wikipedia.org,wikipedia_internal,3,German Federal Archives,
CASE-0363,Lusitania conspiracy,Sinking of the RMS Lusitania,wikipedia_article_links,https://en.wikipedia.org/wiki/Celtic_Sea,en.wikipedia.org,wikipedia_internal,4,Celtic Sea,
CASE-0363,Lusitania conspiracy,Sinking of the RMS Lusitania,wikipedia_article_links,https://en.wikipedia.org/wiki/Old_Head_of_Kinsale,en.wikipedia.org,wikipedia_internal,5,Old Head of Kinsale,
CASE-0363,Lusitania conspiracy,Sinking of the RMS Lusitania,wikipedia_article_links,https://en.wikipedia.org/wiki/Geographic_coordinate_system,en.wikipedia.org,wikipedia_internal,6,Coordinates,
CASE-0363,Lusitania conspiracy,Sinking of the RMS Lusitania,wikipedia_article_links,https://en.wikipedia.org/wiki/U-boat,en.wikipedia.org,wikipedia_internal,7,U-boat,
CASE-0363,Lusitania conspiracy,Sinking of the RMS Lusitania,wikipedia_article_links,https://en.wikipedia.org/wiki/SM_U-20_(Germany),en.wikipedia.org,wikipedia_internal,8,U-20,
CASE-0363,Lusitania conspiracy,Sinking of the RMS Lusitania,wikipedia_article_links,https://en.wikipedia.org/wiki/RMS_Lusitania,en.wikipedia.org,wikipedia_internal,9,RMS Lusitania,
CASE-0363,Lusitania conspiracy,Sinking of the RMS Lusitania,wikipedia_article_links,https://en.wikipedia.org/wiki/Ocean_liner,en.wikipedia.org,wikipedia_internal,10,ocean liner,
CASE-0363,Lusitania conspiracy,Sinking of the RMS Lusitania,wikipedia_article_links,https://en.wikipedia.org/wiki/Imperial_German_Navy,en.wikipedia.org,wikipedia_internal,11,Imperial German Navy,
CASE-0363,Lusitania conspiracy,Sinking of the RMS Lusitania,wikipedia_article_links,https://en.wikipedia.org/wiki/First_World_War,en.wikipedia.org,wikipedia_internal,12,First World War,
CASE-0363,Lusitania conspiracy,Sinking of the RMS Lusitania,wikipedia_article_links,https://en.wikipedia.org/wiki/Nautical_mile,en.wikipedia.org,wikipedia_internal,13,nautical miles,
CASE-0363,Lusitania conspiracy,Sinking of the RMS Lusitania,wikipedia_article_links,https://en.wikipedia.org/wiki/Kilometre,en.wikipedia.org,wikipedia_internal,14,kilometres,
CASE-0363,Lusitania conspiracy,Sinking of the RMS Lusitania,wikipedia_article_links,https://en.wikipedia.org/wiki/Mile,en.wikipedia.org,wikipedia_internal,15,miles,
CASE-0363,Lusitania conspiracy,Sinking of the RMS Lusitania,wikipedia_article_links,https://en.wikipedia.org/wiki/United_Kingdom_of_Great_Britain_and_Ireland,en.wikipedia.org,wikipedia_internal,16,United Kingdom,
CASE-0363,Lusitania conspiracy,Sinking of the RMS Lusitania,wikipedia_article_links,https://en.wikipedia.org/wiki/Unrestricted_submarine_warfare,en.wikipedia.org,wikipedia_internal,17,unrestricted submarine warfare,
CASE-0363,Lusitania conspiracy,Sinking of the RMS Lusitania,wikipedia_article_links,https://en.wikipedia.org/wiki/Allies_of_World_War_I,en.wikipedia.org,wikipedia_internal,18,Allied,
CASE-0363,Lusitania conspiracy,Sinking of the RMS Lusitania,wikipedia_article_links,https://en.wikipedia.org/wiki/Blockade_of_Germany_(1914%E2%80%931919),en.wikipedia.org,wikipedia_internal,19,naval blockade,
CASE-0363,Lusitania conspiracy,Sinking of the RMS Lusitania,wikipedia_article_links,https://en.wikipedia.org/wiki/Central_Powers,en.wikipedia.org,wikipedia_internal,20,Central Powers,
CASE-0364,Pearl Harbor foreknowledge,Pearl Harbor advance-knowledge conspiracy theory,wikipedia_search,https://en.wikipedia.org/wiki/Pearl_Harbor_advance-knowledge_conspiracy_theory,en.wikipedia.org,wikipedia_primary,1,Pearl Harbor advance-knowledge conspiracy theory,
CASE-0364,Pearl Harbor foreknowledge,Pearl Harbor advance-knowledge conspiracy theory,wikipedia_article_links,https://en.wikipedia.org/wiki/Conspiracy_theory,en.wikipedia.org,wikipedia_internal,2,conspiracy theory,
CASE-0364,Pearl Harbor foreknowledge,Pearl Harbor advance-knowledge conspiracy theory,wikipedia_article_links,https://en.wikipedia.org/wiki/Federal_government_of_the_United_States,en.wikipedia.org,wikipedia_internal,3,U.S. government,
CASE-0364,Pearl Harbor foreknowledge,Pearl Harbor advance-knowledge conspiracy theory,wikipedia_article_links,https://en.wikipedia.org/wiki/Empire_of_Japan,en.wikipedia.org,wikipedia_internal,4,Japan,
CASE-0364,Pearl Harbor foreknowledge,Pearl Harbor advance-knowledge conspiracy theory,wikipedia_article_links,https://en.wikipedia.org/wiki/Attack_on_Pearl_Harbor,en.wikipedia.org,wikipedia_internal,5,attack on Pearl Harbor,
CASE-0364,Pearl Harbor foreknowledge,Pearl Harbor advance-knowledge conspiracy theory,wikipedia_article_links,https://en.wikipedia.org/wiki/United_States,en.wikipedia.org,wikipedia_internal,6,United States,
CASE-0364,Pearl Harbor foreknowledge,Pearl Harbor advance-knowledge conspiracy theory,wikipedia_article_links,https://en.wikipedia.org/wiki/Robert_Stinnett,en.wikipedia.org,wikipedia_internal,7,Robert Stinnett,
CASE-0364,Pearl Harbor foreknowledge,Pearl Harbor advance-knowledge conspiracy theory,wikipedia_article_links,https://en.wikipedia.org/wiki/Robert_Alfred_Theobald,en.wikipedia.org,wikipedia_internal,8,Robert Alfred Theobald,
CASE-0364,Pearl Harbor foreknowledge,Pearl Harbor advance-knowledge conspiracy theory,wikipedia_article_links,https://en.wikipedia.org/wiki/Harry_Elmer_Barnes,en.wikipedia.org,wikipedia_internal,9,Harry Elmer Barnes,
CASE-0364,Pearl Harbor foreknowledge,Pearl Harbor advance-knowledge conspiracy theory,wikipedia_article_links,https://en.wikipedia.org/wiki/European_theatre_of_World_War_II,en.wikipedia.org,wikipedia_internal,10,European theater of World War II,
CASE-0364,Pearl Harbor foreknowledge,Pearl Harbor advance-knowledge conspiracy theory,wikipedia_article_links,https://en.wikipedia.org/wiki/Fringe_theory,en.wikipedia.org,wikipedia_internal,11,fringe theory,
CASE-0364,Pearl Harbor foreknowledge,Pearl Harbor advance-knowledge conspiracy theory,wikipedia_article_links,https://en.wikipedia.org/wiki/John_T._Flynn,en.wikipedia.org,wikipedia_internal,12,John T. Flynn,
CASE-0364,Pearl Harbor foreknowledge,Pearl Harbor advance-knowledge conspiracy theory,wikipedia_article_links,https://en.wikipedia.org/wiki/United_States_non-interventionism,en.wikipedia.org,wikipedia_internal,13,non-interventionist,
CASE-0364,Pearl Harbor foreknowledge,Pearl Harbor advance-knowledge conspiracy theory,wikipedia_article_links,https://en.wikipedia.org/wiki/America_First_Committee,en.wikipedia.org,wikipedia_internal,14,America First Committee,
CASE-0364,Pearl Harbor foreknowledge,Pearl Harbor advance-knowledge conspiracy theory,wikipedia_article_links,https://en.wikipedia.org/wiki/United_States_Secretary_of_the_Navy,en.wikipedia.org,wikipedia_internal,15,Secretary of the Navy,
CASE-0364,Pearl Harbor foreknowledge,Pearl Harbor advance-knowledge conspiracy theory,wikipedia_article_links,https://en.wikipedia.org/wiki/Frank_Knox,en.wikipedia.org,wikipedia_internal,16,Frank Knox,
CASE-0364,Pearl Harbor foreknowledge,Pearl Harbor advance-knowledge conspiracy theory,wikipedia_article_links,https://en.wikipedia.org/wiki/Roberts_Commission,en.wikipedia.org,wikipedia_internal,17,Roberts Commission,
CASE-0364,Pearl Harbor foreknowledge,Pearl Harbor advance-knowledge conspiracy theory,wikipedia_article_links,https://en.wikipedia.org/wiki/Naval_Court_of_Inquiry,en.wikipedia.org,wikipedia_internal,18,Naval Court of Inquiry,
CASE-0364,Pearl Harbor foreknowledge,Pearl Harbor advance-knowledge conspiracy theory,wikipedia_article_links,https://en.wikipedia.org/wiki/United_States_Secretary_of_War,en.wikipedia.org,wikipedia_internal,19,Secretary of War,
CASE-0364,Pearl Harbor foreknowledge,Pearl Harbor advance-knowledge conspiracy theory,wikipedia_article_links,https://en.wikipedia.org/wiki/Henry_L._Stimson,en.wikipedia.org,wikipedia_internal,20,Henry L. Stimson,
CASE-0365,Reichstag fire false flag,Reichstag fire,wikipedia_search,https://en.wikipedia.org/wiki/Reichstag_fire,en.wikipedia.org,wikipedia_primary,1,Reichstag fire,
CASE-0365,Reichstag fire false flag,Reichstag fire,wikipedia_article_links,https://en.wikipedia.org/wiki/Reichstag_building,en.wikipedia.org,wikipedia_internal,2,Reichstag building,
CASE-0365,Reichstag fire false flag,Reichstag fire,wikipedia_article_links,https://en.wikipedia.org/wiki/Berlin,en.wikipedia.org,wikipedia_internal,3,Berlin,
CASE-0365,Reichstag fire false flag,Reichstag fire,wikipedia_article_links,https://en.wikipedia.org/wiki/Weimar_Republic,en.wikipedia.org,wikipedia_internal,4,Germany,
CASE-0365,Reichstag fire false flag,Reichstag fire,wikipedia_article_links,https://en.wikipedia.org/wiki/Geographic_coordinate_system,en.wikipedia.org,wikipedia_internal,5,Coordinates,
CASE-0365,Reichstag fire false flag,Reichstag fire,wikipedia_article_links,https://en.wikipedia.org/wiki/Arson,en.wikipedia.org,wikipedia_internal,6,Arson,
CASE-0365,Reichstag fire false flag,Reichstag fire,wikipedia_article_links,https://en.wikipedia.org/wiki/Marinus_van_der_Lubbe,en.wikipedia.org,wikipedia_internal,7,Marinus van der Lubbe,
CASE-0365,Reichstag fire false flag,Reichstag fire,wikipedia_article_links,https://en.wikipedia.org/wiki/Reichstag_Fire_Decree,en.wikipedia.org,wikipedia_internal,8,Reichstag Fire Decree,
CASE-0365,Reichstag fire false flag,Reichstag fire,wikipedia_article_links,https://en.wikipedia.org/wiki/Political_violence_in_Germany_(1918%E2%80%931933),en.wikipedia.org,wikipedia_internal,9,Political violence in Germany (1918–1933),
CASE-0365,Reichstag fire false flag,Reichstag fire,wikipedia_article_links,https://en.wikipedia.org/wiki/German_strike_of_January_1918,en.wikipedia.org,wikipedia_internal,10,German strike of January 1918,
CASE-0365,Reichstag fire false flag,Reichstag fire,wikipedia_article_links,https://en.wikipedia.org/wiki/Collapse_of_the_Imperial_German_Army,en.wikipedia.org,wikipedia_internal,11,Collapse of the Imperial German Army,
CASE-0365,Reichstag fire false flag,Reichstag fire,wikipedia_article_links,https://en.wikipedia.org/wiki/German_Revolution_of_1918%E2%80%931919,en.wikipedia.org,wikipedia_internal,12,German Revolution of 1918–1919,
CASE-0365,Reichstag fire false flag,Reichstag fire,wikipedia_article_links,https://en.wikipedia.org/wiki/Greater_Poland_uprising_(1918%E2%80%931919),en.wikipedia.org,wikipedia_internal,13,Greater Poland uprising (1918–1919),
CASE-0365,Reichstag fire false flag,Reichstag fire,wikipedia_article_links,https://en.wikipedia.org/wiki/Occupation_of_the_Rhineland,en.wikipedia.org,wikipedia_internal,14,Occupation of the Rhineland,
CASE-0365,Reichstag fire false flag,Reichstag fire,wikipedia_article_links,https://en.wikipedia.org/wiki/Silesian_Uprisings,en.wikipedia.org,wikipedia_internal,15,Silesian Uprisings,
CASE-0365,Reichstag fire false flag,Reichstag fire,wikipedia_article_links,https://en.wikipedia.org/wiki/Feme_murders,en.wikipedia.org,wikipedia_internal,16,Feme murders,
CASE-0365,Reichstag fire false flag,Reichstag fire,wikipedia_article_links,https://en.wikipedia.org/wiki/1920_East_Prussian_plebiscite,en.wikipedia.org,wikipedia_internal,17,1920 East Prussian plebiscite,
CASE-0365,Reichstag fire false flag,Reichstag fire,wikipedia_article_links,https://en.wikipedia.org/wiki/Reichstag_Bloodbath,en.wikipedia.org,wikipedia_internal,18,Reichstag Bloodbath,
CASE-0365,Reichstag fire false flag,Reichstag fire,wikipedia_article_links,https://en.wikipedia.org/wiki/Kapp_Putsch,en.wikipedia.org,wikipedia_internal,19,Kapp Putsch,
CASE-0365,Reichstag fire false flag,Reichstag fire,wikipedia_article_links,https://en.wikipedia.org/wiki/Ruhr_uprising,en.wikipedia.org,wikipedia_internal,20,Ruhr uprising,
CASE-0366,Lincoln assassination conspiracy,John Wilkes Booth,wikipedia_search,https://en.wikipedia.org/wiki/John_Wilkes_Booth,en.wikipedia.org,wikipedia_primary,1,John Wilkes Booth,
CASE-0366,Lincoln assassination conspiracy,John Wilkes Booth,wikipedia_article_links,https://en.wikipedia.org/wiki/John_Wilkes,en.wikipedia.org,wikipedia_internal,2,John Wilkes,
CASE-0366,Lincoln assassination conspiracy,John Wilkes Booth,wikipedia_article_links,"https://en.wikipedia.org/wiki/Bel_Air,_Maryland",en.wikipedia.org,wikipedia_internal,3,"Bel Air, Maryland",
CASE-0366,Lincoln assassination conspiracy,John Wilkes Booth,wikipedia_article_links,"https://en.wikipedia.org/wiki/Port_Royal,_Virginia",en.wikipedia.org,wikipedia_internal,4,"Port Royal, Virginia",
CASE-0366,Lincoln assassination conspiracy,John Wilkes Booth,wikipedia_article_links,https://en.wikipedia.org/wiki/Green_Mount_Cemetery,en.wikipedia.org,wikipedia_internal,5,Green Mount Cemetery,
CASE-0366,Lincoln assassination conspiracy,John Wilkes Booth,wikipedia_article_links,https://en.wikipedia.org/wiki/Assassination_of_Abraham_Lincoln,en.wikipedia.org,wikipedia_internal,6,Assassination of Abraham Lincoln,
CASE-0366,Lincoln assassination conspiracy,John Wilkes Booth,wikipedia_article_links,https://en.wikipedia.org/wiki/Know_Nothing,en.wikipedia.org,wikipedia_internal,7,Know Nothing,
CASE-0366,Lincoln assassination conspiracy,John Wilkes Booth,wikipedia_article_links,https://en.wikipedia.org/wiki/Junius_Brutus_Booth,en.wikipedia.org,wikipedia_internal,8,Junius Brutus Booth,
CASE-0366,Lincoln assassination conspiracy,John Wilkes Booth,wikipedia_article_links,https://en.wikipedia.org/wiki/Junius_Brutus_Booth_Jr.,en.wikipedia.org,wikipedia_internal,9,Junius Brutus Booth Jr.,
CASE-0366,Lincoln assassination conspiracy,John Wilkes Booth,wikipedia_article_links,https://en.wikipedia.org/wiki/Edwin_Booth,en.wikipedia.org,wikipedia_internal,10,Edwin Booth,
CASE-0366,Lincoln assassination conspiracy,John Wilkes Booth,wikipedia_article_links,https://en.wikipedia.org/wiki/Asia_Booth_Clarke,en.wikipedia.org,wikipedia_internal,11,Asia Booth Clarke,
CASE-0366,Lincoln assassination conspiracy,John Wilkes Booth,wikipedia_article_links,https://en.wikipedia.org/wiki/Edwina_Booth_Grossman,en.wikipedia.org,wikipedia_internal,12,Edwina Booth Grossman,
CASE-0366,Lincoln assassination conspiracy,John Wilkes Booth,wikipedia_article_links,https://en.wikipedia.org/wiki/Booth_family,en.wikipedia.org,wikipedia_internal,13,Booth family,
CASE-0366,Lincoln assassination conspiracy,John Wilkes Booth,wikipedia_article_links,https://en.wikipedia.org/wiki/Abraham_Lincoln,en.wikipedia.org,wikipedia_internal,14,Abraham Lincoln,
CASE-0366,Lincoln assassination conspiracy,John Wilkes Booth,wikipedia_article_links,https://en.wikipedia.org/wiki/Ford%27s_Theatre,en.wikipedia.org,wikipedia_internal,15,Ford's Theatre,
CASE-0366,Lincoln assassination conspiracy,John Wilkes Booth,wikipedia_article_links,https://en.wikipedia.org/wiki/Maryland,en.wikipedia.org,wikipedia_internal,16,Maryland,
CASE-0366,Lincoln assassination conspiracy,John Wilkes Booth,wikipedia_article_links,https://en.wikipedia.org/wiki/Confederate_States_of_America,en.wikipedia.org,wikipedia_internal,17,Confederate,
CASE-0366,Lincoln assassination conspiracy,John Wilkes Booth,wikipedia_article_links,https://en.wikipedia.org/wiki/Abolitionism_in_the_United_States,en.wikipedia.org,wikipedia_internal,18,abolition of slavery in the United States,
CASE-0366,Lincoln assassination conspiracy,John Wilkes Booth,wikipedia_article_links,https://en.wikipedia.org/wiki/Andrew_Johnson,en.wikipedia.org,wikipedia_internal,19,Andrew Johnson,
CASE-0366,Lincoln assassination conspiracy,John Wilkes Booth,wikipedia_article_links,https://en.wikipedia.org/wiki/William_H._Seward,en.wikipedia.org,wikipedia_internal,20,William H. Seward,
CASE-0367,Archduke Ferdinand conspiracy,Maximilian I of Mexico,wikipedia_search,https://en.wikipedia.org/wiki/Maximilian_I_of_Mexico,en.wikipedia.org,wikipedia_primary,1,Maximilian I of Mexico,
CASE-0367,Archduke Ferdinand conspiracy,Maximilian I of Mexico,wikipedia_article_links,https://en.wikipedia.org/wiki/Emperor_of_Mexico,en.wikipedia.org,wikipedia_internal,2,Emperor of Mexico,
CASE-0367,Archduke Ferdinand conspiracy,Maximilian I of Mexico,wikipedia_article_links,https://en.wikipedia.org/wiki/Benito_Ju%C3%A1rez,en.wikipedia.org,wikipedia_internal,3,Benito Juárez,
CASE-0367,Archduke Ferdinand conspiracy,Maximilian I of Mexico,wikipedia_article_links,https://en.wikipedia.org/wiki/President_of_the_Council_of_Ministers_of_the_Mexican_Empire,en.wikipedia.org,wikipedia_internal,4,Prime ministers,
CASE-0367,Archduke Ferdinand conspiracy,Maximilian I of Mexico,wikipedia_article_links,https://en.wikipedia.org/wiki/Jos%C3%A9_Mar%C3%ADa_Lacunza,en.wikipedia.org,wikipedia_internal,5,José Lacunza,
CASE-0367,Archduke Ferdinand conspiracy,Maximilian I of Mexico,wikipedia_article_links,https://en.wikipedia.org/wiki/Teodosio_Lares,en.wikipedia.org,wikipedia_internal,6,Teodosio Lares,
CASE-0367,Archduke Ferdinand conspiracy,Maximilian I of Mexico,wikipedia_article_links,https://en.wikipedia.org/wiki/Santiago_Vidaurri,en.wikipedia.org,wikipedia_internal,7,Santiago Vidaurri,
CASE-0367,Archduke Ferdinand conspiracy,Maximilian I of Mexico,wikipedia_article_links,https://en.wikipedia.org/wiki/Kingdom_of_Lombardy-Venetia,en.wikipedia.org,wikipedia_internal,8,Lombardy-Venetia,
CASE-0367,Archduke Ferdinand conspiracy,Maximilian I of Mexico,wikipedia_article_links,https://en.wikipedia.org/wiki/Franz_Joseph_I,en.wikipedia.org,wikipedia_internal,9,Franz Joseph I,
CASE-0367,Archduke Ferdinand conspiracy,Maximilian I of Mexico,wikipedia_article_links,https://en.wikipedia.org/wiki/Joseph_Radetzky,en.wikipedia.org,wikipedia_internal,10,Joseph Radetzky,
CASE-0367,Archduke Ferdinand conspiracy,Maximilian I of Mexico,wikipedia_article_links,https://en.wikipedia.org/wiki/Sch%C3%B6nbrunn_Palace,en.wikipedia.org,wikipedia_internal,11,Schönbrunn Palace,
CASE-0367,Archduke Ferdinand conspiracy,Maximilian I of Mexico,wikipedia_article_links,https://en.wikipedia.org/wiki/Austrian_Empire,en.wikipedia.org,wikipedia_internal,12,Austrian Empire,
CASE-0367,Archduke Ferdinand conspiracy,Maximilian I of Mexico,wikipedia_article_links,https://en.wikipedia.org/wiki/Cerro_de_las_Campanas,en.wikipedia.org,wikipedia_internal,13,Cerro de las Campanas,
CASE-0367,Archduke Ferdinand conspiracy,Maximilian I of Mexico,wikipedia_article_links,https://en.wikipedia.org/wiki/Imperial_Crypt,en.wikipedia.org,wikipedia_internal,14,Imperial Crypt,
CASE-0367,Archduke Ferdinand conspiracy,Maximilian I of Mexico,wikipedia_article_links,https://en.wikipedia.org/wiki/Charlotte_of_Mexico,en.wikipedia.org,wikipedia_internal,15,Charlotte of Mexico,
CASE-0367,Archduke Ferdinand conspiracy,Maximilian I of Mexico,wikipedia_article_links,https://en.wikipedia.org/wiki/Dynasty,en.wikipedia.org,wikipedia_internal,16,House,
CASE-0367,Archduke Ferdinand conspiracy,Maximilian I of Mexico,wikipedia_article_links,https://en.wikipedia.org/wiki/Habsburg-Lorraine,en.wikipedia.org,wikipedia_internal,17,Habsburg-Lorraine,
CASE-0367,Archduke Ferdinand conspiracy,Maximilian I of Mexico,wikipedia_article_links,https://en.wikipedia.org/wiki/Archduke_Franz_Karl_of_Austria,en.wikipedia.org,wikipedia_internal,18,Archduke Franz Karl of Austria,
CASE-0367,Archduke Ferdinand conspiracy,Maximilian I of Mexico,wikipedia_article_links,https://en.wikipedia.org/wiki/Princess_Sophie_of_Bavaria,en.wikipedia.org,wikipedia_internal,19,Princess Sophie of Bavaria,
CASE-0367,Archduke Ferdinand conspiracy,Maximilian I of Mexico,wikipedia_article_links,https://en.wikipedia.org/wiki/Catholicism,en.wikipedia.org,wikipedia_internal,20,Catholicism,
CASE-0368,Nero burned Rome,Nero,wikipedia_search,https://en.wikipedia.org/wiki/Nero,en.wikipedia.org,wikipedia_primary,1,Nero,
CASE-0368,Nero burned Rome,Nero,wikipedia_article_links,https://en.wikipedia.org/wiki/Nero_(disambiguation),en.wikipedia.org,wikipedia_internal,2,Nero (disambiguation),
CASE-0368,Nero burned Rome,Nero,wikipedia_article_links,https://en.wikipedia.org/wiki/Roman_portraiture,en.wikipedia.org,wikipedia_internal,3,Roman,
CASE-0368,Nero burned Rome,Nero,wikipedia_article_links,https://en.wikipedia.org/wiki/Marble,en.wikipedia.org,wikipedia_internal,4,marble,
CASE-0368,Nero burned Rome,Nero,wikipedia_article_links,https://en.wikipedia.org/wiki/Glyptothek,en.wikipedia.org,wikipedia_internal,5,Glyptothek,
CASE-0368,Nero burned Rome,Nero,wikipedia_article_links,https://en.wikipedia.org/wiki/Roman_emperor,en.wikipedia.org,wikipedia_internal,6,Roman emperor,
CASE-0368,Nero burned Rome,Nero,wikipedia_article_links,https://en.wikipedia.org/wiki/Claudius,en.wikipedia.org,wikipedia_internal,7,Claudius,
CASE-0368,Nero burned Rome,Nero,wikipedia_article_links,https://en.wikipedia.org/wiki/Galba,en.wikipedia.org,wikipedia_internal,8,Galba,
CASE-0368,Nero burned Rome,Nero,wikipedia_article_links,https://en.wikipedia.org/wiki/Domitii,en.wikipedia.org,wikipedia_internal,9,Domitius,
CASE-0368,Nero burned Rome,Nero,wikipedia_article_links,https://en.wikipedia.org/wiki/Antium,en.wikipedia.org,wikipedia_internal,10,Antium,
CASE-0368,Nero burned Rome,Nero,wikipedia_article_links,https://en.wikipedia.org/wiki/Roman_Italy,en.wikipedia.org,wikipedia_internal,11,Italy,
CASE-0368,Nero burned Rome,Nero,wikipedia_article_links,https://en.wikipedia.org/wiki/Pincian_Hill,en.wikipedia.org,wikipedia_internal,12,Pincian Hill,
CASE-0368,Nero burned Rome,Nero,wikipedia_article_links,https://en.wikipedia.org/wiki/Claudia_Octavia,en.wikipedia.org,wikipedia_internal,13,Claudia Octavia,
CASE-0368,Nero burned Rome,Nero,wikipedia_article_links,https://en.wikipedia.org/wiki/Poppaea_Sabina,en.wikipedia.org,wikipedia_internal,14,Poppaea Sabina,
CASE-0368,Nero burned Rome,Nero,wikipedia_article_links,https://en.wikipedia.org/wiki/Statilia_Messalina,en.wikipedia.org,wikipedia_internal,15,Statilia Messalina,
CASE-0368,Nero burned Rome,Nero,wikipedia_article_links,https://en.wikipedia.org/wiki/Sporus,en.wikipedia.org,wikipedia_internal,16,Sporus,
CASE-0368,Nero burned Rome,Nero,wikipedia_article_links,https://en.wikipedia.org/wiki/Pythagoras_(freedman),en.wikipedia.org,wikipedia_internal,17,Pythagoras,
CASE-0368,Nero burned Rome,Nero,wikipedia_article_links,https://en.wikipedia.org/wiki/Issue_(genealogy),en.wikipedia.org,wikipedia_internal,18,Issue,
CASE-0368,Nero burned Rome,Nero,wikipedia_article_links,https://en.wikipedia.org/wiki/Claudia_Augusta,en.wikipedia.org,wikipedia_internal,19,Claudia Augusta,
CASE-0368,Nero burned Rome,Nero,wikipedia_article_links,https://en.wikipedia.org/wiki/Regnal_name,en.wikipedia.org,wikipedia_internal,20,Regnal name,
CASE-0369,Knights Templar treasure,The Lost Treasure of the Knights Templar,wikipedia_search,https://en.wikipedia.org/wiki/The_Lost_Treasure_of_the_Knights_Templar,en.wikipedia.org,wikipedia_primary,1,The Lost Treasure of the Knights Templar,
CASE-0369,Knights Templar treasure,The Lost Treasure of the Knights Templar,wikipedia_article_links,https://en.wikipedia.org/wiki/Kasper_Barfoed,en.wikipedia.org,wikipedia_internal,2,Kasper Barfoed,
CASE-0369,Knights Templar treasure,The Lost Treasure of the Knights Templar,wikipedia_article_links,https://en.wikipedia.org/wiki/Philip_LaZebnik,en.wikipedia.org,wikipedia_internal,3,Philip LaZebnik,
CASE-0369,Knights Templar treasure,The Lost Treasure of the Knights Templar,wikipedia_article_links,https://en.wikipedia.org/wiki/Danish_language,en.wikipedia.org,wikipedia_internal,4,Danish,
CASE-0369,Knights Templar treasure,The Lost Treasure of the Knights Templar,wikipedia_article_links,https://en.wikipedia.org/wiki/Peter_Gantzler,en.wikipedia.org,wikipedia_internal,5,Peter Gantzler,
CASE-0369,Knights Templar treasure,The Lost Treasure of the Knights Templar,wikipedia_article_links,https://en.wikipedia.org/wiki/Ulf_Pilgaard,en.wikipedia.org,wikipedia_internal,6,Ulf Pilgaard,
CASE-0369,Knights Templar treasure,The Lost Treasure of the Knights Templar,wikipedia_article_links,https://en.wikipedia.org/wiki/Kurt_Ravn,en.wikipedia.org,wikipedia_internal,7,Kurt Ravn,
CASE-0369,Knights Templar treasure,The Lost Treasure of the Knights Templar,wikipedia_article_links,https://en.wikipedia.org/wiki/IMDb_(identifier),en.wikipedia.org,wikipedia_internal,8,IMDb,
CASE-0370,Holy Grail conspiracy,The Holy Blood and the Holy Grail,wikipedia_search,https://en.wikipedia.org/wiki/The_Holy_Blood_and_the_Holy_Grail,en.wikipedia.org,wikipedia_primary,1,The Holy Blood and the Holy Grail,
CASE-0370,Holy Grail conspiracy,The Holy Blood and the Holy Grail,wikipedia_article_links,https://en.wikipedia.org/wiki/Michael_Baigent,en.wikipedia.org,wikipedia_internal,2,Michael Baigent,
CASE-0370,Holy Grail conspiracy,The Holy Blood and the Holy Grail,wikipedia_article_links,https://en.wikipedia.org/wiki/Richard_Leigh_(author),en.wikipedia.org,wikipedia_internal,3,Richard Leigh,
CASE-0370,Holy Grail conspiracy,The Holy Blood and the Holy Grail,wikipedia_article_links,https://en.wikipedia.org/wiki/Henry_Lincoln,en.wikipedia.org,wikipedia_internal,4,Henry Lincoln,
CASE-0370,Holy Grail conspiracy,The Holy Blood and the Holy Grail,wikipedia_article_links,https://en.wikipedia.org/wiki/Jonathan_Cape,en.wikipedia.org,wikipedia_internal,5,Jonathan Cape,
CASE-0370,Holy Grail conspiracy,The Holy Blood and the Holy Grail,wikipedia_article_links,https://en.wikipedia.org/wiki/ISBN_(identifier),en.wikipedia.org,wikipedia_internal,6,ISBN,
CASE-0370,Holy Grail conspiracy,The Holy Blood and the Holy Grail,wikipedia_article_links,https://en.wikipedia.org/wiki/OCLC_(identifier),en.wikipedia.org,wikipedia_internal,7,OCLC,
CASE-0370,Holy Grail conspiracy,The Holy Blood and the Holy Grail,wikipedia_article_links,https://en.wikipedia.org/wiki/The_Messianic_Legacy,en.wikipedia.org,wikipedia_internal,8,The Messianic Legacy,
CASE-0370,Holy Grail conspiracy,The Holy Blood and the Holy Grail,wikipedia_article_links,https://en.wikipedia.org/wiki/BBC_Two,en.wikipedia.org,wikipedia_internal,9,BBC Two,
CASE-0370,Holy Grail conspiracy,The Holy Blood and the Holy Grail,wikipedia_article_links,https://en.wikipedia.org/wiki/Chronicle_(UK_TV_series),en.wikipedia.org,wikipedia_internal,10,Chronicle,
CASE-0370,Holy Grail conspiracy,The Holy Blood and the Holy Grail,wikipedia_article_links,https://en.wikipedia.org/wiki/Paperback,en.wikipedia.org,wikipedia_internal,11,paperback,
CASE-0370,Holy Grail conspiracy,The Holy Blood and the Holy Grail,wikipedia_article_links,https://en.wikipedia.org/wiki/Priory_of_Sion#The_Messianic_Legacy,en.wikipedia.org,wikipedia_internal,12,The Messianic Legacy,
CASE-0370,Holy Grail conspiracy,The Holy Blood and the Holy Grail,wikipedia_article_links,https://en.wikipedia.org/wiki/Historical_Jesus,en.wikipedia.org,wikipedia_internal,13,historical Jesus,
CASE-0370,Holy Grail conspiracy,The Holy Blood and the Holy Grail,wikipedia_article_links,https://en.wikipedia.org/wiki/Mary_Magdalene,en.wikipedia.org,wikipedia_internal,14,Mary Magdalene,
CASE-0370,Holy Grail conspiracy,The Holy Blood and the Holy Grail,wikipedia_article_links,https://en.wikipedia.org/wiki/Jesus_bloodline,en.wikipedia.org,wikipedia_internal,15,those children or their descendants,
CASE-0370,Holy Grail conspiracy,The Holy Blood and the Holy Grail,wikipedia_article_links,https://en.wikipedia.org/wiki/Southern_France,en.wikipedia.org,wikipedia_internal,16,southern France,
CASE-0370,Holy Grail conspiracy,The Holy Blood and the Holy Grail,wikipedia_article_links,https://en.wikipedia.org/wiki/Nobility,en.wikipedia.org,wikipedia_internal,17,noble families,
CASE-0370,Holy Grail conspiracy,The Holy Blood and the Holy Grail,wikipedia_article_links,https://en.wikipedia.org/wiki/Merovingian_dynasty,en.wikipedia.org,wikipedia_internal,18,Merovingian dynasty,
CASE-0370,Holy Grail conspiracy,The Holy Blood and the Holy Grail,wikipedia_article_links,https://en.wikipedia.org/wiki/Secret_society,en.wikipedia.org,wikipedia_internal,19,secret society,
CASE-0370,Holy Grail conspiracy,The Holy Blood and the Holy Grail,wikipedia_article_links,https://en.wikipedia.org/wiki/Priory_of_Sion,en.wikipedia.org,wikipedia_internal,20,Priory of Sion,
CASE-0371,Ark of the Covenant location,Ark of the Covenant,wikipedia_search,https://en.wikipedia.org/wiki/Ark_of_the_Covenant,en.wikipedia.org,wikipedia_primary,1,Ark of the Covenant,
CASE-0371,Ark of the Covenant location,Ark of the Covenant,wikipedia_article_links,https://en.wikipedia.org/wiki/Ark_of_the_Covenant_(band),en.wikipedia.org,wikipedia_internal,2,Ark of the Covenant (band),
CASE-0371,Ark of the Covenant location,Ark of the Covenant,wikipedia_article_links,https://en.wikipedia.org/wiki/Straight_Line_Was_a_Lie,en.wikipedia.org,wikipedia_internal,3,Straight Line Was a Lie,
CASE-0371,Ark of the Covenant location,Ark of the Covenant,wikipedia_article_links,https://en.wikipedia.org/wiki/Moses,en.wikipedia.org,wikipedia_internal,4,Moses,
CASE-0371,Ark of the Covenant location,Ark of the Covenant,wikipedia_article_links,https://en.wikipedia.org/wiki/Joshua,en.wikipedia.org,wikipedia_internal,5,Joshua,
CASE-0371,Ark of the Covenant location,Ark of the Covenant,wikipedia_article_links,https://en.wikipedia.org/wiki/James_Tissot,en.wikipedia.org,wikipedia_internal,6,James Tissot,
CASE-0371,Ark of the Covenant location,Ark of the Covenant,wikipedia_article_links,https://en.wikipedia.org/wiki/Israelites,en.wikipedia.org,wikipedia_internal,7,Israelites,
CASE-0371,Ark of the Covenant location,Ark of the Covenant,wikipedia_article_links,https://en.wikipedia.org/wiki/Mercy_seat,en.wikipedia.org,wikipedia_internal,8,Seat of Mercy,
CASE-0371,Ark of the Covenant location,Ark of the Covenant,wikipedia_article_links,https://en.wikipedia.org/wiki/Book_of_Exodus,en.wikipedia.org,wikipedia_internal,9,Book of Exodus,
CASE-0371,Ark of the Covenant location,Ark of the Covenant,wikipedia_article_links,https://en.wikipedia.org/wiki/Books_of_Kings,en.wikipedia.org,wikipedia_internal,10,First Book of Kings,
CASE-0371,Ark of the Covenant location,Ark of the Covenant,wikipedia_article_links,https://en.wikipedia.org/wiki/Hebrew_Bible,en.wikipedia.org,wikipedia_internal,11,Hebrew Bible,
CASE-0371,Ark of the Covenant location,Ark of the Covenant,wikipedia_article_links,https://en.wikipedia.org/wiki/Old_Testament,en.wikipedia.org,wikipedia_internal,12,Old Testament,
CASE-0371,Ark of the Covenant location,Ark of the Covenant,wikipedia_article_links,https://en.wikipedia.org/wiki/Tablets_of_Stone,en.wikipedia.org,wikipedia_internal,13,Tablets of the Law,
CASE-0371,Ark of the Covenant location,Ark of the Covenant,wikipedia_article_links,https://en.wikipedia.org/wiki/Yahweh,en.wikipedia.org,wikipedia_internal,14,God,
CASE-0371,Ark of the Covenant location,Ark of the Covenant,wikipedia_article_links,https://en.wikipedia.org/wiki/Ten_Commandments,en.wikipedia.org,wikipedia_internal,15,Ten Commandments,
CASE-0371,Ark of the Covenant location,Ark of the Covenant,wikipedia_article_links,https://en.wikipedia.org/wiki/Mount_Sinai_(Bible),en.wikipedia.org,wikipedia_internal,16,Mount Sinai,
CASE-0371,Ark of the Covenant location,Ark of the Covenant,wikipedia_article_links,https://en.wikipedia.org/wiki/Book_of_Numbers,en.wikipedia.org,wikipedia_internal,17,Book of Numbers,
CASE-0371,Ark of the Covenant location,Ark of the Covenant,wikipedia_article_links,https://en.wikipedia.org/wiki/Epistle_to_the_Hebrews,en.wikipedia.org,wikipedia_internal,18,Epistle to the Hebrews,
CASE-0371,Ark of the Covenant location,Ark of the Covenant,wikipedia_article_links,https://en.wikipedia.org/wiki/New_Testament,en.wikipedia.org,wikipedia_internal,19,New Testament,
CASE-0371,Ark of the Covenant location,Ark of the Covenant,wikipedia_article_links,https://en.wikipedia.org/wiki/Aaron%27s_rod,en.wikipedia.org,wikipedia_internal,20,Aaron's rod,
CASE-0372,Spear of Destiny,Holy Lance,wikipedia_search,https://en.wikipedia.org/wiki/Holy_Lance,en.wikipedia.org,wikipedia_primary,1,Holy Lance,
CASE-0372,Spear of Destiny,Holy Lance,wikipedia_article_links,https://en.wikipedia.org/wiki/Spear_of_Destiny_(disambiguation),en.wikipedia.org,wikipedia_internal,2,Spear of Destiny (disambiguation),
CASE-0372,Spear of Destiny,Holy Lance,wikipedia_article_links,https://en.wikipedia.org/wiki/Fra_Angelico,en.wikipedia.org,wikipedia_internal,3,Fra Angelico,
CASE-0372,Spear of Destiny,Holy Lance,wikipedia_article_links,"https://en.wikipedia.org/wiki/San_Marco,_Florence",en.wikipedia.org,wikipedia_internal,4,"San Marco, Florence",
CASE-0372,Spear of Destiny,Holy Lance,wikipedia_article_links,https://en.wikipedia.org/wiki/Longinus,en.wikipedia.org,wikipedia_internal,5,Saint Longinus,
CASE-0372,Spear of Destiny,Holy Lance,wikipedia_article_links,https://en.wikipedia.org/wiki/Lance,en.wikipedia.org,wikipedia_internal,6,lance,
CASE-0372,Spear of Destiny,Holy Lance,wikipedia_article_links,https://en.wikipedia.org/wiki/Jesus,en.wikipedia.org,wikipedia_internal,7,Jesus,
CASE-0372,Spear of Destiny,Holy Lance,wikipedia_article_links,https://en.wikipedia.org/wiki/Crucifixion_of_Jesus,en.wikipedia.org,wikipedia_internal,8,crucifixion,
CASE-0372,Spear of Destiny,Holy Lance,wikipedia_article_links,https://en.wikipedia.org/wiki/Arma_Christi,en.wikipedia.org,wikipedia_internal,9,instruments of the Passion,
CASE-0372,Spear of Destiny,Holy Lance,wikipedia_article_links,https://en.wikipedia.org/wiki/Christian_folklore,en.wikipedia.org,wikipedia_internal,10,extrabiblical traditions,
CASE-0372,Spear of Destiny,Holy Lance,wikipedia_article_links,https://en.wikipedia.org/wiki/Christianity_in_the_Middle_Ages,en.wikipedia.org,wikipedia_internal,11,medieval church,
CASE-0372,Spear of Destiny,Holy Lance,wikipedia_article_links,https://en.wikipedia.org/wiki/Relic,en.wikipedia.org,wikipedia_internal,12,Relics,
CASE-0372,Spear of Destiny,Holy Lance,wikipedia_article_links,https://en.wikipedia.org/wiki/Jerusalem,en.wikipedia.org,wikipedia_internal,13,Jerusalem,
CASE-0372,Spear of Destiny,Holy Lance,wikipedia_article_links,https://en.wikipedia.org/wiki/Late_Middle_Ages,en.wikipedia.org,wikipedia_internal,14,Late Middle Ages,
CASE-0372,Spear of Destiny,Holy Lance,wikipedia_article_links,https://en.wikipedia.org/wiki/Henry_the_Fowler,en.wikipedia.org,wikipedia_internal,15,Henry the Fowler,
CASE-0372,Spear of Destiny,Holy Lance,wikipedia_article_links,https://en.wikipedia.org/wiki/Battle_of_Riade,en.wikipedia.org,wikipedia_internal,16,Battle of Riade,
CASE-0372,Spear of Destiny,Holy Lance,wikipedia_article_links,https://en.wikipedia.org/wiki/Crusades,en.wikipedia.org,wikipedia_internal,17,Crusaders,
CASE-0372,Spear of Destiny,Holy Lance,wikipedia_article_links,https://en.wikipedia.org/wiki/Siege_of_Antioch,en.wikipedia.org,wikipedia_internal,18,Siege of Antioch,
CASE-0372,Spear of Destiny,Holy Lance,wikipedia_article_links,https://en.wikipedia.org/wiki/Modern_era,en.wikipedia.org,wikipedia_internal,19,modern era,
CASE-0372,Spear of Destiny,Holy Lance,wikipedia_article_links,https://en.wikipedia.org/wiki/Vagharshapat,en.wikipedia.org,wikipedia_internal,20,Vagharshapat,
CASE-0373,Shroud of Turin conspiracy,Turin,wikipedia_search,https://en.wikipedia.org/wiki/Turin,en.wikipedia.org,wikipedia_primary,1,Turin,
CASE-0373,Shroud of Turin conspiracy,Turin,wikipedia_article_links,https://en.wikipedia.org/wiki/Torino_(disambiguation),en.wikipedia.org,wikipedia_internal,2,Torino (disambiguation),
CASE-0373,Shroud of Turin conspiracy,Turin,wikipedia_article_links,https://en.wikipedia.org/wiki/Turin_(disambiguation),en.wikipedia.org,wikipedia_internal,3,Turin (disambiguation),
CASE-0373,Shroud of Turin conspiracy,Turin,wikipedia_article_links,https://en.wikipedia.org/wiki/Italian_language,en.wikipedia.org,wikipedia_internal,4,Italian,
CASE-0373,Shroud of Turin conspiracy,Turin,wikipedia_article_links,https://en.wikipedia.org/wiki/Comune,en.wikipedia.org,wikipedia_internal,5,Comune,
CASE-0373,Shroud of Turin conspiracy,Turin,wikipedia_article_links,https://en.wikipedia.org/wiki/Royal_Palace_of_Turin,en.wikipedia.org,wikipedia_internal,6,Royal Palace of Turin,
CASE-0373,Shroud of Turin conspiracy,Turin,wikipedia_article_links,https://en.wikipedia.org/wiki/Borgo_Medioevale,en.wikipedia.org,wikipedia_internal,7,Borgo Medioevale,
CASE-0373,Shroud of Turin conspiracy,Turin,wikipedia_article_links,https://en.wikipedia.org/wiki/Mole_Antonelliana,en.wikipedia.org,wikipedia_internal,8,Mole Antonelliana,
CASE-0373,Shroud of Turin conspiracy,Turin,wikipedia_article_links,https://en.wikipedia.org/wiki/Chapel_of_the_Holy_Shroud,en.wikipedia.org,wikipedia_internal,9,Chapel of the Holy Shroud,
CASE-0373,Shroud of Turin conspiracy,Turin,wikipedia_article_links,"https://en.wikipedia.org/wiki/Palazzo_Madama,_Turin",en.wikipedia.org,wikipedia_internal,10,Palazzo Madama,
CASE-0373,Shroud of Turin conspiracy,Turin,wikipedia_article_links,https://en.wikipedia.org/wiki/Palazzina_di_caccia_of_Stupinigi,en.wikipedia.org,wikipedia_internal,11,Palazzina di caccia of Stupinigi,
CASE-0373,Shroud of Turin conspiracy,Turin,wikipedia_article_links,https://en.wikipedia.org/wiki/Castello_del_Valentino,en.wikipedia.org,wikipedia_internal,12,Castello del Valentino,
CASE-0373,Shroud of Turin conspiracy,Turin,wikipedia_article_links,https://en.wikipedia.org/wiki/House_of_Savoy,en.wikipedia.org,wikipedia_internal,13,Savoyard,
CASE-0373,Shroud of Turin conspiracy,Turin,wikipedia_article_links,https://en.wikipedia.org/wiki/Latin_language,en.wikipedia.org,wikipedia_internal,14,Latin,
CASE-0373,Shroud of Turin conspiracy,Turin,wikipedia_article_links,https://en.wikipedia.org/wiki/Italy,en.wikipedia.org,wikipedia_internal,15,Italy,
CASE-0373,Shroud of Turin conspiracy,Turin,wikipedia_article_links,https://en.wikipedia.org/wiki/Regions_of_Italy,en.wikipedia.org,wikipedia_internal,16,Region,
CASE-0373,Shroud of Turin conspiracy,Turin,wikipedia_article_links,https://en.wikipedia.org/wiki/Piedmont,en.wikipedia.org,wikipedia_internal,17,Piedmont,
CASE-0373,Shroud of Turin conspiracy,Turin,wikipedia_article_links,https://en.wikipedia.org/wiki/Metropolitan_cities_of_Italy,en.wikipedia.org,wikipedia_internal,18,Metropolitan city,
CASE-0373,Shroud of Turin conspiracy,Turin,wikipedia_article_links,https://en.wikipedia.org/wiki/Metropolitan_City_of_Turin,en.wikipedia.org,wikipedia_internal,19,Turin,
CASE-0373,Shroud of Turin conspiracy,Turin,wikipedia_article_links,https://en.wikipedia.org/wiki/Stefano_Lo_Russo,en.wikipedia.org,wikipedia_internal,20,Stefano Lo Russo,
CASE-0374,Voynich Manuscript,Voynich manuscript,wikipedia_search,https://en.wikipedia.org/wiki/Voynich_manuscript,en.wikipedia.org,wikipedia_primary,1,Voynich manuscript,
CASE-0374,Voynich Manuscript,Voynich manuscript,wikipedia_article_links,https://en.wikipedia.org/wiki/Beinecke_Rare_Book_and_Manuscript_Library,en.wikipedia.org,wikipedia_internal,2,Beinecke Rare Book and Manuscript Library,
CASE-0374,Voynich Manuscript,Voynich manuscript,wikipedia_article_links,https://en.wikipedia.org/wiki/Codex,en.wikipedia.org,wikipedia_internal,3,Codex,
CASE-0374,Voynich Manuscript,Voynich manuscript,wikipedia_article_links,https://en.wikipedia.org/wiki/Italy,en.wikipedia.org,wikipedia_internal,4,Italy,
CASE-0374,Voynich Manuscript,Voynich manuscript,wikipedia_article_links,https://en.wikipedia.org/wiki/Natural_language,en.wikipedia.org,wikipedia_internal,5,natural,
CASE-0374,Voynich Manuscript,Voynich manuscript,wikipedia_article_links,https://en.wikipedia.org/wiki/Constructed_language,en.wikipedia.org,wikipedia_internal,6,constructed language,
CASE-0374,Voynich Manuscript,Voynich manuscript,wikipedia_article_links,https://en.wikipedia.org/wiki/Roger_Bacon,en.wikipedia.org,wikipedia_internal,7,Roger Bacon,
CASE-0374,Voynich Manuscript,Voynich manuscript,wikipedia_article_links,https://en.wikipedia.org/wiki/Wilfrid_Voynich,en.wikipedia.org,wikipedia_internal,8,Wilfrid Voynich,
CASE-0374,Voynich Manuscript,Voynich manuscript,wikipedia_article_links,https://en.wikipedia.org/wiki/Jacobus_Sinapius,en.wikipedia.org,wikipedia_internal,9,Jakub of Tepenec,
CASE-0374,Voynich Manuscript,Voynich manuscript,wikipedia_article_links,https://en.wikipedia.org/wiki/Athanasius_Kircher,en.wikipedia.org,wikipedia_internal,10,Athanasius Kircher,
CASE-0374,Voynich Manuscript,Voynich manuscript,wikipedia_article_links,https://en.wikipedia.org/wiki/Cornelis_Drebbel,en.wikipedia.org,wikipedia_internal,11,Cornelis Drebbel,
CASE-0374,Voynich Manuscript,Voynich manuscript,wikipedia_article_links,https://en.wikipedia.org/wiki/Anthony_Ascham_(astrologer),en.wikipedia.org,wikipedia_internal,12,Anthony Ascham,
CASE-0374,Voynich Manuscript,Voynich manuscript,wikipedia_article_links,https://en.wikipedia.org/wiki/Vellum,en.wikipedia.org,wikipedia_internal,13,Vellum,
CASE-0374,Voynich Manuscript,Voynich manuscript,wikipedia_article_links,https://en.wikipedia.org/wiki/Paragraph,en.wikipedia.org,wikipedia_internal,14,paragraph,
CASE-0374,Voynich Manuscript,Voynich manuscript,wikipedia_article_links,https://en.wikipedia.org/wiki/Units_of_paper_quantity#Quire,en.wikipedia.org,wikipedia_internal,15,quires,
CASE-0374,Voynich Manuscript,Voynich manuscript,wikipedia_article_links,https://en.wikipedia.org/wiki/Herbal,en.wikipedia.org,wikipedia_internal,16,Herbal,
CASE-0374,Voynich Manuscript,Voynich manuscript,wikipedia_article_links,https://en.wikipedia.org/wiki/Astronomical,en.wikipedia.org,wikipedia_internal,17,astronomical,
CASE-0374,Voynich Manuscript,Voynich manuscript,wikipedia_article_links,https://en.wikipedia.org/wiki/Balneological,en.wikipedia.org,wikipedia_internal,18,balneological,
CASE-0374,Voynich Manuscript,Voynich manuscript,wikipedia_article_links,https://en.wikipedia.org/wiki/Cosmological,en.wikipedia.org,wikipedia_internal,19,cosmological,
CASE-0374,Voynich Manuscript,Voynich manuscript,wikipedia_article_links,https://en.wikipedia.org/wiki/Pharmaceutical,en.wikipedia.org,wikipedia_internal,20,pharmaceutical,
CASE-0375,Oak Island mystery,Oak Island mystery,wikipedia_search,https://en.wikipedia.org/wiki/Oak_Island_mystery,en.wikipedia.org,wikipedia_primary,1,Oak Island mystery,
CASE-0375,Oak Island mystery,Oak Island mystery,wikipedia_article_links,https://en.wikipedia.org/wiki/Buried_treasure,en.wikipedia.org,wikipedia_internal,2,buried treasure,
CASE-0375,Oak Island mystery,Oak Island mystery,wikipedia_article_links,https://en.wikipedia.org/wiki/Oak_Island,en.wikipedia.org,wikipedia_internal,3,Oak Island,
CASE-0375,Oak Island mystery,Oak Island mystery,wikipedia_article_links,https://en.wikipedia.org/wiki/Nova_Scotia,en.wikipedia.org,wikipedia_internal,4,Nova Scotia,
CASE-0375,Oak Island mystery,Oak Island mystery,wikipedia_article_links,https://en.wikipedia.org/wiki/Archeological_dig,en.wikipedia.org,wikipedia_internal,5,digs,
CASE-0375,Oak Island mystery,Oak Island mystery,wikipedia_article_links,https://en.wikipedia.org/wiki/Shaft_sinking,en.wikipedia.org,wikipedia_internal,6,shaft,
CASE-0375,Oak Island mystery,Oak Island mystery,wikipedia_article_links,https://en.wikipedia.org/wiki/Cultural_artifact,en.wikipedia.org,wikipedia_internal,7,artifacts,
CASE-0375,Oak Island mystery,Oak Island mystery,wikipedia_article_links,https://en.wikipedia.org/wiki/Piracy,en.wikipedia.org,wikipedia_internal,8,pirate,
CASE-0375,Oak Island mystery,Oak Island mystery,wikipedia_article_links,https://en.wikipedia.org/wiki/William_Shakespeare,en.wikipedia.org,wikipedia_internal,9,Shakespearean,
CASE-0375,Oak Island mystery,Oak Island mystery,wikipedia_article_links,https://en.wikipedia.org/wiki/Holy_Grail,en.wikipedia.org,wikipedia_internal,10,Holy Grail,
CASE-0375,Oak Island mystery,Oak Island mystery,wikipedia_article_links,https://en.wikipedia.org/wiki/Ark_of_the_Covenant,en.wikipedia.org,wikipedia_internal,11,Ark of the Covenant,
CASE-0375,Oak Island mystery,Oak Island mystery,wikipedia_article_links,https://en.wikipedia.org/wiki/Knights_Templar,en.wikipedia.org,wikipedia_internal,12,Knights Templar,
CASE-0375,Oak Island mystery,Oak Island mystery,wikipedia_article_links,https://en.wikipedia.org/wiki/Word_of_mouth,en.wikipedia.org,wikipedia_internal,13,word of mouth,
CASE-0375,Oak Island mystery,Oak Island mystery,wikipedia_article_links,"https://en.wikipedia.org/wiki/Truro,_Nova_Scotia",en.wikipedia.org,wikipedia_internal,14,Truro,
CASE-0375,Oak Island mystery,Oak Island mystery,wikipedia_article_links,https://en.wikipedia.org/wiki/William_Kidd,en.wikipedia.org,wikipedia_internal,15,Captain Kidd,
CASE-0375,Oak Island mystery,Oak Island mystery,wikipedia_article_links,https://en.wikipedia.org/wiki/%C2%A3,en.wikipedia.org,wikipedia_internal,16,£,
CASE-0375,Oak Island mystery,Oak Island mystery,wikipedia_article_links,https://en.wikipedia.org/wiki/Flagstone,en.wikipedia.org,wikipedia_internal,17,flagstones,
CASE-0375,Oak Island mystery,Oak Island mystery,wikipedia_article_links,https://en.wikipedia.org/wiki/Charcoal,en.wikipedia.org,wikipedia_internal,18,charcoal,
CASE-0375,Oak Island mystery,Oak Island mystery,wikipedia_article_links,https://en.wikipedia.org/wiki/Putty,en.wikipedia.org,wikipedia_internal,19,putty,
CASE-0375,Oak Island mystery,Oak Island mystery,wikipedia_article_links,https://en.wikipedia.org/wiki/Coconut,en.wikipedia.org,wikipedia_internal,20,coconut,
CASE-0376,Roanoke colony conspiracy,Roanoke Colony,wikipedia_search,https://en.wikipedia.org/wiki/Roanoke_Colony,en.wikipedia.org,wikipedia_primary,1,Roanoke Colony,
CASE-0376,Roanoke colony conspiracy,Roanoke Colony,wikipedia_article_links,"https://en.wikipedia.org/wiki/Roanoke,_Virginia",en.wikipedia.org,wikipedia_internal,2,"Roanoke, Virginia",
CASE-0376,Roanoke colony conspiracy,Roanoke Colony,wikipedia_article_links,https://en.wikipedia.org/wiki/Lost_Colony_(disambiguation),en.wikipedia.org,wikipedia_internal,3,Lost Colony (disambiguation),
CASE-0376,Roanoke colony conspiracy,Roanoke Colony,wikipedia_article_links,https://en.wikipedia.org/wiki/Kingdom_of_England,en.wikipedia.org,wikipedia_internal,4,England,
CASE-0376,Roanoke colony conspiracy,Roanoke Colony,wikipedia_article_links,https://en.wikipedia.org/wiki/Ralph_Lane,en.wikipedia.org,wikipedia_internal,5,Ralph Lane,
CASE-0376,Roanoke colony conspiracy,Roanoke Colony,wikipedia_article_links,https://en.wikipedia.org/wiki/John_White_(colonist_and_artist),en.wikipedia.org,wikipedia_internal,6,John White,
CASE-0376,Roanoke colony conspiracy,Roanoke Colony,wikipedia_article_links,https://en.wikipedia.org/wiki/Elizabethan_era,en.wikipedia.org,wikipedia_internal,7,Elizabethan era,
CASE-0376,Roanoke colony conspiracy,Roanoke Colony,wikipedia_article_links,"https://en.wikipedia.org/wiki/Dare_County,_North_Carolina",en.wikipedia.org,wikipedia_internal,8,"Dare County, North Carolina",
CASE-0376,Roanoke colony conspiracy,Roanoke Colony,wikipedia_article_links,https://en.wikipedia.org/wiki/Sir_Walter_Raleigh,en.wikipedia.org,wikipedia_internal,9,Sir Walter Raleigh,
CASE-0376,Roanoke colony conspiracy,Roanoke Colony,wikipedia_article_links,https://en.wikipedia.org/wiki/Roanoke_Island,en.wikipedia.org,wikipedia_internal,10,Roanoke Island,
CASE-0376,Roanoke colony conspiracy,Roanoke Colony,wikipedia_article_links,https://en.wikipedia.org/wiki/Native_Americans_in_the_United_States,en.wikipedia.org,wikipedia_internal,11,Native American,
CASE-0376,Roanoke colony conspiracy,Roanoke Colony,wikipedia_article_links,https://en.wikipedia.org/wiki/Sir_Richard_Grenville,en.wikipedia.org,wikipedia_internal,12,Sir Richard Grenville,
CASE-0376,Roanoke colony conspiracy,Roanoke Colony,wikipedia_article_links,https://en.wikipedia.org/wiki/Sir_Francis_Drake,en.wikipedia.org,wikipedia_internal,13,Sir Francis Drake,
CASE-0376,Roanoke colony conspiracy,Roanoke Colony,wikipedia_article_links,https://en.wikipedia.org/wiki/Chesapeake_Bay,en.wikipedia.org,wikipedia_internal,14,Chesapeake Bay,
CASE-0376,Roanoke colony conspiracy,Roanoke Colony,wikipedia_article_links,https://en.wikipedia.org/wiki/Simon_Fernandes,en.wikipedia.org,wikipedia_internal,15,Simon Fernandes,
CASE-0376,Roanoke colony conspiracy,Roanoke Colony,wikipedia_article_links,https://en.wikipedia.org/wiki/Anglo-Spanish_War_(1585%E2%80%931604),en.wikipedia.org,wikipedia_internal,16,Anglo-Spanish War,
CASE-0376,Roanoke colony conspiracy,Roanoke Colony,wikipedia_article_links,https://en.wikipedia.org/wiki/Palisade,en.wikipedia.org,wikipedia_internal,17,palisade,
CASE-0376,Roanoke colony conspiracy,Roanoke Colony,wikipedia_article_links,https://en.wikipedia.org/wiki/Hatteras_Island,en.wikipedia.org,wikipedia_internal,18,Croatoan Island,
CASE-0376,Roanoke colony conspiracy,Roanoke Colony,wikipedia_article_links,"https://en.wikipedia.org/wiki/Jamestown,_Virginia",en.wikipedia.org,wikipedia_internal,19,Jamestown,
CASE-0376,Roanoke colony conspiracy,Roanoke Colony,wikipedia_article_links,https://en.wikipedia.org/wiki/George_Bancroft,en.wikipedia.org,wikipedia_internal,20,George Bancroft,
CASE-0377,Sphinx water erosion,Sphinx water erosion hypothesis,wikipedia_search,https://en.wikipedia.org/wiki/Sphinx_water_erosion_hypothesis,en.wikipedia.org,wikipedia_primary,1,Sphinx water erosion hypothesis,
CASE-0377,Sphinx water erosion,Sphinx water erosion hypothesis,wikipedia_article_links,https://en.wikipedia.org/wiki/Fringe_theory,en.wikipedia.org,wikipedia_internal,2,fringe claim,
CASE-0377,Sphinx water erosion,Sphinx water erosion hypothesis,wikipedia_article_links,https://en.wikipedia.org/wiki/Great_Sphinx_of_Giza,en.wikipedia.org,wikipedia_internal,3,Great Sphinx of Giza,
CASE-0377,Sphinx water erosion,Sphinx water erosion hypothesis,wikipedia_article_links,https://en.wikipedia.org/wiki/Prehistoric_Egypt,en.wikipedia.org,wikipedia_internal,4,Predynastic Egypt,
CASE-0377,Sphinx water erosion,Sphinx water erosion hypothesis,wikipedia_article_links,https://en.wikipedia.org/wiki/Atlantis,en.wikipedia.org,wikipedia_internal,5,Atlantis,
CASE-0377,Sphinx water erosion,Sphinx water erosion hypothesis,wikipedia_article_links,https://en.wikipedia.org/wiki/Giza_pyramid_complex,en.wikipedia.org,wikipedia_internal,6,Giza pyramid complex,
CASE-0377,Sphinx water erosion,Sphinx water erosion hypothesis,wikipedia_article_links,https://en.wikipedia.org/wiki/John_Anthony_West,en.wikipedia.org,wikipedia_internal,7,John Anthony West,
CASE-0377,Sphinx water erosion,Sphinx water erosion hypothesis,wikipedia_article_links,https://en.wikipedia.org/wiki/Robert_Schoch,en.wikipedia.org,wikipedia_internal,8,Robert Schoch,
CASE-0377,Sphinx water erosion,Sphinx water erosion hypothesis,wikipedia_article_links,https://en.wikipedia.org/wiki/Khafre,en.wikipedia.org,wikipedia_internal,9,Khafre,
CASE-0377,Sphinx water erosion,Sphinx water erosion hypothesis,wikipedia_article_links,https://en.wikipedia.org/wiki/Dynastic_Egypt,en.wikipedia.org,wikipedia_internal,10,Dynastic,
CASE-0377,Sphinx water erosion,Sphinx water erosion hypothesis,wikipedia_article_links,https://en.wikipedia.org/wiki/Edgar_Cayce,en.wikipedia.org,wikipedia_internal,11,Edgar Cayce,
CASE-0377,Sphinx water erosion,Sphinx water erosion hypothesis,wikipedia_article_links,https://en.wikipedia.org/wiki/Mysticism,en.wikipedia.org,wikipedia_internal,12,mystic,
CASE-0377,Sphinx water erosion,Sphinx water erosion hypothesis,wikipedia_article_links,https://en.wikipedia.org/wiki/R._A._Schwaller_de_Lubicz,en.wikipedia.org,wikipedia_internal,13,Schwaller de Lubicz,
CASE-0377,Sphinx water erosion,Sphinx water erosion hypothesis,wikipedia_article_links,https://en.wikipedia.org/wiki/Ancient_Egypt,en.wikipedia.org,wikipedia_internal,14,ancient Egyptian,
CASE-0377,Sphinx water erosion,Sphinx water erosion hypothesis,wikipedia_article_links,https://en.wikipedia.org/wiki/Nile,en.wikipedia.org,wikipedia_internal,15,Nile,
CASE-0377,Sphinx water erosion,Sphinx water erosion hypothesis,wikipedia_article_links,https://en.wikipedia.org/wiki/Robert_M._Schoch,en.wikipedia.org,wikipedia_internal,16,Robert Schoch,
CASE-0377,Sphinx water erosion,Sphinx water erosion hypothesis,wikipedia_article_links,https://en.wikipedia.org/wiki/Michael_C._Carlos_Museum,en.wikipedia.org,wikipedia_internal,17,Michael C. Carlos Museum,
CASE-0377,Sphinx water erosion,Sphinx water erosion hypothesis,wikipedia_article_links,https://en.wikipedia.org/wiki/Quarry,en.wikipedia.org,wikipedia_internal,18,quarrying,
CASE-0377,Sphinx water erosion,Sphinx water erosion hypothesis,wikipedia_article_links,https://en.wikipedia.org/wiki/Luminescence_dating,en.wikipedia.org,wikipedia_internal,19,Luminescence dating,
CASE-0377,Sphinx water erosion,Sphinx water erosion hypothesis,wikipedia_article_links,https://en.wikipedia.org/wiki/Radiocarbon_dating,en.wikipedia.org,wikipedia_internal,20,radiocarbon dates,
CASE-0378,Gobekli Tepe civilization reset,Technology,wikipedia_search,https://en.wikipedia.org/wiki/Technology,en.wikipedia.org,wikipedia_primary,1,Technology,
CASE-0378,Gobekli Tepe civilization reset,Technology,wikipedia_article_links,https://en.wikipedia.org/wiki/Electronics,en.wikipedia.org,wikipedia_internal,2,Electronics,
CASE-0378,Gobekli Tepe civilization reset,Technology,wikipedia_article_links,https://en.wikipedia.org/wiki/Technology_(disambiguation),en.wikipedia.org,wikipedia_internal,3,Technology (disambiguation),
CASE-0378,Gobekli Tepe civilization reset,Technology,wikipedia_article_links,https://en.wikipedia.org/wiki/Steam_turbine,en.wikipedia.org,wikipedia_internal,4,steam turbine,
CASE-0378,Gobekli Tepe civilization reset,Technology,wikipedia_article_links,https://en.wikipedia.org/wiki/Energy_technology,en.wikipedia.org,wikipedia_internal,5,energy technology,
CASE-0378,Gobekli Tepe civilization reset,Technology,wikipedia_article_links,https://en.wikipedia.org/wiki/History_of_technology,en.wikipedia.org,wikipedia_internal,6,History of technology,
CASE-0378,Gobekli Tepe civilization reset,Technology,wikipedia_article_links,https://en.wikipedia.org/wiki/Pre-industrial_society,en.wikipedia.org,wikipedia_internal,7,Pre-industrial,
CASE-0378,Gobekli Tepe civilization reset,Technology,wikipedia_article_links,https://en.wikipedia.org/wiki/Prehistoric_technology,en.wikipedia.org,wikipedia_internal,8,Prehistoric,
CASE-0378,Gobekli Tepe civilization reset,Technology,wikipedia_article_links,https://en.wikipedia.org/wiki/Stone_Age,en.wikipedia.org,wikipedia_internal,9,Stone Age,
CASE-0378,Gobekli Tepe civilization reset,Technology,wikipedia_article_links,https://en.wikipedia.org/wiki/Lithic_technology,en.wikipedia.org,wikipedia_internal,10,lithic,
CASE-0378,Gobekli Tepe civilization reset,Technology,wikipedia_article_links,https://en.wikipedia.org/wiki/Neolithic_Revolution,en.wikipedia.org,wikipedia_internal,11,First Agricultural Revolution,
CASE-0378,Gobekli Tepe civilization reset,Technology,wikipedia_article_links,https://en.wikipedia.org/wiki/Chalcolithic,en.wikipedia.org,wikipedia_internal,12,Copper Age,
CASE-0378,Gobekli Tepe civilization reset,Technology,wikipedia_article_links,https://en.wikipedia.org/wiki/Urban_revolution,en.wikipedia.org,wikipedia_internal,13,Urban revolution,
CASE-0378,Gobekli Tepe civilization reset,Technology,wikipedia_article_links,https://en.wikipedia.org/wiki/Bronze_Age,en.wikipedia.org,wikipedia_internal,14,Bronze Age,
CASE-0378,Gobekli Tepe civilization reset,Technology,wikipedia_article_links,https://en.wikipedia.org/wiki/Iron_Age,en.wikipedia.org,wikipedia_internal,15,Iron Age,
CASE-0378,Gobekli Tepe civilization reset,Technology,wikipedia_article_links,https://en.wikipedia.org/wiki/Ancient_technology,en.wikipedia.org,wikipedia_internal,16,Ancient,
CASE-0378,Gobekli Tepe civilization reset,Technology,wikipedia_article_links,https://en.wikipedia.org/wiki/Proto-industrialization,en.wikipedia.org,wikipedia_internal,17,Proto-industrialization,
CASE-0378,Gobekli Tepe civilization reset,Technology,wikipedia_article_links,https://en.wikipedia.org/wiki/British_Agricultural_Revolution,en.wikipedia.org,wikipedia_internal,18,Second Agricultural Revolution,
CASE-0378,Gobekli Tepe civilization reset,Technology,wikipedia_article_links,https://en.wikipedia.org/wiki/Industrial_Revolution,en.wikipedia.org,wikipedia_internal,19,First Industrial Revolution,
CASE-0378,Gobekli Tepe civilization reset,Technology,wikipedia_article_links,https://en.wikipedia.org/wiki/Standardization,en.wikipedia.org,wikipedia_internal,20,Standardization,
CASE-0379,Younger Dryas impact theory,Younger Dryas impact hypothesis,wikipedia_search,https://en.wikipedia.org/wiki/Younger_Dryas_impact_hypothesis,en.wikipedia.org,wikipedia_primary,1,Younger Dryas impact hypothesis,
CASE-0379,Younger Dryas impact theory,Younger Dryas impact hypothesis,wikipedia_article_links,https://en.wikipedia.org/wiki/Fringe_hypothesis,en.wikipedia.org,wikipedia_internal,2,fringe hypothesis,
CASE-0379,Younger Dryas impact theory,Younger Dryas impact hypothesis,wikipedia_article_links,https://en.wikipedia.org/wiki/Thermohaline_circulation,en.wikipedia.org,wikipedia_internal,3,thermohaline circulation,
CASE-0379,Younger Dryas impact theory,Younger Dryas impact hypothesis,wikipedia_article_links,https://en.wikipedia.org/wiki/Younger_Dryas,en.wikipedia.org,wikipedia_internal,4,Younger Dryas,
CASE-0379,Younger Dryas impact theory,Younger Dryas impact hypothesis,wikipedia_article_links,https://en.wikipedia.org/wiki/Stadial,en.wikipedia.org,wikipedia_internal,5,stadial,
CASE-0379,Younger Dryas impact theory,Younger Dryas impact hypothesis,wikipedia_article_links,https://en.wikipedia.org/wiki/Last_Glacial_Period,en.wikipedia.org,wikipedia_internal,6,Last Glacial Period,
CASE-0379,Younger Dryas impact theory,Younger Dryas impact hypothesis,wikipedia_article_links,https://en.wikipedia.org/wiki/Laws_of_physics,en.wikipedia.org,wikipedia_internal,7,laws of physics,
CASE-0379,Younger Dryas impact theory,Younger Dryas impact hypothesis,wikipedia_article_links,https://en.wikipedia.org/wiki/Pseudoscience,en.wikipedia.org,wikipedia_internal,8,pseudoscientific,
CASE-0379,Younger Dryas impact theory,Younger Dryas impact hypothesis,wikipedia_article_links,https://en.wikipedia.org/wiki/Graham_Hancock,en.wikipedia.org,wikipedia_internal,9,Graham Hancock,
CASE-0379,Younger Dryas impact theory,Younger Dryas impact hypothesis,wikipedia_article_links,https://en.wikipedia.org/wiki/Pseudoarchaeology,en.wikipedia.org,wikipedia_internal,10,pseudoarchaeological,
CASE-0379,Younger Dryas impact theory,Younger Dryas impact hypothesis,wikipedia_article_links,https://en.wikipedia.org/wiki/Ancient_Apocalypse,en.wikipedia.org,wikipedia_internal,11,Ancient Apocalypse,
CASE-0379,Younger Dryas impact theory,Younger Dryas impact hypothesis,wikipedia_article_links,https://en.wikipedia.org/wiki/The_New_York_Times,en.wikipedia.org,wikipedia_internal,12,The New York Times,
CASE-0379,Younger Dryas impact theory,Younger Dryas impact hypothesis,wikipedia_article_links,https://en.wikipedia.org/wiki/Cabal,en.wikipedia.org,wikipedia_internal,13,cabals,
CASE-0379,Younger Dryas impact theory,Younger Dryas impact hypothesis,wikipedia_article_links,https://en.wikipedia.org/wiki/Conspiracy_theory,en.wikipedia.org,wikipedia_internal,14,conspiracy theories,
CASE-0379,Younger Dryas impact theory,Younger Dryas impact hypothesis,wikipedia_article_links,https://en.wikipedia.org/wiki/Tell_el-Hammam,en.wikipedia.org,wikipedia_internal,15,Tell el-Hammam,
CASE-0379,Younger Dryas impact theory,Younger Dryas impact hypothesis,wikipedia_article_links,https://en.wikipedia.org/wiki/Book_of_Genesis,en.wikipedia.org,wikipedia_internal,16,Book of Genesis,
CASE-0379,Younger Dryas impact theory,Younger Dryas impact hypothesis,wikipedia_article_links,https://en.wikipedia.org/wiki/Sodom_and_Gomorrah,en.wikipedia.org,wikipedia_internal,17,Sodom,
CASE-0379,Younger Dryas impact theory,Younger Dryas impact hypothesis,wikipedia_article_links,https://en.wikipedia.org/wiki/Scientific_Reports,en.wikipedia.org,wikipedia_internal,18,Scientific Reports,
CASE-0379,Younger Dryas impact theory,Younger Dryas impact hypothesis,wikipedia_article_links,https://en.wikipedia.org/wiki/Younger_Dryas#Causes,en.wikipedia.org,wikipedia_internal,19,Younger Dryas § Causes,
CASE-0379,Younger Dryas impact theory,Younger Dryas impact hypothesis,wikipedia_article_links,https://en.wikipedia.org/wiki/Ignatius_Donnelly,en.wikipedia.org,wikipedia_internal,20,Ignatius Donnelly,
CASE-0380,lost civilization evidence,Lost City of Z,wikipedia_search,https://en.wikipedia.org/wiki/Lost_City_of_Z,en.wikipedia.org,wikipedia_primary,1,Lost City of Z,
CASE-0380,lost civilization evidence,Lost City of Z,wikipedia_article_links,https://en.wikipedia.org/wiki/Lost_City_of_Z_(disambiguation),en.wikipedia.org,wikipedia_internal,2,Lost City of Z (disambiguation),
CASE-0380,lost civilization evidence,Lost City of Z,wikipedia_article_links,https://en.wikipedia.org/wiki/Percy_Fawcett,en.wikipedia.org,wikipedia_internal,3,Percy Harrison Fawcett,
CASE-0380,lost civilization evidence,Lost City of Z,wikipedia_article_links,https://en.wikipedia.org/wiki/Mato_Grosso,en.wikipedia.org,wikipedia_internal,4,Mato Grosso,
CASE-0380,lost civilization evidence,Lost City of Z,wikipedia_article_links,https://en.wikipedia.org/wiki/Brazil,en.wikipedia.org,wikipedia_internal,5,Brazil,
CASE-0380,lost civilization evidence,Lost City of Z,wikipedia_article_links,https://en.wikipedia.org/wiki/Amazon_basin,en.wikipedia.org,wikipedia_internal,6,Amazon River region,
CASE-0380,lost civilization evidence,Lost City of Z,wikipedia_article_links,https://en.wikipedia.org/wiki/Manuscript_512,en.wikipedia.org,wikipedia_internal,7,Manuscript 512,
CASE-0380,lost civilization evidence,Lost City of Z,wikipedia_article_links,https://en.wikipedia.org/wiki/National_Library_of_Brazil,en.wikipedia.org,wikipedia_internal,8,National Library of Brazil,
CASE-0380,lost civilization evidence,Lost City of Z,wikipedia_article_links,https://en.wikipedia.org/wiki/Bandeirante,en.wikipedia.org,wikipedia_internal,9,bandeirante,
CASE-0380,lost civilization evidence,Lost City of Z,wikipedia_article_links,https://en.wikipedia.org/wiki/Mesoamerican_writing_systems,en.wikipedia.org,wikipedia_internal,10,hieroglyphs,
CASE-0380,lost civilization evidence,Lost City of Z,wikipedia_article_links,https://en.wikipedia.org/wiki/Sert%C3%A3o,en.wikipedia.org,wikipedia_internal,11,sertão,
CASE-0380,lost civilization evidence,Lost City of Z,wikipedia_article_links,https://en.wikipedia.org/wiki/Bahia,en.wikipedia.org,wikipedia_internal,12,Bahia,
CASE-0380,lost civilization evidence,Lost City of Z,wikipedia_article_links,https://en.wikipedia.org/wiki/World_War_I,en.wikipedia.org,wikipedia_internal,13,World War I,
CASE-0380,lost civilization evidence,Lost City of Z,wikipedia_article_links,https://en.wikipedia.org/wiki/Western_Front_(World_War_I),en.wikipedia.org,wikipedia_internal,14,Western Front,
CASE-0380,lost civilization evidence,Lost City of Z,wikipedia_article_links,https://en.wikipedia.org/wiki/Kuhikugu,en.wikipedia.org,wikipedia_internal,15,Kuhikugu,
CASE-0380,lost civilization evidence,Lost City of Z,wikipedia_article_links,https://en.wikipedia.org/wiki/Xingu_River,en.wikipedia.org,wikipedia_internal,16,Xingu River,
CASE-0380,lost civilization evidence,Lost City of Z,wikipedia_article_links,https://en.wikipedia.org/wiki/Llanos_de_Moxos_(archaeology),en.wikipedia.org,wikipedia_internal,17,Llanos de Moxos,
CASE-0380,lost civilization evidence,Lost City of Z,wikipedia_article_links,https://en.wikipedia.org/wiki/Lidar,en.wikipedia.org,wikipedia_internal,18,lidar,
CASE-0380,lost civilization evidence,Lost City of Z,wikipedia_article_links,https://en.wikipedia.org/wiki/Indiana_Jones_and_the_Seven_Veils,en.wikipedia.org,wikipedia_internal,19,Indiana Jones and the Seven Veils,
CASE-0380,lost civilization evidence,Lost City of Z,wikipedia_article_links,https://en.wikipedia.org/wiki/David_Grann,en.wikipedia.org,wikipedia_internal,20,David Grann,
CASE-0381,library of Alexandria conspiracy,Alexandria Ocasio-Cortez,wikipedia_search,https://en.wikipedia.org/wiki/Alexandria_Ocasio-Cortez,en.wikipedia.org,wikipedia_primary,1,Alexandria Ocasio-Cortez,
CASE-0381,library of Alexandria conspiracy,Alexandria Ocasio-Cortez,wikipedia_article_links,https://en.wikipedia.org/wiki/AOC_(disambiguation),en.wikipedia.org,wikipedia_internal,2,AOC (disambiguation),
CASE-0381,library of Alexandria conspiracy,Alexandria Ocasio-Cortez,wikipedia_article_links,https://en.wikipedia.org/wiki/Hispanic_American_name,en.wikipedia.org,wikipedia_internal,3,Hispanic American name,
CASE-0381,library of Alexandria conspiracy,Alexandria Ocasio-Cortez,wikipedia_article_links,https://en.wikipedia.org/wiki/Surname,en.wikipedia.org,wikipedia_internal,4,surname,
CASE-0381,library of Alexandria conspiracy,Alexandria Ocasio-Cortez,wikipedia_article_links,https://en.wikipedia.org/wiki/United_States_House_of_Representatives,en.wikipedia.org,wikipedia_internal,5,U.S. House of Representatives,
CASE-0381,library of Alexandria conspiracy,Alexandria Ocasio-Cortez,wikipedia_article_links,https://en.wikipedia.org/wiki/New_York_(state),en.wikipedia.org,wikipedia_internal,6,New York,
CASE-0381,library of Alexandria conspiracy,Alexandria Ocasio-Cortez,wikipedia_article_links,https://en.wikipedia.org/wiki/New_York%27s_14th_congressional_district,en.wikipedia.org,wikipedia_internal,7,14th,
CASE-0381,library of Alexandria conspiracy,Alexandria Ocasio-Cortez,wikipedia_article_links,https://en.wikipedia.org/wiki/Incumbent,en.wikipedia.org,wikipedia_internal,8,Incumbent,
CASE-0381,library of Alexandria conspiracy,Alexandria Ocasio-Cortez,wikipedia_article_links,https://en.wikipedia.org/wiki/Joe_Crowley,en.wikipedia.org,wikipedia_internal,9,Joe Crowley,
CASE-0381,library of Alexandria conspiracy,Alexandria Ocasio-Cortez,wikipedia_article_links,https://en.wikipedia.org/wiki/New_York_City,en.wikipedia.org,wikipedia_internal,10,New York City,
CASE-0381,library of Alexandria conspiracy,Alexandria Ocasio-Cortez,wikipedia_article_links,https://en.wikipedia.org/wiki/Political_party,en.wikipedia.org,wikipedia_internal,11,Party,
CASE-0381,library of Alexandria conspiracy,Alexandria Ocasio-Cortez,wikipedia_article_links,https://en.wikipedia.org/wiki/Democratic_Party_(United_States),en.wikipedia.org,wikipedia_internal,12,Democratic,
CASE-0381,library of Alexandria conspiracy,Alexandria Ocasio-Cortez,wikipedia_article_links,https://en.wikipedia.org/wiki/Working_Families_Party,en.wikipedia.org,wikipedia_internal,13,Working Families,
CASE-0381,library of Alexandria conspiracy,Alexandria Ocasio-Cortez,wikipedia_article_links,https://en.wikipedia.org/wiki/Democratic_Socialists_of_America,en.wikipedia.org,wikipedia_internal,14,Democratic Socialists of America,
CASE-0381,library of Alexandria conspiracy,Alexandria Ocasio-Cortez,wikipedia_article_links,https://en.wikipedia.org/wiki/Boston_University,en.wikipedia.org,wikipedia_internal,15,Boston University,
CASE-0381,library of Alexandria conspiracy,Alexandria Ocasio-Cortez,wikipedia_article_links,https://en.wikipedia.org/wiki/Bachelor_of_Arts,en.wikipedia.org,wikipedia_internal,16,BA,
CASE-0381,library of Alexandria conspiracy,Alexandria Ocasio-Cortez,wikipedia_article_links,https://en.wikipedia.org/wiki/Charlie_Kirk,en.wikipedia.org,wikipedia_internal,17,Charlie Kirk,
CASE-0381,library of Alexandria conspiracy,Alexandria Ocasio-Cortez,wikipedia_article_links,https://en.wikipedia.org/wiki/U.S._representative,en.wikipedia.org,wikipedia_internal,18,U.S. representative,
CASE-0381,library of Alexandria conspiracy,Alexandria Ocasio-Cortez,wikipedia_article_links,https://en.wikipedia.org/wiki/2018_United_States_House_of_Representatives_elections_in_New_York,en.wikipedia.org,wikipedia_internal,19,2018,
CASE-0381,library of Alexandria conspiracy,Alexandria Ocasio-Cortez,wikipedia_article_links,https://en.wikipedia.org/wiki/Democratic_Caucus_Chairman_of_the_United_States_House_of_Representatives,en.wikipedia.org,wikipedia_internal,20,Democratic Caucus chair,
CASE-0382,Smithsonian giant cover up,Giant human skeletons,wikipedia_search,https://en.wikipedia.org/wiki/Giant_human_skeletons,en.wikipedia.org,wikipedia_primary,1,Giant human skeletons,
CASE-0382,Smithsonian giant cover up,Giant human skeletons,wikipedia_article_links,https://en.wikipedia.org/wiki/United_States,en.wikipedia.org,wikipedia_internal,2,United States,
CASE-0382,Smithsonian giant cover up,Giant human skeletons,wikipedia_article_links,https://en.wikipedia.org/wiki/Megafauna,en.wikipedia.org,wikipedia_internal,3,megafauna,
CASE-0382,Smithsonian giant cover up,Giant human skeletons,wikipedia_article_links,https://en.wikipedia.org/wiki/Native_Americans_in_the_United_States,en.wikipedia.org,wikipedia_internal,4,Native American,
CASE-0382,Smithsonian giant cover up,Giant human skeletons,wikipedia_article_links,https://en.wikipedia.org/wiki/Burial_mounds,en.wikipedia.org,wikipedia_internal,5,burial mounds,
CASE-0382,Smithsonian giant cover up,Giant human skeletons,wikipedia_article_links,https://en.wikipedia.org/wiki/Ale%C5%A1_Hrdli%C4%8Dka,en.wikipedia.org,wikipedia_internal,6,Aleš Hrdlička,
CASE-0382,Smithsonian giant cover up,Giant human skeletons,wikipedia_article_links,https://en.wikipedia.org/wiki/Anthropology,en.wikipedia.org,wikipedia_internal,7,anthropology,
CASE-0382,Smithsonian giant cover up,Giant human skeletons,wikipedia_article_links,https://en.wikipedia.org/wiki/Smithsonian_Institution,en.wikipedia.org,wikipedia_internal,8,Smithsonian Institution,
CASE-0382,Smithsonian giant cover up,Giant human skeletons,wikipedia_article_links,https://en.wikipedia.org/wiki/Mound_Builders,en.wikipedia.org,wikipedia_internal,9,Mound Builders,
CASE-0382,Smithsonian giant cover up,Giant human skeletons,wikipedia_article_links,https://en.wikipedia.org/wiki/Conspiracy_theory,en.wikipedia.org,wikipedia_internal,10,conspiracy theory,
CASE-0382,Smithsonian giant cover up,Giant human skeletons,wikipedia_article_links,https://en.wikipedia.org/wiki/Giant,en.wikipedia.org,wikipedia_internal,11,giants,
CASE-0382,Smithsonian giant cover up,Giant human skeletons,wikipedia_article_links,https://en.wikipedia.org/wiki/Anthropologist,en.wikipedia.org,wikipedia_internal,12,anthropologists,
CASE-0382,Smithsonian giant cover up,Giant human skeletons,wikipedia_article_links,https://en.wikipedia.org/wiki/Reuters,en.wikipedia.org,wikipedia_internal,13,Reuters,
CASE-0382,Smithsonian giant cover up,Giant human skeletons,wikipedia_article_links,https://en.wikipedia.org/wiki/Associated_Press,en.wikipedia.org,wikipedia_internal,14,Associated Press,
CASE-0382,Smithsonian giant cover up,Giant human skeletons,wikipedia_article_links,https://en.wikipedia.org/wiki/Mound_Builders#Pseudoarchaeology,en.wikipedia.org,wikipedia_internal,15,Mound Builders § Pseudoarchaeology,
CASE-0382,Smithsonian giant cover up,Giant human skeletons,wikipedia_article_links,https://en.wikipedia.org/wiki/Archaeology_and_racism#Mound_Builders,en.wikipedia.org,wikipedia_internal,16,Archaeology and racism § Mound Builders,
CASE-0382,Smithsonian giant cover up,Giant human skeletons,wikipedia_article_links,https://en.wikipedia.org/wiki/Abraham_Lincoln,en.wikipedia.org,wikipedia_internal,17,Abraham Lincoln,
CASE-0382,Smithsonian giant cover up,Giant human skeletons,wikipedia_article_links,https://en.wikipedia.org/wiki/Madoc,en.wikipedia.org,wikipedia_internal,18,Madoc,
CASE-0382,Smithsonian giant cover up,Giant human skeletons,wikipedia_article_links,https://en.wikipedia.org/wiki/Mandan,en.wikipedia.org,wikipedia_internal,19,Mandan,
CASE-0382,Smithsonian giant cover up,Giant human skeletons,wikipedia_article_links,https://en.wikipedia.org/wiki/Mississippi_River,en.wikipedia.org,wikipedia_internal,20,Mississippi Valley,
CASE-0383,Knights of Malta,Sovereign Military Order of Malta,wikipedia_search,https://en.wikipedia.org/wiki/Sovereign_Military_Order_of_Malta,en.wikipedia.org,wikipedia_primary,1,Sovereign Military Order of Malta,
CASE-0383,Knights of Malta,Sovereign Military Order of Malta,wikipedia_article_links,https://en.wikipedia.org/wiki/Knights_Hospitaller,en.wikipedia.org,wikipedia_internal,2,Knights Hospitaller,
CASE-0383,Knights of Malta,Sovereign Military Order of Malta,wikipedia_article_links,https://en.wikipedia.org/wiki/Hospitaller_Malta,en.wikipedia.org,wikipedia_internal,3,Hospitaller Malta,
CASE-0383,Knights of Malta,Sovereign Military Order of Malta,wikipedia_article_links,https://en.wikipedia.org/wiki/Malta,en.wikipedia.org,wikipedia_internal,4,Malta,
CASE-0383,Knights of Malta,Sovereign Military Order of Malta,wikipedia_article_links,https://en.wikipedia.org/wiki/Knight_of_Malta_(disambiguation),en.wikipedia.org,wikipedia_internal,5,Knight of Malta (disambiguation),
CASE-0383,Knights of Malta,Sovereign Military Order of Malta,wikipedia_article_links,https://en.wikipedia.org/wiki/Italian_language,en.wikipedia.org,wikipedia_internal,6,Italian,
CASE-0383,Knights of Malta,Sovereign Military Order of Malta,wikipedia_article_links,https://en.wikipedia.org/wiki/Latin_language,en.wikipedia.org,wikipedia_internal,7,Latin,
CASE-0383,Knights of Malta,Sovereign Military Order of Malta,wikipedia_article_links,https://en.wikipedia.org/wiki/Flag_of_the_Sovereign_Military_Order_of_Malta,en.wikipedia.org,wikipedia_internal,8,Flag,
CASE-0383,Knights of Malta,Sovereign Military Order of Malta,wikipedia_article_links,https://en.wikipedia.org/wiki/Coat_of_arms_of_the_Sovereign_Military_Order_of_Malta,en.wikipedia.org,wikipedia_internal,9,Coat of arms,
CASE-0383,Knights of Malta,Sovereign Military Order of Malta,wikipedia_article_links,https://en.wikipedia.org/wiki/Ave_Crux_Alba,en.wikipedia.org,wikipedia_internal,10,Ave Crux Alba,
CASE-0383,Knights of Malta,Sovereign Military Order of Malta,wikipedia_article_links,https://en.wikipedia.org/wiki/Extraterritoriality,en.wikipedia.org,wikipedia_internal,11,Extraterritorial,
CASE-0383,Knights of Malta,Sovereign Military Order of Malta,wikipedia_article_links,https://en.wikipedia.org/wiki/Rome,en.wikipedia.org,wikipedia_internal,12,Rome,
CASE-0383,Knights of Malta,Sovereign Military Order of Malta,wikipedia_article_links,https://en.wikipedia.org/wiki/Palazzo_Malta,en.wikipedia.org,wikipedia_internal,13,Palazzo Malta,
CASE-0383,Knights of Malta,Sovereign Military Order of Malta,wikipedia_article_links,https://en.wikipedia.org/wiki/Villa_del_Priorato_di_Malta,en.wikipedia.org,wikipedia_internal,14,Villa del Priorato di Malta,
CASE-0383,Knights of Malta,Sovereign Military Order of Malta,wikipedia_article_links,https://en.wikipedia.org/wiki/Roman_Catholic_Church,en.wikipedia.org,wikipedia_internal,15,Roman Catholicism,
CASE-0383,Knights of Malta,Sovereign Military Order of Malta,wikipedia_article_links,https://en.wikipedia.org/wiki/Grand_Master_of_the_Sovereign_Military_Order_of_Malta,en.wikipedia.org,wikipedia_internal,16,Prince & Grand Master,
CASE-0383,Knights of Malta,Sovereign Military Order of Malta,wikipedia_article_links,https://en.wikipedia.org/wiki/John_T._Dunlap,en.wikipedia.org,wikipedia_internal,17,John T. Dunlap,
CASE-0383,Knights of Malta,Sovereign Military Order of Malta,wikipedia_article_links,https://en.wikipedia.org/wiki/Commander_(order),en.wikipedia.org,wikipedia_internal,18,Grand Commander,
CASE-0383,Knights of Malta,Sovereign Military Order of Malta,wikipedia_article_links,https://en.wikipedia.org/wiki/Emmanuel_Rousseau,en.wikipedia.org,wikipedia_internal,19,Emmanuel Rousseau,
CASE-0383,Knights of Malta,Sovereign Military Order of Malta,wikipedia_article_links,https://en.wikipedia.org/wiki/Chancellor,en.wikipedia.org,wikipedia_internal,20,Grand Chancellor,
CASE-0384,Opus Dei conspiracy,Opus Dei,wikipedia_search,https://en.wikipedia.org/wiki/Opus_Dei,en.wikipedia.org,wikipedia_primary,1,Opus Dei,
CASE-0384,Opus Dei conspiracy,Opus Dei,wikipedia_article_links,https://en.wikipedia.org/wiki/Opus_Dei_(disambiguation),en.wikipedia.org,wikipedia_internal,2,Opus Dei (disambiguation),
CASE-0384,Opus Dei conspiracy,Opus Dei,wikipedia_article_links,https://en.wikipedia.org/wiki/Seal_(emblem),en.wikipedia.org,wikipedia_internal,3,Seal,
CASE-0384,Opus Dei conspiracy,Opus Dei,wikipedia_article_links,https://en.wikipedia.org/wiki/Rome,en.wikipedia.org,wikipedia_internal,4,Rome,
CASE-0384,Opus Dei conspiracy,Opus Dei,wikipedia_article_links,https://en.wikipedia.org/wiki/Josemar%C3%ADa_Escriv%C3%A1,en.wikipedia.org,wikipedia_internal,5,Josemaría Escrivá,
CASE-0384,Opus Dei conspiracy,Opus Dei,wikipedia_article_links,https://en.wikipedia.org/wiki/Prelate,en.wikipedia.org,wikipedia_internal,6,Prelate,
CASE-0384,Opus Dei conspiracy,Opus Dei,wikipedia_article_links,https://en.wikipedia.org/wiki/Fernando_Oc%C3%A1riz_Bra%C3%B1a,en.wikipedia.org,wikipedia_internal,7,Fernando Ocáriz Braña,
CASE-0384,Opus Dei conspiracy,Opus Dei,wikipedia_article_links,https://en.wikipedia.org/wiki/Catholic_Church,en.wikipedia.org,wikipedia_internal,8,Catholic Church,
CASE-0384,Opus Dei conspiracy,Opus Dei,wikipedia_article_links,https://en.wikipedia.org/wiki/Latin_language,en.wikipedia.org,wikipedia_internal,9,Latin,
CASE-0384,Opus Dei conspiracy,Opus Dei,wikipedia_article_links,https://en.wikipedia.org/wiki/Personal_prelature,en.wikipedia.org,wikipedia_internal,10,personal prelature,
CASE-0384,Opus Dei conspiracy,Opus Dei,wikipedia_article_links,https://en.wikipedia.org/wiki/Pope_Pius_XII,en.wikipedia.org,wikipedia_internal,11,Pope Pius XII,
CASE-0384,Opus Dei conspiracy,Opus Dei,wikipedia_article_links,https://en.wikipedia.org/wiki/Pope_John_Paul_II,en.wikipedia.org,wikipedia_internal,12,Pope John Paul II,
CASE-0384,Opus Dei conspiracy,Opus Dei,wikipedia_article_links,https://en.wikipedia.org/wiki/Apostolic_constitution,en.wikipedia.org,wikipedia_internal,13,apostolic constitution,
CASE-0384,Opus Dei conspiracy,Opus Dei,wikipedia_article_links,https://en.wikipedia.org/wiki/Opus_Dei_and_Catholic_Church_leaders,en.wikipedia.org,wikipedia_internal,14,institutional support,
CASE-0384,Opus Dei conspiracy,Opus Dei,wikipedia_article_links,https://en.wikipedia.org/wiki/Controversies_about_Opus_Dei,en.wikipedia.org,wikipedia_internal,15,controversial,
CASE-0384,Opus Dei conspiracy,Opus Dei,wikipedia_article_links,https://en.wikipedia.org/wiki/Secular_clergy,en.wikipedia.org,wikipedia_internal,16,secular priests,
CASE-0384,Opus Dei conspiracy,Opus Dei,wikipedia_article_links,https://en.wikipedia.org/wiki/Ecclesiastical_Latin,en.wikipedia.org,wikipedia_internal,17,Latin,
CASE-0384,Opus Dei conspiracy,Opus Dei,wikipedia_article_links,https://en.wikipedia.org/wiki/Prelature,en.wikipedia.org,wikipedia_internal,18,prelature,
CASE-0384,Opus Dei conspiracy,Opus Dei,wikipedia_article_links,https://en.wikipedia.org/wiki/Catholic_spirituality,en.wikipedia.org,wikipedia_internal,19,Catholic spirituality,
CASE-0384,Opus Dei conspiracy,Opus Dei,wikipedia_article_links,https://en.wikipedia.org/wiki/Timeline_of_Opus_Dei,en.wikipedia.org,wikipedia_internal,20,Timeline of Opus Dei,
CASE-0385,Priory of Sion,Priory of Sion,wikipedia_search,https://en.wikipedia.org/wiki/Priory_of_Sion,en.wikipedia.org,wikipedia_primary,1,Priory of Sion,
CASE-0385,Priory of Sion,Priory of Sion,wikipedia_article_links,https://en.wikipedia.org/wiki/Syon_Abbey,en.wikipedia.org,wikipedia_internal,2,Syon Abbey,
CASE-0385,Priory of Sion,Priory of Sion,wikipedia_article_links,https://en.wikipedia.org/wiki/Sion_Abbey_(Netherlands),en.wikipedia.org,wikipedia_internal,3,Sion Abbey (Netherlands),
CASE-0385,Priory of Sion,Priory of Sion,wikipedia_article_links,https://en.wikipedia.org/wiki/Canons_regular#Canons_Regular_of_Saint_Augustine_(Chapter_of_Sion),en.wikipedia.org,wikipedia_internal,4,Canons regular § Canons Regular of Saint Augustine (Chapter of Sion),
CASE-0385,Priory of Sion,Priory of Sion,wikipedia_article_links,https://en.wikipedia.org/wiki/Abbey_of_the_Dormition#Abbey_of_Hagia_Maria_Sion,en.wikipedia.org,wikipedia_internal,5,Abbey of the Dormition § Abbey of Hagia Maria Sion,
CASE-0385,Priory of Sion,Priory of Sion,wikipedia_article_links,https://en.wikipedia.org/wiki/Emblem,en.wikipedia.org,wikipedia_internal,6,emblem,
CASE-0385,Priory of Sion,Priory of Sion,wikipedia_article_links,https://en.wikipedia.org/wiki/Fleur-de-lis,en.wikipedia.org,wikipedia_internal,7,fleur-de-lis,
CASE-0385,Priory of Sion,Priory of Sion,wikipedia_article_links,https://en.wikipedia.org/wiki/French_monarchy,en.wikipedia.org,wikipedia_internal,8,French monarchy,
CASE-0385,Priory of Sion,Priory of Sion,wikipedia_article_links,https://en.wikipedia.org/wiki/Fraternal_organisation,en.wikipedia.org,wikipedia_internal,9,fraternal organisation,
CASE-0385,Priory of Sion,Priory of Sion,wikipedia_article_links,https://en.wikipedia.org/wiki/France,en.wikipedia.org,wikipedia_internal,10,France,
CASE-0385,Priory of Sion,Priory of Sion,wikipedia_article_links,https://en.wikipedia.org/wiki/Pierre_Plantard,en.wikipedia.org,wikipedia_internal,11,Pierre Plantard,
CASE-0385,Priory of Sion,Priory of Sion,wikipedia_article_links,https://en.wikipedia.org/wiki/Chivalric_order,en.wikipedia.org,wikipedia_internal,12,chivalric order,
CASE-0385,Priory of Sion,Priory of Sion,wikipedia_article_links,https://en.wikipedia.org/wiki/Self-styled_order,en.wikipedia.org,wikipedia_internal,13,self-styled order,
CASE-0385,Priory of Sion,Priory of Sion,wikipedia_article_links,https://en.wikipedia.org/wiki/Front_organisation,en.wikipedia.org,wikipedia_internal,14,front,
CASE-0385,Priory of Sion,Priory of Sion,wikipedia_article_links,https://en.wikipedia.org/wiki/Secret_society,en.wikipedia.org,wikipedia_internal,15,secret society,
CASE-0385,Priory of Sion,Priory of Sion,wikipedia_article_links,https://en.wikipedia.org/wiki/Godfrey_of_Bouillon,en.wikipedia.org,wikipedia_internal,16,Godfrey of Bouillon,
CASE-0385,Priory of Sion,Priory of Sion,wikipedia_article_links,https://en.wikipedia.org/wiki/Mount_Zion,en.wikipedia.org,wikipedia_internal,17,Mount Zion,
CASE-0385,Priory of Sion,Priory of Sion,wikipedia_article_links,https://en.wikipedia.org/wiki/Kingdom_of_Jerusalem,en.wikipedia.org,wikipedia_internal,18,Kingdom of Jerusalem,
CASE-0385,Priory of Sion,Priory of Sion,wikipedia_article_links,https://en.wikipedia.org/wiki/Order_of_Sion,en.wikipedia.org,wikipedia_internal,19,order,
CASE-0385,Priory of Sion,Priory of Sion,wikipedia_article_links,https://en.wikipedia.org/wiki/Abbey_of_Our_Lady_of_Mount_Zion,en.wikipedia.org,wikipedia_internal,20,Abbey of Our Lady of Mount Zion,
CASE-0386,Rosicrucians,Rosicrucianism,wikipedia_search,https://en.wikipedia.org/wiki/Rosicrucianism,en.wikipedia.org,wikipedia_primary,1,Rosicrucianism,
CASE-0386,Rosicrucians,Rosicrucianism,wikipedia_article_links,https://en.wikipedia.org/wiki/Rose_Cross,en.wikipedia.org,wikipedia_internal,2,Rose Cross,
CASE-0386,Rosicrucians,Rosicrucianism,wikipedia_article_links,https://en.wikipedia.org/wiki/Hermeticism,en.wikipedia.org,wikipedia_internal,3,Hermeticism,
CASE-0386,Rosicrucians,Rosicrucianism,wikipedia_article_links,https://en.wikipedia.org/wiki/Hermes_Trismegistus,en.wikipedia.org,wikipedia_internal,4,Hermes Trismegistus,
CASE-0386,Rosicrucians,Rosicrucianism,wikipedia_article_links,https://en.wikipedia.org/wiki/Hermetica,en.wikipedia.org,wikipedia_internal,5,Hermetic writings,
CASE-0386,Rosicrucians,Rosicrucianism,wikipedia_article_links,https://en.wikipedia.org/wiki/Liber_Hermetis_(astrological),en.wikipedia.org,wikipedia_internal,6,Liber Hermetis (astrological),
CASE-0386,Rosicrucians,Rosicrucianism,wikipedia_article_links,https://en.wikipedia.org/wiki/Definitions_of_Hermes_Trismegistus_to_Asclepius,en.wikipedia.org,wikipedia_internal,7,Definitions of Hermes Trismegistus,
CASE-0386,Rosicrucians,Rosicrucianism,wikipedia_article_links,https://en.wikipedia.org/wiki/Corpus_Hermeticum,en.wikipedia.org,wikipedia_internal,8,Corpus Hermeticum,
CASE-0386,Rosicrucians,Rosicrucianism,wikipedia_article_links,https://en.wikipedia.org/wiki/Poimandres,en.wikipedia.org,wikipedia_internal,9,Poimandres,
CASE-0386,Rosicrucians,Rosicrucianism,wikipedia_article_links,https://en.wikipedia.org/wiki/Asclepius_(treatise),en.wikipedia.org,wikipedia_internal,10,Asclepius,
CASE-0386,Rosicrucians,Rosicrucianism,wikipedia_article_links,https://en.wikipedia.org/wiki/Centiloquium_Hermetis,en.wikipedia.org,wikipedia_internal,11,Centiloquium Hermetis,
CASE-0386,Rosicrucians,Rosicrucianism,wikipedia_article_links,https://en.wikipedia.org/wiki/The_Discourse_on_the_Eighth_and_Ninth,en.wikipedia.org,wikipedia_internal,12,Discourse on the Eighth and Ninth,
CASE-0386,Rosicrucians,Rosicrucianism,wikipedia_article_links,https://en.wikipedia.org/wiki/Prayer_of_Thanksgiving,en.wikipedia.org,wikipedia_internal,13,Prayer of Thanksgiving,
CASE-0386,Rosicrucians,Rosicrucianism,wikipedia_article_links,https://en.wikipedia.org/wiki/Kore_kosmou,en.wikipedia.org,wikipedia_internal,14,Korē kosmou,
CASE-0386,Rosicrucians,Rosicrucianism,wikipedia_article_links,https://en.wikipedia.org/wiki/Cyranides,en.wikipedia.org,wikipedia_internal,15,Cyranides,
CASE-0386,Rosicrucians,Rosicrucianism,wikipedia_article_links,https://en.wikipedia.org/wiki/Liber_de_stellis_beibeniis,en.wikipedia.org,wikipedia_internal,16,The Book of the Secrets of the Stars,
CASE-0386,Rosicrucians,Rosicrucianism,wikipedia_article_links,https://en.wikipedia.org/wiki/Sirr_al-khaliqa,en.wikipedia.org,wikipedia_internal,17,The Secret of Creation,
CASE-0386,Rosicrucians,Rosicrucianism,wikipedia_article_links,https://en.wikipedia.org/wiki/Emerald_Tablet,en.wikipedia.org,wikipedia_internal,18,Emerald Tablet,
CASE-0386,Rosicrucians,Rosicrucianism,wikipedia_article_links,https://en.wikipedia.org/wiki/Kitab_al-Istamakhis,en.wikipedia.org,wikipedia_internal,19,Kitāb al-Isṭamākhīs,
CASE-0386,Rosicrucians,Rosicrucianism,wikipedia_article_links,https://en.wikipedia.org/wiki/Liber_Hermetis_de_alchemia,en.wikipedia.org,wikipedia_internal,20,Liber Hermetis de alchemia,
CASE-0387,Order of the Eastern Star,Order of the Eastern Star,wikipedia_search,https://en.wikipedia.org/wiki/Order_of_the_Eastern_Star,en.wikipedia.org,wikipedia_primary,1,Order of the Eastern Star,
CASE-0387,Order of the Eastern Star,Order of the Eastern Star,wikipedia_article_links,https://en.wikipedia.org/wiki/Order_of_the_Star_in_the_East,en.wikipedia.org,wikipedia_internal,2,Order of the Star in the East,
CASE-0387,Order of the Eastern Star,Order of the Eastern Star,wikipedia_article_links,https://en.wikipedia.org/wiki/Eureka_Masonic_College,en.wikipedia.org,wikipedia_internal,3,Eureka Masonic College,
CASE-0387,Order of the Eastern Star,Order of the Eastern Star,wikipedia_article_links,https://en.wikipedia.org/wiki/Freemasonry,en.wikipedia.org,wikipedia_internal,4,Freemasonry,
CASE-0387,Order of the Eastern Star,Order of the Eastern Star,wikipedia_article_links,https://en.wikipedia.org/wiki/Grand_Lodge,en.wikipedia.org,wikipedia_internal,5,Grand Lodge,
CASE-0387,Order of the Eastern Star,Order of the Eastern Star,wikipedia_article_links,https://en.wikipedia.org/wiki/Masonic_lodge,en.wikipedia.org,wikipedia_internal,6,Masonic lodge,
CASE-0387,Order of the Eastern Star,Order of the Eastern Star,wikipedia_article_links,https://en.wikipedia.org/wiki/Masonic_lodge_officers,en.wikipedia.org,wikipedia_internal,7,Masonic lodge officers,
CASE-0387,Order of the Eastern Star,Order of the Eastern Star,wikipedia_article_links,https://en.wikipedia.org/wiki/Grand_Master_(Freemasonry),en.wikipedia.org,wikipedia_internal,8,Grand Master,
CASE-0387,Order of the Eastern Star,Order of the Eastern Star,wikipedia_article_links,https://en.wikipedia.org/wiki/Prince_Hall_Freemasonry,en.wikipedia.org,wikipedia_internal,9,Prince Hall Freemasonry,
CASE-0387,Order of the Eastern Star,Order of the Eastern Star,wikipedia_article_links,https://en.wikipedia.org/wiki/Regular_Masonic_jurisdiction,en.wikipedia.org,wikipedia_internal,10,Regular Masonic jurisdiction,
CASE-0387,Order of the Eastern Star,Order of the Eastern Star,wikipedia_article_links,https://en.wikipedia.org/wiki/Anglo-American_Freemasonry,en.wikipedia.org,wikipedia_internal,11,Anglo-American Freemasonry,
CASE-0387,Order of the Eastern Star,Order of the Eastern Star,wikipedia_article_links,https://en.wikipedia.org/wiki/Continental_Freemasonry,en.wikipedia.org,wikipedia_internal,12,Continental Freemasonry,
CASE-0387,Order of the Eastern Star,Order of the Eastern Star,wikipedia_article_links,https://en.wikipedia.org/wiki/History_of_Freemasonry,en.wikipedia.org,wikipedia_internal,13,History,
CASE-0387,Order of the Eastern Star,Order of the Eastern Star,wikipedia_article_links,https://en.wikipedia.org/wiki/Libert%C3%A9_ch%C3%A9rie,en.wikipedia.org,wikipedia_internal,14,Liberté chérie,
CASE-0387,Order of the Eastern Star,Order of the Eastern Star,wikipedia_article_links,https://en.wikipedia.org/wiki/Masonic_manuscripts,en.wikipedia.org,wikipedia_internal,15,Masonic manuscripts,
CASE-0387,Order of the Eastern Star,Order of the Eastern Star,wikipedia_article_links,https://en.wikipedia.org/wiki/Masonic_bodies,en.wikipedia.org,wikipedia_internal,16,Masonic bodies,
CASE-0387,Order of the Eastern Star,Order of the Eastern Star,wikipedia_article_links,https://en.wikipedia.org/wiki/York_Rite,en.wikipedia.org,wikipedia_internal,17,York Rite,
CASE-0387,Order of the Eastern Star,Order of the Eastern Star,wikipedia_article_links,https://en.wikipedia.org/wiki/Order_of_Mark_Master_Masons,en.wikipedia.org,wikipedia_internal,18,Order of Mark Master Masons,
CASE-0387,Order of the Eastern Star,Order of the Eastern Star,wikipedia_article_links,https://en.wikipedia.org/wiki/Holy_Royal_Arch,en.wikipedia.org,wikipedia_internal,19,Holy Royal Arch,
CASE-0387,Order of the Eastern Star,Order of the Eastern Star,wikipedia_article_links,https://en.wikipedia.org/wiki/Royal_Arch_Masonry,en.wikipedia.org,wikipedia_internal,20,Royal Arch Masonry,
CASE-0388,Shriners conspiracy,Shriners,wikipedia_search,https://en.wikipedia.org/wiki/Shriners,en.wikipedia.org,wikipedia_primary,1,Shriners,
CASE-0388,Shriners conspiracy,Shriners,wikipedia_article_links,https://en.wikipedia.org/wiki/Schreiner_(disambiguation),en.wikipedia.org,wikipedia_internal,2,Schreiner (disambiguation),
CASE-0388,Shriners conspiracy,Shriners,wikipedia_article_links,https://en.wikipedia.org/wiki/Nobles_of_the_Mystic_Shrine_(march),en.wikipedia.org,wikipedia_internal,3,Nobles of the Mystic Shrine (march),
CASE-0388,Shriners conspiracy,Shriners,wikipedia_article_links,https://en.wikipedia.org/wiki/Freemasonry,en.wikipedia.org,wikipedia_internal,4,Freemasonry,
CASE-0388,Shriners conspiracy,Shriners,wikipedia_article_links,https://en.wikipedia.org/wiki/Grand_Lodge,en.wikipedia.org,wikipedia_internal,5,Grand Lodge,
CASE-0388,Shriners conspiracy,Shriners,wikipedia_article_links,https://en.wikipedia.org/wiki/Masonic_lodge,en.wikipedia.org,wikipedia_internal,6,Masonic lodge,
CASE-0388,Shriners conspiracy,Shriners,wikipedia_article_links,https://en.wikipedia.org/wiki/Masonic_lodge_officers,en.wikipedia.org,wikipedia_internal,7,Masonic lodge officers,
CASE-0388,Shriners conspiracy,Shriners,wikipedia_article_links,https://en.wikipedia.org/wiki/Grand_Master_(Freemasonry),en.wikipedia.org,wikipedia_internal,8,Grand Master,
CASE-0388,Shriners conspiracy,Shriners,wikipedia_article_links,https://en.wikipedia.org/wiki/Prince_Hall_Freemasonry,en.wikipedia.org,wikipedia_internal,9,Prince Hall Freemasonry,
CASE-0388,Shriners conspiracy,Shriners,wikipedia_article_links,https://en.wikipedia.org/wiki/Regular_Masonic_jurisdiction,en.wikipedia.org,wikipedia_internal,10,Regular Masonic jurisdiction,
CASE-0388,Shriners conspiracy,Shriners,wikipedia_article_links,https://en.wikipedia.org/wiki/Anglo-American_Freemasonry,en.wikipedia.org,wikipedia_internal,11,Anglo-American Freemasonry,
CASE-0388,Shriners conspiracy,Shriners,wikipedia_article_links,https://en.wikipedia.org/wiki/Continental_Freemasonry,en.wikipedia.org,wikipedia_internal,12,Continental Freemasonry,
CASE-0388,Shriners conspiracy,Shriners,wikipedia_article_links,https://en.wikipedia.org/wiki/History_of_Freemasonry,en.wikipedia.org,wikipedia_internal,13,History,
CASE-0388,Shriners conspiracy,Shriners,wikipedia_article_links,https://en.wikipedia.org/wiki/Libert%C3%A9_ch%C3%A9rie,en.wikipedia.org,wikipedia_internal,14,Liberté chérie,
CASE-0388,Shriners conspiracy,Shriners,wikipedia_article_links,https://en.wikipedia.org/wiki/Masonic_manuscripts,en.wikipedia.org,wikipedia_internal,15,Masonic manuscripts,
CASE-0388,Shriners conspiracy,Shriners,wikipedia_article_links,https://en.wikipedia.org/wiki/Masonic_bodies,en.wikipedia.org,wikipedia_internal,16,Masonic bodies,
CASE-0388,Shriners conspiracy,Shriners,wikipedia_article_links,https://en.wikipedia.org/wiki/York_Rite,en.wikipedia.org,wikipedia_internal,17,York Rite,
CASE-0388,Shriners conspiracy,Shriners,wikipedia_article_links,https://en.wikipedia.org/wiki/Order_of_Mark_Master_Masons,en.wikipedia.org,wikipedia_internal,18,Order of Mark Master Masons,
CASE-0388,Shriners conspiracy,Shriners,wikipedia_article_links,https://en.wikipedia.org/wiki/Holy_Royal_Arch,en.wikipedia.org,wikipedia_internal,19,Holy Royal Arch,
CASE-0388,Shriners conspiracy,Shriners,wikipedia_article_links,https://en.wikipedia.org/wiki/Royal_Arch_Masonry,en.wikipedia.org,wikipedia_internal,20,Royal Arch Masonry,
CASE-0389,Thule Society,Thule Society,wikipedia_search,https://en.wikipedia.org/wiki/Thule_Society,en.wikipedia.org,wikipedia_primary,1,Thule Society,
CASE-0389,Thule Society,Thule Society,wikipedia_article_links,https://en.wikipedia.org/wiki/Party_leader,en.wikipedia.org,wikipedia_internal,2,Leader,
CASE-0389,Thule Society,Thule Society,wikipedia_article_links,https://en.wikipedia.org/wiki/Rudolf_von_Sebottendorf,en.wikipedia.org,wikipedia_internal,3,Rudolf von Sebottendorf,
CASE-0389,Thule Society,Thule Society,wikipedia_article_links,https://en.wikipedia.org/wiki/Germanenorden,en.wikipedia.org,wikipedia_internal,4,Germanenorden,
CASE-0389,Thule Society,Thule Society,wikipedia_article_links,https://en.wikipedia.org/wiki/Berlin,en.wikipedia.org,wikipedia_internal,5,Berlin,
CASE-0389,Thule Society,Thule Society,wikipedia_article_links,https://en.wikipedia.org/wiki/Weimar_Republic,en.wikipedia.org,wikipedia_internal,6,Germany,
CASE-0389,Thule Society,Thule Society,wikipedia_article_links,https://en.wikipedia.org/wiki/M%C3%BCnchener_Beobachter,en.wikipedia.org,wikipedia_internal,7,Münchener Beobachter,
CASE-0389,Thule Society,Thule Society,wikipedia_article_links,https://en.wikipedia.org/wiki/List_of_political_ideologies,en.wikipedia.org,wikipedia_internal,8,Ideology,
CASE-0389,Thule Society,Thule Society,wikipedia_article_links,https://en.wikipedia.org/wiki/Anti-communism,en.wikipedia.org,wikipedia_internal,9,Anti-communism,
CASE-0389,Thule Society,Thule Society,wikipedia_article_links,https://en.wikipedia.org/wiki/National_mysticism,en.wikipedia.org,wikipedia_internal,10,National mysticism,
CASE-0389,Thule Society,Thule Society,wikipedia_article_links,https://en.wikipedia.org/wiki/Racial_antisemitism,en.wikipedia.org,wikipedia_internal,11,Racial antisemitism,
CASE-0389,Thule Society,Thule Society,wikipedia_article_links,https://en.wikipedia.org/wiki/Political_spectrum,en.wikipedia.org,wikipedia_internal,12,Political position,
CASE-0389,Thule Society,Thule Society,wikipedia_article_links,https://en.wikipedia.org/wiki/Far-right_politics,en.wikipedia.org,wikipedia_internal,13,Far-right,
CASE-0389,Thule Society,Thule Society,wikipedia_article_links,https://en.wikipedia.org/wiki/Politics_of_Germany,en.wikipedia.org,wikipedia_internal,14,Politics of Germany,
CASE-0389,Thule Society,Thule Society,wikipedia_article_links,https://en.wikipedia.org/wiki/List_of_political_parties_in_Germany,en.wikipedia.org,wikipedia_internal,15,Political parties,
CASE-0389,Thule Society,Thule Society,wikipedia_article_links,https://en.wikipedia.org/wiki/Elections_in_Germany,en.wikipedia.org,wikipedia_internal,16,Elections,
CASE-0389,Thule Society,Thule Society,wikipedia_article_links,https://en.wikipedia.org/wiki/German_language,en.wikipedia.org,wikipedia_internal,17,German,
CASE-0389,Thule Society,Thule Society,wikipedia_article_links,https://en.wikipedia.org/wiki/Germanic_peoples,en.wikipedia.org,wikipedia_internal,18,Germanic,
CASE-0389,Thule Society,Thule Society,wikipedia_article_links,https://en.wikipedia.org/wiki/Occult,en.wikipedia.org,wikipedia_internal,19,occultist,
CASE-0389,Thule Society,Thule Society,wikipedia_article_links,https://en.wikipedia.org/wiki/V%C3%B6lkisch_movement,en.wikipedia.org,wikipedia_internal,20,Völkisch,
CASE-0390,Vril Society,Vril Society,wikipedia_search,https://en.wikipedia.org/wiki/Vril_Society,en.wikipedia.org,wikipedia_primary,1,Vril Society,
CASE-0390,Vril Society,Vril Society,wikipedia_article_links,https://en.wikipedia.org/wiki/Secret_society,en.wikipedia.org,wikipedia_internal,2,secret society,
CASE-0390,Vril Society,Vril Society,wikipedia_article_links,https://en.wikipedia.org/wiki/Conspiracy_theory,en.wikipedia.org,wikipedia_internal,3,conspiracy theories,
CASE-0390,Vril Society,Vril Society,wikipedia_article_links,https://en.wikipedia.org/wiki/Pseudohistory,en.wikipedia.org,wikipedia_internal,4,pseudohistorical,
CASE-0390,Vril Society,Vril Society,wikipedia_article_links,https://en.wikipedia.org/wiki/The_Morning_of_the_Magicians,en.wikipedia.org,wikipedia_internal,5,The Morning of the Magicians,
CASE-0390,Vril Society,Vril Society,wikipedia_article_links,https://en.wikipedia.org/wiki/Nazism,en.wikipedia.org,wikipedia_internal,6,Nazism,
CASE-0390,Vril Society,Vril Society,wikipedia_article_links,https://en.wikipedia.org/wiki/Supernatural,en.wikipedia.org,wikipedia_internal,7,supernatural,
CASE-0390,Vril Society,Vril Society,wikipedia_article_links,https://en.wikipedia.org/wiki/Flying_machine,en.wikipedia.org,wikipedia_internal,8,flying machines,
CASE-0390,Vril Society,Vril Society,wikipedia_article_links,https://en.wikipedia.org/wiki/Nazi_era,en.wikipedia.org,wikipedia_internal,9,Nazi era,
CASE-0390,Vril Society,Vril Society,wikipedia_article_links,https://en.wikipedia.org/wiki/Nazi_UFOs,en.wikipedia.org,wikipedia_internal,10,Reichsflugscheiben,
CASE-0390,Vril Society,Vril Society,wikipedia_article_links,https://en.wikipedia.org/wiki/Nicholas_Goodrick-Clarke,en.wikipedia.org,wikipedia_internal,11,Nicholas Goodrick-Clarke,
CASE-0390,Vril Society,Vril Society,wikipedia_article_links,https://en.wikipedia.org/wiki/Giorgio_Galli_(historian),en.wikipedia.org,wikipedia_internal,12,Giorgio Galli,
CASE-0390,Vril Society,Vril Society,wikipedia_article_links,https://en.wikipedia.org/wiki/Legend,en.wikipedia.org,wikipedia_internal,13,legends,
CASE-0390,Vril Society,Vril Society,wikipedia_article_links,https://en.wikipedia.org/wiki/Occultism_in_Nazism,en.wikipedia.org,wikipedia_internal,14,occult influences on nazism,
CASE-0390,Vril Society,Vril Society,wikipedia_article_links,https://en.wikipedia.org/wiki/Edward_Bulwer-Lytton,en.wikipedia.org,wikipedia_internal,15,Edward Bulwer-Lytton,
CASE-0390,Vril Society,Vril Society,wikipedia_article_links,https://en.wikipedia.org/wiki/The_Coming_Race,en.wikipedia.org,wikipedia_internal,16,The Coming Race,
CASE-0390,Vril Society,Vril Society,wikipedia_article_links,https://en.wikipedia.org/wiki/Virilis,en.wikipedia.org,wikipedia_internal,17,virilis,
CASE-0390,Vril Society,Vril Society,wikipedia_article_links,https://en.wikipedia.org/wiki/Vital_energy,en.wikipedia.org,wikipedia_internal,18,vital energy,
CASE-0390,Vril Society,Vril Society,wikipedia_article_links,https://en.wikipedia.org/wiki/Telepathy,en.wikipedia.org,wikipedia_internal,19,telepathy,
CASE-0390,Vril Society,Vril Society,wikipedia_article_links,https://en.wikipedia.org/wiki/Telekinesis,en.wikipedia.org,wikipedia_internal,20,telekinesis,
CASE-0391,Golden Dawn occult,Hermetic Order of the Golden Dawn,wikipedia_search,https://en.wikipedia.org/wiki/Hermetic_Order_of_the_Golden_Dawn,en.wikipedia.org,wikipedia_primary,1,Hermetic Order of the Golden Dawn,
CASE-0391,Golden Dawn occult,Hermetic Order of the Golden Dawn,wikipedia_article_links,https://en.wikipedia.org/wiki/Golden_Dawn_(disambiguation),en.wikipedia.org,wikipedia_internal,2,Golden Dawn,
CASE-0391,Golden Dawn occult,Hermetic Order of the Golden Dawn,wikipedia_article_links,https://en.wikipedia.org/wiki/Rose_Cross#Golden_Dawn,en.wikipedia.org,wikipedia_internal,3,Rose Cross,
CASE-0391,Golden Dawn occult,Hermetic Order of the Golden Dawn,wikipedia_article_links,https://en.wikipedia.org/wiki/Alpha_et_Omega,en.wikipedia.org,wikipedia_internal,4,Alpha et Omega,
CASE-0391,Golden Dawn occult,Hermetic Order of the Golden Dawn,wikipedia_article_links,https://en.wikipedia.org/wiki/Stella_Matutina,en.wikipedia.org,wikipedia_internal,5,Stella Matutina,
CASE-0391,Golden Dawn occult,Hermetic Order of the Golden Dawn,wikipedia_article_links,https://en.wikipedia.org/wiki/Isis-Urania_Temple,en.wikipedia.org,wikipedia_internal,6,Isis-Urania Temple,
CASE-0391,Golden Dawn occult,Hermetic Order of the Golden Dawn,wikipedia_article_links,https://en.wikipedia.org/wiki/Builders_of_the_Adytum,en.wikipedia.org,wikipedia_internal,7,Builders of the Adytum,
CASE-0391,Golden Dawn occult,Hermetic Order of the Golden Dawn,wikipedia_article_links,https://en.wikipedia.org/wiki/A%E2%88%B4A%E2%88%B4,en.wikipedia.org,wikipedia_internal,8,A∴A∴,
CASE-0391,Golden Dawn occult,Hermetic Order of the Golden Dawn,wikipedia_article_links,https://en.wikipedia.org/wiki/Magical_organization,en.wikipedia.org,wikipedia_internal,9,Magical organization,
CASE-0391,Golden Dawn occult,Hermetic Order of the Golden Dawn,wikipedia_article_links,https://en.wikipedia.org/wiki/London,en.wikipedia.org,wikipedia_internal,10,London,
CASE-0391,Golden Dawn occult,Hermetic Order of the Golden Dawn,wikipedia_article_links,https://en.wikipedia.org/wiki/United_Kingdom,en.wikipedia.org,wikipedia_internal,11,United Kingdom,
CASE-0391,Golden Dawn occult,Hermetic Order of the Golden Dawn,wikipedia_article_links,https://en.wikipedia.org/wiki/William_Wynn_Westcott,en.wikipedia.org,wikipedia_internal,12,William Wynn Westcott,
CASE-0391,Golden Dawn occult,Hermetic Order of the Golden Dawn,wikipedia_article_links,https://en.wikipedia.org/wiki/Samuel_Liddell_MacGregor_Mathers,en.wikipedia.org,wikipedia_internal,13,Samuel Liddell MacGregor Mathers,
CASE-0391,Golden Dawn occult,Hermetic Order of the Golden Dawn,wikipedia_article_links,https://en.wikipedia.org/wiki/William_Robert_Woodman,en.wikipedia.org,wikipedia_internal,14,William Robert Woodman,
CASE-0391,Golden Dawn occult,Hermetic Order of the Golden Dawn,wikipedia_article_links,https://en.wikipedia.org/wiki/Allan_Bennett,en.wikipedia.org,wikipedia_internal,15,Allan Bennett,
CASE-0391,Golden Dawn occult,Hermetic Order of the Golden Dawn,wikipedia_article_links,https://en.wikipedia.org/wiki/Florence_Farr,en.wikipedia.org,wikipedia_internal,16,Florence Farr,
CASE-0391,Golden Dawn occult,Hermetic Order of the Golden Dawn,wikipedia_article_links,https://en.wikipedia.org/wiki/Henry_B._Pullen_Burry,en.wikipedia.org,wikipedia_internal,17,Henry B. Pullen Burry,
CASE-0391,Golden Dawn occult,Hermetic Order of the Golden Dawn,wikipedia_article_links,https://en.wikipedia.org/wiki/A._E._Waite,en.wikipedia.org,wikipedia_internal,18,A. E. Waite,
CASE-0391,Golden Dawn occult,Hermetic Order of the Golden Dawn,wikipedia_article_links,https://en.wikipedia.org/wiki/Astrology,en.wikipedia.org,wikipedia_internal,19,Astrology,
CASE-0391,Golden Dawn occult,Hermetic Order of the Golden Dawn,wikipedia_article_links,https://en.wikipedia.org/wiki/Body_of_light,en.wikipedia.org,wikipedia_internal,20,Body of light,
CASE-0392,Ordo Templi Orientis,Ordo Templi Orientis,wikipedia_search,https://en.wikipedia.org/wiki/Ordo_Templi_Orientis,en.wikipedia.org,wikipedia_primary,1,Ordo Templi Orientis,
CASE-0392,Ordo Templi Orientis,Ordo Templi Orientis,wikipedia_article_links,https://en.wikipedia.org/wiki/Lamen_(magic),en.wikipedia.org,wikipedia_internal,2,Lamen,
CASE-0392,Ordo Templi Orientis,Ordo Templi Orientis,wikipedia_article_links,https://en.wikipedia.org/wiki/Magical_organization,en.wikipedia.org,wikipedia_internal,3,Magical organization,
CASE-0392,Ordo Templi Orientis,Ordo Templi Orientis,wikipedia_article_links,https://en.wikipedia.org/wiki/Carl_Kellner_(mystic),en.wikipedia.org,wikipedia_internal,4,Carl Kellner,
CASE-0392,Ordo Templi Orientis,Ordo Templi Orientis,wikipedia_article_links,https://en.wikipedia.org/wiki/Theodor_Reuss,en.wikipedia.org,wikipedia_internal,5,Theodor Reuss,
CASE-0392,Ordo Templi Orientis,Ordo Templi Orientis,wikipedia_article_links,https://en.wikipedia.org/wiki/Aleister_Crowley,en.wikipedia.org,wikipedia_internal,6,Aleister Crowley,
CASE-0392,Ordo Templi Orientis,Ordo Templi Orientis,wikipedia_article_links,https://en.wikipedia.org/wiki/Karl_Germer,en.wikipedia.org,wikipedia_internal,7,Karl Germer,
CASE-0392,Ordo Templi Orientis,Ordo Templi Orientis,wikipedia_article_links,https://en.wikipedia.org/wiki/William_Breeze,en.wikipedia.org,wikipedia_internal,8,William Breeze,
CASE-0392,Ordo Templi Orientis,Ordo Templi Orientis,wikipedia_article_links,https://en.wikipedia.org/wiki/Thelema,en.wikipedia.org,wikipedia_internal,9,Thelema,
CASE-0392,Ordo Templi Orientis,Ordo Templi Orientis,wikipedia_article_links,https://en.wikipedia.org/wiki/Unicursal_hexagram,en.wikipedia.org,wikipedia_internal,10,Unicursal hexagram,
CASE-0392,Ordo Templi Orientis,Ordo Templi Orientis,wikipedia_article_links,https://en.wikipedia.org/wiki/Liber_OZ,en.wikipedia.org,wikipedia_internal,11,The Rights of Man,
CASE-0392,Ordo Templi Orientis,Ordo Templi Orientis,wikipedia_article_links,https://en.wikipedia.org/wiki/The_Book_of_the_Law,en.wikipedia.org,wikipedia_internal,12,The Book of the Law,
CASE-0392,Ordo Templi Orientis,Ordo Templi Orientis,wikipedia_article_links,https://en.wikipedia.org/wiki/The_Holy_Books_of_Thelema,en.wikipedia.org,wikipedia_internal,13,The Holy Books of Thelema,
CASE-0392,Ordo Templi Orientis,Ordo Templi Orientis,wikipedia_article_links,https://en.wikipedia.org/wiki/Stele_of_Ankh-ef-en-Khonsu,en.wikipedia.org,wikipedia_internal,14,The Stele of Revealing,
CASE-0392,Ordo Templi Orientis,Ordo Templi Orientis,wikipedia_article_links,https://en.wikipedia.org/wiki/Ankh-ef-en-Khonsu_i,en.wikipedia.org,wikipedia_internal,15,Ankh-af-na-Khonsu,
CASE-0392,Ordo Templi Orientis,Ordo Templi Orientis,wikipedia_article_links,https://en.wikipedia.org/wiki/Victor_Neuburg_(poet),en.wikipedia.org,wikipedia_internal,16,Victor Neuburg,
CASE-0392,Ordo Templi Orientis,Ordo Templi Orientis,wikipedia_article_links,https://en.wikipedia.org/wiki/Charles_Stansfeld_Jones,en.wikipedia.org,wikipedia_internal,17,Charles Stansfeld Jones,
CASE-0392,Ordo Templi Orientis,Ordo Templi Orientis,wikipedia_article_links,https://en.wikipedia.org/wiki/Jack_Parsons,en.wikipedia.org,wikipedia_internal,18,Jack Parsons,
CASE-0392,Ordo Templi Orientis,Ordo Templi Orientis,wikipedia_article_links,https://en.wikipedia.org/wiki/Wilfred_Talbot_Smith,en.wikipedia.org,wikipedia_internal,19,Wilfred Talbot Smith,
CASE-0392,Ordo Templi Orientis,Ordo Templi Orientis,wikipedia_article_links,https://en.wikipedia.org/wiki/Jane_Wolfe,en.wikipedia.org,wikipedia_internal,20,Jane Wolfe,
CASE-0393,Aleister Crowley conspiracy,Michael A. Aquino,wikipedia_search,https://en.wikipedia.org/wiki/Michael_A._Aquino,en.wikipedia.org,wikipedia_primary,1,Michael A. Aquino,
CASE-0393,Aleister Crowley conspiracy,Michael A. Aquino,wikipedia_article_links,"https://en.wikipedia.org/wiki/San_Francisco,_California",en.wikipedia.org,wikipedia_internal,2,"San Francisco, California",
CASE-0393,Aleister Crowley conspiracy,Michael A. Aquino,wikipedia_article_links,https://en.wikipedia.org/wiki/Alma_mater,en.wikipedia.org,wikipedia_internal,3,Alma mater,
CASE-0393,Aleister Crowley conspiracy,Michael A. Aquino,wikipedia_article_links,"https://en.wikipedia.org/wiki/University_of_California,_Santa_Barbara",en.wikipedia.org,wikipedia_internal,4,"University of California, Santa Barbara",
CASE-0393,Aleister Crowley conspiracy,Michael A. Aquino,wikipedia_article_links,https://en.wikipedia.org/wiki/Temple_of_Set,en.wikipedia.org,wikipedia_internal,5,Temple of Set,
CASE-0393,Aleister Crowley conspiracy,Michael A. Aquino,wikipedia_article_links,https://en.wikipedia.org/wiki/Theistic_Satanism,en.wikipedia.org,wikipedia_internal,6,Theistic Satanism,
CASE-0393,Aleister Crowley conspiracy,Michael A. Aquino,wikipedia_article_links,https://en.wikipedia.org/wiki/Political_science,en.wikipedia.org,wikipedia_internal,7,political scientist,
CASE-0393,Aleister Crowley conspiracy,Michael A. Aquino,wikipedia_article_links,https://en.wikipedia.org/wiki/Satanism,en.wikipedia.org,wikipedia_internal,8,Satanist,
CASE-0393,Aleister Crowley conspiracy,Michael A. Aquino,wikipedia_article_links,https://en.wikipedia.org/wiki/Psychological_warfare,en.wikipedia.org,wikipedia_internal,9,psychological warfare,
CASE-0393,Aleister Crowley conspiracy,Michael A. Aquino,wikipedia_article_links,https://en.wikipedia.org/wiki/United_States_Army,en.wikipedia.org,wikipedia_internal,10,U.S. Army,
CASE-0393,Aleister Crowley conspiracy,Michael A. Aquino,wikipedia_article_links,https://en.wikipedia.org/wiki/Eagle_Scout,en.wikipedia.org,wikipedia_internal,11,Eagle Scout,
CASE-0393,Aleister Crowley conspiracy,Michael A. Aquino,wikipedia_article_links,https://en.wikipedia.org/wiki/Santa_Barbara_High_School,en.wikipedia.org,wikipedia_internal,12,Santa Barbara High School,
CASE-0393,Aleister Crowley conspiracy,Michael A. Aquino,wikipedia_article_links,https://en.wikipedia.org/wiki/Bachelor%27s_degree,en.wikipedia.org,wikipedia_internal,13,bachelor's,
CASE-0393,Aleister Crowley conspiracy,Michael A. Aquino,wikipedia_article_links,https://en.wikipedia.org/wiki/ROTC,en.wikipedia.org,wikipedia_internal,14,ROTC,
CASE-0393,Aleister Crowley conspiracy,Michael A. Aquino,wikipedia_article_links,https://en.wikipedia.org/wiki/Regular_Army_(United_States),en.wikipedia.org,wikipedia_internal,15,Regular Army,
CASE-0393,Aleister Crowley conspiracy,Michael A. Aquino,wikipedia_article_links,https://en.wikipedia.org/wiki/United_States_Army_Reserve,en.wikipedia.org,wikipedia_internal,16,United States Army Reserve,
CASE-0393,Aleister Crowley conspiracy,Michael A. Aquino,wikipedia_article_links,https://en.wikipedia.org/wiki/M.A.,en.wikipedia.org,wikipedia_internal,17,M.A.,
CASE-0393,Aleister Crowley conspiracy,Michael A. Aquino,wikipedia_article_links,https://en.wikipedia.org/wiki/Doctor_of_Philosophy,en.wikipedia.org,wikipedia_internal,18,Ph.D.,
CASE-0393,Aleister Crowley conspiracy,Michael A. Aquino,wikipedia_article_links,https://en.wikipedia.org/wiki/Vietnam_War,en.wikipedia.org,wikipedia_internal,19,Vietnam War,
CASE-0393,Aleister Crowley conspiracy,Michael A. Aquino,wikipedia_article_links,https://en.wikipedia.org/wiki/United_States_Army_Special_Forces,en.wikipedia.org,wikipedia_internal,20,Green Berets,
CASE-0394,Jack Parsons occult,Jack Parsons,wikipedia_search,https://en.wikipedia.org/wiki/Jack_Parsons,en.wikipedia.org,wikipedia_primary,1,Jack Parsons,
CASE-0394,Jack Parsons occult,Jack Parsons,wikipedia_article_links,https://en.wikipedia.org/wiki/Jack_Parsons_(disambiguation),en.wikipedia.org,wikipedia_internal,2,Jack Parsons (disambiguation),
CASE-0394,Jack Parsons occult,Jack Parsons,wikipedia_article_links,"https://en.wikipedia.org/wiki/Pasadena,_California",en.wikipedia.org,wikipedia_internal,3,"Pasadena, California",
CASE-0394,Jack Parsons occult,Jack Parsons,wikipedia_article_links,https://en.wikipedia.org/wiki/Explosion,en.wikipedia.org,wikipedia_internal,4,Explosion,
CASE-0394,Jack Parsons occult,Jack Parsons,wikipedia_article_links,https://en.wikipedia.org/wiki/Mojave_Desert,en.wikipedia.org,wikipedia_internal,5,Mojave Desert,
CASE-0394,Jack Parsons occult,Jack Parsons,wikipedia_article_links,https://en.wikipedia.org/wiki/Pasadena_Junior_College,en.wikipedia.org,wikipedia_internal,6,Pasadena Junior College,
CASE-0394,Jack Parsons occult,Jack Parsons,wikipedia_article_links,https://en.wikipedia.org/wiki/Stanford_University,en.wikipedia.org,wikipedia_internal,7,Stanford University,
CASE-0394,Jack Parsons occult,Jack Parsons,wikipedia_article_links,https://en.wikipedia.org/wiki/University_of_Southern_California,en.wikipedia.org,wikipedia_internal,8,University of Southern California,
CASE-0394,Jack Parsons occult,Jack Parsons,wikipedia_article_links,https://en.wikipedia.org/wiki/Aerospace_engineering,en.wikipedia.org,wikipedia_internal,9,Rocket engineer,
CASE-0394,Jack Parsons occult,Jack Parsons,wikipedia_article_links,https://en.wikipedia.org/wiki/Occult,en.wikipedia.org,wikipedia_internal,10,occultist,
CASE-0394,Jack Parsons occult,Jack Parsons,wikipedia_article_links,https://en.wikipedia.org/wiki/Jet_Propulsion_Laboratory,en.wikipedia.org,wikipedia_internal,11,Jet Propulsion Laboratory,
CASE-0394,Jack Parsons occult,Jack Parsons,wikipedia_article_links,https://en.wikipedia.org/wiki/California_Institute_of_Technology,en.wikipedia.org,wikipedia_internal,12,California Institute of Technology,
CASE-0394,Jack Parsons occult,Jack Parsons,wikipedia_article_links,https://en.wikipedia.org/wiki/Aerojet_Engineering_Corporation,en.wikipedia.org,wikipedia_internal,13,Aerojet Engineering Corporation,
CASE-0394,Jack Parsons occult,Jack Parsons,wikipedia_article_links,https://en.wikipedia.org/wiki/North_American_Aviation,en.wikipedia.org,wikipedia_internal,14,North American Aviation,
CASE-0394,Jack Parsons occult,Jack Parsons,wikipedia_article_links,https://en.wikipedia.org/wiki/Hughes_Aircraft_Company,en.wikipedia.org,wikipedia_internal,15,Hughes Aircraft Company,
CASE-0394,Jack Parsons occult,Jack Parsons,wikipedia_article_links,https://en.wikipedia.org/wiki/Helen_Northrup,en.wikipedia.org,wikipedia_internal,16,Helen Northrup,
CASE-0394,Jack Parsons occult,Jack Parsons,wikipedia_article_links,https://en.wikipedia.org/wiki/Marjorie_Cameron,en.wikipedia.org,wikipedia_internal,17,Marjorie Cameron,
CASE-0394,Jack Parsons occult,Jack Parsons,wikipedia_article_links,https://en.wikipedia.org/wiki/Thelema,en.wikipedia.org,wikipedia_internal,18,Thelema,
CASE-0394,Jack Parsons occult,Jack Parsons,wikipedia_article_links,https://en.wikipedia.org/wiki/Unicursal_hexagram,en.wikipedia.org,wikipedia_internal,19,Unicursal hexagram,
CASE-0394,Jack Parsons occult,Jack Parsons,wikipedia_article_links,https://en.wikipedia.org/wiki/Liber_OZ,en.wikipedia.org,wikipedia_internal,20,The Rights of Man,
CASE-0395,Theosophical Society conspiracy,Theosophy,wikipedia_search,https://en.wikipedia.org/wiki/Theosophy,en.wikipedia.org,wikipedia_primary,1,Theosophy,
CASE-0395,Theosophical Society conspiracy,Theosophy,wikipedia_article_links,https://en.wikipedia.org/wiki/Christian_theosophy,en.wikipedia.org,wikipedia_internal,2,Christian theosophy,
CASE-0395,Theosophical Society conspiracy,Theosophy,wikipedia_article_links,https://en.wikipedia.org/wiki/Theosophy_(disambiguation),en.wikipedia.org,wikipedia_internal,3,Theosophy (disambiguation),
CASE-0395,Theosophical Society conspiracy,Theosophy,wikipedia_article_links,https://en.wikipedia.org/wiki/Religious_movement,en.wikipedia.org,wikipedia_internal,4,religious movement,
CASE-0395,Theosophical Society conspiracy,Theosophy,wikipedia_article_links,https://en.wikipedia.org/wiki/United_States,en.wikipedia.org,wikipedia_internal,5,United States,
CASE-0395,Theosophical Society conspiracy,Theosophy,wikipedia_article_links,https://en.wikipedia.org/wiki/Helena_Blavatsky,en.wikipedia.org,wikipedia_internal,6,Helena Blavatsky,
CASE-0395,Theosophical Society conspiracy,Theosophy,wikipedia_article_links,https://en.wikipedia.org/wiki/Neoplatonism,en.wikipedia.org,wikipedia_internal,7,Neoplatonism,
CASE-0395,Theosophical Society conspiracy,Theosophy,wikipedia_article_links,https://en.wikipedia.org/wiki/Indian_religions,en.wikipedia.org,wikipedia_internal,8,Indian religions,
CASE-0395,Theosophical Society conspiracy,Theosophy,wikipedia_article_links,https://en.wikipedia.org/wiki/Hinduism,en.wikipedia.org,wikipedia_internal,9,Hinduism,
CASE-0395,Theosophical Society conspiracy,Theosophy,wikipedia_article_links,https://en.wikipedia.org/wiki/Buddhism,en.wikipedia.org,wikipedia_internal,10,Buddhism,
CASE-0395,Theosophical Society conspiracy,Theosophy,wikipedia_article_links,https://en.wikipedia.org/wiki/Religious_studies,en.wikipedia.org,wikipedia_internal,11,religious scholars,
CASE-0395,Theosophical Society conspiracy,Theosophy,wikipedia_article_links,https://en.wikipedia.org/wiki/New_religious_movement,en.wikipedia.org,wikipedia_internal,12,new religious movement,
CASE-0395,Theosophical Society conspiracy,Theosophy,wikipedia_article_links,https://en.wikipedia.org/wiki/Occultism,en.wikipedia.org,wikipedia_internal,13,occultism,
CASE-0395,Theosophical Society conspiracy,Theosophy,wikipedia_article_links,https://en.wikipedia.org/wiki/Western_esotericism,en.wikipedia.org,wikipedia_internal,14,Western esotericism,
CASE-0395,Theosophical Society conspiracy,Theosophy,wikipedia_article_links,https://en.wikipedia.org/wiki/Adept,en.wikipedia.org,wikipedia_internal,15,adepts,
CASE-0395,Theosophical Society conspiracy,Theosophy,wikipedia_article_links,https://en.wikipedia.org/wiki/Masters_of_the_Ancient_Wisdom,en.wikipedia.org,wikipedia_internal,16,Masters,
CASE-0395,Theosophical Society conspiracy,Theosophy,wikipedia_article_links,https://en.wikipedia.org/wiki/Tibet,en.wikipedia.org,wikipedia_internal,17,Tibet,
CASE-0395,Theosophical Society conspiracy,Theosophy,wikipedia_article_links,https://en.wikipedia.org/wiki/World_religions,en.wikipedia.org,wikipedia_internal,18,world religions,
CASE-0395,Theosophical Society conspiracy,Theosophy,wikipedia_article_links,https://en.wikipedia.org/wiki/Monism,en.wikipedia.org,wikipedia_internal,19,monist,
CASE-0395,Theosophical Society conspiracy,Theosophy,wikipedia_article_links,https://en.wikipedia.org/wiki/Absolute_(philosophy),en.wikipedia.org,wikipedia_internal,20,Absolute,
CASE-0396,Lucis Trust UN conspiracy,Hawaiian sovereignty movement,wikipedia_search,https://en.wikipedia.org/wiki/Hawaiian_sovereignty_movement,en.wikipedia.org,wikipedia_primary,1,Hawaiian sovereignty movement,
CASE-0396,Lucis Trust UN conspiracy,Hawaiian sovereignty movement,wikipedia_article_links,https://en.wikipedia.org/wiki/Hawaiian_flag,en.wikipedia.org,wikipedia_internal,2,Hawaiian flag,
CASE-0396,Lucis Trust UN conspiracy,Hawaiian sovereignty movement,wikipedia_article_links,https://en.wikipedia.org/wiki/Hawaiian_Kingdom,en.wikipedia.org,wikipedia_internal,3,Hawaiian Kingdom,
CASE-0396,Lucis Trust UN conspiracy,Hawaiian sovereignty movement,wikipedia_article_links,https://en.wikipedia.org/wiki/Overthrow_of_the_Hawaiian_Kingdom,en.wikipedia.org,wikipedia_internal,4,Overthrow of the Hawaiian Kingdom,
CASE-0396,Lucis Trust UN conspiracy,Hawaiian sovereignty movement,wikipedia_article_links,https://en.wikipedia.org/wiki/Opposition_to_the_overthrow_of_the_Hawaiian_Kingdom,en.wikipedia.org,wikipedia_internal,5,Opposition to the overthrow,
CASE-0396,Lucis Trust UN conspiracy,Hawaiian sovereignty movement,wikipedia_article_links,https://en.wikipedia.org/wiki/Legal_status_of_Hawaii,en.wikipedia.org,wikipedia_internal,6,Legal status of Hawaiʻi,
CASE-0396,Lucis Trust UN conspiracy,Hawaiian sovereignty movement,wikipedia_article_links,https://en.wikipedia.org/wiki/United_States_federal_recognition_of_Native_Hawaiians,en.wikipedia.org,wikipedia_internal,7,US federal recognition of Native Hawaiians,
CASE-0396,Lucis Trust UN conspiracy,Hawaiian sovereignty movement,wikipedia_article_links,https://en.wikipedia.org/wiki/Ancient_Hawaii,en.wikipedia.org,wikipedia_internal,8,Chiefdom,
CASE-0396,Lucis Trust UN conspiracy,Hawaiian sovereignty movement,wikipedia_article_links,https://en.wikipedia.org/wiki/Provisional_Government_of_Hawaii,en.wikipedia.org,wikipedia_internal,9,Provisional Government,
CASE-0396,Lucis Trust UN conspiracy,Hawaiian sovereignty movement,wikipedia_article_links,https://en.wikipedia.org/wiki/Republic_of_Hawaii,en.wikipedia.org,wikipedia_internal,10,Republic,
CASE-0396,Lucis Trust UN conspiracy,Hawaiian sovereignty movement,wikipedia_article_links,https://en.wikipedia.org/wiki/Territory_of_Hawaii,en.wikipedia.org,wikipedia_internal,11,Territory,
CASE-0396,Lucis Trust UN conspiracy,Hawaiian sovereignty movement,wikipedia_article_links,https://en.wikipedia.org/wiki/Hawaii,en.wikipedia.org,wikipedia_internal,12,State,
CASE-0396,Lucis Trust UN conspiracy,Hawaiian sovereignty movement,wikipedia_article_links,https://en.wikipedia.org/wiki/Hawaiian_rebellions_(1887%E2%80%931895),en.wikipedia.org,wikipedia_internal,13,Hawaiian rebellions (1887–1895),
CASE-0396,Lucis Trust UN conspiracy,Hawaiian sovereignty movement,wikipedia_article_links,https://en.wikipedia.org/wiki/Wilcox_rebellion_of_1889,en.wikipedia.org,wikipedia_internal,14,Wilcox rebellion of 1889,
CASE-0396,Lucis Trust UN conspiracy,Hawaiian sovereignty movement,wikipedia_article_links,https://en.wikipedia.org/wiki/Leper_War_on_Kaua%CA%BBi,en.wikipedia.org,wikipedia_internal,15,Leper War on Kauaʻi,
CASE-0396,Lucis Trust UN conspiracy,Hawaiian sovereignty movement,wikipedia_article_links,https://en.wikipedia.org/wiki/Black_Week_(Hawaii),en.wikipedia.org,wikipedia_internal,16,Black Week,
CASE-0396,Lucis Trust UN conspiracy,Hawaiian sovereignty movement,wikipedia_article_links,https://en.wikipedia.org/wiki/1895_Wilcox_rebellion,en.wikipedia.org,wikipedia_internal,17,1895 Wilcox rebellion,
CASE-0396,Lucis Trust UN conspiracy,Hawaiian sovereignty movement,wikipedia_article_links,https://en.wikipedia.org/wiki/Hawaiian_Renaissance,en.wikipedia.org,wikipedia_internal,18,Hawaiian Renaissance,
CASE-0396,Lucis Trust UN conspiracy,Hawaiian sovereignty movement,wikipedia_article_links,https://en.wikipedia.org/wiki/2008_occupation_of_%CA%BBIolani_Palace,en.wikipedia.org,wikipedia_internal,19,2008 occupation of ʻIolani Palace,
CASE-0396,Lucis Trust UN conspiracy,Hawaiian sovereignty movement,wikipedia_article_links,https://en.wikipedia.org/wiki/125th_anniversary_of_the_overthrow_of_the_Kingdom_of_Hawaii,en.wikipedia.org,wikipedia_internal,20,125th anniversary of the overthrow,
CASE-0397,Fabian Society conspiracy,Modern flat Earth beliefs,wikipedia_search,https://en.wikipedia.org/wiki/Modern_flat_Earth_beliefs,en.wikipedia.org,wikipedia_primary,1,Modern flat Earth beliefs,
CASE-0397,Fabian Society conspiracy,Modern flat Earth beliefs,wikipedia_article_links,https://en.wikipedia.org/wiki/Flat_Earth_(disambiguation),en.wikipedia.org,wikipedia_internal,2,Flat Earth (disambiguation),
CASE-0397,Fabian Society conspiracy,Modern flat Earth beliefs,wikipedia_article_links,https://en.wikipedia.org/wiki/Azimuthal_equidistant_projection,en.wikipedia.org,wikipedia_internal,3,azimuthal equidistant projection,
CASE-0397,Fabian Society conspiracy,Modern flat Earth beliefs,wikipedia_article_links,https://en.wikipedia.org/wiki/Antarctica,en.wikipedia.org,wikipedia_internal,4,Antarctica,
CASE-0397,Fabian Society conspiracy,Modern flat Earth beliefs,wikipedia_article_links,https://en.wikipedia.org/wiki/Deep_Space_Climate_Observatory,en.wikipedia.org,wikipedia_internal,5,DSCOVR,
CASE-0397,Fabian Society conspiracy,Modern flat Earth beliefs,wikipedia_article_links,https://en.wikipedia.org/wiki/Antiscience,en.wikipedia.org,wikipedia_internal,6,Anti-scientific beliefs,
CASE-0397,Fabian Society conspiracy,Modern flat Earth beliefs,wikipedia_article_links,https://en.wikipedia.org/wiki/Flat_Earth,en.wikipedia.org,wikipedia_internal,7,flat Earth,
CASE-0397,Fabian Society conspiracy,Modern flat Earth beliefs,wikipedia_article_links,https://en.wikipedia.org/wiki/Science,en.wikipedia.org,wikipedia_internal,8,scientific knowledge,
CASE-0397,Fabian Society conspiracy,Modern flat Earth beliefs,wikipedia_article_links,https://en.wikipedia.org/wiki/Empirical_evidence_for_the_spherical_shape_of_Earth,en.wikipedia.org,wikipedia_internal,9,multiple confirming lines of evidence,
CASE-0397,Fabian Society conspiracy,Modern flat Earth beliefs,wikipedia_article_links,https://en.wikipedia.org/wiki/Spherical_Earth,en.wikipedia.org,wikipedia_internal,10,Earth is roughly spherical,
CASE-0397,Fabian Society conspiracy,Modern flat Earth beliefs,wikipedia_article_links,https://en.wikipedia.org/wiki/Denialism,en.wikipedia.org,wikipedia_internal,11,science denial,
CASE-0397,Fabian Society conspiracy,Modern flat Earth beliefs,wikipedia_article_links,https://en.wikipedia.org/wiki/Religion,en.wikipedia.org,wikipedia_internal,12,religion,
CASE-0397,Fabian Society conspiracy,Modern flat Earth beliefs,wikipedia_article_links,https://en.wikipedia.org/wiki/Conspiracy_theory,en.wikipedia.org,wikipedia_internal,13,conspiracy theories,
CASE-0397,Fabian Society conspiracy,Modern flat Earth beliefs,wikipedia_article_links,https://en.wikipedia.org/wiki/Social_media,en.wikipedia.org,wikipedia_internal,14,social media,
CASE-0397,Fabian Society conspiracy,Modern flat Earth beliefs,wikipedia_article_links,https://en.wikipedia.org/wiki/Myth_of_the_flat_Earth,en.wikipedia.org,wikipedia_internal,15,the popular belief,
CASE-0397,Fabian Society conspiracy,Modern flat Earth beliefs,wikipedia_article_links,https://en.wikipedia.org/wiki/Hellenistic_period,en.wikipedia.org,wikipedia_internal,16,Hellenistic period,
CASE-0397,Fabian Society conspiracy,Modern flat Earth beliefs,wikipedia_article_links,https://en.wikipedia.org/wiki/Eratosthenes,en.wikipedia.org,wikipedia_internal,17,Eratosthenes,
CASE-0397,Fabian Society conspiracy,Modern flat Earth beliefs,wikipedia_article_links,https://en.wikipedia.org/wiki/Samuel_Rowbotham,en.wikipedia.org,wikipedia_internal,18,Samuel Rowbotham,
CASE-0397,Fabian Society conspiracy,Modern flat Earth beliefs,wikipedia_article_links,https://en.wikipedia.org/wiki/Biblical_literalism,en.wikipedia.org,wikipedia_internal,19,Biblical literalism,
CASE-0397,Fabian Society conspiracy,Modern flat Earth beliefs,wikipedia_article_links,https://en.wikipedia.org/wiki/Bedford_Level_experiment,en.wikipedia.org,wikipedia_internal,20,Bedford Level experiment,
CASE-0398,Round Table Groups,Round Table movement,wikipedia_search,https://en.wikipedia.org/wiki/Round_Table_movement,en.wikipedia.org,wikipedia_primary,1,Round Table movement,
CASE-0398,Round Table Groups,Round Table movement,wikipedia_article_links,https://en.wikipedia.org/wiki/United_Kingdom,en.wikipedia.org,wikipedia_internal,2,Britain,
CASE-0398,Round Table Groups,Round Table movement,wikipedia_article_links,https://en.wikipedia.org/wiki/Dominion,en.wikipedia.org,wikipedia_internal,3,self-governing colonies,
CASE-0398,Round Table Groups,Round Table movement,wikipedia_article_links,https://en.wikipedia.org/wiki/Milner%27s_Kindergarten,en.wikipedia.org,wikipedia_internal,4,Milner's Kindergarten,
CASE-0398,Round Table Groups,Round Table movement,wikipedia_article_links,https://en.wikipedia.org/wiki/Transvaal_Colony,en.wikipedia.org,wikipedia_internal,5,Transvaal,
CASE-0398,Round Table Groups,Round Table movement,wikipedia_article_links,https://en.wikipedia.org/wiki/Orange_River_Colony,en.wikipedia.org,wikipedia_internal,6,Orange River Colonies,
CASE-0398,Round Table Groups,Round Table movement,wikipedia_article_links,https://en.wikipedia.org/wiki/F.S._Malan,en.wikipedia.org,wikipedia_internal,7,F.S. Malan,
CASE-0398,Round Table Groups,Round Table movement,wikipedia_article_links,https://en.wikipedia.org/wiki/Richard_Feetham,en.wikipedia.org,wikipedia_internal,8,(Richard) Feetham,
CASE-0398,Round Table Groups,Round Table movement,wikipedia_article_links,https://en.wikipedia.org/wiki/Plas_Newydd_(Anglesey),en.wikipedia.org,wikipedia_internal,9,Plas Newydd,
CASE-0398,Round Table Groups,Round Table movement,wikipedia_article_links,"https://en.wikipedia.org/wiki/Charles_Paget,_6th_Marquess_of_Anglesey",en.wikipedia.org,wikipedia_internal,10,Lord Anglesey,
CASE-0398,Round Table Groups,Round Table movement,wikipedia_article_links,https://en.wikipedia.org/wiki/Lionel_Curtis,en.wikipedia.org,wikipedia_internal,11,Lionel Curtis,
CASE-0398,Round Table Groups,Round Table movement,wikipedia_article_links,https://en.wikipedia.org/wiki/Lord_Milner,en.wikipedia.org,wikipedia_internal,12,Lord Milner's,
CASE-0398,Round Table Groups,Round Table movement,wikipedia_article_links,"https://en.wikipedia.org/wiki/Philip_Kerr,_11th_Marquess_of_Lothian",en.wikipedia.org,wikipedia_internal,13,Philip Kerr,
CASE-0398,Round Table Groups,Round Table movement,wikipedia_article_links,https://en.wikipedia.org/wiki/The_Round_Table_Journal,en.wikipedia.org,wikipedia_internal,14,The Round Table Journal,
CASE-0398,Round Table Groups,Round Table movement,wikipedia_article_links,https://en.wikipedia.org/wiki/Imperial_Federation,en.wikipedia.org,wikipedia_internal,15,imperial federation,
CASE-0398,Round Table Groups,Round Table movement,wikipedia_article_links,https://en.wikipedia.org/wiki/Leo_Amery,en.wikipedia.org,wikipedia_internal,16,Leo Amery,
CASE-0398,Round Table Groups,Round Table movement,wikipedia_article_links,https://en.wikipedia.org/wiki/Union_of_South_Africa,en.wikipedia.org,wikipedia_internal,17,Union of South Africa,
CASE-0398,Round Table Groups,Round Table movement,wikipedia_article_links,https://en.wikipedia.org/wiki/Newfoundland,en.wikipedia.org,wikipedia_internal,18,Newfoundland,
CASE-0398,Round Table Groups,Round Table movement,wikipedia_article_links,https://en.wikipedia.org/wiki/Alfred_Zimmern,en.wikipedia.org,wikipedia_internal,19,Alfred Zimmern,
CASE-0398,Round Table Groups,Round Table movement,wikipedia_article_links,https://en.wikipedia.org/wiki/Germanophobe,en.wikipedia.org,wikipedia_internal,20,Germanophobes,
CASE-0399,Cecil Rhodes conspiracy,New World Order conspiracy theory,wikipedia_search,https://en.wikipedia.org/wiki/New_World_Order_conspiracy_theory,en.wikipedia.org,wikipedia_primary,1,New World Order conspiracy theory,
CASE-0399,Cecil Rhodes conspiracy,New World Order conspiracy theory,wikipedia_article_links,https://en.wikipedia.org/wiki/New_world_order_(politics),en.wikipedia.org,wikipedia_internal,2,New world order (politics),
CASE-0399,Cecil Rhodes conspiracy,New World Order conspiracy theory,wikipedia_article_links,https://en.wikipedia.org/wiki/Great_Seal_of_the_United_States,en.wikipedia.org,wikipedia_internal,3,Great Seal of the United States,
CASE-0399,Cecil Rhodes conspiracy,New World Order conspiracy theory,wikipedia_article_links,https://en.wikipedia.org/wiki/Novus_ordo_seclorum,en.wikipedia.org,wikipedia_internal,4,novus ordo seclorum,
CASE-0399,Cecil Rhodes conspiracy,New World Order conspiracy theory,wikipedia_article_links,https://en.wikipedia.org/wiki/U.S._one-dollar_bill,en.wikipedia.org,wikipedia_internal,5,U.S. one-dollar bill,
CASE-0399,Cecil Rhodes conspiracy,New World Order conspiracy theory,wikipedia_article_links,https://en.wikipedia.org/wiki/Conspiracy_theory,en.wikipedia.org,wikipedia_internal,6,conspiracy theories,
CASE-0399,Cecil Rhodes conspiracy,New World Order conspiracy theory,wikipedia_article_links,https://en.wikipedia.org/wiki/Totalitarian,en.wikipedia.org,wikipedia_internal,7,totalitarian,
CASE-0399,Cecil Rhodes conspiracy,New World Order conspiracy theory,wikipedia_article_links,https://en.wikipedia.org/wiki/World_government,en.wikipedia.org,wikipedia_internal,8,world government,
CASE-0399,Cecil Rhodes conspiracy,New World Order conspiracy theory,wikipedia_article_links,https://en.wikipedia.org/wiki/Shadow_government_(conspiracy_theory),en.wikipedia.org,wikipedia_internal,9,secretive,
CASE-0399,Cecil Rhodes conspiracy,New World Order conspiracy theory,wikipedia_article_links,https://en.wikipedia.org/wiki/Elite,en.wikipedia.org,wikipedia_internal,10,elite,
CASE-0399,Cecil Rhodes conspiracy,New World Order conspiracy theory,wikipedia_article_links,https://en.wikipedia.org/wiki/Globalism,en.wikipedia.org,wikipedia_internal,11,globalist,
CASE-0399,Cecil Rhodes conspiracy,New World Order conspiracy theory,wikipedia_article_links,https://en.wikipedia.org/wiki/World_domination,en.wikipedia.org,wikipedia_internal,12,rule the world,
CASE-0399,Cecil Rhodes conspiracy,New World Order conspiracy theory,wikipedia_article_links,https://en.wikipedia.org/wiki/Authoritarianism,en.wikipedia.org,wikipedia_internal,13,authoritarian,
CASE-0399,Cecil Rhodes conspiracy,New World Order conspiracy theory,wikipedia_article_links,https://en.wikipedia.org/wiki/Nation-states,en.wikipedia.org,wikipedia_internal,14,nation-states,
CASE-0399,Cecil Rhodes conspiracy,New World Order conspiracy theory,wikipedia_article_links,https://en.wikipedia.org/wiki/End_of_history,en.wikipedia.org,wikipedia_internal,15,culmination of history's progress,
CASE-0399,Cecil Rhodes conspiracy,New World Order conspiracy theory,wikipedia_article_links,https://en.wikipedia.org/wiki/Cabal,en.wikipedia.org,wikipedia_internal,16,cabal,
CASE-0399,Cecil Rhodes conspiracy,New World Order conspiracy theory,wikipedia_article_links,https://en.wikipedia.org/wiki/Front_organization,en.wikipedia.org,wikipedia_internal,17,front organizations,
CASE-0399,Cecil Rhodes conspiracy,New World Order conspiracy theory,wikipedia_article_links,https://en.wikipedia.org/wiki/Crisis,en.wikipedia.org,wikipedia_internal,18,crises,
CASE-0399,Cecil Rhodes conspiracy,New World Order conspiracy theory,wikipedia_article_links,https://en.wikipedia.org/wiki/Countercultures,en.wikipedia.org,wikipedia_internal,19,countercultures,
CASE-0399,Cecil Rhodes conspiracy,New World Order conspiracy theory,wikipedia_article_links,https://en.wikipedia.org/wiki/Fundamentalist_Christianity,en.wikipedia.org,wikipedia_internal,20,fundamentalist Christianity,
CASE-0400,Committee of 300,Committee of 300,wikipedia_search,https://en.wikipedia.org/wiki/Committee_of_300,en.wikipedia.org,wikipedia_primary,1,Committee of 300,
CASE-0400,Committee of 300,Committee of 300,wikipedia_article_links,https://en.wikipedia.org/wiki/Conspiracy_theory,en.wikipedia.org,wikipedia_internal,2,conspiracy theory,
CASE-0400,Committee of 300,Committee of 300,wikipedia_article_links,https://en.wikipedia.org/wiki/British_nobility,en.wikipedia.org,wikipedia_internal,3,British aristocracy,
CASE-0400,Committee of 300,Committee of 300,wikipedia_article_links,https://en.wikipedia.org/wiki/Politics,en.wikipedia.org,wikipedia_internal,4,politics,
CASE-0400,Committee of 300,Committee of 300,wikipedia_article_links,https://en.wikipedia.org/wiki/Commerce,en.wikipedia.org,wikipedia_internal,5,commerce,
CASE-0400,Committee of 300,Committee of 300,wikipedia_article_links,https://en.wikipedia.org/wiki/Banking,en.wikipedia.org,wikipedia_internal,6,banking,
CASE-0400,Committee of 300,Committee of 300,wikipedia_article_links,https://en.wikipedia.org/wiki/News_media,en.wikipedia.org,wikipedia_internal,7,media,
CASE-0400,Committee of 300,Committee of 300,wikipedia_article_links,https://en.wikipedia.org/wiki/Military,en.wikipedia.org,wikipedia_internal,8,military,
CASE-0400,Committee of 300,Committee of 300,wikipedia_article_links,https://en.wikipedia.org/wiki/Walther_Rathenau,en.wikipedia.org,wikipedia_internal,9,Walther Rathenau,
CASE-0400,Committee of 300,Committee of 300,wikipedia_article_links,https://en.wikipedia.org/wiki/Neue_Freie_Presse,en.wikipedia.org,wikipedia_internal,10,Neue Freie Presse,
CASE-0400,Committee of 300,Committee of 300,wikipedia_article_links,https://en.wikipedia.org/wiki/Oligarchy,en.wikipedia.org,wikipedia_internal,11,oligarchic,
CASE-0400,Committee of 300,Committee of 300,wikipedia_article_links,https://en.wikipedia.org/wiki/Theodor_Fritsch,en.wikipedia.org,wikipedia_internal,12,Theodor Fritsch,
CASE-0400,Committee of 300,Committee of 300,wikipedia_article_links,https://en.wikipedia.org/wiki/Kaiser,en.wikipedia.org,wikipedia_internal,13,Kaiser,
CASE-0400,Committee of 300,Committee of 300,wikipedia_article_links,https://en.wikipedia.org/wiki/World_War_I,en.wikipedia.org,wikipedia_internal,14,World War I,
CASE-0400,Committee of 300,Committee of 300,wikipedia_article_links,https://en.wikipedia.org/wiki/The_Protocols_of_the_Elders_of_Zion,en.wikipedia.org,wikipedia_internal,15,The Protocols of the Elders of Zion,
CASE-0400,Committee of 300,Committee of 300,wikipedia_article_links,https://en.wikipedia.org/wiki/Jews,en.wikipedia.org,wikipedia_internal,16,Jews,
CASE-0400,Committee of 300,Committee of 300,wikipedia_article_links,https://en.wikipedia.org/wiki/Arthur_Cherep-Spiridovich,en.wikipedia.org,wikipedia_internal,17,Arthur Cherep-Spiridovich,
CASE-0400,Committee of 300,Committee of 300,wikipedia_article_links,https://en.wikipedia.org/wiki/Rothschild_family,en.wikipedia.org,wikipedia_internal,18,Rothschild family,
CASE-0400,Committee of 300,Committee of 300,wikipedia_article_links,https://en.wikipedia.org/wiki/Science_Adventure,en.wikipedia.org,wikipedia_internal,19,Science Adventure,
CASE-0400,Committee of 300,Committee of 300,wikipedia_article_links,https://en.wikipedia.org/wiki/ISBN_(identifier),en.wikipedia.org,wikipedia_internal,20,ISBN,
CASE-0401,13 bloodlines,Final Destination Bloodlines,wikipedia_search,https://en.wikipedia.org/wiki/Final_Destination_Bloodlines,en.wikipedia.org,wikipedia_primary,1,Final Destination Bloodlines,
CASE-0401,13 bloodlines,Final Destination Bloodlines,wikipedia_article_links,https://en.wikipedia.org/wiki/Zach_Lipovsky,en.wikipedia.org,wikipedia_internal,2,Zach Lipovsky,
CASE-0401,13 bloodlines,Final Destination Bloodlines,wikipedia_article_links,https://en.wikipedia.org/wiki/Adam_Stein,en.wikipedia.org,wikipedia_internal,3,Adam Stein,
CASE-0401,13 bloodlines,Final Destination Bloodlines,wikipedia_article_links,https://en.wikipedia.org/wiki/Guy_Busick,en.wikipedia.org,wikipedia_internal,4,Guy Busick,
CASE-0401,13 bloodlines,Final Destination Bloodlines,wikipedia_article_links,https://en.wikipedia.org/wiki/Jon_Watts,en.wikipedia.org,wikipedia_internal,5,Jon Watts,
CASE-0401,13 bloodlines,Final Destination Bloodlines,wikipedia_article_links,https://en.wikipedia.org/wiki/List_of_Final_Destination_characters,en.wikipedia.org,wikipedia_internal,6,Characters,
CASE-0401,13 bloodlines,Final Destination Bloodlines,wikipedia_article_links,https://en.wikipedia.org/wiki/Jeffrey_Reddick,en.wikipedia.org,wikipedia_internal,7,Jeffrey Reddick,
CASE-0401,13 bloodlines,Final Destination Bloodlines,wikipedia_article_links,https://en.wikipedia.org/wiki/Toby_Emmerich,en.wikipedia.org,wikipedia_internal,8,Toby Emmerich,
CASE-0401,13 bloodlines,Final Destination Bloodlines,wikipedia_article_links,https://en.wikipedia.org/wiki/Kaitlyn_Santa_Juana,en.wikipedia.org,wikipedia_internal,9,Kaitlyn Santa Juana,
CASE-0401,13 bloodlines,Final Destination Bloodlines,wikipedia_article_links,https://en.wikipedia.org/wiki/Teo_Briones,en.wikipedia.org,wikipedia_internal,10,Teo Briones,
CASE-0401,13 bloodlines,Final Destination Bloodlines,wikipedia_article_links,https://en.wikipedia.org/wiki/Richard_Harmon,en.wikipedia.org,wikipedia_internal,11,Richard Harmon,
CASE-0401,13 bloodlines,Final Destination Bloodlines,wikipedia_article_links,https://en.wikipedia.org/wiki/Owen_Joyner,en.wikipedia.org,wikipedia_internal,12,Owen Patrick Joyner,
CASE-0401,13 bloodlines,Final Destination Bloodlines,wikipedia_article_links,https://en.wikipedia.org/wiki/Rya_Kihlstedt,en.wikipedia.org,wikipedia_internal,13,Rya Kihlstedt,
CASE-0401,13 bloodlines,Final Destination Bloodlines,wikipedia_article_links,https://en.wikipedia.org/wiki/Anna_Lore,en.wikipedia.org,wikipedia_internal,14,Anna Lore,
CASE-0401,13 bloodlines,Final Destination Bloodlines,wikipedia_article_links,https://en.wikipedia.org/wiki/Brec_Bassinger,en.wikipedia.org,wikipedia_internal,15,Brec Bassinger,
CASE-0401,13 bloodlines,Final Destination Bloodlines,wikipedia_article_links,https://en.wikipedia.org/wiki/Tony_Todd,en.wikipedia.org,wikipedia_internal,16,Tony Todd,
CASE-0401,13 bloodlines,Final Destination Bloodlines,wikipedia_article_links,https://en.wikipedia.org/wiki/Christian_Sebaldt,en.wikipedia.org,wikipedia_internal,17,Christian Sebaldt,
CASE-0401,13 bloodlines,Final Destination Bloodlines,wikipedia_article_links,https://en.wikipedia.org/wiki/Tim_Wynn,en.wikipedia.org,wikipedia_internal,18,Tim Wynn,
CASE-0401,13 bloodlines,Final Destination Bloodlines,wikipedia_article_links,https://en.wikipedia.org/wiki/New_Line_Cinema,en.wikipedia.org,wikipedia_internal,19,New Line Cinema,
CASE-0401,13 bloodlines,Final Destination Bloodlines,wikipedia_article_links,https://en.wikipedia.org/wiki/Warner_Bros._Pictures,en.wikipedia.org,wikipedia_internal,20,Warner Bros. Pictures,
CASE-0402,black nobility,Black nobility,wikipedia_search,https://en.wikipedia.org/wiki/Black_nobility,en.wikipedia.org,wikipedia_primary,1,Black nobility,
CASE-0402,black nobility,Black nobility,wikipedia_article_links,https://en.wikipedia.org/wiki/Papal_nobility,en.wikipedia.org,wikipedia_internal,2,Papal nobility,
CASE-0402,black nobility,Black nobility,wikipedia_article_links,https://en.wikipedia.org/wiki/Vatican_City,en.wikipedia.org,wikipedia_internal,3,,
CASE-0402,black nobility,Black nobility,wikipedia_article_links,https://en.wikipedia.org/wiki/History_of_Vatican_City,en.wikipedia.org,wikipedia_internal,4,History,
CASE-0402,black nobility,Black nobility,wikipedia_article_links,https://en.wikipedia.org/wiki/History_of_the_papacy,en.wikipedia.org,wikipedia_internal,5,History of the papacy,
CASE-0402,black nobility,Black nobility,wikipedia_article_links,https://en.wikipedia.org/wiki/Duchy_of_Rome,en.wikipedia.org,wikipedia_internal,6,Duchy of Rome,
CASE-0402,black nobility,Black nobility,wikipedia_article_links,https://en.wikipedia.org/wiki/Donation_of_Pepin,en.wikipedia.org,wikipedia_internal,7,Donation of Pepin,
CASE-0402,black nobility,Black nobility,wikipedia_article_links,https://en.wikipedia.org/wiki/Papal_States,en.wikipedia.org,wikipedia_internal,8,Papal States,
CASE-0402,black nobility,Black nobility,wikipedia_article_links,https://en.wikipedia.org/wiki/Annates,en.wikipedia.org,wikipedia_internal,9,Annates,
CASE-0402,black nobility,Black nobility,wikipedia_article_links,https://en.wikipedia.org/wiki/Congregation_for_Borders,en.wikipedia.org,wikipedia_internal,10,Congregation for Borders,
CASE-0402,black nobility,Black nobility,wikipedia_article_links,https://en.wikipedia.org/wiki/Fundamental_Statute_for_the_Secular_Government_of_the_States_of_the_Church,en.wikipedia.org,wikipedia_internal,11,Fundamental Statute for the Secular Government of the States of the Church,
CASE-0402,black nobility,Black nobility,wikipedia_article_links,https://en.wikipedia.org/wiki/Capture_of_Rome,en.wikipedia.org,wikipedia_internal,12,Capture of Rome,
CASE-0402,black nobility,Black nobility,wikipedia_article_links,https://en.wikipedia.org/wiki/Vatican_during_the_Savoyard_era_(1870%E2%80%931929),en.wikipedia.org,wikipedia_internal,13,Savoyard era (1870–1929),
CASE-0402,black nobility,Black nobility,wikipedia_article_links,https://en.wikipedia.org/wiki/Prisoner_in_the_Vatican,en.wikipedia.org,wikipedia_internal,14,Prisoner in the Vatican,
CASE-0402,black nobility,Black nobility,wikipedia_article_links,https://en.wikipedia.org/wiki/Roman_question,en.wikipedia.org,wikipedia_internal,15,Roman question,
CASE-0402,black nobility,Black nobility,wikipedia_article_links,https://en.wikipedia.org/wiki/Law_of_Guarantees,en.wikipedia.org,wikipedia_internal,16,Law of Guarantees,
CASE-0402,black nobility,Black nobility,wikipedia_article_links,https://en.wikipedia.org/wiki/Lateran_Treaty,en.wikipedia.org,wikipedia_internal,17,Lateran Treaty,
CASE-0402,black nobility,Black nobility,wikipedia_article_links,https://en.wikipedia.org/wiki/Governorate_of_Vatican_City_State,en.wikipedia.org,wikipedia_internal,18,Governorate of Vatican City State,
CASE-0402,black nobility,Black nobility,wikipedia_article_links,https://en.wikipedia.org/wiki/Vatican_City_during_World_War_II,en.wikipedia.org,wikipedia_internal,19,Vatican City during World War II,
CASE-0402,black nobility,Black nobility,wikipedia_article_links,https://en.wikipedia.org/wiki/2010_Vatican_employee_sex_scandal,en.wikipedia.org,wikipedia_internal,20,2010 Vatican employee sex scandal,
CASE-0403,climate change hoax,Climate change denial,wikipedia_search,https://en.wikipedia.org/wiki/Climate_change_denial,en.wikipedia.org,wikipedia_primary,1,Climate change denial,
CASE-0403,climate change hoax,Climate change denial,wikipedia_article_links,https://en.wikipedia.org/wiki/United_States_Senate,en.wikipedia.org,wikipedia_internal,2,U.S. Senate,
CASE-0403,climate change hoax,Climate change denial,wikipedia_article_links,https://en.wikipedia.org/wiki/Jim_Inhofe,en.wikipedia.org,wikipedia_internal,3,Jim Inhofe,
CASE-0403,climate change hoax,Climate change denial,wikipedia_article_links,https://en.wikipedia.org/wiki/NASA,en.wikipedia.org,wikipedia_internal,4,NASA,
CASE-0403,climate change hoax,Climate change denial,wikipedia_article_links,https://en.wikipedia.org/wiki/Goddard_Institute_for_Space_Studies,en.wikipedia.org,wikipedia_internal,5,Goddard Institute for Space Studies,
CASE-0403,climate change hoax,Climate change denial,wikipedia_article_links,https://en.wikipedia.org/wiki/Science_denial,en.wikipedia.org,wikipedia_internal,6,science denial,
CASE-0403,climate change hoax,Climate change denial,wikipedia_article_links,https://en.wikipedia.org/wiki/Scientific_consensus_on_climate_change,en.wikipedia.org,wikipedia_internal,7,scientific consensus on climate change,
CASE-0403,climate change hoax,Climate change denial,wikipedia_article_links,https://en.wikipedia.org/wiki/Causes_of_climate_change,en.wikipedia.org,wikipedia_internal,8,caused by humans,
CASE-0403,climate change hoax,Climate change denial,wikipedia_article_links,https://en.wikipedia.org/wiki/Effects_of_climate_change,en.wikipedia.org,wikipedia_internal,9,effects on nature and human society,
CASE-0403,climate change hoax,Climate change denial,wikipedia_article_links,https://en.wikipedia.org/wiki/Climate_change_adaptation,en.wikipedia.org,wikipedia_internal,10,climate change adaptation,
CASE-0403,climate change hoax,Climate change denial,wikipedia_article_links,https://en.wikipedia.org/wiki/Climate_change_mitigation,en.wikipedia.org,wikipedia_internal,11,mitigating,
CASE-0403,climate change hoax,Climate change denial,wikipedia_article_links,https://en.wikipedia.org/wiki/Cognitive_dissonance,en.wikipedia.org,wikipedia_internal,12,fail to reconcile it with their belief or action,
CASE-0403,climate change hoax,Climate change denial,wikipedia_article_links,https://en.wikipedia.org/wiki/Denialism,en.wikipedia.org,wikipedia_internal,13,denialism,
CASE-0403,climate change hoax,Climate change denial,wikipedia_article_links,https://en.wikipedia.org/wiki/Pseudoscience,en.wikipedia.org,wikipedia_internal,14,pseudoscience,
CASE-0403,climate change hoax,Climate change denial,wikipedia_article_links,https://en.wikipedia.org/wiki/Propaganda,en.wikipedia.org,wikipedia_internal,15,propaganda,
CASE-0403,climate change hoax,Climate change denial,wikipedia_article_links,https://en.wikipedia.org/wiki/Politicization_of_science#Global_warming,en.wikipedia.org,wikipedia_internal,16,government and oil-industry pressure,
CASE-0403,climate change hoax,Climate change denial,wikipedia_article_links,https://en.wikipedia.org/wiki/Fossil_fuels_lobby,en.wikipedia.org,wikipedia_internal,17,fossil fuels lobby,
CASE-0403,climate change hoax,Climate change denial,wikipedia_article_links,https://en.wikipedia.org/wiki/Koch_network,en.wikipedia.org,wikipedia_internal,18,Koch brothers,
CASE-0403,climate change hoax,Climate change denial,wikipedia_article_links,https://en.wikipedia.org/wiki/Think_tank,en.wikipedia.org,wikipedia_internal,19,think tanks,
CASE-0403,climate change hoax,Climate change denial,wikipedia_article_links,https://en.wikipedia.org/wiki/Alternative_media_(U.S._political_right),en.wikipedia.org,wikipedia_internal,20,ultraconservative alternative media,
CASE-0404,Climategate emails,Climatic Research Unit email controversy,wikipedia_search,https://en.wikipedia.org/wiki/Climatic_Research_Unit_email_controversy,en.wikipedia.org,wikipedia_primary,1,Climatic Research Unit email controversy,
CASE-0404,Climategate emails,Climatic Research Unit email controversy,wikipedia_article_links,https://en.wikipedia.org/wiki/Climatic_Research_Unit,en.wikipedia.org,wikipedia_internal,2,Climatic Research Unit,
CASE-0404,Climategate emails,Climatic Research Unit email controversy,wikipedia_article_links,https://en.wikipedia.org/wiki/University_of_East_Anglia,en.wikipedia.org,wikipedia_internal,3,University of East Anglia,
CASE-0404,Climategate emails,Climatic Research Unit email controversy,wikipedia_article_links,https://en.wikipedia.org/wiki/List_of_scandals_with_%22-gate%22_suffix,en.wikipedia.org,wikipedia_internal,4,gate,
CASE-0404,Climategate emails,Climatic Research Unit email controversy,wikipedia_article_links,https://en.wikipedia.org/wiki/Hack_(computer_security),en.wikipedia.org,wikipedia_internal,5,hacking,
CASE-0404,Climategate emails,Climatic Research Unit email controversy,wikipedia_article_links,https://en.wikipedia.org/wiki/Climatic_Research_Unit_documents,en.wikipedia.org,wikipedia_internal,6,Climatic Research Unit documents,
CASE-0404,Climategate emails,Climatic Research Unit email controversy,wikipedia_article_links,https://en.wikipedia.org/wiki/2009_United_Nations_Climate_Change_Conference,en.wikipedia.org,wikipedia_internal,7,Copenhagen Summit,
CASE-0404,Climategate emails,Climatic Research Unit email controversy,wikipedia_article_links,https://en.wikipedia.org/wiki/Climate_change_denial,en.wikipedia.org,wikipedia_internal,8,climate change denialists,
CASE-0404,Climategate emails,Climatic Research Unit email controversy,wikipedia_article_links,https://en.wikipedia.org/wiki/FactCheck.org,en.wikipedia.org,wikipedia_internal,9,FactCheck.org,
CASE-0404,Climategate emails,Climatic Research Unit email controversy,wikipedia_article_links,https://en.wikipedia.org/wiki/James_Delingpole,en.wikipedia.org,wikipedia_internal,10,James Delingpole,
CASE-0404,Climategate emails,Climatic Research Unit email controversy,wikipedia_article_links,https://en.wikipedia.org/wiki/Climate_change_mitigation,en.wikipedia.org,wikipedia_internal,11,climate change mitigation,
CASE-0404,Climategate emails,Climatic Research Unit email controversy,wikipedia_article_links,https://en.wikipedia.org/wiki/Smear_campaign,en.wikipedia.org,wikipedia_internal,12,smear campaign,
CASE-0404,Climategate emails,Climatic Research Unit email controversy,wikipedia_article_links,https://en.wikipedia.org/wiki/American_Association_for_the_Advancement_of_Science,en.wikipedia.org,wikipedia_internal,13,American Association for the Advancement of Science,
CASE-0404,Climategate emails,Climatic Research Unit email controversy,wikipedia_article_links,https://en.wikipedia.org/wiki/American_Meteorological_Society,en.wikipedia.org,wikipedia_internal,14,American Meteorological Society,
CASE-0404,Climategate emails,Climatic Research Unit email controversy,wikipedia_article_links,https://en.wikipedia.org/wiki/Union_of_Concerned_Scientists,en.wikipedia.org,wikipedia_internal,15,Union of Concerned Scientists,
CASE-0404,Climategate emails,Climatic Research Unit email controversy,wikipedia_article_links,https://en.wikipedia.org/wiki/Earth,en.wikipedia.org,wikipedia_internal,16,Earth,
CASE-0404,Climategate emails,Climatic Research Unit email controversy,wikipedia_article_links,https://en.wikipedia.org/wiki/Scientific_opinion_on_climate_change,en.wikipedia.org,wikipedia_internal,17,scientific consensus that global warming is occurring,
CASE-0404,Climategate emails,Climatic Research Unit email controversy,wikipedia_article_links,https://en.wikipedia.org/wiki/Human_impact_on_the_environment,en.wikipedia.org,wikipedia_internal,18,human activity,
CASE-0404,Climategate emails,Climatic Research Unit email controversy,wikipedia_article_links,https://en.wikipedia.org/wiki/RealClimate,en.wikipedia.org,wikipedia_internal,19,RealClimate,
CASE-0404,Climategate emails,Climatic Research Unit email controversy,wikipedia_article_links,https://en.wikipedia.org/wiki/Gavin_Schmidt,en.wikipedia.org,wikipedia_internal,20,Gavin Schmidt,
CASE-0405,oil company climate deception,ExxonMobil,wikipedia_search,https://en.wikipedia.org/wiki/ExxonMobil,en.wikipedia.org,wikipedia_primary,1,ExxonMobil,
CASE-0405,oil company climate deception,ExxonMobil,wikipedia_article_links,https://en.wikipedia.org/wiki/Exon,en.wikipedia.org,wikipedia_internal,2,Exon,
CASE-0405,oil company climate deception,ExxonMobil,wikipedia_article_links,"https://en.wikipedia.org/wiki/Spring,_Texas",en.wikipedia.org,wikipedia_internal,3,"Spring, Texas",
CASE-0405,oil company climate deception,ExxonMobil,wikipedia_article_links,https://en.wikipedia.org/wiki/Trade_name,en.wikipedia.org,wikipedia_internal,4,Trade name,
CASE-0405,oil company climate deception,ExxonMobil,wikipedia_article_links,https://en.wikipedia.org/wiki/Public_company,en.wikipedia.org,wikipedia_internal,5,Public,
CASE-0405,oil company climate deception,ExxonMobil,wikipedia_article_links,https://en.wikipedia.org/wiki/Ticker_symbol,en.wikipedia.org,wikipedia_internal,6,Traded as,
CASE-0405,oil company climate deception,ExxonMobil,wikipedia_article_links,https://en.wikipedia.org/wiki/New_York_Stock_Exchange,en.wikipedia.org,wikipedia_internal,7,NYSE,
CASE-0405,oil company climate deception,ExxonMobil,wikipedia_article_links,https://en.wikipedia.org/wiki/S%26P_100,en.wikipedia.org,wikipedia_internal,8,S&P 100,
CASE-0405,oil company climate deception,ExxonMobil,wikipedia_article_links,https://en.wikipedia.org/wiki/S%26P_500,en.wikipedia.org,wikipedia_internal,9,S&P 500,
CASE-0405,oil company climate deception,ExxonMobil,wikipedia_article_links,https://en.wikipedia.org/wiki/International_Securities_Identification_Number,en.wikipedia.org,wikipedia_internal,10,ISIN,
CASE-0405,oil company climate deception,ExxonMobil,wikipedia_article_links,https://en.wikipedia.org/wiki/Energy_industry,en.wikipedia.org,wikipedia_internal,11,Energy,
CASE-0405,oil company climate deception,ExxonMobil,wikipedia_article_links,https://en.wikipedia.org/wiki/Standard_Oil,en.wikipedia.org,wikipedia_internal,12,Standard Oil,
CASE-0405,oil company climate deception,ExxonMobil,wikipedia_article_links,https://en.wikipedia.org/wiki/Mobil,en.wikipedia.org,wikipedia_internal,13,Mobil,
CASE-0405,oil company climate deception,ExxonMobil,wikipedia_article_links,https://en.wikipedia.org/wiki/Lee_Raymond,en.wikipedia.org,wikipedia_internal,14,Lee Raymond,
CASE-0405,oil company climate deception,ExxonMobil,wikipedia_article_links,https://en.wikipedia.org/wiki/Darren_Woods,en.wikipedia.org,wikipedia_internal,15,Darren Woods,
CASE-0405,oil company climate deception,ExxonMobil,wikipedia_article_links,https://en.wikipedia.org/wiki/Chairman,en.wikipedia.org,wikipedia_internal,16,chairman,
CASE-0405,oil company climate deception,ExxonMobil,wikipedia_article_links,https://en.wikipedia.org/wiki/Chief_executive_officer,en.wikipedia.org,wikipedia_internal,17,CEO,
CASE-0405,oil company climate deception,ExxonMobil,wikipedia_article_links,https://en.wikipedia.org/wiki/Crude_oil,en.wikipedia.org,wikipedia_internal,18,Crude oil,
CASE-0405,oil company climate deception,ExxonMobil,wikipedia_article_links,https://en.wikipedia.org/wiki/Oil_products,en.wikipedia.org,wikipedia_internal,19,Oil products,
CASE-0405,oil company climate deception,ExxonMobil,wikipedia_article_links,https://en.wikipedia.org/wiki/Natural_gas,en.wikipedia.org,wikipedia_internal,20,Natural gas,
CASE-0406,IPCC conspiracy,Conspiracy theory,wikipedia_search,https://en.wikipedia.org/wiki/Conspiracy_theory,en.wikipedia.org,wikipedia_primary,1,Conspiracy theory,
CASE-0406,IPCC conspiracy,Conspiracy theory,wikipedia_article_links,https://en.wikipedia.org/wiki/Conspiracy_theory_(disambiguation),en.wikipedia.org,wikipedia_internal,2,Conspiracy theory (disambiguation),
CASE-0406,IPCC conspiracy,Conspiracy theory,wikipedia_article_links,https://en.wikipedia.org/wiki/Eye_of_Providence,en.wikipedia.org,wikipedia_internal,3,Eye of Providence,
CASE-0406,IPCC conspiracy,Conspiracy theory,wikipedia_article_links,https://en.wikipedia.org/wiki/Founding_Fathers_of_the_United_States,en.wikipedia.org,wikipedia_internal,4,Founding Fathers of the United States,
CASE-0406,IPCC conspiracy,Conspiracy theory,wikipedia_article_links,https://en.wikipedia.org/wiki/New_World_Order_conspiracy_theory,en.wikipedia.org,wikipedia_internal,5,New World Order conspiracy theory,
CASE-0406,IPCC conspiracy,Conspiracy theory,wikipedia_article_links,https://en.wikipedia.org/wiki/Conspiracy,en.wikipedia.org,wikipedia_internal,6,conspiracy,
CASE-0406,IPCC conspiracy,Conspiracy theory,wikipedia_article_links,https://en.wikipedia.org/wiki/Connotation,en.wikipedia.org,wikipedia_internal,7,connotation,
CASE-0406,IPCC conspiracy,Conspiracy theory,wikipedia_article_links,https://en.wikipedia.org/wiki/Prejudice,en.wikipedia.org,wikipedia_internal,8,prejudice,
CASE-0406,IPCC conspiracy,Conspiracy theory,wikipedia_article_links,https://en.wikipedia.org/wiki/Paranoia,en.wikipedia.org,wikipedia_internal,9,paranoia,
CASE-0406,IPCC conspiracy,Conspiracy theory,wikipedia_article_links,https://en.wikipedia.org/wiki/Scientist,en.wikipedia.org,wikipedia_internal,10,scientists,
CASE-0406,IPCC conspiracy,Conspiracy theory,wikipedia_article_links,https://en.wikipedia.org/wiki/Historian,en.wikipedia.org,wikipedia_internal,11,historians,
CASE-0406,IPCC conspiracy,Conspiracy theory,wikipedia_article_links,https://en.wikipedia.org/wiki/Lay_theory,en.wikipedia.org,wikipedia_internal,12,lay theories,
CASE-0406,IPCC conspiracy,Conspiracy theory,wikipedia_article_links,https://en.wikipedia.org/wiki/Falsifiability,en.wikipedia.org,wikipedia_internal,13,falsification,
CASE-0406,IPCC conspiracy,Conspiracy theory,wikipedia_article_links,https://en.wikipedia.org/wiki/Circular_reasoning,en.wikipedia.org,wikipedia_internal,14,circular reasoning,
CASE-0406,IPCC conspiracy,Conspiracy theory,wikipedia_article_links,https://en.wikipedia.org/wiki/Stephan_Lewandowsky,en.wikipedia.org,wikipedia_internal,15,Stephan Lewandowsky,
CASE-0406,IPCC conspiracy,Conspiracy theory,wikipedia_article_links,https://en.wikipedia.org/wiki/Anti-authority,en.wikipedia.org,wikipedia_internal,16,distrust of authority,
CASE-0406,IPCC conspiracy,Conspiracy theory,wikipedia_article_links,https://en.wikipedia.org/wiki/Cynicism_(contemporary),en.wikipedia.org,wikipedia_internal,17,cynicism,
CASE-0406,IPCC conspiracy,Conspiracy theory,wikipedia_article_links,https://en.wikipedia.org/wiki/Psychological_projection,en.wikipedia.org,wikipedia_internal,18,psychological projection,
CASE-0406,IPCC conspiracy,Conspiracy theory,wikipedia_article_links,https://en.wikipedia.org/wiki/Machiavellianism_(psychology),en.wikipedia.org,wikipedia_internal,19,Machiavellianism,
CASE-0406,IPCC conspiracy,Conspiracy theory,wikipedia_article_links,https://en.wikipedia.org/wiki/Schizotypy,en.wikipedia.org,wikipedia_internal,20,schizotypy,
CASE-0407,carbon tax conspiracy,Carbon tax,wikipedia_search,https://en.wikipedia.org/wiki/Carbon_tax,en.wikipedia.org,wikipedia_primary,1,Carbon tax,
CASE-0407,carbon tax conspiracy,Carbon tax,wikipedia_article_links,https://en.wikipedia.org/wiki/Greenhouse_gas_emissions,en.wikipedia.org,wikipedia_internal,2,carbon dioxide emitted,
CASE-0407,carbon tax conspiracy,Carbon tax,wikipedia_article_links,https://en.wikipedia.org/wiki/Coal-fired_power_station,en.wikipedia.org,wikipedia_internal,3,coal-fired power plant,
CASE-0407,carbon tax conspiracy,Carbon tax,wikipedia_article_links,https://en.wikipedia.org/wiki/Luchegorsk,en.wikipedia.org,wikipedia_internal,4,Luchegorsk,
CASE-0407,carbon tax conspiracy,Carbon tax,wikipedia_article_links,https://en.wikipedia.org/wiki/Tax,en.wikipedia.org,wikipedia_internal,5,tax,
CASE-0407,carbon tax conspiracy,Carbon tax,wikipedia_article_links,https://en.wikipedia.org/wiki/Carbon_emissions,en.wikipedia.org,wikipedia_internal,6,carbon emissions,
CASE-0407,carbon tax conspiracy,Carbon tax,wikipedia_article_links,https://en.wikipedia.org/wiki/Social_cost_of_carbon,en.wikipedia.org,wikipedia_internal,7,social costs of carbon emissions,
CASE-0407,carbon tax conspiracy,Carbon tax,wikipedia_article_links,https://en.wikipedia.org/wiki/Fossil_fuel,en.wikipedia.org,wikipedia_internal,8,fossil fuels,
CASE-0407,carbon tax conspiracy,Carbon tax,wikipedia_article_links,https://en.wikipedia.org/wiki/Emission_intensity,en.wikipedia.org,wikipedia_internal,9,carbon-intensive,
CASE-0407,carbon tax conspiracy,Carbon tax,wikipedia_article_links,https://en.wikipedia.org/wiki/Coal,en.wikipedia.org,wikipedia_internal,10,coal,
CASE-0407,carbon tax conspiracy,Carbon tax,wikipedia_article_links,https://en.wikipedia.org/wiki/Petroleum,en.wikipedia.org,wikipedia_internal,11,petroleum,
CASE-0407,carbon tax conspiracy,Carbon tax,wikipedia_article_links,https://en.wikipedia.org/wiki/Natural_gas,en.wikipedia.org,wikipedia_internal,12,natural gas,
CASE-0407,carbon tax conspiracy,Carbon tax,wikipedia_article_links,https://en.wikipedia.org/wiki/Climate_change,en.wikipedia.org,wikipedia_internal,13,climate change,
CASE-0407,carbon tax conspiracy,Carbon tax,wikipedia_article_links,https://en.wikipedia.org/wiki/Negative_externality,en.wikipedia.org,wikipedia_internal,14,negative externality,
CASE-0407,carbon tax conspiracy,Carbon tax,wikipedia_article_links,https://en.wikipedia.org/wiki/Carbon_price,en.wikipedia.org,wikipedia_internal,15,carbon price,
CASE-0407,carbon tax conspiracy,Carbon tax,wikipedia_article_links,https://en.wikipedia.org/wiki/Carbon_offsets_and_credits,en.wikipedia.org,wikipedia_internal,16,carbon credits,
CASE-0407,carbon tax conspiracy,Carbon tax,wikipedia_article_links,https://en.wikipedia.org/wiki/Subsidy,en.wikipedia.org,wikipedia_internal,17,subsidies,
CASE-0407,carbon tax conspiracy,Carbon tax,wikipedia_article_links,https://en.wikipedia.org/wiki/Greenhouse_gas,en.wikipedia.org,wikipedia_internal,18,greenhouse gases,
CASE-0407,carbon tax conspiracy,Carbon tax,wikipedia_article_links,https://en.wikipedia.org/wiki/Methane,en.wikipedia.org,wikipedia_internal,19,methane,
CASE-0407,carbon tax conspiracy,Carbon tax,wikipedia_article_links,https://en.wikipedia.org/wiki/Nitrous_oxide,en.wikipedia.org,wikipedia_internal,20,nitrous oxide,
CASE-0408,green new deal conspiracy,New Deal,wikipedia_search,https://en.wikipedia.org/wiki/New_Deal,en.wikipedia.org,wikipedia_primary,1,New Deal,
CASE-0408,green new deal conspiracy,New Deal,wikipedia_article_links,https://en.wikipedia.org/wiki/New_Deal_(disambiguation),en.wikipedia.org,wikipedia_internal,2,New Deal (disambiguation),
CASE-0408,green new deal conspiracy,New Deal,wikipedia_article_links,https://en.wikipedia.org/wiki/Tennessee_Valley_Authority_Act,en.wikipedia.org,wikipedia_internal,3,Tennessee Valley Authority Act,
CASE-0408,green new deal conspiracy,New Deal,wikipedia_article_links,https://en.wikipedia.org/wiki/Franklin_D._Roosevelt,en.wikipedia.org,wikipedia_internal,4,Franklin D. Roosevelt,
CASE-0408,green new deal conspiracy,New Deal,wikipedia_article_links,https://en.wikipedia.org/wiki/Works_Progress_Administration,en.wikipedia.org,wikipedia_internal,5,Works Progress Administration,
CASE-0408,green new deal conspiracy,New Deal,wikipedia_article_links,https://en.wikipedia.org/wiki/Economic_Programs_(United_States),en.wikipedia.org,wikipedia_internal,6,Economic program,
CASE-0408,green new deal conspiracy,New Deal,wikipedia_article_links,https://en.wikipedia.org/wiki/Great_Depression,en.wikipedia.org,wikipedia_internal,7,Great Depression,
CASE-0408,green new deal conspiracy,New Deal,wikipedia_article_links,https://en.wikipedia.org/wiki/President_of_the_United_States,en.wikipedia.org,wikipedia_internal,8,President,
CASE-0408,green new deal conspiracy,New Deal,wikipedia_article_links,https://en.wikipedia.org/wiki/Democratic_Party_(United_States),en.wikipedia.org,wikipedia_internal,9,Democratic Party,
CASE-0408,green new deal conspiracy,New Deal,wikipedia_article_links,https://en.wikipedia.org/wiki/New_Deal_coalition,en.wikipedia.org,wikipedia_internal,10,New Deal coalition,
CASE-0408,green new deal conspiracy,New Deal,wikipedia_article_links,https://en.wikipedia.org/wiki/Delano_family,en.wikipedia.org,wikipedia_internal,11,Delano,
CASE-0408,green new deal conspiracy,New Deal,wikipedia_article_links,https://en.wikipedia.org/wiki/Roosevelt_family,en.wikipedia.org,wikipedia_internal,12,Roosevelt,
CASE-0408,green new deal conspiracy,New Deal,wikipedia_article_links,https://en.wikipedia.org/wiki/Franklin_D._Roosevelt%27s_paralytic_illness,en.wikipedia.org,wikipedia_internal,13,Paralysis,
CASE-0408,green new deal conspiracy,New Deal,wikipedia_article_links,https://en.wikipedia.org/wiki/Sunshine_Special_(automobile),en.wikipedia.org,wikipedia_internal,14,Sunshine Special,
CASE-0408,green new deal conspiracy,New Deal,wikipedia_article_links,https://en.wikipedia.org/wiki/1928_New_York_state_election,en.wikipedia.org,wikipedia_internal,15,1928,
CASE-0408,green new deal conspiracy,New Deal,wikipedia_article_links,https://en.wikipedia.org/wiki/1930_New_York_state_election,en.wikipedia.org,wikipedia_internal,16,1930,
CASE-0408,green new deal conspiracy,New Deal,wikipedia_article_links,https://en.wikipedia.org/wiki/Governorship_of_Franklin_D._Roosevelt,en.wikipedia.org,wikipedia_internal,17,Governorship,
CASE-0408,green new deal conspiracy,New Deal,wikipedia_article_links,https://en.wikipedia.org/wiki/Presidency_of_Franklin_D._Roosevelt_(1933%E2%80%931941),en.wikipedia.org,wikipedia_internal,18,1933–1941,
CASE-0408,green new deal conspiracy,New Deal,wikipedia_article_links,https://en.wikipedia.org/wiki/Presidency_of_Franklin_D._Roosevelt_(1941%E2%80%931945),en.wikipedia.org,wikipedia_internal,19,1941–1945,
CASE-0408,green new deal conspiracy,New Deal,wikipedia_article_links,https://en.wikipedia.org/wiki/Timeline_of_the_Franklin_D._Roosevelt_presidency,en.wikipedia.org,wikipedia_internal,20,timeline,
CASE-0409,electric vehicle conspiracy,Plug-in hybrid,wikipedia_search,https://en.wikipedia.org/wiki/Plug-in_hybrid,en.wikipedia.org,wikipedia_primary,1,Plug-in hybrid,
CASE-0409,electric vehicle conspiracy,Plug-in hybrid,wikipedia_article_links,https://en.wikipedia.org/wiki/Range_extender#Powertrain,en.wikipedia.org,wikipedia_internal,2,EREV,
CASE-0409,electric vehicle conspiracy,Plug-in hybrid,wikipedia_article_links,https://en.wikipedia.org/wiki/Battery_electric_vehicle,en.wikipedia.org,wikipedia_internal,3,battery electric vehicle,
CASE-0409,electric vehicle conspiracy,Plug-in hybrid,wikipedia_article_links,https://en.wikipedia.org/wiki/Plug-in_electric_vehicle,en.wikipedia.org,wikipedia_internal,4,plug-in electric vehicle,
CASE-0409,electric vehicle conspiracy,Plug-in hybrid,wikipedia_article_links,https://en.wikipedia.org/wiki/BYD_Song,en.wikipedia.org,wikipedia_internal,5,BYD Song,
CASE-0409,electric vehicle conspiracy,Plug-in hybrid,wikipedia_article_links,https://en.wikipedia.org/wiki/Mitsubishi_Outlander_PHEV,en.wikipedia.org,wikipedia_internal,6,Mitsubishi Outlander PHEV,
CASE-0409,electric vehicle conspiracy,Plug-in hybrid,wikipedia_article_links,https://en.wikipedia.org/wiki/Chevrolet_Volt,en.wikipedia.org,wikipedia_internal,7,Chevrolet Volt,
CASE-0409,electric vehicle conspiracy,Plug-in hybrid,wikipedia_article_links,https://en.wikipedia.org/wiki/Sustainable_energy,en.wikipedia.org,wikipedia_internal,8,Sustainable energy,
CASE-0409,electric vehicle conspiracy,Plug-in hybrid,wikipedia_article_links,https://en.wikipedia.org/wiki/Energy_conservation,en.wikipedia.org,wikipedia_internal,9,Energy conservation,
CASE-0409,electric vehicle conspiracy,Plug-in hybrid,wikipedia_article_links,https://en.wikipedia.org/wiki/Arcology,en.wikipedia.org,wikipedia_internal,10,Arcology,
CASE-0409,electric vehicle conspiracy,Plug-in hybrid,wikipedia_article_links,https://en.wikipedia.org/wiki/Building_insulation,en.wikipedia.org,wikipedia_internal,11,Building insulation,
CASE-0409,electric vehicle conspiracy,Plug-in hybrid,wikipedia_article_links,https://en.wikipedia.org/wiki/Cogeneration,en.wikipedia.org,wikipedia_internal,12,Cogeneration,
CASE-0409,electric vehicle conspiracy,Plug-in hybrid,wikipedia_article_links,https://en.wikipedia.org/wiki/Compact_fluorescent_lamp,en.wikipedia.org,wikipedia_internal,13,Compact fluorescent lamp,
CASE-0409,electric vehicle conspiracy,Plug-in hybrid,wikipedia_article_links,https://en.wikipedia.org/wiki/Eco_hotel,en.wikipedia.org,wikipedia_internal,14,Eco hotel,
CASE-0409,electric vehicle conspiracy,Plug-in hybrid,wikipedia_article_links,https://en.wikipedia.org/wiki/Eco-cities,en.wikipedia.org,wikipedia_internal,15,Eco-cities,
CASE-0409,electric vehicle conspiracy,Plug-in hybrid,wikipedia_article_links,https://en.wikipedia.org/wiki/Ecohouse,en.wikipedia.org,wikipedia_internal,16,Ecohouse,
CASE-0409,electric vehicle conspiracy,Plug-in hybrid,wikipedia_article_links,https://en.wikipedia.org/wiki/Ecolabel,en.wikipedia.org,wikipedia_internal,17,Ecolabel,
CASE-0409,electric vehicle conspiracy,Plug-in hybrid,wikipedia_article_links,https://en.wikipedia.org/wiki/Efficient_energy_use,en.wikipedia.org,wikipedia_internal,18,Efficient energy use,
CASE-0409,electric vehicle conspiracy,Plug-in hybrid,wikipedia_article_links,https://en.wikipedia.org/wiki/Energy_audit,en.wikipedia.org,wikipedia_internal,19,Energy audit,
CASE-0409,electric vehicle conspiracy,Plug-in hybrid,wikipedia_article_links,https://en.wikipedia.org/wiki/Energy_efficiency_implementation,en.wikipedia.org,wikipedia_internal,20,Energy efficiency implementation,
CASE-0410,nuclear energy suppressed,Free energy suppression conspiracy theory,wikipedia_search,https://en.wikipedia.org/wiki/Free_energy_suppression_conspiracy_theory,en.wikipedia.org,wikipedia_primary,1,Free energy suppression conspiracy theory,
CASE-0410,nuclear energy suppressed,Free energy suppression conspiracy theory,wikipedia_article_links,https://en.wikipedia.org/wiki/Conspiracy_theory,en.wikipedia.org,wikipedia_internal,2,conspiracy theory,
CASE-0410,nuclear energy suppressed,Free energy suppression conspiracy theory,wikipedia_article_links,https://en.wikipedia.org/wiki/Energy_source,en.wikipedia.org,wikipedia_internal,3,energy sources,
CASE-0410,nuclear energy suppressed,Free energy suppression conspiracy theory,wikipedia_article_links,https://en.wikipedia.org/wiki/Advocacy_groups,en.wikipedia.org,wikipedia_internal,4,advocacy groups,
CASE-0410,nuclear energy suppressed,Free energy suppression conspiracy theory,wikipedia_article_links,https://en.wikipedia.org/wiki/Perpetual_motion,en.wikipedia.org,wikipedia_internal,5,perpetual motion,
CASE-0410,nuclear energy suppressed,Free energy suppression conspiracy theory,wikipedia_article_links,https://en.wikipedia.org/wiki/Cold_fusion,en.wikipedia.org,wikipedia_internal,6,cold fusion,
CASE-0410,nuclear energy suppressed,Free energy suppression conspiracy theory,wikipedia_article_links,https://en.wikipedia.org/wiki/Torus,en.wikipedia.org,wikipedia_internal,7,torus,
CASE-0410,nuclear energy suppressed,Free energy suppression conspiracy theory,wikipedia_article_links,https://en.wikipedia.org/wiki/Potential_cultural_impact_of_extraterrestrial_contact#Scientific_and_technological,en.wikipedia.org,wikipedia_internal,8,extraterrestrial technology,
CASE-0410,nuclear energy suppressed,Free energy suppression conspiracy theory,wikipedia_article_links,https://en.wikipedia.org/wiki/Anti-gravity,en.wikipedia.org,wikipedia_internal,9,anti-gravity,
CASE-0410,nuclear energy suppressed,Free energy suppression conspiracy theory,wikipedia_article_links,https://en.wikipedia.org/wiki/Lobby_groups,en.wikipedia.org,wikipedia_internal,10,special interest groups,
CASE-0410,nuclear energy suppressed,Free energy suppression conspiracy theory,wikipedia_article_links,https://en.wikipedia.org/wiki/Fossil_fuel,en.wikipedia.org,wikipedia_internal,11,fossil fuel,
CASE-0410,nuclear energy suppressed,Free energy suppression conspiracy theory,wikipedia_article_links,https://en.wikipedia.org/wiki/Nuclear_industry,en.wikipedia.org,wikipedia_internal,12,nuclear industry,
CASE-0410,nuclear energy suppressed,Free energy suppression conspiracy theory,wikipedia_article_links,https://en.wikipedia.org/wiki/Peer_review,en.wikipedia.org,wikipedia_internal,13,peer review,
CASE-0410,nuclear energy suppressed,Free energy suppression conspiracy theory,wikipedia_article_links,https://en.wikipedia.org/wiki/Suppression_of_dissent,en.wikipedia.org,wikipedia_internal,14,academic pressure,
CASE-0410,nuclear energy suppressed,Free energy suppression conspiracy theory,wikipedia_article_links,https://en.wikipedia.org/wiki/Quantum_vacuum_zero_point_energy,en.wikipedia.org,wikipedia_internal,15,quantum vacuum zero point energy,
CASE-0410,nuclear energy suppressed,Free energy suppression conspiracy theory,wikipedia_article_links,https://en.wikipedia.org/wiki/Patent,en.wikipedia.org,wikipedia_internal,16,patents,
CASE-0410,nuclear energy suppressed,Free energy suppression conspiracy theory,wikipedia_article_links,https://en.wikipedia.org/wiki/Fuel_efficiency,en.wikipedia.org,wikipedia_internal,17,100 mpg,
CASE-0410,nuclear energy suppressed,Free energy suppression conspiracy theory,wikipedia_article_links,https://en.wikipedia.org/wiki/Carburetor,en.wikipedia.org,wikipedia_internal,18,carburetors,
CASE-0410,nuclear energy suppressed,Free energy suppression conspiracy theory,wikipedia_article_links,https://en.wikipedia.org/wiki/Stanley_Meyer%27s_water_fuel_cell,en.wikipedia.org,wikipedia_internal,19,Stanley Meyer,
CASE-0410,nuclear energy suppressed,Free energy suppression conspiracy theory,wikipedia_article_links,https://en.wikipedia.org/wiki/Eugene_Mallove,en.wikipedia.org,wikipedia_internal,20,Eugene Mallove,
