case_id,case_title,matched_title,discovery_method,url,source_domain,source_type,priority,link_label,notes
CASE-0001,illuminati,Illuminati,wikipedia_search,https://en.wikipedia.org/wiki/Illuminati,en.wikipedia.org,wikipedia_primary,1,Illuminati,
CASE-0001,illuminati,Illuminati,wikipedia_article_links,https://en.wikipedia.org/wiki/New_World_Order_conspiracy_theory,en.wikipedia.org,wikipedia_internal,2,New World Order conspiracy theory,
CASE-0001,illuminati,Illuminati,wikipedia_article_links,https://en.wikipedia.org/wiki/Illuminati_(disambiguation),en.wikipedia.org,wikipedia_internal,3,Illuminati (disambiguation),
CASE-0001,illuminati,Illuminati,wikipedia_article_links,https://en.wikipedia.org/wiki/Eye_of_Providence,en.wikipedia.org,wikipedia_internal,4,Eye of Providence,
CASE-0001,illuminati,Illuminati,wikipedia_article_links,https://en.wikipedia.org/wiki/Founding_Fathers_of_the_United_States,en.wikipedia.org,wikipedia_internal,5,Founding Fathers of the United States,
CASE-0001,illuminati,Illuminati,wikipedia_article_links,https://en.wikipedia.org/wiki/Latin,en.wikipedia.org,wikipedia_internal,6,Latin,
CASE-0001,illuminati,Illuminati,wikipedia_article_links,https://en.wikipedia.org/wiki/Age_of_Enlightenment,en.wikipedia.org,wikipedia_internal,7,Enlightenment,
CASE-0001,illuminati,Illuminati,wikipedia_article_links,https://en.wikipedia.org/wiki/Secret_society,en.wikipedia.org,wikipedia_internal,8,secret society,
CASE-0001,illuminati,Illuminati,wikipedia_article_links,https://en.wikipedia.org/wiki/Electorate_of_Bavaria,en.wikipedia.org,wikipedia_internal,9,Electorate of Bavaria,
CASE-0001,illuminati,Illuminati,wikipedia_article_links,https://en.wikipedia.org/wiki/Superstition,en.wikipedia.org,wikipedia_internal,10,superstition,
CASE-0001,illuminati,Illuminati,wikipedia_article_links,https://en.wikipedia.org/wiki/Obscurantism,en.wikipedia.org,wikipedia_internal,11,obscurantism,
CASE-0001,illuminati,Illuminati,wikipedia_article_links,https://en.wikipedia.org/wiki/Power_(social_and_political),en.wikipedia.org,wikipedia_internal,12,state power,
CASE-0001,illuminati,Illuminati,wikipedia_article_links,https://en.wikipedia.org/wiki/Freemasonry,en.wikipedia.org,wikipedia_internal,13,Freemasonry,
CASE-0001,illuminati,Illuminati,wikipedia_article_links,https://en.wikipedia.org/wiki/Edict,en.wikipedia.org,wikipedia_internal,14,edict,
CASE-0001,illuminati,Illuminati,wikipedia_article_links,"https://en.wikipedia.org/wiki/Charles_Theodore,_Elector_of_Bavaria",en.wikipedia.org,wikipedia_internal,15,"Charles Theodore, Elector of Bavaria",
CASE-0001,illuminati,Illuminati,wikipedia_article_links,https://en.wikipedia.org/wiki/Catholic_Church,en.wikipedia.org,wikipedia_internal,16,Catholic Church,
CASE-0001,illuminati,Illuminati,wikipedia_article_links,https://en.wikipedia.org/wiki/French_Revolution,en.wikipedia.org,wikipedia_internal,17,French Revolution,
CASE-0001,illuminati,Illuminati,wikipedia_article_links,https://en.wikipedia.org/wiki/Johann_Wolfgang_von_Goethe,en.wikipedia.org,wikipedia_internal,18,Johann Wolfgang von Goethe,
CASE-0001,illuminati,Illuminati,wikipedia_article_links,https://en.wikipedia.org/wiki/Johann_Gottfried_Herder,en.wikipedia.org,wikipedia_internal,19,Johann Gottfried Herder,
CASE-0001,illuminati,Illuminati,wikipedia_article_links,https://en.wikipedia.org/wiki/Duke_of_Gotha,en.wikipedia.org,wikipedia_internal,20,Duke of Gotha,
CASE-0002,conspiracy theories,Conspiracy theory,wikipedia_search,https://en.wikipedia.org/wiki/Conspiracy_theory,en.wikipedia.org,wikipedia_primary,1,Conspiracy theory,
CASE-0002,conspiracy theories,Conspiracy theory,wikipedia_article_links,https://en.wikipedia.org/wiki/Conspiracy_theory_(disambiguation),en.wikipedia.org,wikipedia_internal,2,Conspiracy theory (disambiguation),
CASE-0002,conspiracy theories,Conspiracy theory,wikipedia_article_links,https://en.wikipedia.org/wiki/Eye_of_Providence,en.wikipedia.org,wikipedia_internal,3,Eye of Providence,
CASE-0002,conspiracy theories,Conspiracy theory,wikipedia_article_links,https://en.wikipedia.org/wiki/Founding_Fathers_of_the_United_States,en.wikipedia.org,wikipedia_internal,4,Founding Fathers of the United States,
CASE-0002,conspiracy theories,Conspiracy theory,wikipedia_article_links,https://en.wikipedia.org/wiki/New_World_Order_conspiracy_theory,en.wikipedia.org,wikipedia_internal,5,New World Order conspiracy theory,
CASE-0002,conspiracy theories,Conspiracy theory,wikipedia_article_links,https://en.wikipedia.org/wiki/Conspiracy,en.wikipedia.org,wikipedia_internal,6,conspiracy,
CASE-0002,conspiracy theories,Conspiracy theory,wikipedia_article_links,https://en.wikipedia.org/wiki/Connotation,en.wikipedia.org,wikipedia_internal,7,connotation,
CASE-0002,conspiracy theories,Conspiracy theory,wikipedia_article_links,https://en.wikipedia.org/wiki/Prejudice,en.wikipedia.org,wikipedia_internal,8,prejudice,
CASE-0002,conspiracy theories,Conspiracy theory,wikipedia_article_links,https://en.wikipedia.org/wiki/Paranoia,en.wikipedia.org,wikipedia_internal,9,paranoia,
CASE-0002,conspiracy theories,Conspiracy theory,wikipedia_article_links,https://en.wikipedia.org/wiki/Scientist,en.wikipedia.org,wikipedia_internal,10,scientists,
CASE-0002,conspiracy theories,Conspiracy theory,wikipedia_article_links,https://en.wikipedia.org/wiki/Historian,en.wikipedia.org,wikipedia_internal,11,historians,
CASE-0002,conspiracy theories,Conspiracy theory,wikipedia_article_links,https://en.wikipedia.org/wiki/Lay_theory,en.wikipedia.org,wikipedia_internal,12,lay theories,
CASE-0002,conspiracy theories,Conspiracy theory,wikipedia_article_links,https://en.wikipedia.org/wiki/Falsifiability,en.wikipedia.org,wikipedia_internal,13,falsification,
CASE-0002,conspiracy theories,Conspiracy theory,wikipedia_article_links,https://en.wikipedia.org/wiki/Circular_reasoning,en.wikipedia.org,wikipedia_internal,14,circular reasoning,
CASE-0002,conspiracy theories,Conspiracy theory,wikipedia_article_links,https://en.wikipedia.org/wiki/Stephan_Lewandowsky,en.wikipedia.org,wikipedia_internal,15,Stephan Lewandowsky,
CASE-0002,conspiracy theories,Conspiracy theory,wikipedia_article_links,https://en.wikipedia.org/wiki/Anti-authority,en.wikipedia.org,wikipedia_internal,16,distrust of authority,
CASE-0002,conspiracy theories,Conspiracy theory,wikipedia_article_links,https://en.wikipedia.org/wiki/Cynicism_(contemporary),en.wikipedia.org,wikipedia_internal,17,cynicism,
CASE-0002,conspiracy theories,Conspiracy theory,wikipedia_article_links,https://en.wikipedia.org/wiki/Psychological_projection,en.wikipedia.org,wikipedia_internal,18,psychological projection,
CASE-0002,conspiracy theories,Conspiracy theory,wikipedia_article_links,https://en.wikipedia.org/wiki/Machiavellianism_(psychology),en.wikipedia.org,wikipedia_internal,19,Machiavellianism,
CASE-0002,conspiracy theories,Conspiracy theory,wikipedia_article_links,https://en.wikipedia.org/wiki/Schizotypy,en.wikipedia.org,wikipedia_internal,20,schizotypy,
CASE-0003,flat earth,Flat Earth,wikipedia_search,https://en.wikipedia.org/wiki/Flat_Earth,en.wikipedia.org,wikipedia_primary,1,Flat Earth,
CASE-0003,flat earth,Flat Earth,wikipedia_article_links,https://en.wikipedia.org/wiki/Flat_Earth_(disambiguation),en.wikipedia.org,wikipedia_internal,2,Flat Earth (disambiguation),
CASE-0003,flat earth,Flat Earth,wikipedia_article_links,https://en.wikipedia.org/wiki/Orlando_Ferguson,en.wikipedia.org,wikipedia_internal,3,Orlando Ferguson,
CASE-0003,flat earth,Flat Earth,wikipedia_article_links,https://en.wikipedia.org/wiki/Figure_of_the_Earth,en.wikipedia.org,wikipedia_internal,4,Earth's shape,
CASE-0003,flat earth,Flat Earth,wikipedia_article_links,https://en.wikipedia.org/wiki/Plane_(geometry),en.wikipedia.org,wikipedia_internal,5,plane,
CASE-0003,flat earth,Flat Earth,wikipedia_article_links,https://en.wikipedia.org/wiki/Disk_(mathematics),en.wikipedia.org,wikipedia_internal,6,disk,
CASE-0003,flat earth,Flat Earth,wikipedia_article_links,https://en.wikipedia.org/wiki/Cosmography,en.wikipedia.org,wikipedia_internal,7,cosmography,
CASE-0003,flat earth,Flat Earth,wikipedia_article_links,https://en.wikipedia.org/wiki/Modern_flat_Earth_beliefs,en.wikipedia.org,wikipedia_internal,8,recent resurgence,
CASE-0003,flat earth,Flat Earth,wikipedia_article_links,https://en.wikipedia.org/wiki/Conspiracy_theory,en.wikipedia.org,wikipedia_internal,9,conspiracy theory,
CASE-0003,flat earth,Flat Earth,wikipedia_article_links,https://en.wikipedia.org/wiki/Spherical_Earth,en.wikipedia.org,wikipedia_internal,10,spherical Earth,
CASE-0003,flat earth,Flat Earth,wikipedia_article_links,https://en.wikipedia.org/wiki/Ancient_Greek_philosophy,en.wikipedia.org,wikipedia_internal,11,ancient Greek philosophy,
CASE-0003,flat earth,Flat Earth,wikipedia_article_links,https://en.wikipedia.org/wiki/Pythagoras,en.wikipedia.org,wikipedia_internal,12,Pythagoras,
CASE-0003,flat earth,Flat Earth,wikipedia_article_links,https://en.wikipedia.org/wiki/Early_Greek_cosmology,en.wikipedia.org,wikipedia_internal,13,early Greek cosmological,
CASE-0003,flat earth,Flat Earth,wikipedia_article_links,https://en.wikipedia.org/wiki/Pre-Socratic_philosophy,en.wikipedia.org,wikipedia_internal,14,pre-Socratics,
CASE-0003,flat earth,Flat Earth,wikipedia_article_links,https://en.wikipedia.org/wiki/Plato,en.wikipedia.org,wikipedia_internal,15,Plato,
CASE-0003,flat earth,Flat Earth,wikipedia_article_links,https://en.wikipedia.org/wiki/Aristotle,en.wikipedia.org,wikipedia_internal,16,Aristotle,
CASE-0003,flat earth,Flat Earth,wikipedia_article_links,https://en.wikipedia.org/wiki/Empirical_evidence,en.wikipedia.org,wikipedia_internal,17,empirical evidence,
CASE-0003,flat earth,Flat Earth,wikipedia_article_links,https://en.wikipedia.org/wiki/Hellenistic_period,en.wikipedia.org,wikipedia_internal,18,Hellenistic world,
CASE-0003,flat earth,Flat Earth,wikipedia_article_links,https://en.wikipedia.org/wiki/Jesuit_missionaries,en.wikipedia.org,wikipedia_internal,19,Jesuit missionaries,
CASE-0003,flat earth,Flat Earth,wikipedia_article_links,https://en.wikipedia.org/wiki/List_of_common_misconceptions,en.wikipedia.org,wikipedia_internal,20,historical myth,
CASE-0004,area 51,Area 51,wikipedia_search,https://en.wikipedia.org/wiki/Area_51,en.wikipedia.org,wikipedia_primary,1,Area 51,
CASE-0004,area 51,Area 51,wikipedia_article_links,https://en.wikipedia.org/wiki/Area_51_(disambiguation),en.wikipedia.org,wikipedia_internal,2,Area 51 (disambiguation),
CASE-0004,area 51,Area 51,wikipedia_article_links,https://en.wikipedia.org/wiki/Groom_Lake_(disambiguation),en.wikipedia.org,wikipedia_internal,3,Groom Lake (disambiguation),
CASE-0004,area 51,Area 51,wikipedia_article_links,"https://en.wikipedia.org/wiki/Rachel,_Lincoln_County,_Nevada",en.wikipedia.org,wikipedia_internal,4,"Rachel, Lincoln County, Nevada",
CASE-0004,area 51,Area 51,wikipedia_article_links,https://en.wikipedia.org/wiki/Satellite_image,en.wikipedia.org,wikipedia_internal,5,satellite image,
CASE-0004,area 51,Area 51,wikipedia_article_links,https://en.wikipedia.org/wiki/Sentinel-2,en.wikipedia.org,wikipedia_internal,6,Sentinel-2,
CASE-0004,area 51,Area 51,wikipedia_article_links,https://en.wikipedia.org/wiki/ESA,en.wikipedia.org,wikipedia_internal,7,ESA,
CASE-0004,area 51,Area 51,wikipedia_article_links,https://en.wikipedia.org/wiki/Groom_Lake_(salt_flat),en.wikipedia.org,wikipedia_internal,8,Groom Lake,
CASE-0004,area 51,Area 51,wikipedia_article_links,https://en.wikipedia.org/wiki/United_States_Department_of_Defense,en.wikipedia.org,wikipedia_internal,9,Department of Defense,
CASE-0004,area 51,Area 51,wikipedia_article_links,https://en.wikipedia.org/wiki/United_States_Air_Force,en.wikipedia.org,wikipedia_internal,10,United States Air Force,
CASE-0004,area 51,Area 51,wikipedia_article_links,https://en.wikipedia.org/wiki/Air_Force_Materiel_Command,en.wikipedia.org,wikipedia_internal,11,Air Force Materiel Command,
CASE-0004,area 51,Area 51,wikipedia_article_links,https://en.wikipedia.org/wiki/Storm_Area_51,en.wikipedia.org,wikipedia_internal,12,Storm Area 51,
CASE-0004,area 51,Area 51,wikipedia_article_links,https://en.wikipedia.org/wiki/Air_Force_Test_Center,en.wikipedia.org,wikipedia_internal,13,Air Force Test Center,
CASE-0004,area 51,Area 51,wikipedia_article_links,https://en.wikipedia.org/wiki/International_Civil_Aviation_Organization_airport_code,en.wikipedia.org,wikipedia_internal,14,ICAO,
CASE-0004,area 51,Area 51,wikipedia_article_links,https://en.wikipedia.org/wiki/Location_identifier#FAA_identifier,en.wikipedia.org,wikipedia_internal,15,FAA LID,
CASE-0004,area 51,Area 51,wikipedia_article_links,https://en.wikipedia.org/wiki/Above_mean_sea_level,en.wikipedia.org,wikipedia_internal,16,AMSL,
CASE-0004,area 51,Area 51,wikipedia_article_links,https://en.wikipedia.org/wiki/Runway#Orientation_and_dimensions,en.wikipedia.org,wikipedia_internal,17,Direction,
CASE-0004,area 51,Area 51,wikipedia_article_links,https://en.wikipedia.org/wiki/Asphalt_concrete,en.wikipedia.org,wikipedia_internal,18,asphalt,
CASE-0004,area 51,Area 51,wikipedia_article_links,https://en.wikipedia.org/wiki/Dry_lake,en.wikipedia.org,wikipedia_internal,19,dry lake,
CASE-0004,area 51,Area 51,wikipedia_article_links,https://en.wikipedia.org/wiki/Nevada_Test_and_Training_Range,en.wikipedia.org,wikipedia_internal,20,Nevada Test and Training Range,
CASE-0005,new world order,New World Order,wikipedia_search,https://en.wikipedia.org/wiki/New_World_Order,en.wikipedia.org,wikipedia_primary,1,New World Order,
CASE-0005,new world order,New World Order,wikipedia_article_links,https://en.wikipedia.org/wiki/New_World_Order_conspiracy_theory,en.wikipedia.org,wikipedia_internal,2,New World Order conspiracy theory,
CASE-0005,new world order,New World Order,wikipedia_article_links,https://en.wikipedia.org/wiki/New_world_order_(politics),en.wikipedia.org,wikipedia_internal,3,New world order (politics),
CASE-0005,new world order,New World Order,wikipedia_article_links,https://en.wikipedia.org/wiki/New_world_order_(Bah%C3%A1%CA%BC%C3%AD),en.wikipedia.org,wikipedia_internal,4,New world order (Baháʼí),
CASE-0005,new world order,New World Order,wikipedia_article_links,https://en.wikipedia.org/wiki/New_World_Order_(professional_wrestling),en.wikipedia.org,wikipedia_internal,5,New World Order (professional wrestling),
CASE-0005,new world order,New World Order,wikipedia_article_links,https://en.wikipedia.org/wiki/The_New_World_Order_(Wells_book),en.wikipedia.org,wikipedia_internal,6,The New World Order (Wells book),
CASE-0005,new world order,New World Order,wikipedia_article_links,https://en.wikipedia.org/wiki/The_New_World_Order_(Robertson_book),en.wikipedia.org,wikipedia_internal,7,The New World Order (Robertson book),
CASE-0005,new world order,New World Order,wikipedia_article_links,https://en.wikipedia.org/wiki/Mirza_Basheer-ud-Din_Mahmood_Ahmad,en.wikipedia.org,wikipedia_internal,8,Mirza Mahmood Ahmad,
CASE-0005,new world order,New World Order,wikipedia_article_links,https://en.wikipedia.org/wiki/Mirza_Tahir_Ahmad,en.wikipedia.org,wikipedia_internal,9,Mirza Tahir Ahmad,
CASE-0005,new world order,New World Order,wikipedia_article_links,https://en.wikipedia.org/wiki/Ben_Jeapes,en.wikipedia.org,wikipedia_internal,10,Ben Jeapes,
CASE-0005,new world order,New World Order,wikipedia_article_links,https://en.wikipedia.org/wiki/New_World_Order_(film),en.wikipedia.org,wikipedia_internal,11,New World Order (film),
CASE-0005,new world order,New World Order,wikipedia_article_links,https://en.wikipedia.org/wiki/The_New_World_Order_(album),en.wikipedia.org,wikipedia_internal,12,The New World Order (album),
CASE-0005,new world order,New World Order,wikipedia_article_links,https://en.wikipedia.org/wiki/New_World_Order_(album),en.wikipedia.org,wikipedia_internal,13,New World Order (album),
CASE-0005,new world order,New World Order,wikipedia_article_links,https://en.wikipedia.org/wiki/Thirteen_(Megadeth_album),en.wikipedia.org,wikipedia_internal,14,Thirteen,
CASE-0005,new world order,New World Order,wikipedia_article_links,https://en.wikipedia.org/wiki/No_World_Order_(Gamma_Ray_album),en.wikipedia.org,wikipedia_internal,15,No World Order,
CASE-0005,new world order,New World Order,wikipedia_article_links,https://en.wikipedia.org/wiki/The_Kovenant,en.wikipedia.org,wikipedia_internal,16,The Kovenant,
CASE-0005,new world order,New World Order,wikipedia_article_links,https://en.wikipedia.org/wiki/The_Retrosic,en.wikipedia.org,wikipedia_internal,17,The Retrosic,
CASE-0005,new world order,New World Order,wikipedia_article_links,https://en.wikipedia.org/wiki/N.W.O._(song),en.wikipedia.org,wikipedia_internal,18,"""N.W.O."" (song)",
CASE-0005,new world order,New World Order,wikipedia_article_links,https://en.wikipedia.org/wiki/Flatbush_Zombies,en.wikipedia.org,wikipedia_internal,19,Flatbush Zombies,
CASE-0005,new world order,New World Order,wikipedia_article_links,https://en.wikipedia.org/wiki/Danganronpa,en.wikipedia.org,wikipedia_internal,20,Danganronpa,
CASE-0006,MKUltra,MKUltra,wikipedia_search,https://en.wikipedia.org/wiki/MKUltra,en.wikipedia.org,wikipedia_primary,1,MKUltra,
CASE-0006,MKUltra,MKUltra,wikipedia_article_links,https://en.wikipedia.org/wiki/MKULTRA_(disambiguation),en.wikipedia.org,wikipedia_internal,2,MKULTRA (disambiguation),
CASE-0006,MKUltra,MKUltra,wikipedia_article_links,https://en.wikipedia.org/wiki/Edgewood_Arsenal_human_experiments,en.wikipedia.org,wikipedia_internal,3,Edgewood Arsenal human experiments,
CASE-0006,MKUltra,MKUltra,wikipedia_article_links,https://en.wikipedia.org/wiki/Declassification,en.wikipedia.org,wikipedia_internal,4,Declassified,
CASE-0006,MKUltra,MKUltra,wikipedia_article_links,https://en.wikipedia.org/wiki/Unethical_human_experimentation_in_the_United_States,en.wikipedia.org,wikipedia_internal,5,human experimentation,
CASE-0006,MKUltra,MKUltra,wikipedia_article_links,https://en.wikipedia.org/wiki/Central_Intelligence_Agency,en.wikipedia.org,wikipedia_internal,6,Central Intelligence Agency,
CASE-0006,MKUltra,MKUltra,wikipedia_article_links,https://en.wikipedia.org/wiki/CIA_cryptonym,en.wikipedia.org,wikipedia_internal,7,CIA cryptonym,
CASE-0006,MKUltra,MKUltra,wikipedia_article_links,https://en.wikipedia.org/wiki/Office_of_Technical_Service,en.wikipedia.org,wikipedia_internal,8,Office of Technical Service,
CASE-0006,MKUltra,MKUltra,wikipedia_article_links,https://en.wikipedia.org/wiki/Individual_rights_in_the_United_States,en.wikipedia.org,wikipedia_internal,9,individual rights,
CASE-0006,MKUltra,MKUltra,wikipedia_article_links,https://en.wikipedia.org/wiki/List_of_CIA_controversies,en.wikipedia.org,wikipedia_internal,10,the CIA's abuse of power,
CASE-0006,MKUltra,MKUltra,wikipedia_article_links,https://en.wikipedia.org/wiki/Consent,en.wikipedia.org,wikipedia_internal,11,consent,
CASE-0006,MKUltra,MKUltra,wikipedia_article_links,https://en.wikipedia.org/wiki/Democratic_values,en.wikipedia.org,wikipedia_internal,12,democratic principles,
CASE-0006,MKUltra,MKUltra,wikipedia_article_links,https://en.wikipedia.org/wiki/Psychoactive_drug,en.wikipedia.org,wikipedia_internal,13,psychoactive drugs,
CASE-0006,MKUltra,MKUltra,wikipedia_article_links,https://en.wikipedia.org/wiki/LSD,en.wikipedia.org,wikipedia_internal,14,LSD,
CASE-0006,MKUltra,MKUltra,wikipedia_article_links,https://en.wikipedia.org/wiki/Electroconvulsive_therapy,en.wikipedia.org,wikipedia_internal,15,electroshocks,
CASE-0006,MKUltra,MKUltra,wikipedia_article_links,https://en.wikipedia.org/wiki/Hypnosis,en.wikipedia.org,wikipedia_internal,16,hypnosis,
CASE-0006,MKUltra,MKUltra,wikipedia_article_links,https://en.wikipedia.org/wiki/Sensory_deprivation,en.wikipedia.org,wikipedia_internal,17,sensory deprivation,
CASE-0006,MKUltra,MKUltra,wikipedia_article_links,https://en.wikipedia.org/wiki/Verbal_abuse,en.wikipedia.org,wikipedia_internal,18,verbal,
CASE-0006,MKUltra,MKUltra,wikipedia_article_links,https://en.wikipedia.org/wiki/Sexual_abuse,en.wikipedia.org,wikipedia_internal,19,sexual abuse,
CASE-0006,MKUltra,MKUltra,wikipedia_article_links,https://en.wikipedia.org/wiki/Torture,en.wikipedia.org,wikipedia_internal,20,torture,
CASE-0007,chemtrails,Chemtrail conspiracy theory,wikipedia_search,https://en.wikipedia.org/wiki/Chemtrail_conspiracy_theory,en.wikipedia.org,wikipedia_primary,1,Chemtrail conspiracy theory,
CASE-0007,chemtrails,Chemtrail conspiracy theory,wikipedia_article_links,https://en.wikipedia.org/wiki/Contrail,en.wikipedia.org,wikipedia_internal,2,Contrail,
CASE-0007,chemtrails,Chemtrail conspiracy theory,wikipedia_article_links,https://en.wikipedia.org/wiki/Environmental_impact_of_aviation,en.wikipedia.org,wikipedia_internal,3,Environmental impact of aviation,
CASE-0007,chemtrails,Chemtrail conspiracy theory,wikipedia_article_links,https://en.wikipedia.org/wiki/Cloud_seeding,en.wikipedia.org,wikipedia_internal,4,Cloud seeding,
CASE-0007,chemtrails,Chemtrail conspiracy theory,wikipedia_article_links,https://en.wikipedia.org/wiki/Crop_dusting,en.wikipedia.org,wikipedia_internal,5,Crop dusting,
CASE-0007,chemtrails,Chemtrail conspiracy theory,wikipedia_article_links,https://en.wikipedia.org/wiki/Chemtrails_(song),en.wikipedia.org,wikipedia_internal,6,Chemtrails (song),
CASE-0007,chemtrails,Chemtrail conspiracy theory,wikipedia_article_links,https://en.wikipedia.org/wiki/Airbus_A340,en.wikipedia.org,wikipedia_internal,7,Airbus A340,
CASE-0007,chemtrails,Chemtrail conspiracy theory,wikipedia_article_links,https://en.wikipedia.org/wiki/Water_condensation,en.wikipedia.org,wikipedia_internal,8,water condensation,
CASE-0007,chemtrails,Chemtrail conspiracy theory,wikipedia_article_links,https://en.wikipedia.org/wiki/Chemical_weapon,en.wikipedia.org,wikipedia_internal,9,chemical,
CASE-0007,chemtrails,Chemtrail conspiracy theory,wikipedia_article_links,https://en.wikipedia.org/wiki/Biological_agent,en.wikipedia.org,wikipedia_internal,10,biological agents,
CASE-0007,chemtrails,Chemtrail conspiracy theory,wikipedia_article_links,https://en.wikipedia.org/wiki/Conspiracy_theory,en.wikipedia.org,wikipedia_internal,11,conspiracy theory,
CASE-0007,chemtrails,Chemtrail conspiracy theory,wikipedia_article_links,https://en.wikipedia.org/wiki/Dissipate,en.wikipedia.org,wikipedia_internal,12,dissipate,
CASE-0007,chemtrails,Chemtrail conspiracy theory,wikipedia_article_links,https://en.wikipedia.org/wiki/Solar_radiation_management,en.wikipedia.org,wikipedia_internal,13,solar radiation management,
CASE-0007,chemtrails,Chemtrail conspiracy theory,wikipedia_article_links,https://en.wikipedia.org/wiki/Weather_modification,en.wikipedia.org,wikipedia_internal,14,weather modification,
CASE-0007,chemtrails,Chemtrail conspiracy theory,wikipedia_article_links,https://en.wikipedia.org/wiki/Psychological_manipulation,en.wikipedia.org,wikipedia_internal,15,psychological manipulation,
CASE-0007,chemtrails,Chemtrail conspiracy theory,wikipedia_article_links,https://en.wikipedia.org/wiki/Human_population_control,en.wikipedia.org,wikipedia_internal,16,human population control,
CASE-0007,chemtrails,Chemtrail conspiracy theory,wikipedia_article_links,https://en.wikipedia.org/wiki/Biological_warfare,en.wikipedia.org,wikipedia_internal,17,biological,
CASE-0007,chemtrails,Chemtrail conspiracy theory,wikipedia_article_links,https://en.wikipedia.org/wiki/Chemical_warfare,en.wikipedia.org,wikipedia_internal,18,chemical,
CASE-0007,chemtrails,Chemtrail conspiracy theory,wikipedia_article_links,https://en.wikipedia.org/wiki/United_States_Air_Force,en.wikipedia.org,wikipedia_internal,19,United States Air Force,
CASE-0007,chemtrails,Chemtrail conspiracy theory,wikipedia_article_links,https://en.wikipedia.org/wiki/Art_Bell,en.wikipedia.org,wikipedia_internal,20,Art Bell,
CASE-0008,Bigfoot,Bigfoot,wikipedia_search,https://en.wikipedia.org/wiki/Bigfoot,en.wikipedia.org,wikipedia_primary,1,Bigfoot,
CASE-0008,Bigfoot,Bigfoot,wikipedia_article_links,https://en.wikipedia.org/wiki/Bigfoot_(disambiguation),en.wikipedia.org,wikipedia_internal,2,Bigfoot (disambiguation),
CASE-0008,Bigfoot,Bigfoot,wikipedia_article_links,https://en.wikipedia.org/wiki/Sasquatch_(disambiguation),en.wikipedia.org,wikipedia_internal,3,Sasquatch (disambiguation),
CASE-0008,Bigfoot,Bigfoot,wikipedia_article_links,https://en.wikipedia.org/wiki/Patterson%E2%80%93Gimlin_film,en.wikipedia.org,wikipedia_internal,4,Patterson–Gimlin film,
CASE-0008,Bigfoot,Bigfoot,wikipedia_article_links,https://en.wikipedia.org/wiki/Canada,en.wikipedia.org,wikipedia_internal,5,Canada,
CASE-0008,Bigfoot,Bigfoot,wikipedia_article_links,https://en.wikipedia.org/wiki/United_States,en.wikipedia.org,wikipedia_internal,6,United States,
CASE-0008,Bigfoot,Bigfoot,wikipedia_article_links,https://en.wikipedia.org/wiki/North_America,en.wikipedia.org,wikipedia_internal,7,North America,
CASE-0008,Bigfoot,Bigfoot,wikipedia_article_links,https://en.wikipedia.org/wiki/Mythic_humanoids,en.wikipedia.org,wikipedia_internal,8,mythical creature,
CASE-0008,Bigfoot,Bigfoot,wikipedia_article_links,https://en.wikipedia.org/wiki/Pacific_Northwest,en.wikipedia.org,wikipedia_internal,9,Pacific Northwest,
CASE-0008,Bigfoot,Bigfoot,wikipedia_article_links,https://en.wikipedia.org/wiki/American_folklore,en.wikipedia.org,wikipedia_internal,10,American,
CASE-0008,Bigfoot,Bigfoot,wikipedia_article_links,https://en.wikipedia.org/wiki/Canadian_folklore,en.wikipedia.org,wikipedia_internal,11,Canadian folklore,
CASE-0008,Bigfoot,Bigfoot,wikipedia_article_links,https://en.wikipedia.org/wiki/Cultural_icon,en.wikipedia.org,wikipedia_internal,12,cultural icon,
CASE-0008,Bigfoot,Bigfoot,wikipedia_article_links,https://en.wikipedia.org/wiki/Bigfoot_in_popular_culture,en.wikipedia.org,wikipedia_internal,13,popular culture,
CASE-0008,Bigfoot,Bigfoot,wikipedia_article_links,https://en.wikipedia.org/wiki/Pseudoscience,en.wikipedia.org,wikipedia_internal,14,pseudoscience,
CASE-0008,Bigfoot,Bigfoot,wikipedia_article_links,https://en.wikipedia.org/wiki/Cryptozoology,en.wikipedia.org,wikipedia_internal,15,cryptozoology,
CASE-0008,Bigfoot,Bigfoot,wikipedia_article_links,https://en.wikipedia.org/wiki/Anecdotal_evidence,en.wikipedia.org,wikipedia_internal,16,anecdotal,
CASE-0008,Bigfoot,Bigfoot,wikipedia_article_links,https://en.wikipedia.org/wiki/Folklore,en.wikipedia.org,wikipedia_internal,17,folklore,
CASE-0008,Bigfoot,Bigfoot,wikipedia_article_links,https://en.wikipedia.org/wiki/Hoax,en.wikipedia.org,wikipedia_internal,18,hoax,
CASE-0008,Bigfoot,Bigfoot,wikipedia_article_links,https://en.wikipedia.org/wiki/Folkloristics,en.wikipedia.org,wikipedia_internal,19,Folklorists,
CASE-0008,Bigfoot,Bigfoot,wikipedia_article_links,https://en.wikipedia.org/wiki/Wild_man,en.wikipedia.org,wikipedia_internal,20,wild man,
CASE-0009,reptilians,Reptilian conspiracy theory,wikipedia_search,https://en.wikipedia.org/wiki/Reptilian_conspiracy_theory,en.wikipedia.org,wikipedia_primary,1,Reptilian conspiracy theory,
CASE-0009,reptilians,Reptilian conspiracy theory,wikipedia_article_links,https://en.wikipedia.org/wiki/Paranormal,en.wikipedia.org,wikipedia_internal,2,Paranormal,
CASE-0009,reptilians,Reptilian conspiracy theory,wikipedia_article_links,https://en.wikipedia.org/wiki/Astral_projection,en.wikipedia.org,wikipedia_internal,3,Astral projection,
CASE-0009,reptilians,Reptilian conspiracy theory,wikipedia_article_links,https://en.wikipedia.org/wiki/Astrology,en.wikipedia.org,wikipedia_internal,4,Astrology,
CASE-0009,reptilians,Reptilian conspiracy theory,wikipedia_article_links,https://en.wikipedia.org/wiki/Aura_(paranormal),en.wikipedia.org,wikipedia_internal,5,Aura,
CASE-0009,reptilians,Reptilian conspiracy theory,wikipedia_article_links,https://en.wikipedia.org/wiki/Bilocation,en.wikipedia.org,wikipedia_internal,6,Bilocation,
CASE-0009,reptilians,Reptilian conspiracy theory,wikipedia_article_links,https://en.wikipedia.org/wiki/Inedia,en.wikipedia.org,wikipedia_internal,7,Breatharianism,
CASE-0009,reptilians,Reptilian conspiracy theory,wikipedia_article_links,https://en.wikipedia.org/wiki/Clairvoyance,en.wikipedia.org,wikipedia_internal,8,Clairvoyance,
CASE-0009,reptilians,Reptilian conspiracy theory,wikipedia_article_links,https://en.wikipedia.org/wiki/Close_encounter,en.wikipedia.org,wikipedia_internal,9,Close encounter,
CASE-0009,reptilians,Reptilian conspiracy theory,wikipedia_article_links,https://en.wikipedia.org/wiki/Cold_spot_(paranormal),en.wikipedia.org,wikipedia_internal,10,Cold spot,
CASE-0009,reptilians,Reptilian conspiracy theory,wikipedia_article_links,https://en.wikipedia.org/wiki/Crystal_gazing,en.wikipedia.org,wikipedia_internal,11,Crystal gazing,
CASE-0009,reptilians,Reptilian conspiracy theory,wikipedia_article_links,https://en.wikipedia.org/wiki/Evocation,en.wikipedia.org,wikipedia_internal,12,Conjuration,
CASE-0009,reptilians,Reptilian conspiracy theory,wikipedia_article_links,https://en.wikipedia.org/wiki/Cryptozoology,en.wikipedia.org,wikipedia_internal,13,Cryptozoology,
CASE-0009,reptilians,Reptilian conspiracy theory,wikipedia_article_links,https://en.wikipedia.org/wiki/Spirit_possession,en.wikipedia.org,wikipedia_internal,14,Demonic possession,
CASE-0009,reptilians,Reptilian conspiracy theory,wikipedia_article_links,https://en.wikipedia.org/wiki/Demonology,en.wikipedia.org,wikipedia_internal,15,Demonology,
CASE-0009,reptilians,Reptilian conspiracy theory,wikipedia_article_links,https://en.wikipedia.org/wiki/Doppelg%C3%A4nger,en.wikipedia.org,wikipedia_internal,16,Doppelgänger,
CASE-0009,reptilians,Reptilian conspiracy theory,wikipedia_article_links,https://en.wikipedia.org/wiki/Ectoplasm_(paranormal),en.wikipedia.org,wikipedia_internal,17,Ectoplasm,
CASE-0009,reptilians,Reptilian conspiracy theory,wikipedia_article_links,https://en.wikipedia.org/wiki/Electronic_voice_phenomenon,en.wikipedia.org,wikipedia_internal,18,Electronic voice phenomenon,
CASE-0009,reptilians,Reptilian conspiracy theory,wikipedia_article_links,https://en.wikipedia.org/wiki/Exorcism,en.wikipedia.org,wikipedia_internal,19,Exorcism,
CASE-0009,reptilians,Reptilian conspiracy theory,wikipedia_article_links,https://en.wikipedia.org/wiki/Extrasensory_perception,en.wikipedia.org,wikipedia_internal,20,Extrasensory perception,
CASE-0010,freemasons,Freemasonry,wikipedia_search,https://en.wikipedia.org/wiki/Freemasonry,en.wikipedia.org,wikipedia_primary,1,Freemasonry,
CASE-0010,freemasons,Freemasonry,wikipedia_article_links,"https://en.wikipedia.org/wiki/Masonic,_California",en.wikipedia.org,wikipedia_internal,2,"Masonic, California",
CASE-0010,freemasons,Freemasonry,wikipedia_article_links,https://en.wikipedia.org/wiki/Freemason_(disambiguation),en.wikipedia.org,wikipedia_internal,3,Freemason (disambiguation),
CASE-0010,freemasons,Freemasonry,wikipedia_article_links,https://en.wikipedia.org/wiki/Hallucination_(artificial_intelligence),en.wikipedia.org,wikipedia_internal,4,hallucinated,
CASE-0010,freemasons,Freemasonry,wikipedia_article_links,https://en.wikipedia.org/wiki/Square_and_Compasses,en.wikipedia.org,wikipedia_internal,5,Square and Compasses,
CASE-0010,freemasons,Freemasonry,wikipedia_article_links,https://en.wikipedia.org/wiki/Emblem,en.wikipedia.org,wikipedia_internal,6,emblem,
CASE-0010,freemasons,Freemasonry,wikipedia_article_links,https://en.wikipedia.org/wiki/Grand_Lodge,en.wikipedia.org,wikipedia_internal,7,Grand Lodge,
CASE-0010,freemasons,Freemasonry,wikipedia_article_links,https://en.wikipedia.org/wiki/Masonic_lodge,en.wikipedia.org,wikipedia_internal,8,Masonic lodge,
CASE-0010,freemasons,Freemasonry,wikipedia_article_links,https://en.wikipedia.org/wiki/Masonic_lodge_officers,en.wikipedia.org,wikipedia_internal,9,Masonic lodge officers,
CASE-0010,freemasons,Freemasonry,wikipedia_article_links,https://en.wikipedia.org/wiki/Grand_Master_(Freemasonry),en.wikipedia.org,wikipedia_internal,10,Grand Master,
CASE-0010,freemasons,Freemasonry,wikipedia_article_links,https://en.wikipedia.org/wiki/Prince_Hall_Freemasonry,en.wikipedia.org,wikipedia_internal,11,Prince Hall Freemasonry,
CASE-0010,freemasons,Freemasonry,wikipedia_article_links,https://en.wikipedia.org/wiki/Regular_Masonic_jurisdiction,en.wikipedia.org,wikipedia_internal,12,Regular Masonic jurisdiction,
CASE-0010,freemasons,Freemasonry,wikipedia_article_links,https://en.wikipedia.org/wiki/Anglo-American_Freemasonry,en.wikipedia.org,wikipedia_internal,13,Anglo-American Freemasonry,
CASE-0010,freemasons,Freemasonry,wikipedia_article_links,https://en.wikipedia.org/wiki/Continental_Freemasonry,en.wikipedia.org,wikipedia_internal,14,Continental Freemasonry,
CASE-0010,freemasons,Freemasonry,wikipedia_article_links,https://en.wikipedia.org/wiki/History_of_Freemasonry,en.wikipedia.org,wikipedia_internal,15,History,
CASE-0010,freemasons,Freemasonry,wikipedia_article_links,https://en.wikipedia.org/wiki/Libert%C3%A9_ch%C3%A9rie,en.wikipedia.org,wikipedia_internal,16,Liberté chérie,
CASE-0010,freemasons,Freemasonry,wikipedia_article_links,https://en.wikipedia.org/wiki/Masonic_manuscripts,en.wikipedia.org,wikipedia_internal,17,Masonic manuscripts,
CASE-0010,freemasons,Freemasonry,wikipedia_article_links,https://en.wikipedia.org/wiki/Masonic_bodies,en.wikipedia.org,wikipedia_internal,18,Masonic bodies,
CASE-0010,freemasons,Freemasonry,wikipedia_article_links,https://en.wikipedia.org/wiki/York_Rite,en.wikipedia.org,wikipedia_internal,19,York Rite,
CASE-0010,freemasons,Freemasonry,wikipedia_article_links,https://en.wikipedia.org/wiki/Order_of_Mark_Master_Masons,en.wikipedia.org,wikipedia_internal,20,Order of Mark Master Masons,
CASE-0011,moon landing conspiracy,Moon landing conspiracy theories,wikipedia_search,https://en.wikipedia.org/wiki/Moon_landing_conspiracy_theories,en.wikipedia.org,wikipedia_primary,1,Moon landing conspiracy theories,
CASE-0011,moon landing conspiracy,Moon landing conspiracy theories,wikipedia_article_links,https://en.wikipedia.org/wiki/Great_Moon_Hoax,en.wikipedia.org,wikipedia_internal,2,Great Moon Hoax,
CASE-0011,moon landing conspiracy,Moon landing conspiracy theories,wikipedia_article_links,https://en.wikipedia.org/wiki/Astronaut,en.wikipedia.org,wikipedia_internal,3,Astronauts,
CASE-0011,moon landing conspiracy,Moon landing conspiracy theories,wikipedia_article_links,https://en.wikipedia.org/wiki/Buzz_Aldrin,en.wikipedia.org,wikipedia_internal,4,Buzz Aldrin,
CASE-0011,moon landing conspiracy,Moon landing conspiracy theories,wikipedia_article_links,https://en.wikipedia.org/wiki/Neil_Armstrong,en.wikipedia.org,wikipedia_internal,5,Neil Armstrong,
CASE-0011,moon landing conspiracy,Moon landing conspiracy theories,wikipedia_article_links,https://en.wikipedia.org/wiki/Mockup,en.wikipedia.org,wikipedia_internal,6,mockup,
CASE-0011,moon landing conspiracy,Moon landing conspiracy theories,wikipedia_article_links,https://en.wikipedia.org/wiki/Apollo_Lunar_Module,en.wikipedia.org,wikipedia_internal,7,Apollo Lunar Module,
CASE-0011,moon landing conspiracy,Moon landing conspiracy theories,wikipedia_article_links,https://en.wikipedia.org/wiki/Conspiracy_theories,en.wikipedia.org,wikipedia_internal,8,Conspiracy theories,
CASE-0011,moon landing conspiracy,Moon landing conspiracy theories,wikipedia_article_links,https://en.wikipedia.org/wiki/Apollo_program,en.wikipedia.org,wikipedia_internal,9,Apollo program,
CASE-0011,moon landing conspiracy,Moon landing conspiracy theories,wikipedia_article_links,https://en.wikipedia.org/wiki/Moon_landing,en.wikipedia.org,wikipedia_internal,10,Moon landings,
CASE-0011,moon landing conspiracy,Moon landing conspiracy theories,wikipedia_article_links,https://en.wikipedia.org/wiki/Hoax,en.wikipedia.org,wikipedia_internal,11,hoaxes,
CASE-0011,moon landing conspiracy,Moon landing conspiracy theories,wikipedia_article_links,https://en.wikipedia.org/wiki/List_of_Apollo_missions#Crewed_missions,en.wikipedia.org,wikipedia_internal,12,six crewed landings (1969–1972),
CASE-0011,moon landing conspiracy,Moon landing conspiracy theories,wikipedia_article_links,https://en.wikipedia.org/wiki/Telemetry,en.wikipedia.org,wikipedia_internal,13,telemetry,
CASE-0011,moon landing conspiracy,Moon landing conspiracy theories,wikipedia_article_links,https://en.wikipedia.org/wiki/Moon_rock,en.wikipedia.org,wikipedia_internal,14,Moon rock,
CASE-0011,moon landing conspiracy,Moon landing conspiracy theories,wikipedia_article_links,https://en.wikipedia.org/wiki/Third-party_evidence_for_Apollo_Moon_landings,en.wikipedia.org,wikipedia_internal,15,third-party evidence for the landings,
CASE-0011,moon landing conspiracy,Moon landing conspiracy theories,wikipedia_article_links,https://en.wikipedia.org/wiki/Lunar_Reconnaissance_Orbiter,en.wikipedia.org,wikipedia_internal,16,Lunar Reconnaissance Orbiter,
CASE-0011,moon landing conspiracy,Moon landing conspiracy theories,wikipedia_article_links,https://en.wikipedia.org/wiki/Apollo_Lunar_Module#Descent_stage,en.wikipedia.org,wikipedia_internal,17,Lunar Module descent stages,
CASE-0011,moon landing conspiracy,Moon landing conspiracy theories,wikipedia_article_links,https://en.wikipedia.org/wiki/Lunar_Flag_Assembly,en.wikipedia.org,wikipedia_internal,18,American flags erected on the Moon,
CASE-0011,moon landing conspiracy,Moon landing conspiracy theories,wikipedia_article_links,https://en.wikipedia.org/wiki/Apollo_11,en.wikipedia.org,wikipedia_internal,19,Apollo 11,
CASE-0011,moon landing conspiracy,Moon landing conspiracy theories,wikipedia_article_links,https://en.wikipedia.org/wiki/Ascent_Propulsion_System,en.wikipedia.org,wikipedia_internal,20,Ascent Propulsion System,
CASE-0012,deep state,Deep state,wikipedia_search,https://en.wikipedia.org/wiki/Deep_state,en.wikipedia.org,wikipedia_primary,1,Deep state,
CASE-0012,deep state,Deep state,wikipedia_article_links,https://en.wikipedia.org/wiki/Deep_state_(disambiguation),en.wikipedia.org,wikipedia_internal,2,Deep state (disambiguation),
CASE-0012,deep state,Deep state,wikipedia_article_links,https://en.wikipedia.org/wiki/Deep_state_conspiracy_theory_in_Turkey,en.wikipedia.org,wikipedia_internal,3,Turkey,
CASE-0012,deep state,Deep state,wikipedia_article_links,https://en.wikipedia.org/wiki/Conspiracy_theories,en.wikipedia.org,wikipedia_internal,4,conspiracy theories,
CASE-0012,deep state,Deep state,wikipedia_article_links,https://en.wikipedia.org/wiki/2016_United_States_presidential_election,en.wikipedia.org,wikipedia_internal,5,2016 United States presidential election,
CASE-0012,deep state,Deep state,wikipedia_article_links,https://en.wikipedia.org/wiki/Deep_state_conspiracy_theory_in_the_United_States,en.wikipedia.org,wikipedia_internal,6,United States,
CASE-0012,deep state,Deep state,wikipedia_article_links,https://en.wikipedia.org/wiki/First_presidency_of_Donald_Trump,en.wikipedia.org,wikipedia_internal,7,Donald Trump administration,
CASE-0012,deep state,Deep state,wikipedia_article_links,https://en.wikipedia.org/wiki/Calque,en.wikipedia.org,wikipedia_internal,8,calque,
CASE-0012,deep state,Deep state,wikipedia_article_links,https://en.wikipedia.org/wiki/Cold_War,en.wikipedia.org,wikipedia_internal,9,Cold War,
CASE-0012,deep state,Deep state,wikipedia_article_links,https://en.wikipedia.org/wiki/Medieval_Europe,en.wikipedia.org,wikipedia_internal,10,Medieval Europe,
CASE-0012,deep state,Deep state,wikipedia_article_links,https://en.wikipedia.org/wiki/Early_modern_Europe,en.wikipedia.org,wikipedia_internal,11,early modern Europe,
CASE-0012,deep state,Deep state,wikipedia_article_links,https://en.wikipedia.org/wiki/Witchcraft,en.wikipedia.org,wikipedia_internal,12,witchcraft,
CASE-0012,deep state,Deep state,wikipedia_article_links,https://en.wikipedia.org/wiki/Satanism,en.wikipedia.org,wikipedia_internal,13,demonic conspiracies,
CASE-0012,deep state,Deep state,wikipedia_article_links,https://en.wikipedia.org/wiki/Malleus_Maleficarum,en.wikipedia.org,wikipedia_internal,14,Malleus Maleficarum (1487),
CASE-0012,deep state,Deep state,wikipedia_article_links,https://en.wikipedia.org/wiki/Christendom,en.wikipedia.org,wikipedia_internal,15,Christian society,
CASE-0012,deep state,Deep state,wikipedia_article_links,https://en.wikipedia.org/wiki/Mass_hysteria,en.wikipedia.org,wikipedia_internal,16,mass hysteria,
CASE-0012,deep state,Deep state,wikipedia_article_links,https://en.wikipedia.org/wiki/Witch_hunt,en.wikipedia.org,wikipedia_internal,17,witch trials,
CASE-0012,deep state,Deep state,wikipedia_article_links,https://en.wikipedia.org/wiki/Inquisition,en.wikipedia.org,wikipedia_internal,18,inquisitions,
CASE-0012,deep state,Deep state,wikipedia_article_links,https://en.wikipedia.org/wiki/Colonial_North_America,en.wikipedia.org,wikipedia_internal,19,colonial North America,
CASE-0012,deep state,Deep state,wikipedia_article_links,https://en.wikipedia.org/wiki/Yuval_Noah_Harari,en.wikipedia.org,wikipedia_internal,20,Yuval Noah Harari,
CASE-0013,9/11 conspiracy,9/11 conspiracy theories,wikipedia_search,https://en.wikipedia.org/wiki/9/11_conspiracy_theories,en.wikipedia.org,wikipedia_primary,1,9/11 conspiracy theories,
CASE-0013,9/11 conspiracy,9/11 conspiracy theories,wikipedia_article_links,https://en.wikipedia.org/wiki/Collapse_of_the_World_Trade_Center,en.wikipedia.org,wikipedia_internal,2,the collapse,
CASE-0013,9/11 conspiracy,9/11 conspiracy theories,wikipedia_article_links,https://en.wikipedia.org/wiki/World_Trade_Center_(1973%E2%80%932001),en.wikipedia.org,wikipedia_internal,3,World Trade Center,
CASE-0013,9/11 conspiracy,9/11 conspiracy theories,wikipedia_article_links,https://en.wikipedia.org/wiki/7_World_Trade_Center_(1987%E2%80%932001),en.wikipedia.org,wikipedia_internal,4,7 World Trade Center,
CASE-0013,9/11 conspiracy,9/11 conspiracy theories,wikipedia_article_links,https://en.wikipedia.org/wiki/September_11_attacks,en.wikipedia.org,wikipedia_internal,5,9/11,
CASE-0013,9/11 conspiracy,9/11 conspiracy theories,wikipedia_article_links,https://en.wikipedia.org/wiki/Conspiracy_theory,en.wikipedia.org,wikipedia_internal,6,conspiracy theories,
CASE-0013,9/11 conspiracy,9/11 conspiracy theories,wikipedia_article_links,https://en.wikipedia.org/wiki/United_States,en.wikipedia.org,wikipedia_internal,7,United States,
CASE-0013,9/11 conspiracy,9/11 conspiracy theories,wikipedia_article_links,https://en.wikipedia.org/wiki/Al-Qaeda,en.wikipedia.org,wikipedia_internal,8,al-Qaeda,
CASE-0013,9/11 conspiracy,9/11 conspiracy theories,wikipedia_article_links,https://en.wikipedia.org/wiki/September_11_attacks_advance-knowledge_conspiracy_theories,en.wikipedia.org,wikipedia_internal,9,advance knowledge of the attacks,
CASE-0013,9/11 conspiracy,9/11 conspiracy theories,wikipedia_article_links,https://en.wikipedia.org/wiki/World_Trade_Center_controlled_demolition_conspiracy_theories,en.wikipedia.org,wikipedia_internal,10,result of controlled demolitions,
CASE-0013,9/11 conspiracy,9/11 conspiracy theories,wikipedia_article_links,https://en.wikipedia.org/wiki/The_Pentagon,en.wikipedia.org,wikipedia_internal,11,the Pentagon,
CASE-0013,9/11 conspiracy,9/11 conspiracy theories,wikipedia_article_links,https://en.wikipedia.org/wiki/War_in_Afghanistan_(2001%E2%80%932021),en.wikipedia.org,wikipedia_internal,12,Afghanistan,
CASE-0013,9/11 conspiracy,9/11 conspiracy theories,wikipedia_article_links,https://en.wikipedia.org/wiki/Iraq_War,en.wikipedia.org,wikipedia_internal,13,Iraq,
CASE-0013,9/11 conspiracy,9/11 conspiracy theories,wikipedia_article_links,https://en.wikipedia.org/wiki/Geostrategy,en.wikipedia.org,wikipedia_internal,14,geostrategic,
CASE-0013,9/11 conspiracy,9/11 conspiracy theories,wikipedia_article_links,https://en.wikipedia.org/wiki/Turkmenistan%E2%80%93Afghanistan%E2%80%93Pakistan%E2%80%93India_Pipeline,en.wikipedia.org,wikipedia_internal,15,plans to construct a natural gas pipeline through Afghanistan,
CASE-0013,9/11 conspiracy,9/11 conspiracy theories,wikipedia_article_links,https://en.wikipedia.org/wiki/National_Institute_of_Standards_and_Technology,en.wikipedia.org,wikipedia_internal,16,National Institute of Standards and Technology,
CASE-0013,9/11 conspiracy,9/11 conspiracy theories,wikipedia_article_links,https://en.wikipedia.org/wiki/Popular_Mechanics,en.wikipedia.org,wikipedia_internal,17,Popular Mechanics,
CASE-0013,9/11 conspiracy,9/11 conspiracy theories,wikipedia_article_links,https://en.wikipedia.org/wiki/9/11_Commission,en.wikipedia.org,wikipedia_internal,18,9/11 Commission,
CASE-0013,9/11 conspiracy,9/11 conspiracy theories,wikipedia_article_links,https://en.wikipedia.org/wiki/Civil_engineering,en.wikipedia.org,wikipedia_internal,19,civil engineering,
CASE-0013,9/11 conspiracy,9/11 conspiracy theories,wikipedia_article_links,https://en.wikipedia.org/wiki/Architects_%26_Engineers_for_9/11_Truth,en.wikipedia.org,wikipedia_internal,20,Architects & Engineers for 9/11 Truth,
CASE-0014,Rothschild family,Rothschild family,wikipedia_search,https://en.wikipedia.org/wiki/Rothschild_family,en.wikipedia.org,wikipedia_primary,1,Rothschild family,
CASE-0014,Rothschild family,Rothschild family,wikipedia_article_links,https://en.wikipedia.org/wiki/The_House_of_Rothschild,en.wikipedia.org,wikipedia_internal,2,The House of Rothschild,
CASE-0014,Rothschild family,Rothschild family,wikipedia_article_links,https://en.wikipedia.org/wiki/List_of_European_Jewish_nobility,en.wikipedia.org,wikipedia_internal,3,Jewish noble,
CASE-0014,Rothschild family,Rothschild family,wikipedia_article_links,https://en.wikipedia.org/wiki/Banking_family,en.wikipedia.org,wikipedia_internal,4,banking family,
CASE-0014,Rothschild family,Rothschild family,wikipedia_article_links,"https://en.wikipedia.org/wiki/Francis_II,_Holy_Roman_Emperor",en.wikipedia.org,wikipedia_internal,5,Francis I of Austria,
CASE-0014,Rothschild family,Rothschild family,wikipedia_article_links,https://en.wikipedia.org/wiki/Rothschild,en.wikipedia.org,wikipedia_internal,6,Rothschild,
CASE-0014,Rothschild family,Rothschild family,wikipedia_article_links,https://en.wikipedia.org/wiki/High_German_language,en.wikipedia.org,wikipedia_internal,7,German,
CASE-0014,Rothschild family,Rothschild family,wikipedia_article_links,https://en.wikipedia.org/wiki/Frankfurter_Judengasse,en.wikipedia.org,wikipedia_internal,8,Frankfurter Judengasse,
CASE-0014,Rothschild family,Rothschild family,wikipedia_article_links,https://en.wikipedia.org/wiki/Free_City_of_Frankfurt,en.wikipedia.org,wikipedia_internal,9,Frankfurt,
CASE-0014,Rothschild family,Rothschild family,wikipedia_article_links,https://en.wikipedia.org/wiki/Holy_Roman_Empire,en.wikipedia.org,wikipedia_internal,10,Holy Roman Empire,
CASE-0014,Rothschild family,Rothschild family,wikipedia_article_links,"https://en.wikipedia.org/wiki/Nathaniel_Rothschild,_5th_Baron_Rothschild",en.wikipedia.org,wikipedia_internal,11,"Nathaniel Rothschild, 5th Baron Rothschild",
CASE-0014,Rothschild family,Rothschild family,wikipedia_article_links,"https://en.wikipedia.org/wiki/Baron_Rothschild#Rothschild_baronets,_of_Tring_Park_(1847)",en.wikipedia.org,wikipedia_internal,12,"Baronet, of Tring Park",
CASE-0014,Rothschild family,Rothschild family,wikipedia_article_links,https://en.wikipedia.org/wiki/Baron_Rothschild,en.wikipedia.org,wikipedia_internal,13,Baron Rothschild,
CASE-0014,Rothschild family,Rothschild family,wikipedia_article_links,https://en.wikipedia.org/wiki/Go%C3%BBt_Rothschild,en.wikipedia.org,wikipedia_internal,14,Goût Rothschild,
CASE-0014,Rothschild family,Rothschild family,wikipedia_article_links,https://en.wikipedia.org/wiki/Latin_language,en.wikipedia.org,wikipedia_internal,15,Latin,
CASE-0014,Rothschild family,Rothschild family,wikipedia_article_links,https://en.wikipedia.org/wiki/Rothschild_family_residences,en.wikipedia.org,wikipedia_internal,16,Family residences,
CASE-0014,Rothschild family,Rothschild family,wikipedia_article_links,https://en.wikipedia.org/wiki/Rothschild_properties_in_the_home_counties,en.wikipedia.org,wikipedia_internal,17,British properties,
CASE-0014,Rothschild family,Rothschild family,wikipedia_article_links,https://en.wikipedia.org/wiki/Palais_Rothschild,en.wikipedia.org,wikipedia_internal,18,Palais Rothschild,
CASE-0014,Rothschild family,Rothschild family,wikipedia_article_links,https://en.wikipedia.org/wiki/Rothschild_banking_family_of_Austria,en.wikipedia.org,wikipedia_internal,19,Austrian branch,
CASE-0014,Rothschild family,Rothschild family,wikipedia_article_links,https://en.wikipedia.org/wiki/Rothschild_banking_family_of_England,en.wikipedia.org,wikipedia_internal,20,English branch,
CASE-0015,Bilderberg Group,Bilderberg Meeting,wikipedia_search,https://en.wikipedia.org/wiki/Bilderberg_Meeting,en.wikipedia.org,wikipedia_primary,1,Bilderberg Meeting,
CASE-0015,Bilderberg Group,Bilderberg Meeting,wikipedia_article_links,https://en.wikipedia.org/wiki/Netherlands,en.wikipedia.org,wikipedia_internal,2,Netherlands,
CASE-0015,Bilderberg Group,Bilderberg Meeting,wikipedia_article_links,https://en.wikipedia.org/wiki/Eponym,en.wikipedia.org,wikipedia_internal,3,eponymous,
CASE-0015,Bilderberg Group,Bilderberg Meeting,wikipedia_article_links,https://en.wikipedia.org/wiki/Marie-Jos%C3%A9e_Kravis,en.wikipedia.org,wikipedia_internal,4,Marie-Josée Kravis,
CASE-0015,Bilderberg Group,Bilderberg Meeting,wikipedia_article_links,https://en.wikipedia.org/wiki/Henri_de_Castries,en.wikipedia.org,wikipedia_internal,5,Henri de Castries,
CASE-0015,Bilderberg Group,Bilderberg Meeting,wikipedia_article_links,https://en.wikipedia.org/wiki/Europe,en.wikipedia.org,wikipedia_internal,6,Europe,
CASE-0015,Bilderberg Group,Bilderberg Meeting,wikipedia_article_links,https://en.wikipedia.org/wiki/North_America,en.wikipedia.org,wikipedia_internal,7,North America,
CASE-0015,Bilderberg Group,Bilderberg Meeting,wikipedia_article_links,https://en.wikipedia.org/wiki/World_war,en.wikipedia.org,wikipedia_internal,8,world war,
CASE-0015,Bilderberg Group,Bilderberg Meeting,wikipedia_article_links,https://en.wikipedia.org/wiki/Free_market,en.wikipedia.org,wikipedia_internal,9,free market,
CASE-0015,Bilderberg Group,Bilderberg Meeting,wikipedia_article_links,https://en.wikipedia.org/wiki/Capitalism,en.wikipedia.org,wikipedia_internal,10,capitalism,
CASE-0015,Bilderberg Group,Bilderberg Meeting,wikipedia_article_links,https://en.wikipedia.org/wiki/Political_leaders,en.wikipedia.org,wikipedia_internal,11,political leaders,
CASE-0015,Bilderberg Group,Bilderberg Meeting,wikipedia_article_links,https://en.wikipedia.org/wiki/Experts,en.wikipedia.org,wikipedia_internal,12,experts,
CASE-0015,Bilderberg Group,Bilderberg Meeting,wikipedia_article_links,https://en.wikipedia.org/wiki/Private_industry,en.wikipedia.org,wikipedia_internal,13,industry,
CASE-0015,Bilderberg Group,Bilderberg Meeting,wikipedia_article_links,https://en.wikipedia.org/wiki/Finance,en.wikipedia.org,wikipedia_internal,14,finance,
CASE-0015,Bilderberg Group,Bilderberg Meeting,wikipedia_article_links,https://en.wikipedia.org/wiki/Chatham_House_Rule,en.wikipedia.org,wikipedia_internal,15,Chatham House Rule,
CASE-0015,Bilderberg Group,Bilderberg Meeting,wikipedia_article_links,https://en.wikipedia.org/wiki/Conspiracy_theory,en.wikipedia.org,wikipedia_internal,16,conspiracy theories,
CASE-0015,Bilderberg Group,Bilderberg Meeting,wikipedia_article_links,https://en.wikipedia.org/wiki/Left-wing_politics,en.wikipedia.org,wikipedia_internal,17,left,
CASE-0015,Bilderberg Group,Bilderberg Meeting,wikipedia_article_links,https://en.wikipedia.org/wiki/Right-wing_politics,en.wikipedia.org,wikipedia_internal,18,right,
CASE-0015,Bilderberg Group,Bilderberg Meeting,wikipedia_article_links,https://en.wikipedia.org/wiki/Prince_Bernhard_of_Lippe-Biesterfeld,en.wikipedia.org,wikipedia_internal,19,Prince Bernhard of the Netherlands,
CASE-0015,Bilderberg Group,Bilderberg Meeting,wikipedia_article_links,https://en.wikipedia.org/wiki/Lockheed_bribery_scandals,en.wikipedia.org,wikipedia_internal,20,Lockheed bribery scandals,
CASE-0016,JFK assassination conspiracy,John F. Kennedy assassination conspiracy theories,wikipedia_search,https://en.wikipedia.org/wiki/John_F._Kennedy_assassination_conspiracy_theories,en.wikipedia.org,wikipedia_primary,1,John F. Kennedy assassination conspiracy theories,
CASE-0016,JFK assassination conspiracy,John F. Kennedy assassination conspiracy theories,wikipedia_article_links,https://en.wikipedia.org/wiki/Robert_F._Kennedy_assassination_conspiracy_theories,en.wikipedia.org,wikipedia_internal,2,Robert F. Kennedy assassination conspiracy theories,
CASE-0016,JFK assassination conspiracy,John F. Kennedy assassination conspiracy theories,wikipedia_article_links,https://en.wikipedia.org/wiki/John_F._Kennedy,en.wikipedia.org,wikipedia_internal,3,John F. Kennedy,
CASE-0016,JFK assassination conspiracy,John F. Kennedy assassination conspiracy theories,wikipedia_article_links,https://en.wikipedia.org/wiki/Jacqueline_Kennedy,en.wikipedia.org,wikipedia_internal,4,Jacqueline Kennedy,
CASE-0016,JFK assassination conspiracy,John F. Kennedy assassination conspiracy theories,wikipedia_article_links,https://en.wikipedia.org/wiki/Nellie_Connally,en.wikipedia.org,wikipedia_internal,5,Nellie Connally,
CASE-0016,JFK assassination conspiracy,John F. Kennedy assassination conspiracy theories,wikipedia_article_links,https://en.wikipedia.org/wiki/John_Connally,en.wikipedia.org,wikipedia_internal,6,John Connally,
CASE-0016,JFK assassination conspiracy,John F. Kennedy assassination conspiracy theories,wikipedia_article_links,https://en.wikipedia.org/wiki/Assassination_of_John_F._Kennedy,en.wikipedia.org,wikipedia_internal,7,the assassination,
CASE-0016,JFK assassination conspiracy,John F. Kennedy assassination conspiracy theories,wikipedia_article_links,https://en.wikipedia.org/wiki/President_of_the_United_States,en.wikipedia.org,wikipedia_internal,8,president of the United States,
CASE-0016,JFK assassination conspiracy,John F. Kennedy assassination conspiracy theories,wikipedia_article_links,https://en.wikipedia.org/wiki/Conspiracy_theories,en.wikipedia.org,wikipedia_internal,9,conspiracy theories,
CASE-0016,JFK assassination conspiracy,John F. Kennedy assassination conspiracy theories,wikipedia_article_links,https://en.wikipedia.org/wiki/Central_Intelligence_Agency,en.wikipedia.org,wikipedia_internal,10,Central Intelligence Agency,
CASE-0016,JFK assassination conspiracy,John F. Kennedy assassination conspiracy theories,wikipedia_article_links,https://en.wikipedia.org/wiki/Italian-American_Mafia,en.wikipedia.org,wikipedia_internal,11,Mafia,
CASE-0016,JFK assassination conspiracy,John F. Kennedy assassination conspiracy theories,wikipedia_article_links,https://en.wikipedia.org/wiki/Lyndon_B._Johnson,en.wikipedia.org,wikipedia_internal,12,Lyndon B. Johnson,
CASE-0016,JFK assassination conspiracy,John F. Kennedy assassination conspiracy theories,wikipedia_article_links,https://en.wikipedia.org/wiki/Fidel_Castro,en.wikipedia.org,wikipedia_internal,13,Fidel Castro,
CASE-0016,JFK assassination conspiracy,John F. Kennedy assassination conspiracy theories,wikipedia_article_links,https://en.wikipedia.org/wiki/KGB,en.wikipedia.org,wikipedia_internal,14,KGB,
CASE-0016,JFK assassination conspiracy,John F. Kennedy assassination conspiracy theories,wikipedia_article_links,https://en.wikipedia.org/wiki/Federal_government_of_the_United_States,en.wikipedia.org,wikipedia_internal,15,American federal government,
CASE-0016,JFK assassination conspiracy,John F. Kennedy assassination conspiracy theories,wikipedia_article_links,https://en.wikipedia.org/wiki/Federal_Bureau_of_Investigation,en.wikipedia.org,wikipedia_internal,16,Federal Bureau of Investigation,
CASE-0016,JFK assassination conspiracy,John F. Kennedy assassination conspiracy theories,wikipedia_article_links,https://en.wikipedia.org/wiki/Warren_Commission,en.wikipedia.org,wikipedia_internal,17,Warren Commission,
CASE-0016,JFK assassination conspiracy,John F. Kennedy assassination conspiracy theories,wikipedia_article_links,https://en.wikipedia.org/wiki/Vincent_Bugliosi,en.wikipedia.org,wikipedia_internal,18,Vincent Bugliosi,
CASE-0016,JFK assassination conspiracy,John F. Kennedy assassination conspiracy theories,wikipedia_article_links,https://en.wikipedia.org/wiki/SS-100-X,en.wikipedia.org,wikipedia_internal,19,limousine,
CASE-0016,JFK assassination conspiracy,John F. Kennedy assassination conspiracy theories,wikipedia_article_links,https://en.wikipedia.org/wiki/Dallas,en.wikipedia.org,wikipedia_internal,20,Dallas,
CASE-0017,HAARP,High-frequency Active Auroral Research Program,wikipedia_search,https://en.wikipedia.org/wiki/High-frequency_Active_Auroral_Research_Program,en.wikipedia.org,wikipedia_primary,1,High-frequency Active Auroral Research Program,
CASE-0017,HAARP,High-frequency Active Auroral Research Program,wikipedia_article_links,https://en.wikipedia.org/wiki/HAARP_(album),en.wikipedia.org,wikipedia_internal,2,HAARP (album),
CASE-0017,HAARP,High-frequency Active Auroral Research Program,wikipedia_article_links,https://en.wikipedia.org/wiki/Harp_(disambiguation),en.wikipedia.org,wikipedia_internal,3,harp,
CASE-0017,HAARP,High-frequency Active Auroral Research Program,wikipedia_article_links,https://en.wikipedia.org/wiki/Mount_Sanford_(Alaska),en.wikipedia.org,wikipedia_internal,4,Mount Sanford,
CASE-0017,HAARP,High-frequency Active Auroral Research Program,wikipedia_article_links,https://en.wikipedia.org/wiki/Ionosphere,en.wikipedia.org,wikipedia_internal,5,Ionosphere,
CASE-0017,HAARP,High-frequency Active Auroral Research Program,wikipedia_article_links,"https://en.wikipedia.org/wiki/Gakona,_Alaska",en.wikipedia.org,wikipedia_internal,6,"Gakona, Alaska",
CASE-0017,HAARP,High-frequency Active Auroral Research Program,wikipedia_article_links,https://en.wikipedia.org/wiki/University_of_Alaska_Fairbanks,en.wikipedia.org,wikipedia_internal,7,University of Alaska Fairbanks,
CASE-0017,HAARP,High-frequency Active Auroral Research Program,wikipedia_article_links,https://en.wikipedia.org/wiki/Ionization,en.wikipedia.org,wikipedia_internal,8,ionized,
CASE-0017,HAARP,High-frequency Active Auroral Research Program,wikipedia_article_links,https://en.wikipedia.org/wiki/Atmosphere_of_Earth,en.wikipedia.org,wikipedia_internal,9,Earth's atmosphere,
CASE-0017,HAARP,High-frequency Active Auroral Research Program,wikipedia_article_links,https://en.wikipedia.org/wiki/Radio_frequency,en.wikipedia.org,wikipedia_internal,10,radio frequency,
CASE-0017,HAARP,High-frequency Active Auroral Research Program,wikipedia_article_links,https://en.wikipedia.org/wiki/Transmitter,en.wikipedia.org,wikipedia_internal,11,transmitter,
CASE-0017,HAARP,High-frequency Active Auroral Research Program,wikipedia_article_links,https://en.wikipedia.org/wiki/High_frequency,en.wikipedia.org,wikipedia_internal,12,high frequency,
CASE-0017,HAARP,High-frequency Active Auroral Research Program,wikipedia_article_links,https://en.wikipedia.org/wiki/VHF,en.wikipedia.org,wikipedia_internal,13,VHF,
CASE-0017,HAARP,High-frequency Active Auroral Research Program,wikipedia_article_links,https://en.wikipedia.org/wiki/Ultra_high_frequency,en.wikipedia.org,wikipedia_internal,14,UHF,
CASE-0017,HAARP,High-frequency Active Auroral Research Program,wikipedia_article_links,https://en.wikipedia.org/wiki/Radar,en.wikipedia.org,wikipedia_internal,15,radar,
CASE-0017,HAARP,High-frequency Active Auroral Research Program,wikipedia_article_links,https://en.wikipedia.org/wiki/Fluxgate_compass,en.wikipedia.org,wikipedia_internal,16,fluxgate,
CASE-0017,HAARP,High-frequency Active Auroral Research Program,wikipedia_article_links,https://en.wikipedia.org/wiki/Magnetometer,en.wikipedia.org,wikipedia_internal,17,magnetometer,
CASE-0017,HAARP,High-frequency Active Auroral Research Program,wikipedia_article_links,https://en.wikipedia.org/wiki/Ionospheric_sounding,en.wikipedia.org,wikipedia_internal,18,ionospheric sounding,
CASE-0017,HAARP,High-frequency Active Auroral Research Program,wikipedia_article_links,https://en.wikipedia.org/wiki/U.S._Air_Force,en.wikipedia.org,wikipedia_internal,19,U.S. Air Force,
CASE-0017,HAARP,High-frequency Active Auroral Research Program,wikipedia_article_links,https://en.wikipedia.org/wiki/United_States_Navy,en.wikipedia.org,wikipedia_internal,20,U.S. Navy,
CASE-0018,antichrist,Antichrist,wikipedia_search,https://en.wikipedia.org/wiki/Antichrist,en.wikipedia.org,wikipedia_primary,1,Antichrist,
CASE-0018,antichrist,Antichrist,wikipedia_article_links,https://en.wikipedia.org/wiki/Antichrist_(disambiguation),en.wikipedia.org,wikipedia_internal,2,Antichrist (disambiguation),
CASE-0018,antichrist,Antichrist,wikipedia_article_links,https://en.wikipedia.org/wiki/Devil_in_Christianity,en.wikipedia.org,wikipedia_internal,3,Devil,
CASE-0018,antichrist,Antichrist,wikipedia_article_links,https://en.wikipedia.org/wiki/Luca_Signorelli,en.wikipedia.org,wikipedia_internal,4,Luca Signorelli,
CASE-0018,antichrist,Antichrist,wikipedia_article_links,https://en.wikipedia.org/wiki/Orvieto_Cathedral,en.wikipedia.org,wikipedia_internal,5,Orvieto Cathedral,
CASE-0018,antichrist,Antichrist,wikipedia_article_links,https://en.wikipedia.org/wiki/Christian_eschatology,en.wikipedia.org,wikipedia_internal,6,Christian eschatology,
CASE-0018,antichrist,Antichrist,wikipedia_article_links,https://en.wikipedia.org/wiki/Eschatology,en.wikipedia.org,wikipedia_internal,7,eschatology,
CASE-0018,antichrist,Antichrist,wikipedia_article_links,https://en.wikipedia.org/wiki/Bible,en.wikipedia.org,wikipedia_internal,8,Bible,
CASE-0018,antichrist,Antichrist,wikipedia_article_links,https://en.wikipedia.org/wiki/Jesus_in_Christianity,en.wikipedia.org,wikipedia_internal,9,Jesus Christ,
CASE-0018,antichrist,Antichrist,wikipedia_article_links,https://en.wikipedia.org/wiki/Second_Coming,en.wikipedia.org,wikipedia_internal,10,Second Coming,
CASE-0018,antichrist,Antichrist,wikipedia_article_links,https://en.wikipedia.org/wiki/New_Testament,en.wikipedia.org,wikipedia_internal,11,New Testament,
CASE-0018,antichrist,Antichrist,wikipedia_article_links,https://en.wikipedia.org/wiki/First_Epistle_of_John,en.wikipedia.org,wikipedia_internal,12,First,
CASE-0018,antichrist,Antichrist,wikipedia_article_links,https://en.wikipedia.org/wiki/Second_Epistle_of_John,en.wikipedia.org,wikipedia_internal,13,Second Epistle of John,
CASE-0018,antichrist,Antichrist,wikipedia_article_links,https://en.wikipedia.org/wiki/Gospels,en.wikipedia.org,wikipedia_internal,14,Gospels,
CASE-0018,antichrist,Antichrist,wikipedia_article_links,https://en.wikipedia.org/wiki/Gospel_of_Matthew,en.wikipedia.org,wikipedia_internal,15,Matthew,
CASE-0018,antichrist,Antichrist,wikipedia_article_links,https://en.wikipedia.org/wiki/Matthew_24#Jesus_predicts_the_destruction_of_the_Temple,en.wikipedia.org,wikipedia_internal,16,chapter 24,
CASE-0018,antichrist,Antichrist,wikipedia_article_links,https://en.wikipedia.org/wiki/Gospel_of_Mark,en.wikipedia.org,wikipedia_internal,17,Mark,
CASE-0018,antichrist,Antichrist,wikipedia_article_links,https://en.wikipedia.org/wiki/Mark_13,en.wikipedia.org,wikipedia_internal,18,chapter 13,
CASE-0018,antichrist,Antichrist,wikipedia_article_links,https://en.wikipedia.org/wiki/False_prophet#Christianity,en.wikipedia.org,wikipedia_internal,19,false prophets,
CASE-0018,antichrist,Antichrist,wikipedia_article_links,https://en.wikipedia.org/wiki/Christ_(title),en.wikipedia.org,wikipedia_internal,20,Christ,
CASE-0019,end times,Eschatology,wikipedia_search,https://en.wikipedia.org/wiki/Eschatology,en.wikipedia.org,wikipedia_primary,1,Eschatology,
CASE-0019,end times,Eschatology,wikipedia_article_links,https://en.wikipedia.org/wiki/End_times_(disambiguation),en.wikipedia.org,wikipedia_internal,2,end times (disambiguation),
CASE-0019,end times,Eschatology,wikipedia_article_links,https://en.wikipedia.org/wiki/Eschaton_(disambiguation),en.wikipedia.org,wikipedia_internal,3,eschaton (disambiguation),
CASE-0019,end times,Eschatology,wikipedia_article_links,https://en.wikipedia.org/wiki/Last_days_(disambiguation),en.wikipedia.org,wikipedia_internal,4,last days (disambiguation),
CASE-0019,end times,Eschatology,wikipedia_article_links,https://en.wikipedia.org/wiki/Eschatology_(disambiguation),en.wikipedia.org,wikipedia_internal,5,eschatology (disambiguation),
CASE-0019,end times,Eschatology,wikipedia_article_links,https://en.wikipedia.org/wiki/Last_Things_(novel),en.wikipedia.org,wikipedia_internal,6,Last Things (novel),
CASE-0019,end times,Eschatology,wikipedia_article_links,https://en.wikipedia.org/wiki/Four_Horsemen_of_the_Apocalypse,en.wikipedia.org,wikipedia_internal,7,Four Horsemen of the Apocalypse,
CASE-0019,end times,Eschatology,wikipedia_article_links,https://en.wikipedia.org/wiki/Apocalypse_(D%C3%BCrer),en.wikipedia.org,wikipedia_internal,8,Apocalypse,
CASE-0019,end times,Eschatology,wikipedia_article_links,https://en.wikipedia.org/wiki/Albrecht_D%C3%BCrer,en.wikipedia.org,wikipedia_internal,9,Albrecht Dürer,
CASE-0019,end times,Eschatology,wikipedia_article_links,https://en.wikipedia.org/wiki/Ancient_Greek_language,en.wikipedia.org,wikipedia_internal,10,Ancient Greek,
CASE-0019,end times,Eschatology,wikipedia_article_links,https://en.wikipedia.org/wiki/-logy,en.wikipedia.org,wikipedia_internal,11,-logy,
CASE-0019,end times,Eschatology,wikipedia_article_links,https://en.wikipedia.org/wiki/Contemporary_era,en.wikipedia.org,wikipedia_internal,12,present age,
CASE-0019,end times,Eschatology,wikipedia_article_links,https://en.wikipedia.org/wiki/Human_history,en.wikipedia.org,wikipedia_internal,13,human history,
CASE-0019,end times,Eschatology,wikipedia_article_links,https://en.wikipedia.org/wiki/World_religion,en.wikipedia.org,wikipedia_internal,14,world religions,
CASE-0019,end times,Eschatology,wikipedia_article_links,https://en.wikipedia.org/wiki/Abrahamic_religions,en.wikipedia.org,wikipedia_internal,15,Abrahamic,
CASE-0019,end times,Eschatology,wikipedia_article_links,https://en.wikipedia.org/wiki/Indian_religions,en.wikipedia.org,wikipedia_internal,16,Indian,
CASE-0019,end times,Eschatology,wikipedia_article_links,https://en.wikipedia.org/wiki/Apocalypticism,en.wikipedia.org,wikipedia_internal,17,apocalypticism,
CASE-0019,end times,Eschatology,wikipedia_article_links,https://en.wikipedia.org/wiki/Doomsday_cult,en.wikipedia.org,wikipedia_internal,18,doomsday cults,
CASE-0019,end times,Eschatology,wikipedia_article_links,https://en.wikipedia.org/wiki/Mysticism,en.wikipedia.org,wikipedia_internal,19,mysticism,
CASE-0019,end times,Eschatology,wikipedia_article_links,https://en.wikipedia.org/wiki/Divinity,en.wikipedia.org,wikipedia_internal,20,divine,
CASE-0020,Epstein conspiracy,Death of Jeffrey Epstein,wikipedia_search,https://en.wikipedia.org/wiki/Death_of_Jeffrey_Epstein,en.wikipedia.org,wikipedia_primary,1,Death of Jeffrey Epstein,
CASE-0020,Epstein conspiracy,Death of Jeffrey Epstein,wikipedia_article_links,"https://en.wikipedia.org/wiki/Metropolitan_Correctional_Center,_New_York",en.wikipedia.org,wikipedia_internal,2,"Metropolitan Correctional Center, New York",
CASE-0020,Epstein conspiracy,Death of Jeffrey Epstein,wikipedia_article_links,https://en.wikipedia.org/wiki/Office_of_Chief_Medical_Examiner_of_the_City_of_New_York,en.wikipedia.org,wikipedia_internal,3,New York City Medical Examiner,
CASE-0020,Epstein conspiracy,Death of Jeffrey Epstein,wikipedia_article_links,https://en.wikipedia.org/wiki/Conspiracy_(criminal),en.wikipedia.org,wikipedia_internal,4,Conspiracy,
CASE-0020,Epstein conspiracy,Death of Jeffrey Epstein,wikipedia_article_links,https://en.wikipedia.org/wiki/False_evidence,en.wikipedia.org,wikipedia_internal,5,Record falsification,
CASE-0020,Epstein conspiracy,Death of Jeffrey Epstein,wikipedia_article_links,https://en.wikipedia.org/wiki/Community_service,en.wikipedia.org,wikipedia_internal,6,community service,
CASE-0020,Epstein conspiracy,Death of Jeffrey Epstein,wikipedia_article_links,https://en.wikipedia.org/wiki/Jeffrey_Epstein,en.wikipedia.org,wikipedia_internal,7,Jeffrey Epstein,
CASE-0020,Epstein conspiracy,Death of Jeffrey Epstein,wikipedia_article_links,https://en.wikipedia.org/wiki/Personal_life_of_Jeffrey_Epstein,en.wikipedia.org,wikipedia_internal,8,Personal,
CASE-0020,Epstein conspiracy,Death of Jeffrey Epstein,wikipedia_article_links,https://en.wikipedia.org/wiki/Mark_Epstein_(property_developer),en.wikipedia.org,wikipedia_internal,9,Mark Epstein,
CASE-0020,Epstein conspiracy,Death of Jeffrey Epstein,wikipedia_article_links,https://en.wikipedia.org/wiki/Alleged_connections_to_intelligence_agencies_of_Jeffrey_Epstein,en.wikipedia.org,wikipedia_internal,10,Alleged connections to intelligence agencies,
CASE-0020,Epstein conspiracy,Death of Jeffrey Epstein,wikipedia_article_links,https://en.wikipedia.org/wiki/Jeffrey_Epstein%27s_birthday_book,en.wikipedia.org,wikipedia_internal,11,Birthday book,
CASE-0020,Epstein conspiracy,Death of Jeffrey Epstein,wikipedia_article_links,https://en.wikipedia.org/wiki/Estate_of_Jeffrey_Epstein,en.wikipedia.org,wikipedia_internal,12,Estate,
CASE-0020,Epstein conspiracy,Death of Jeffrey Epstein,wikipedia_article_links,https://en.wikipedia.org/wiki/Epstein_didn%27t_kill_himself,en.wikipedia.org,wikipedia_internal,13,Epstein didn't kill himself,
CASE-0020,Epstein conspiracy,Death of Jeffrey Epstein,wikipedia_article_links,https://en.wikipedia.org/wiki/Ghislaine_Maxwell,en.wikipedia.org,wikipedia_internal,14,Ghislaine Maxwell,
CASE-0020,Epstein conspiracy,Death of Jeffrey Epstein,wikipedia_article_links,https://en.wikipedia.org/wiki/Litigation_involving_Jeffrey_Epstein,en.wikipedia.org,wikipedia_internal,15,Litigation,
CASE-0020,Epstein conspiracy,Death of Jeffrey Epstein,wikipedia_article_links,https://en.wikipedia.org/wiki/Lolita_Express,en.wikipedia.org,wikipedia_internal,16,Lolita Express,
CASE-0020,Epstein conspiracy,Death of Jeffrey Epstein,wikipedia_article_links,https://en.wikipedia.org/wiki/Connections_of_Jeffrey_Epstein,en.wikipedia.org,wikipedia_internal,17,Relationships,
CASE-0020,Epstein conspiracy,Death of Jeffrey Epstein,wikipedia_article_links,https://en.wikipedia.org/wiki/Relationship_of_Bill_Clinton_and_Jeffrey_Epstein,en.wikipedia.org,wikipedia_internal,18,Bill Clinton,
CASE-0020,Epstein conspiracy,Death of Jeffrey Epstein,wikipedia_article_links,https://en.wikipedia.org/wiki/Relationship_of_Thorbj%C3%B8rn_Jagland_and_Jeffrey_Epstein,en.wikipedia.org,wikipedia_internal,19,Thorbjørn Jagland,
CASE-0020,Epstein conspiracy,Death of Jeffrey Epstein,wikipedia_article_links,https://en.wikipedia.org/wiki/Relationship_of_Peter_Mandelson_and_Jeffrey_Epstein,en.wikipedia.org,wikipedia_internal,20,Peter Mandelson,
CASE-0021,fluoride conspiracy,Opposition to water fluoridation,wikipedia_search,https://en.wikipedia.org/wiki/Opposition_to_water_fluoridation,en.wikipedia.org,wikipedia_primary,1,Opposition to water fluoridation,
CASE-0021,fluoride conspiracy,Opposition to water fluoridation,wikipedia_article_links,https://en.wikipedia.org/wiki/Alternative_medicine,en.wikipedia.org,wikipedia_internal,2,Alternative medicine,
CASE-0021,fluoride conspiracy,Opposition to water fluoridation,wikipedia_article_links,https://en.wikipedia.org/wiki/History_of_alternative_medicine,en.wikipedia.org,wikipedia_internal,3,History,
CASE-0021,fluoride conspiracy,Opposition to water fluoridation,wikipedia_article_links,https://en.wikipedia.org/wiki/Terminology_of_alternative_medicine,en.wikipedia.org,wikipedia_internal,4,Terminology,
CASE-0021,fluoride conspiracy,Opposition to water fluoridation,wikipedia_article_links,https://en.wikipedia.org/wiki/Alternative_veterinary_medicine,en.wikipedia.org,wikipedia_internal,5,Alternative veterinary medicine,
CASE-0021,fluoride conspiracy,Opposition to water fluoridation,wikipedia_article_links,https://en.wikipedia.org/wiki/Quackery,en.wikipedia.org,wikipedia_internal,6,Quackery,
CASE-0021,fluoride conspiracy,Opposition to water fluoridation,wikipedia_article_links,https://en.wikipedia.org/wiki/Pseudoscience,en.wikipedia.org,wikipedia_internal,7,Pseudoscience,
CASE-0021,fluoride conspiracy,Opposition to water fluoridation,wikipedia_article_links,https://en.wikipedia.org/wiki/Antiscience,en.wikipedia.org,wikipedia_internal,8,Antiscience,
CASE-0021,fluoride conspiracy,Opposition to water fluoridation,wikipedia_article_links,https://en.wikipedia.org/wiki/Skepticism,en.wikipedia.org,wikipedia_internal,9,Skepticism,
CASE-0021,fluoride conspiracy,Opposition to water fluoridation,wikipedia_article_links,https://en.wikipedia.org/wiki/Scientific_skepticism,en.wikipedia.org,wikipedia_internal,10,Scientific,
CASE-0021,fluoride conspiracy,Opposition to water fluoridation,wikipedia_article_links,https://en.wikipedia.org/wiki/Therapeutic_nihilism,en.wikipedia.org,wikipedia_internal,11,Therapeutic nihilism,
CASE-0021,fluoride conspiracy,Opposition to water fluoridation,wikipedia_article_links,https://en.wikipedia.org/wiki/Acupressure,en.wikipedia.org,wikipedia_internal,12,Acupressure,
CASE-0021,fluoride conspiracy,Opposition to water fluoridation,wikipedia_article_links,https://en.wikipedia.org/wiki/Acupuncture,en.wikipedia.org,wikipedia_internal,13,Acupuncture,
CASE-0021,fluoride conspiracy,Opposition to water fluoridation,wikipedia_article_links,https://en.wikipedia.org/wiki/Alkaline_diet,en.wikipedia.org,wikipedia_internal,14,Alkaline diet,
CASE-0021,fluoride conspiracy,Opposition to water fluoridation,wikipedia_article_links,https://en.wikipedia.org/wiki/Anthroposophic_medicine,en.wikipedia.org,wikipedia_internal,15,Anthroposophic medicine,
CASE-0021,fluoride conspiracy,Opposition to water fluoridation,wikipedia_article_links,https://en.wikipedia.org/wiki/Apitherapy,en.wikipedia.org,wikipedia_internal,16,Apitherapy,
CASE-0021,fluoride conspiracy,Opposition to water fluoridation,wikipedia_article_links,https://en.wikipedia.org/wiki/Applied_kinesiology,en.wikipedia.org,wikipedia_internal,17,Applied kinesiology,
CASE-0021,fluoride conspiracy,Opposition to water fluoridation,wikipedia_article_links,https://en.wikipedia.org/wiki/Aromatherapy,en.wikipedia.org,wikipedia_internal,18,Aromatherapy,
CASE-0021,fluoride conspiracy,Opposition to water fluoridation,wikipedia_article_links,https://en.wikipedia.org/wiki/Association_for_Research_and_Enlightenment,en.wikipedia.org,wikipedia_internal,19,Association for Research and Enlightenment,
CASE-0021,fluoride conspiracy,Opposition to water fluoridation,wikipedia_article_links,https://en.wikipedia.org/wiki/Auriculotherapy,en.wikipedia.org,wikipedia_internal,20,Auriculotherapy,
CASE-0022,COINTELPRO,COINTELPRO,wikipedia_search,https://en.wikipedia.org/wiki/COINTELPRO,en.wikipedia.org,wikipedia_primary,1,COINTELPRO,
CASE-0022,COINTELPRO,COINTELPRO,wikipedia_article_links,https://en.wikipedia.org/wiki/Jean_Seberg,en.wikipedia.org,wikipedia_internal,2,Jean Seberg,
CASE-0022,COINTELPRO,COINTELPRO,wikipedia_article_links,https://en.wikipedia.org/wiki/Black_Panther_Party,en.wikipedia.org,wikipedia_internal,3,Black Panther Party,
CASE-0022,COINTELPRO,COINTELPRO,wikipedia_article_links,https://en.wikipedia.org/wiki/Syllabic_abbreviation,en.wikipedia.org,wikipedia_internal,4,syllabic abbreviation,
CASE-0022,COINTELPRO,COINTELPRO,wikipedia_article_links,https://en.wikipedia.org/wiki/Covert_operation,en.wikipedia.org,wikipedia_internal,5,covert,
CASE-0022,COINTELPRO,COINTELPRO,wikipedia_article_links,https://en.wikipedia.org/wiki/Federal_Bureau_of_Investigation,en.wikipedia.org,wikipedia_internal,6,Federal Bureau of Investigation,
CASE-0022,COINTELPRO,COINTELPRO,wikipedia_article_links,https://en.wikipedia.org/wiki/Surveillance,en.wikipedia.org,wikipedia_internal,7,surveilling,
CASE-0022,COINTELPRO,COINTELPRO,wikipedia_article_links,https://en.wikipedia.org/wiki/Discrediting,en.wikipedia.org,wikipedia_internal,8,discrediting,
CASE-0022,COINTELPRO,COINTELPRO,wikipedia_article_links,https://en.wikipedia.org/wiki/List_of_political_parties_in_the_United_States,en.wikipedia.org,wikipedia_internal,9,American political parties,
CASE-0022,COINTELPRO,COINTELPRO,wikipedia_article_links,https://en.wikipedia.org/wiki/Political_organisation,en.wikipedia.org,wikipedia_internal,10,organizations,
CASE-0022,COINTELPRO,COINTELPRO,wikipedia_article_links,https://en.wikipedia.org/wiki/Subversive,en.wikipedia.org,wikipedia_internal,11,subversive,
CASE-0022,COINTELPRO,COINTELPRO,wikipedia_article_links,https://en.wikipedia.org/wiki/Feminism_in_the_United_States,en.wikipedia.org,wikipedia_internal,12,feminist,
CASE-0022,COINTELPRO,COINTELPRO,wikipedia_article_links,https://en.wikipedia.org/wiki/Communist_Party_USA,en.wikipedia.org,wikipedia_internal,13,Communist Party USA,
CASE-0022,COINTELPRO,COINTELPRO,wikipedia_article_links,https://en.wikipedia.org/wiki/Opposition_to_United_States_involvement_in_the_Vietnam_War,en.wikipedia.org,wikipedia_internal,14,anti-Vietnam War,
CASE-0022,COINTELPRO,COINTELPRO,wikipedia_article_links,https://en.wikipedia.org/wiki/Civil_rights_movement,en.wikipedia.org,wikipedia_internal,15,civil rights,
CASE-0022,COINTELPRO,COINTELPRO,wikipedia_article_links,https://en.wikipedia.org/wiki/Black_power_movement,en.wikipedia.org,wikipedia_internal,16,Black power movements,
CASE-0022,COINTELPRO,COINTELPRO,wikipedia_article_links,https://en.wikipedia.org/wiki/Martin_Luther_King_Jr.,en.wikipedia.org,wikipedia_internal,17,Martin Luther King Jr.,
CASE-0022,COINTELPRO,COINTELPRO,wikipedia_article_links,https://en.wikipedia.org/wiki/Malcolm_X,en.wikipedia.org,wikipedia_internal,18,Malcolm X,
CASE-0022,COINTELPRO,COINTELPRO,wikipedia_article_links,https://en.wikipedia.org/wiki/Student_activism,en.wikipedia.org,wikipedia_internal,19,student organizations,
CASE-0022,COINTELPRO,COINTELPRO,wikipedia_article_links,https://en.wikipedia.org/wiki/Students_for_a_Democratic_Society,en.wikipedia.org,wikipedia_internal,20,Students for a Democratic Society,
CASE-0023,vaccine conspiracy,Vaccine misinformation,wikipedia_search,https://en.wikipedia.org/wiki/Vaccine_misinformation,en.wikipedia.org,wikipedia_primary,1,Vaccine misinformation,
CASE-0023,vaccine conspiracy,Vaccine misinformation,wikipedia_article_links,https://en.wikipedia.org/wiki/Misinformation,en.wikipedia.org,wikipedia_internal,2,Misinformation,
CASE-0023,vaccine conspiracy,Vaccine misinformation,wikipedia_article_links,https://en.wikipedia.org/wiki/Immunization,en.wikipedia.org,wikipedia_internal,3,immunization,
CASE-0023,vaccine conspiracy,Vaccine misinformation,wikipedia_article_links,https://en.wikipedia.org/wiki/Vaccines,en.wikipedia.org,wikipedia_internal,4,vaccines,
CASE-0023,vaccine conspiracy,Vaccine misinformation,wikipedia_article_links,https://en.wikipedia.org/wiki/Pseudoscience,en.wikipedia.org,wikipedia_internal,5,presented on the Internet as being scientific information,
CASE-0023,vaccine conspiracy,Vaccine misinformation,wikipedia_article_links,https://en.wikipedia.org/wiki/Vaccine_hesitancy,en.wikipedia.org,wikipedia_internal,6,vaccine hesitancy,
CASE-0023,vaccine conspiracy,Vaccine misinformation,wikipedia_article_links,https://en.wikipedia.org/wiki/COVID-19_pandemic,en.wikipedia.org,wikipedia_internal,7,COVID-19 pandemic,
CASE-0023,vaccine conspiracy,Vaccine misinformation,wikipedia_article_links,https://en.wikipedia.org/wiki/World_Health_Organization,en.wikipedia.org,wikipedia_internal,8,World Health Organization,
CASE-0023,vaccine conspiracy,Vaccine misinformation,wikipedia_article_links,https://en.wikipedia.org/wiki/Vaccination,en.wikipedia.org,wikipedia_internal,9,Vaccination,
CASE-0023,vaccine conspiracy,Vaccine misinformation,wikipedia_article_links,https://en.wikipedia.org/wiki/Vaccinator,en.wikipedia.org,wikipedia_internal,10,Vaccinator,
CASE-0023,vaccine conspiracy,Vaccine misinformation,wikipedia_article_links,https://en.wikipedia.org/wiki/Vaccine,en.wikipedia.org,wikipedia_internal,11,Vaccine,
CASE-0023,vaccine conspiracy,Vaccine misinformation,wikipedia_article_links,https://en.wikipedia.org/wiki/Vaccine_trial,en.wikipedia.org,wikipedia_internal,12,Vaccine trial,
CASE-0023,vaccine conspiracy,Vaccine misinformation,wikipedia_article_links,https://en.wikipedia.org/wiki/COVID-19_vaccine_card,en.wikipedia.org,wikipedia_internal,13,COVID-19 vaccine card,
CASE-0023,vaccine conspiracy,Vaccine misinformation,wikipedia_article_links,https://en.wikipedia.org/wiki/Smallpox_vaccine,en.wikipedia.org,wikipedia_internal,14,Smallpox,
CASE-0023,vaccine conspiracy,Vaccine misinformation,wikipedia_article_links,https://en.wikipedia.org/wiki/Polio_vaccine,en.wikipedia.org,wikipedia_internal,15,Polio,
CASE-0023,vaccine conspiracy,Vaccine misinformation,wikipedia_article_links,https://en.wikipedia.org/wiki/Varicella_vaccine,en.wikipedia.org,wikipedia_internal,16,Chicken pox,
CASE-0023,vaccine conspiracy,Vaccine misinformation,wikipedia_article_links,https://en.wikipedia.org/wiki/MMR_vaccine,en.wikipedia.org,wikipedia_internal,17,Measles/Mumps/Rubella,
CASE-0023,vaccine conspiracy,Vaccine misinformation,wikipedia_article_links,https://en.wikipedia.org/wiki/Influenza_vaccine,en.wikipedia.org,wikipedia_internal,18,Influenza,
CASE-0023,vaccine conspiracy,Vaccine misinformation,wikipedia_article_links,https://en.wikipedia.org/wiki/Ebola_vaccine,en.wikipedia.org,wikipedia_internal,19,Ebola,
CASE-0023,vaccine conspiracy,Vaccine misinformation,wikipedia_article_links,https://en.wikipedia.org/wiki/COVID-19_vaccine,en.wikipedia.org,wikipedia_internal,20,COVID-19,
CASE-0024,Skull and Bones,Skull and Bones,wikipedia_search,https://en.wikipedia.org/wiki/Skull_and_Bones,en.wikipedia.org,wikipedia_primary,1,Skull and Bones,
CASE-0024,Skull and Bones,Skull and Bones,wikipedia_article_links,https://en.wikipedia.org/wiki/Skull_and_crossbones_(disambiguation),en.wikipedia.org,wikipedia_internal,2,Skull and crossbones (disambiguation),
CASE-0024,Skull and Bones,Skull and Bones,wikipedia_article_links,https://en.wikipedia.org/wiki/Yale_University,en.wikipedia.org,wikipedia_internal,3,Yale University,
CASE-0024,Skull and Bones,Skull and Bones,wikipedia_article_links,https://en.wikipedia.org/wiki/List_of_senior_societies,en.wikipedia.org,wikipedia_internal,4,Senior society,
CASE-0024,Skull and Bones,Skull and Bones,wikipedia_article_links,"https://en.wikipedia.org/wiki/New_Haven,_Connecticut",en.wikipedia.org,wikipedia_internal,5,New Haven,
CASE-0024,Skull and Bones,Skull and Bones,wikipedia_article_links,https://en.wikipedia.org/wiki/Connecticut,en.wikipedia.org,wikipedia_internal,6,Connecticut,
CASE-0024,Skull and Bones,Skull and Bones,wikipedia_article_links,https://en.wikipedia.org/wiki/Secret_society#Colleges_and_universities,en.wikipedia.org,wikipedia_internal,7,secret student society,
CASE-0024,Skull and Bones,Skull and Bones,wikipedia_article_links,https://en.wikipedia.org/wiki/Linonian_Society,en.wikipedia.org,wikipedia_internal,8,Linonia,
CASE-0024,Skull and Bones,Skull and Bones,wikipedia_article_links,https://en.wikipedia.org/wiki/Brothers_in_Unity,en.wikipedia.org,wikipedia_internal,9,Brothers in Unity,
CASE-0024,Skull and Bones,Skull and Bones,wikipedia_article_links,https://en.wikipedia.org/wiki/Calliopean_Society,en.wikipedia.org,wikipedia_internal,10,Calliopean Society,
CASE-0024,Skull and Bones,Skull and Bones,wikipedia_article_links,https://en.wikipedia.org/wiki/Phi_Beta_Kappa,en.wikipedia.org,wikipedia_internal,11,Phi Beta Kappa,
CASE-0024,Skull and Bones,Skull and Bones,wikipedia_article_links,https://en.wikipedia.org/wiki/William_Huntington_Russell,en.wikipedia.org,wikipedia_internal,12,William Huntington Russell,
CASE-0024,Skull and Bones,Skull and Bones,wikipedia_article_links,https://en.wikipedia.org/wiki/Alphonso_Taft,en.wikipedia.org,wikipedia_internal,13,Alphonso Taft,
CASE-0024,Skull and Bones,Skull and Bones,wikipedia_article_links,https://en.wikipedia.org/wiki/Freshman,en.wikipedia.org,wikipedia_internal,14,freshman,
CASE-0024,Skull and Bones,Skull and Bones,wikipedia_article_links,https://en.wikipedia.org/wiki/Sophomore_year,en.wikipedia.org,wikipedia_internal,15,sophomore,
CASE-0024,Skull and Bones,Skull and Bones,wikipedia_article_links,https://en.wikipedia.org/wiki/Junior_(education_year),en.wikipedia.org,wikipedia_internal,16,junior,
CASE-0024,Skull and Bones,Skull and Bones,wikipedia_article_links,https://en.wikipedia.org/wiki/Mixed-sex_education,en.wikipedia.org,wikipedia_internal,17,coeducational,
CASE-0024,Skull and Bones,Skull and Bones,wikipedia_article_links,https://en.wikipedia.org/wiki/St._Anthony_Hall,en.wikipedia.org,wikipedia_internal,18,St. Anthony Hall,
CASE-0024,Skull and Bones,Skull and Bones,wikipedia_article_links,https://en.wikipedia.org/wiki/Manuscript_Society_(Yale_University),en.wikipedia.org,wikipedia_internal,19,Manuscript Society,
CASE-0024,Skull and Bones,Skull and Bones,wikipedia_article_links,https://en.wikipedia.org/wiki/William_F._Buckley,en.wikipedia.org,wikipedia_internal,20,William F. Buckley,
CASE-0025,Bohemian Grove,Bohemian Grove,wikipedia_search,https://en.wikipedia.org/wiki/Bohemian_Grove,en.wikipedia.org,wikipedia_primary,1,Bohemian Grove,
CASE-0025,Bohemian Grove,Bohemian Grove,wikipedia_article_links,"https://en.wikipedia.org/wiki/Monte_Rio,_California",en.wikipedia.org,wikipedia_internal,2,"Monte Rio, California",
CASE-0025,Bohemian Grove,Bohemian Grove,wikipedia_article_links,https://en.wikipedia.org/wiki/Bohemian_Club,en.wikipedia.org,wikipedia_internal,3,Bohemian Club,
CASE-0025,Bohemian Grove,Bohemian Grove,wikipedia_article_links,https://en.wikipedia.org/wiki/Gentlemen%27s_club,en.wikipedia.org,wikipedia_internal,4,gentlemen's club,
CASE-0025,Bohemian Grove,Bohemian Grove,wikipedia_article_links,https://en.wikipedia.org/wiki/Henry_Edwards_(entomologist),en.wikipedia.org,wikipedia_internal,5,"Henry ""Harry"" Edwards",
CASE-0025,Bohemian Grove,Bohemian Grove,wikipedia_article_links,https://en.wikipedia.org/wiki/New_York_City,en.wikipedia.org,wikipedia_internal,6,New York City,
CASE-0025,Bohemian Grove,Bohemian Grove,wikipedia_article_links,https://en.wikipedia.org/wiki/Bohemianism,en.wikipedia.org,wikipedia_internal,7,Bohemians,
CASE-0025,Bohemian Grove,Bohemian Grove,wikipedia_article_links,https://en.wikipedia.org/wiki/Sequoia_sempervirens,en.wikipedia.org,wikipedia_internal,8,redwoods,
CASE-0025,Bohemian Grove,Bohemian Grove,wikipedia_article_links,"https://en.wikipedia.org/wiki/Marin_County,_California",en.wikipedia.org,wikipedia_internal,9,Marin County,
CASE-0025,Bohemian Grove,Bohemian Grove,wikipedia_article_links,"https://en.wikipedia.org/wiki/Taylorville,_California",en.wikipedia.org,wikipedia_internal,10,Taylorville,
CASE-0025,Bohemian Grove,Bohemian Grove,wikipedia_article_links,https://en.wikipedia.org/wiki/Samuel_P._Taylor_State_Park,en.wikipedia.org,wikipedia_internal,11,Samuel P. Taylor State Park,
CASE-0025,Bohemian Grove,Bohemian Grove,wikipedia_article_links,"https://en.wikipedia.org/wiki/Sonoma_County,_California",en.wikipedia.org,wikipedia_internal,12,Sonoma,
CASE-0025,Bohemian Grove,Bohemian Grove,wikipedia_article_links,https://en.wikipedia.org/wiki/Muir_Woods_National_Monument,en.wikipedia.org,wikipedia_internal,13,Muir Woods,
CASE-0025,Bohemian Grove,Bohemian Grove,wikipedia_article_links,"https://en.wikipedia.org/wiki/Duncans_Mills,_California",en.wikipedia.org,wikipedia_internal,14,Duncans Mills,
CASE-0025,Bohemian Grove,Bohemian Grove,wikipedia_article_links,https://en.wikipedia.org/wiki/Russian_River_(California),en.wikipedia.org,wikipedia_internal,15,Russian River,
CASE-0025,Bohemian Grove,Bohemian Grove,wikipedia_article_links,https://en.wikipedia.org/wiki/William_Henry_Irwin,en.wikipedia.org,wikipedia_internal,16,William Henry Irwin,
CASE-0025,Bohemian Grove,Bohemian Grove,wikipedia_article_links,https://en.wikipedia.org/wiki/Manhattan_Project,en.wikipedia.org,wikipedia_internal,17,Manhattan Project,
CASE-0025,Bohemian Grove,Bohemian Grove,wikipedia_article_links,https://en.wikipedia.org/wiki/Ernest_Lawrence,en.wikipedia.org,wikipedia_internal,18,Ernest Lawrence,
CASE-0025,Bohemian Grove,Bohemian Grove,wikipedia_article_links,https://en.wikipedia.org/wiki/J._Robert_Oppenheimer,en.wikipedia.org,wikipedia_internal,19,J. Robert Oppenheimer,
CASE-0025,Bohemian Grove,Bohemian Grove,wikipedia_article_links,https://en.wikipedia.org/wiki/S-1_Executive_Committee,en.wikipedia.org,wikipedia_internal,20,S-1 Executive Committee,
CASE-0026,FEMA camps,FEMA camps conspiracy theory,wikipedia_search,https://en.wikipedia.org/wiki/FEMA_camps_conspiracy_theory,en.wikipedia.org,wikipedia_primary,1,FEMA camps conspiracy theory,
CASE-0026,FEMA camps,FEMA camps conspiracy theory,wikipedia_article_links,https://en.wikipedia.org/wiki/Patriot_movement,en.wikipedia.org,wikipedia_internal,2,Patriot movement,
CASE-0026,FEMA camps,FEMA camps conspiracy theory,wikipedia_article_links,https://en.wikipedia.org/wiki/Federal_Emergency_Management_Agency,en.wikipedia.org,wikipedia_internal,3,Federal Emergency Management Agency,
CASE-0026,FEMA camps,FEMA camps conspiracy theory,wikipedia_article_links,https://en.wikipedia.org/wiki/United_States_citizens,en.wikipedia.org,wikipedia_internal,4,United States citizens,
CASE-0026,FEMA camps,FEMA camps conspiracy theory,wikipedia_article_links,https://en.wikipedia.org/wiki/Concentration_camp,en.wikipedia.org,wikipedia_internal,5,concentration camps,
CASE-0026,FEMA camps,FEMA camps conspiracy theory,wikipedia_article_links,https://en.wikipedia.org/wiki/Martial_law,en.wikipedia.org,wikipedia_internal,6,martial law,
CASE-0026,FEMA camps,FEMA camps conspiracy theory,wikipedia_article_links,https://en.wikipedia.org/wiki/Dissidents,en.wikipedia.org,wikipedia_internal,7,dissidents,
CASE-0026,FEMA camps,FEMA camps conspiracy theory,wikipedia_article_links,https://en.wikipedia.org/wiki/Extermination_(crime),en.wikipedia.org,wikipedia_internal,8,extermination,
CASE-0026,FEMA camps,FEMA camps conspiracy theory,wikipedia_article_links,https://en.wikipedia.org/wiki/New_World_Order_(conspiracy_theory),en.wikipedia.org,wikipedia_internal,9,New World Order,
CASE-0026,FEMA camps,FEMA camps conspiracy theory,wikipedia_article_links,https://en.wikipedia.org/wiki/Social_media,en.wikipedia.org,wikipedia_internal,10,social media,
CASE-0026,FEMA camps,FEMA camps conspiracy theory,wikipedia_article_links,https://en.wikipedia.org/wiki/Internment_of_Japanese_Americans,en.wikipedia.org,wikipedia_internal,11,imprisoned Japanese-American citizens in internment camps during WWII,
CASE-0026,FEMA camps,FEMA camps conspiracy theory,wikipedia_article_links,https://en.wikipedia.org/wiki/Rex_84,en.wikipedia.org,wikipedia_internal,12,Rex 84,
CASE-0026,FEMA camps,FEMA camps conspiracy theory,wikipedia_article_links,https://en.wikipedia.org/wiki/Continuity_of_government,en.wikipedia.org,wikipedia_internal,13,continuity of government,
CASE-0026,FEMA camps,FEMA camps conspiracy theory,wikipedia_article_links,https://en.wikipedia.org/wiki/Nuclear_war,en.wikipedia.org,wikipedia_internal,14,nuclear war,
CASE-0026,FEMA camps,FEMA camps conspiracy theory,wikipedia_article_links,https://en.wikipedia.org/wiki/Federal_Civil_Defense_Administration,en.wikipedia.org,wikipedia_internal,15,Federal Civil Defense Administration,
CASE-0026,FEMA camps,FEMA camps conspiracy theory,wikipedia_article_links,https://en.wikipedia.org/wiki/President_Harry_S_Truman,en.wikipedia.org,wikipedia_internal,16,President Harry S Truman,
CASE-0026,FEMA camps,FEMA camps conspiracy theory,wikipedia_article_links,https://en.wikipedia.org/wiki/President_of_the_United_States,en.wikipedia.org,wikipedia_internal,17,President,
CASE-0026,FEMA camps,FEMA camps conspiracy theory,wikipedia_article_links,https://en.wikipedia.org/wiki/Jimmy_Carter,en.wikipedia.org,wikipedia_internal,18,Jimmy Carter,
CASE-0026,FEMA camps,FEMA camps conspiracy theory,wikipedia_article_links,https://en.wikipedia.org/wiki/Department_of_Homeland_Security,en.wikipedia.org,wikipedia_internal,19,Department of Homeland Security,
CASE-0026,FEMA camps,FEMA camps conspiracy theory,wikipedia_article_links,https://en.wikipedia.org/wiki/Executive_(government),en.wikipedia.org,wikipedia_internal,20,executive,
CASE-0027,Operation Paperclip,Operation Paperclip,wikipedia_search,https://en.wikipedia.org/wiki/Operation_Paperclip,en.wikipedia.org,wikipedia_primary,1,Operation Paperclip,
CASE-0027,Operation Paperclip,Operation Paperclip,wikipedia_article_links,https://en.wikipedia.org/wiki/Paper_Clips_Project,en.wikipedia.org,wikipedia_internal,2,Paper Clips Project,
CASE-0027,Operation Paperclip,Operation Paperclip,wikipedia_article_links,https://en.wikipedia.org/wiki/Paper_clip_(disambiguation),en.wikipedia.org,wikipedia_internal,3,Paper clip (disambiguation),
CASE-0027,Operation Paperclip,Operation Paperclip,wikipedia_article_links,https://en.wikipedia.org/wiki/Kurt_Debus,en.wikipedia.org,wikipedia_internal,4,Kurt Debus,
CASE-0027,Operation Paperclip,Operation Paperclip,wikipedia_article_links,https://en.wikipedia.org/wiki/V-2_rocket,en.wikipedia.org,wikipedia_internal,5,V-2 rocket,
CASE-0027,Operation Paperclip,Operation Paperclip,wikipedia_article_links,https://en.wikipedia.org/wiki/NASA,en.wikipedia.org,wikipedia_internal,6,NASA,
CASE-0027,Operation Paperclip,Operation Paperclip,wikipedia_article_links,https://en.wikipedia.org/wiki/President_of_the_United_States,en.wikipedia.org,wikipedia_internal,7,US president,
CASE-0027,Operation Paperclip,Operation Paperclip,wikipedia_article_links,https://en.wikipedia.org/wiki/John_F._Kennedy,en.wikipedia.org,wikipedia_internal,8,John F. Kennedy,
CASE-0027,Operation Paperclip,Operation Paperclip,wikipedia_article_links,https://en.wikipedia.org/wiki/Vice_President_of_the_United_States,en.wikipedia.org,wikipedia_internal,9,US vice president,
CASE-0027,Operation Paperclip,Operation Paperclip,wikipedia_article_links,https://en.wikipedia.org/wiki/Lyndon_B._Johnson,en.wikipedia.org,wikipedia_internal,10,Lyndon B. Johnson,
CASE-0027,Operation Paperclip,Operation Paperclip,wikipedia_article_links,https://en.wikipedia.org/wiki/Cape_Canaveral_Launch_Complex_34,en.wikipedia.org,wikipedia_internal,11,Blockhouse 34,
CASE-0027,Operation Paperclip,Operation Paperclip,wikipedia_article_links,https://en.wikipedia.org/wiki/United_States,en.wikipedia.org,wikipedia_internal,12,United States,
CASE-0027,Operation Paperclip,Operation Paperclip,wikipedia_article_links,https://en.wikipedia.org/wiki/Nazi_Germany,en.wikipedia.org,wikipedia_internal,13,Nazi Germany,
CASE-0027,Operation Paperclip,Operation Paperclip,wikipedia_article_links,https://en.wikipedia.org/wiki/End_of_World_War_II_in_Europe,en.wikipedia.org,wikipedia_internal,14,end of World War II in Europe,
CASE-0027,Operation Paperclip,Operation Paperclip,wikipedia_article_links,https://en.wikipedia.org/wiki/Nazi_Party,en.wikipedia.org,wikipedia_internal,15,Nazi Party,
CASE-0027,Operation Paperclip,Operation Paperclip,wikipedia_article_links,https://en.wikipedia.org/wiki/SS,en.wikipedia.org,wikipedia_internal,16,SS,
CASE-0027,Operation Paperclip,Operation Paperclip,wikipedia_article_links,https://en.wikipedia.org/wiki/Sturmabteilung,en.wikipedia.org,wikipedia_internal,17,SA,
CASE-0027,Operation Paperclip,Operation Paperclip,wikipedia_article_links,https://en.wikipedia.org/wiki/Joint_Intelligence_Objectives_Agency,en.wikipedia.org,wikipedia_internal,18,Joint Intelligence Objectives Agency,
CASE-0027,Operation Paperclip,Operation Paperclip,wikipedia_article_links,https://en.wikipedia.org/wiki/United_States_Army,en.wikipedia.org,wikipedia_internal,19,US Army,
CASE-0027,Operation Paperclip,Operation Paperclip,wikipedia_article_links,https://en.wikipedia.org/wiki/Counterintelligence_Corps,en.wikipedia.org,wikipedia_internal,20,Counterintelligence Corps,
CASE-0028,Pizzagate,Pizzagate conspiracy theory,wikipedia_search,https://en.wikipedia.org/wiki/Pizzagate_conspiracy_theory,en.wikipedia.org,wikipedia_primary,1,Pizzagate conspiracy theory,
CASE-0028,Pizzagate,Pizzagate conspiracy theory,wikipedia_article_links,"https://en.wikipedia.org/wiki/Battle_of_the_Buffet#""Pizzagate""",en.wikipedia.org,wikipedia_internal,2,"Battle of the Buffet § ""Pizzagate""",
CASE-0028,Pizzagate,Pizzagate conspiracy theory,wikipedia_article_links,https://en.wikipedia.org/wiki/Bill_de_Blasio#Mayor_of_New_York_City_(2014–2021),en.wikipedia.org,wikipedia_internal,3,Bill de Blasio § Mayor of New York City (2014–2021),
CASE-0028,Pizzagate,Pizzagate conspiracy theory,wikipedia_article_links,https://en.wikipedia.org/wiki/Save_the_Children,en.wikipedia.org,wikipedia_internal,4,Save the Children,
CASE-0028,Pizzagate,Pizzagate conspiracy theory,wikipedia_article_links,https://en.wikipedia.org/wiki/Comet_Ping_Pong,en.wikipedia.org,wikipedia_internal,5,Comet Ping Pong,
CASE-0028,Pizzagate,Pizzagate conspiracy theory,wikipedia_article_links,https://en.wikipedia.org/wiki/Child_sex_ring,en.wikipedia.org,wikipedia_internal,6,child sex ring,
CASE-0028,Pizzagate,Pizzagate conspiracy theory,wikipedia_article_links,https://en.wikipedia.org/wiki/Conspiracy_theory,en.wikipedia.org,wikipedia_internal,7,conspiracy theory,
CASE-0028,Pizzagate,Pizzagate conspiracy theory,wikipedia_article_links,https://en.wikipedia.org/wiki/Viral_phenomenon,en.wikipedia.org,wikipedia_internal,8,viral,
CASE-0028,Pizzagate,Pizzagate conspiracy theory,wikipedia_article_links,https://en.wikipedia.org/wiki/2016_United_States_presidential_election,en.wikipedia.org,wikipedia_internal,9,2016 United States presidential election,
CASE-0028,Pizzagate,Pizzagate conspiracy theory,wikipedia_article_links,https://en.wikipedia.org/wiki/New_York_City_Police_Department,en.wikipedia.org,wikipedia_internal,10,New York City Police Department,
CASE-0028,Pizzagate,Pizzagate conspiracy theory,wikipedia_article_links,https://en.wikipedia.org/wiki/Pedophilia,en.wikipedia.org,wikipedia_internal,11,pedophilia,
CASE-0028,Pizzagate,Pizzagate conspiracy theory,wikipedia_article_links,https://en.wikipedia.org/wiki/Democratic_Party_(United_States),en.wikipedia.org,wikipedia_internal,12,Democratic Party,
CASE-0028,Pizzagate,Pizzagate conspiracy theory,wikipedia_article_links,https://en.wikipedia.org/wiki/Anthony_Weiner,en.wikipedia.org,wikipedia_internal,13,Anthony Weiner,
CASE-0028,Pizzagate,Pizzagate conspiracy theory,wikipedia_article_links,"https://en.wikipedia.org/wiki/Washington,_D.C._police",en.wikipedia.org,wikipedia_internal,14,"Washington, D.C. police",
CASE-0028,Pizzagate,Pizzagate conspiracy theory,wikipedia_article_links,https://en.wikipedia.org/wiki/John_Podesta,en.wikipedia.org,wikipedia_internal,15,John Podesta,
CASE-0028,Pizzagate,Pizzagate conspiracy theory,wikipedia_article_links,https://en.wikipedia.org/wiki/Hillary_Clinton,en.wikipedia.org,wikipedia_internal,16,Hillary Clinton,
CASE-0028,Pizzagate,Pizzagate conspiracy theory,wikipedia_article_links,https://en.wikipedia.org/wiki/Campaign_manager,en.wikipedia.org,wikipedia_internal,17,campaign chair,
CASE-0028,Pizzagate,Pizzagate conspiracy theory,wikipedia_article_links,https://en.wikipedia.org/wiki/Phishing#Spear_phishing,en.wikipedia.org,wikipedia_internal,18,spear-phishing,
CASE-0028,Pizzagate,Pizzagate conspiracy theory,wikipedia_article_links,https://en.wikipedia.org/wiki/WikiLeaks,en.wikipedia.org,wikipedia_internal,19,WikiLeaks,
CASE-0028,Pizzagate,Pizzagate conspiracy theory,wikipedia_article_links,https://en.wikipedia.org/wiki/Podesta_emails,en.wikipedia.org,wikipedia_internal,20,his emails,
CASE-0029,QAnon,QAnon,wikipedia_search,https://en.wikipedia.org/wiki/QAnon,en.wikipedia.org,wikipedia_primary,1,QAnon,
CASE-0029,QAnon,QAnon,wikipedia_article_links,https://en.wikipedia.org/wiki/American_flag,en.wikipedia.org,wikipedia_internal,2,American flag,
CASE-0029,QAnon,QAnon,wikipedia_article_links,https://en.wikipedia.org/wiki/Second_Amendment_to_the_United_States_Constitution,en.wikipedia.org,wikipedia_internal,3,Second Amendment,
CASE-0029,QAnon,QAnon,wikipedia_article_links,"https://en.wikipedia.org/wiki/Richmond,_Virginia",en.wikipedia.org,wikipedia_internal,4,Richmond,
CASE-0029,QAnon,QAnon,wikipedia_article_links,https://en.wikipedia.org/wiki/Far-right,en.wikipedia.org,wikipedia_internal,5,far-right,
CASE-0029,QAnon,QAnon,wikipedia_article_links,https://en.wikipedia.org/wiki/American_political_conspiracy_theory,en.wikipedia.org,wikipedia_internal,6,American political conspiracy theory,
CASE-0029,QAnon,QAnon,wikipedia_article_links,https://en.wikipedia.org/wiki/Political_movement,en.wikipedia.org,wikipedia_internal,7,political movement,
CASE-0029,QAnon,QAnon,wikipedia_article_links,https://en.wikipedia.org/wiki/Virtual_community,en.wikipedia.org,wikipedia_internal,8,online communities,
CASE-0029,QAnon,QAnon,wikipedia_article_links,https://en.wikipedia.org/wiki/Influencers,en.wikipedia.org,wikipedia_internal,9,influencers,
CASE-0029,QAnon,QAnon,wikipedia_article_links,https://en.wikipedia.org/wiki/Cabal,en.wikipedia.org,wikipedia_internal,10,cabal,
CASE-0029,QAnon,QAnon,wikipedia_article_links,https://en.wikipedia.org/wiki/Theistic_Satanism,en.wikipedia.org,wikipedia_internal,11,Satanic,
CASE-0029,QAnon,QAnon,wikipedia_article_links,https://en.wikipedia.org/wiki/Human_cannibalism,en.wikipedia.org,wikipedia_internal,12,cannibalistic,
CASE-0029,QAnon,QAnon,wikipedia_article_links,https://en.wikipedia.org/wiki/Child_molesters,en.wikipedia.org,wikipedia_internal,13,child molesters,
CASE-0029,QAnon,QAnon,wikipedia_article_links,https://en.wikipedia.org/wiki/Deep_state,en.wikipedia.org,wikipedia_internal,14,deep state,
CASE-0029,QAnon,QAnon,wikipedia_article_links,https://en.wikipedia.org/wiki/Sex_trafficking,en.wikipedia.org,wikipedia_internal,15,sex trafficking,
CASE-0029,QAnon,QAnon,wikipedia_article_links,https://en.wikipedia.org/wiki/Donald_Trump,en.wikipedia.org,wikipedia_internal,16,Donald Trump,
CASE-0029,QAnon,QAnon,wikipedia_article_links,https://en.wikipedia.org/wiki/Pizzagate,en.wikipedia.org,wikipedia_internal,17,Pizzagate,
CASE-0029,QAnon,QAnon,wikipedia_article_links,https://en.wikipedia.org/wiki/Conspiracy_theory,en.wikipedia.org,wikipedia_internal,18,conspiracy theory,
CASE-0029,QAnon,QAnon,wikipedia_article_links,https://en.wikipedia.org/wiki/Cult,en.wikipedia.org,wikipedia_internal,19,cult,
CASE-0029,QAnon,QAnon,wikipedia_article_links,https://en.wikipedia.org/wiki/First_presidency_of_Donald_Trump,en.wikipedia.org,wikipedia_internal,20,first presidency of Donald Trump,
CASE-0030,Georgia Guidestones,Georgia Guidestones,wikipedia_search,https://en.wikipedia.org/wiki/Georgia_Guidestones,en.wikipedia.org,wikipedia_primary,1,Georgia Guidestones,
CASE-0030,Georgia Guidestones,Georgia Guidestones,wikipedia_article_links,"https://en.wikipedia.org/wiki/Elbert_County,_Georgia",en.wikipedia.org,wikipedia_internal,2,"Elbert County, Georgia",
CASE-0030,Georgia Guidestones,Georgia Guidestones,wikipedia_article_links,https://en.wikipedia.org/wiki/Granite,en.wikipedia.org,wikipedia_internal,3,Granite,
CASE-0030,Georgia Guidestones,Georgia Guidestones,wikipedia_article_links,https://en.wikipedia.org/wiki/Monument,en.wikipedia.org,wikipedia_internal,4,monument,
CASE-0030,Georgia Guidestones,Georgia Guidestones,wikipedia_article_links,https://en.wikipedia.org/wiki/Stonehenge,en.wikipedia.org,wikipedia_internal,5,Stonehenge,
CASE-0030,Georgia Guidestones,Georgia Guidestones,wikipedia_article_links,https://en.wikipedia.org/wiki/Conspiracy_theory,en.wikipedia.org,wikipedia_internal,6,conspiracy theories,
CASE-0030,Georgia Guidestones,Georgia Guidestones,wikipedia_article_links,https://en.wikipedia.org/wiki/Satanism,en.wikipedia.org,wikipedia_internal,7,Satanism,
CASE-0030,Georgia Guidestones,Georgia Guidestones,wikipedia_article_links,https://en.wikipedia.org/wiki/Christianity,en.wikipedia.org,wikipedia_internal,8,Christianity,
CASE-0030,Georgia Guidestones,Georgia Guidestones,wikipedia_article_links,https://en.wikipedia.org/wiki/Vandalism,en.wikipedia.org,wikipedia_internal,9,vandal,
CASE-0030,Georgia Guidestones,Georgia Guidestones,wikipedia_article_links,https://en.wikipedia.org/wiki/Pseudonym,en.wikipedia.org,wikipedia_internal,10,pseudonym,
CASE-0030,Georgia Guidestones,Georgia Guidestones,wikipedia_article_links,https://en.wikipedia.org/wiki/Compass,en.wikipedia.org,wikipedia_internal,11,compass,
CASE-0030,Georgia Guidestones,Georgia Guidestones,wikipedia_article_links,https://en.wikipedia.org/wiki/Calendar,en.wikipedia.org,wikipedia_internal,12,calendar,
CASE-0030,Georgia Guidestones,Georgia Guidestones,wikipedia_article_links,https://en.wikipedia.org/wiki/Clock,en.wikipedia.org,wikipedia_internal,13,clock,
CASE-0030,Georgia Guidestones,Georgia Guidestones,wikipedia_article_links,https://en.wikipedia.org/wiki/Neolithic,en.wikipedia.org,wikipedia_internal,14,Neolithic,
CASE-0030,Georgia Guidestones,Georgia Guidestones,wikipedia_article_links,https://en.wikipedia.org/wiki/Acre,en.wikipedia.org,wikipedia_internal,15,acre,
CASE-0030,Georgia Guidestones,Georgia Guidestones,wikipedia_article_links,https://en.wikipedia.org/wiki/Hectare,en.wikipedia.org,wikipedia_internal,16,hectare,
CASE-0030,Georgia Guidestones,Georgia Guidestones,wikipedia_article_links,https://en.wikipedia.org/wiki/Georgia_State_Route_77,en.wikipedia.org,wikipedia_internal,17,Georgia State Route 77,
CASE-0030,Georgia Guidestones,Georgia Guidestones,wikipedia_article_links,"https://en.wikipedia.org/wiki/Elberton,_Georgia",en.wikipedia.org,wikipedia_internal,18,Elberton,
CASE-0030,Georgia Guidestones,Georgia Guidestones,wikipedia_article_links,https://en.wikipedia.org/wiki/Doug_Barnard_Jr.,en.wikipedia.org,wikipedia_internal,19,Doug Barnard,
CASE-0030,Georgia Guidestones,Georgia Guidestones,wikipedia_article_links,https://en.wikipedia.org/wiki/Master_of_ceremonies,en.wikipedia.org,wikipedia_internal,20,Master of Ceremonies,
CASE-0031,Federal Reserve conspiracy,John F. Kennedy assassination conspiracy theories,wikipedia_search,https://en.wikipedia.org/wiki/John_F._Kennedy_assassination_conspiracy_theories,en.wikipedia.org,wikipedia_primary,1,John F. Kennedy assassination conspiracy theories,
CASE-0031,Federal Reserve conspiracy,John F. Kennedy assassination conspiracy theories,wikipedia_article_links,https://en.wikipedia.org/wiki/Robert_F._Kennedy_assassination_conspiracy_theories,en.wikipedia.org,wikipedia_internal,2,Robert F. Kennedy assassination conspiracy theories,
CASE-0031,Federal Reserve conspiracy,John F. Kennedy assassination conspiracy theories,wikipedia_article_links,https://en.wikipedia.org/wiki/John_F._Kennedy,en.wikipedia.org,wikipedia_internal,3,John F. Kennedy,
CASE-0031,Federal Reserve conspiracy,John F. Kennedy assassination conspiracy theories,wikipedia_article_links,https://en.wikipedia.org/wiki/Jacqueline_Kennedy,en.wikipedia.org,wikipedia_internal,4,Jacqueline Kennedy,
CASE-0031,Federal Reserve conspiracy,John F. Kennedy assassination conspiracy theories,wikipedia_article_links,https://en.wikipedia.org/wiki/Nellie_Connally,en.wikipedia.org,wikipedia_internal,5,Nellie Connally,
CASE-0031,Federal Reserve conspiracy,John F. Kennedy assassination conspiracy theories,wikipedia_article_links,https://en.wikipedia.org/wiki/John_Connally,en.wikipedia.org,wikipedia_internal,6,John Connally,
CASE-0031,Federal Reserve conspiracy,John F. Kennedy assassination conspiracy theories,wikipedia_article_links,https://en.wikipedia.org/wiki/Assassination_of_John_F._Kennedy,en.wikipedia.org,wikipedia_internal,7,the assassination,
CASE-0031,Federal Reserve conspiracy,John F. Kennedy assassination conspiracy theories,wikipedia_article_links,https://en.wikipedia.org/wiki/President_of_the_United_States,en.wikipedia.org,wikipedia_internal,8,president of the United States,
CASE-0031,Federal Reserve conspiracy,John F. Kennedy assassination conspiracy theories,wikipedia_article_links,https://en.wikipedia.org/wiki/Conspiracy_theories,en.wikipedia.org,wikipedia_internal,9,conspiracy theories,
CASE-0031,Federal Reserve conspiracy,John F. Kennedy assassination conspiracy theories,wikipedia_article_links,https://en.wikipedia.org/wiki/Central_Intelligence_Agency,en.wikipedia.org,wikipedia_internal,10,Central Intelligence Agency,
CASE-0031,Federal Reserve conspiracy,John F. Kennedy assassination conspiracy theories,wikipedia_article_links,https://en.wikipedia.org/wiki/Italian-American_Mafia,en.wikipedia.org,wikipedia_internal,11,Mafia,
CASE-0031,Federal Reserve conspiracy,John F. Kennedy assassination conspiracy theories,wikipedia_article_links,https://en.wikipedia.org/wiki/Lyndon_B._Johnson,en.wikipedia.org,wikipedia_internal,12,Lyndon B. Johnson,
CASE-0031,Federal Reserve conspiracy,John F. Kennedy assassination conspiracy theories,wikipedia_article_links,https://en.wikipedia.org/wiki/Fidel_Castro,en.wikipedia.org,wikipedia_internal,13,Fidel Castro,
CASE-0031,Federal Reserve conspiracy,John F. Kennedy assassination conspiracy theories,wikipedia_article_links,https://en.wikipedia.org/wiki/KGB,en.wikipedia.org,wikipedia_internal,14,KGB,
CASE-0031,Federal Reserve conspiracy,John F. Kennedy assassination conspiracy theories,wikipedia_article_links,https://en.wikipedia.org/wiki/Federal_government_of_the_United_States,en.wikipedia.org,wikipedia_internal,15,American federal government,
CASE-0031,Federal Reserve conspiracy,John F. Kennedy assassination conspiracy theories,wikipedia_article_links,https://en.wikipedia.org/wiki/Federal_Bureau_of_Investigation,en.wikipedia.org,wikipedia_internal,16,Federal Bureau of Investigation,
CASE-0031,Federal Reserve conspiracy,John F. Kennedy assassination conspiracy theories,wikipedia_article_links,https://en.wikipedia.org/wiki/Warren_Commission,en.wikipedia.org,wikipedia_internal,17,Warren Commission,
CASE-0031,Federal Reserve conspiracy,John F. Kennedy assassination conspiracy theories,wikipedia_article_links,https://en.wikipedia.org/wiki/Vincent_Bugliosi,en.wikipedia.org,wikipedia_internal,18,Vincent Bugliosi,
CASE-0031,Federal Reserve conspiracy,John F. Kennedy assassination conspiracy theories,wikipedia_article_links,https://en.wikipedia.org/wiki/SS-100-X,en.wikipedia.org,wikipedia_internal,19,limousine,
CASE-0031,Federal Reserve conspiracy,John F. Kennedy assassination conspiracy theories,wikipedia_article_links,https://en.wikipedia.org/wiki/Dallas,en.wikipedia.org,wikipedia_internal,20,Dallas,
CASE-0032,Operation Northwoods,Operation Northwoods,wikipedia_search,https://en.wikipedia.org/wiki/Operation_Northwoods,en.wikipedia.org,wikipedia_primary,1,Operation Northwoods,
CASE-0032,Operation Northwoods,Operation Northwoods,wikipedia_article_links,https://en.wikipedia.org/wiki/Cuban_Project,en.wikipedia.org,wikipedia_internal,2,Cuban Project,
CASE-0032,Operation Northwoods,Operation Northwoods,wikipedia_article_links,https://en.wikipedia.org/wiki/Cold_War,en.wikipedia.org,wikipedia_internal,3,Cold War,
CASE-0032,Operation Northwoods,Operation Northwoods,wikipedia_article_links,https://en.wikipedia.org/wiki/Guantanamo_Bay_Naval_Base,en.wikipedia.org,wikipedia_internal,4,Guantanamo Bay Naval Base,
CASE-0032,Operation Northwoods,Operation Northwoods,wikipedia_article_links,https://en.wikipedia.org/wiki/Cuba,en.wikipedia.org,wikipedia_internal,5,Cuba,
CASE-0032,Operation Northwoods,Operation Northwoods,wikipedia_article_links,https://en.wikipedia.org/wiki/Eastern_Time_Zone,en.wikipedia.org,wikipedia_internal,6,EST,
CASE-0032,Operation Northwoods,Operation Northwoods,wikipedia_article_links,https://en.wikipedia.org/wiki/False_flag,en.wikipedia.org,wikipedia_internal,7,false flag,
CASE-0032,Operation Northwoods,Operation Northwoods,wikipedia_article_links,https://en.wikipedia.org/wiki/Terrorism,en.wikipedia.org,wikipedia_internal,8,terrorism,
CASE-0032,Operation Northwoods,Operation Northwoods,wikipedia_article_links,https://en.wikipedia.org/wiki/Assassination,en.wikipedia.org,wikipedia_internal,9,assassinations,
CASE-0032,Operation Northwoods,Operation Northwoods,wikipedia_article_links,https://en.wikipedia.org/wiki/Aircraft_hijacking,en.wikipedia.org,wikipedia_internal,10,aircraft hijackings,
CASE-0032,Operation Northwoods,Operation Northwoods,wikipedia_article_links,https://en.wikipedia.org/wiki/Joint_Chiefs_of_Staff,en.wikipedia.org,wikipedia_internal,11,Joint Chiefs of Staff,
CASE-0032,Operation Northwoods,Operation Northwoods,wikipedia_article_links,https://en.wikipedia.org/wiki/Lyman_Lemnitzer,en.wikipedia.org,wikipedia_internal,12,Lyman Lemnitzer,
CASE-0032,Operation Northwoods,Operation Northwoods,wikipedia_article_links,https://en.wikipedia.org/wiki/United_States_Department_of_Defense,en.wikipedia.org,wikipedia_internal,13,United States Department of Defense,
CASE-0032,Operation Northwoods,Operation Northwoods,wikipedia_article_links,https://en.wikipedia.org/wiki/Robert_McNamara,en.wikipedia.org,wikipedia_internal,14,Robert McNamara,
CASE-0032,Operation Northwoods,Operation Northwoods,wikipedia_article_links,https://en.wikipedia.org/wiki/Central_Intelligence_Agency,en.wikipedia.org,wikipedia_internal,15,CIA,
CASE-0032,Operation Northwoods,Operation Northwoods,wikipedia_article_links,https://en.wikipedia.org/wiki/Assassination_Records_Review_Board,en.wikipedia.org,wikipedia_internal,16,Assassination Records Review Board,
CASE-0032,Operation Northwoods,Operation Northwoods,wikipedia_article_links,https://en.wikipedia.org/wiki/Operation_Mongoose,en.wikipedia.org,wikipedia_internal,17,Cuban Project,
CASE-0032,Operation Northwoods,Operation Northwoods,wikipedia_article_links,https://en.wikipedia.org/wiki/CIA_assassination_attempts_on_Fidel_Castro,en.wikipedia.org,wikipedia_internal,18,Assassination attempts on Fidel Castro,
CASE-0032,Operation Northwoods,Operation Northwoods,wikipedia_article_links,https://en.wikipedia.org/wiki/Escambray_rebellion,en.wikipedia.org,wikipedia_internal,19,Escambray rebellion,
CASE-0032,Operation Northwoods,Operation Northwoods,wikipedia_article_links,https://en.wikipedia.org/wiki/United_States_involvement_in_regime_change,en.wikipedia.org,wikipedia_internal,20,United States involvement in regime change,
CASE-0033,Gulf of Tonkin,Gulf of Tonkin incident,wikipedia_search,https://en.wikipedia.org/wiki/Gulf_of_Tonkin_incident,en.wikipedia.org,wikipedia_primary,1,Gulf of Tonkin incident,
CASE-0033,Gulf of Tonkin,Gulf of Tonkin incident,wikipedia_article_links,https://en.wikipedia.org/wiki/Tonkin_Affair,en.wikipedia.org,wikipedia_internal,2,Tonkin Affair,
CASE-0033,Gulf of Tonkin,Gulf of Tonkin incident,wikipedia_article_links,https://en.wikipedia.org/wiki/Vietnam_War,en.wikipedia.org,wikipedia_internal,3,Vietnam War,
CASE-0033,Gulf of Tonkin,Gulf of Tonkin incident,wikipedia_article_links,https://en.wikipedia.org/wiki/USS_Maddox_(DD-731),en.wikipedia.org,wikipedia_internal,4,USS Maddox,
CASE-0033,Gulf of Tonkin,Gulf of Tonkin incident,wikipedia_article_links,https://en.wikipedia.org/wiki/Gulf_of_Tonkin,en.wikipedia.org,wikipedia_internal,5,Gulf of Tonkin,
CASE-0033,Gulf of Tonkin,Gulf of Tonkin incident,wikipedia_article_links,https://en.wikipedia.org/wiki/Gulf_of_Tonkin_Resolution,en.wikipedia.org,wikipedia_internal,6,Gulf of Tonkin Resolution,
CASE-0033,Gulf of Tonkin,Gulf of Tonkin incident,wikipedia_article_links,"https://en.wikipedia.org/wiki/Joint_warfare_in_South_Vietnam,_1963%E2%80%931969",en.wikipedia.org,wikipedia_internal,7,escalation of the War in Vietnam,
CASE-0033,Gulf of Tonkin,Gulf of Tonkin incident,wikipedia_article_links,https://en.wikipedia.org/wiki/United_States,en.wikipedia.org,wikipedia_internal,8,United States,
CASE-0033,Gulf of Tonkin,Gulf of Tonkin incident,wikipedia_article_links,https://en.wikipedia.org/wiki/North_Vietnam,en.wikipedia.org,wikipedia_internal,9,North Vietnam,
CASE-0033,Gulf of Tonkin,Gulf of Tonkin incident,wikipedia_article_links,https://en.wikipedia.org/wiki/Robert_McNamara,en.wikipedia.org,wikipedia_internal,10,Robert McNamara,
CASE-0033,Gulf of Tonkin,Gulf of Tonkin incident,wikipedia_article_links,https://en.wikipedia.org/wiki/U._S._Grant_Sharp_Jr.,en.wikipedia.org,wikipedia_internal,11,U. S. Grant Sharp Jr.,
CASE-0033,Gulf of Tonkin,Gulf of Tonkin incident,wikipedia_article_links,https://en.wikipedia.org/wiki/Roy_L._Johnson,en.wikipedia.org,wikipedia_internal,12,Roy L. Johnson,
CASE-0033,Gulf of Tonkin,Gulf of Tonkin incident,wikipedia_article_links,https://en.wikipedia.org/wiki/John_J._Herrick,en.wikipedia.org,wikipedia_internal,13,John J. Herrick,
CASE-0033,Gulf of Tonkin,Gulf of Tonkin incident,wikipedia_article_links,https://en.wikipedia.org/wiki/Destroyer,en.wikipedia.org,wikipedia_internal,14,destroyers,
CASE-0033,Gulf of Tonkin,Gulf of Tonkin incident,wikipedia_article_links,https://en.wikipedia.org/wiki/Aircraft_carrier,en.wikipedia.org,wikipedia_internal,15,aircraft carrier,
CASE-0033,Gulf of Tonkin,Gulf of Tonkin incident,wikipedia_article_links,https://en.wikipedia.org/wiki/F8_Crusader,en.wikipedia.org,wikipedia_internal,16,aircraft,
CASE-0033,Gulf of Tonkin,Gulf of Tonkin incident,wikipedia_article_links,https://en.wikipedia.org/wiki/Torpedo_boat,en.wikipedia.org,wikipedia_internal,17,torpedo boats,
CASE-0033,Gulf of Tonkin,Gulf of Tonkin incident,wikipedia_article_links,https://en.wikipedia.org/wiki/Outline_of_the_Vietnam_War#Military_activity_during_the_Vietnam_War,en.wikipedia.org,wikipedia_internal,18,Military engagements,
CASE-0033,Gulf of Tonkin,Gulf of Tonkin incident,wikipedia_article_links,https://en.wikipedia.org/wiki/War_in_Vietnam_(1959%E2%80%931963),en.wikipedia.org,wikipedia_internal,19,Guerrilla phase,
CASE-0033,Gulf of Tonkin,Gulf of Tonkin incident,wikipedia_article_links,https://en.wikipedia.org/wiki/North_Vietnamese_invasion_of_Laos,en.wikipedia.org,wikipedia_internal,20,Laos,
CASE-0034,Philadelphia Experiment,Philadelphia Experiment,wikipedia_search,https://en.wikipedia.org/wiki/Philadelphia_Experiment,en.wikipedia.org,wikipedia_primary,1,Philadelphia Experiment,
CASE-0034,Philadelphia Experiment,Philadelphia Experiment,wikipedia_article_links,https://en.wikipedia.org/wiki/Philadelphia_Experiment_(disambiguation),en.wikipedia.org,wikipedia_internal,2,Philadelphia Experiment (disambiguation),
CASE-0034,Philadelphia Experiment,Philadelphia Experiment,wikipedia_article_links,https://en.wikipedia.org/wiki/USS_Eldridge,en.wikipedia.org,wikipedia_internal,3,USS Eldridge,
CASE-0034,Philadelphia Experiment,Philadelphia Experiment,wikipedia_article_links,https://en.wikipedia.org/wiki/Paranormal,en.wikipedia.org,wikipedia_internal,4,Paranormal,
CASE-0034,Philadelphia Experiment,Philadelphia Experiment,wikipedia_article_links,https://en.wikipedia.org/wiki/Astral_projection,en.wikipedia.org,wikipedia_internal,5,Astral projection,
CASE-0034,Philadelphia Experiment,Philadelphia Experiment,wikipedia_article_links,https://en.wikipedia.org/wiki/Astrology,en.wikipedia.org,wikipedia_internal,6,Astrology,
CASE-0034,Philadelphia Experiment,Philadelphia Experiment,wikipedia_article_links,https://en.wikipedia.org/wiki/Aura_(paranormal),en.wikipedia.org,wikipedia_internal,7,Aura,
CASE-0034,Philadelphia Experiment,Philadelphia Experiment,wikipedia_article_links,https://en.wikipedia.org/wiki/Bilocation,en.wikipedia.org,wikipedia_internal,8,Bilocation,
CASE-0034,Philadelphia Experiment,Philadelphia Experiment,wikipedia_article_links,https://en.wikipedia.org/wiki/Inedia,en.wikipedia.org,wikipedia_internal,9,Breatharianism,
CASE-0034,Philadelphia Experiment,Philadelphia Experiment,wikipedia_article_links,https://en.wikipedia.org/wiki/Clairvoyance,en.wikipedia.org,wikipedia_internal,10,Clairvoyance,
CASE-0034,Philadelphia Experiment,Philadelphia Experiment,wikipedia_article_links,https://en.wikipedia.org/wiki/Close_encounter,en.wikipedia.org,wikipedia_internal,11,Close encounter,
CASE-0034,Philadelphia Experiment,Philadelphia Experiment,wikipedia_article_links,https://en.wikipedia.org/wiki/Cold_spot_(paranormal),en.wikipedia.org,wikipedia_internal,12,Cold spot,
CASE-0034,Philadelphia Experiment,Philadelphia Experiment,wikipedia_article_links,https://en.wikipedia.org/wiki/Crystal_gazing,en.wikipedia.org,wikipedia_internal,13,Crystal gazing,
CASE-0034,Philadelphia Experiment,Philadelphia Experiment,wikipedia_article_links,https://en.wikipedia.org/wiki/Evocation,en.wikipedia.org,wikipedia_internal,14,Conjuration,
CASE-0034,Philadelphia Experiment,Philadelphia Experiment,wikipedia_article_links,https://en.wikipedia.org/wiki/Cryptozoology,en.wikipedia.org,wikipedia_internal,15,Cryptozoology,
CASE-0034,Philadelphia Experiment,Philadelphia Experiment,wikipedia_article_links,https://en.wikipedia.org/wiki/Spirit_possession,en.wikipedia.org,wikipedia_internal,16,Demonic possession,
CASE-0034,Philadelphia Experiment,Philadelphia Experiment,wikipedia_article_links,https://en.wikipedia.org/wiki/Demonology,en.wikipedia.org,wikipedia_internal,17,Demonology,
CASE-0034,Philadelphia Experiment,Philadelphia Experiment,wikipedia_article_links,https://en.wikipedia.org/wiki/Doppelg%C3%A4nger,en.wikipedia.org,wikipedia_internal,18,Doppelgänger,
CASE-0034,Philadelphia Experiment,Philadelphia Experiment,wikipedia_article_links,https://en.wikipedia.org/wiki/Ectoplasm_(paranormal),en.wikipedia.org,wikipedia_internal,19,Ectoplasm,
CASE-0034,Philadelphia Experiment,Philadelphia Experiment,wikipedia_article_links,https://en.wikipedia.org/wiki/Electronic_voice_phenomenon,en.wikipedia.org,wikipedia_internal,20,Electronic voice phenomenon,
CASE-0035,Mandela Effect,False memory,wikipedia_search,https://en.wikipedia.org/wiki/False_memory,en.wikipedia.org,wikipedia_primary,1,False memory,
CASE-0035,Mandela Effect,False memory,wikipedia_article_links,https://en.wikipedia.org/wiki/False_Memory_(novel),en.wikipedia.org,wikipedia_internal,2,False Memory (novel),
CASE-0035,Mandela Effect,False memory,wikipedia_article_links,https://en.wikipedia.org/wiki/Psychology,en.wikipedia.org,wikipedia_internal,3,psychology,
CASE-0035,Mandela Effect,False memory,wikipedia_article_links,https://en.wikipedia.org/wiki/Recall_(memory),en.wikipedia.org,wikipedia_internal,4,recalls,
CASE-0035,Mandela Effect,False memory,wikipedia_article_links,https://en.wikipedia.org/wiki/Suggestibility,en.wikipedia.org,wikipedia_internal,5,Suggestibility,
CASE-0035,Mandela Effect,False memory,wikipedia_article_links,https://en.wikipedia.org/wiki/Misattribution_of_memory,en.wikipedia.org,wikipedia_internal,6,source misattribution,
CASE-0035,Mandela Effect,False memory,wikipedia_article_links,https://en.wikipedia.org/wiki/Pierre_Janet,en.wikipedia.org,wikipedia_internal,7,Pierre Janet,
CASE-0035,Mandela Effect,False memory,wikipedia_article_links,https://en.wikipedia.org/wiki/Sigmund_Freud,en.wikipedia.org,wikipedia_internal,8,Sigmund Freud,
CASE-0035,Mandela Effect,False memory,wikipedia_article_links,https://en.wikipedia.org/wiki/Neurologist,en.wikipedia.org,wikipedia_internal,9,neurologist,
CASE-0035,Mandela Effect,False memory,wikipedia_article_links,https://en.wikipedia.org/wiki/Elizabeth_Loftus,en.wikipedia.org,wikipedia_internal,10,Elizabeth Loftus,
CASE-0035,Mandela Effect,False memory,wikipedia_article_links,https://en.wikipedia.org/wiki/Memory_recall,en.wikipedia.org,wikipedia_internal,11,memory recall,
CASE-0035,Mandela Effect,False memory,wikipedia_article_links,https://en.wikipedia.org/wiki/Presupposition,en.wikipedia.org,wikipedia_internal,12,presupposition,
CASE-0035,Mandela Effect,False memory,wikipedia_article_links,https://en.wikipedia.org/wiki/Misinformation_effect,en.wikipedia.org,wikipedia_internal,13,misinformation effect,
CASE-0035,Mandela Effect,False memory,wikipedia_article_links,https://en.wikipedia.org/wiki/Chihuahua_(dog),en.wikipedia.org,wikipedia_internal,14,chihuahua,
CASE-0035,Mandela Effect,False memory,wikipedia_article_links,https://en.wikipedia.org/wiki/Fuzzy-trace_theory,en.wikipedia.org,wikipedia_internal,15,fuzzy-trace theory,
CASE-0035,Mandela Effect,False memory,wikipedia_article_links,https://en.wikipedia.org/wiki/Deese%E2%80%93Roediger%E2%80%93McDermott_paradigm,en.wikipedia.org,wikipedia_internal,16,Deese–Roediger–McDermott paradigm,
CASE-0035,Mandela Effect,False memory,wikipedia_article_links,https://en.wikipedia.org/wiki/Mandela_Effect_(disambiguation),en.wikipedia.org,wikipedia_internal,17,Mandela Effect (disambiguation),
CASE-0035,Mandela Effect,False memory,wikipedia_article_links,https://en.wikipedia.org/wiki/Paranormal,en.wikipedia.org,wikipedia_internal,18,paranormal,
CASE-0035,Mandela Effect,False memory,wikipedia_article_links,https://en.wikipedia.org/wiki/South_Africa,en.wikipedia.org,wikipedia_internal,19,South African,
CASE-0035,Mandela Effect,False memory,wikipedia_article_links,https://en.wikipedia.org/wiki/Nelson_Mandela,en.wikipedia.org,wikipedia_internal,20,Nelson Mandela,
CASE-0036,Project Blue Beam,Serge Monast,wikipedia_search,https://en.wikipedia.org/wiki/Serge_Monast,en.wikipedia.org,wikipedia_primary,1,Serge Monast,
CASE-0036,Project Blue Beam,Serge Monast,wikipedia_article_links,https://en.wikipedia.org/wiki/Montreal,en.wikipedia.org,wikipedia_internal,2,Montreal,
CASE-0036,Project Blue Beam,Serge Monast,wikipedia_article_links,https://en.wikipedia.org/wiki/Quebec,en.wikipedia.org,wikipedia_internal,3,Quebec,
CASE-0036,Project Blue Beam,Serge Monast,wikipedia_article_links,https://en.wikipedia.org/wiki/Journalist,en.wikipedia.org,wikipedia_internal,4,Journalist,
CASE-0036,Project Blue Beam,Serge Monast,wikipedia_article_links,https://en.wikipedia.org/wiki/French_language,en.wikipedia.org,wikipedia_internal,5,French,
CASE-0036,Project Blue Beam,Serge Monast,wikipedia_article_links,https://en.wikipedia.org/wiki/Canadian,en.wikipedia.org,wikipedia_internal,6,Canadian,
CASE-0036,Project Blue Beam,Serge Monast,wikipedia_article_links,https://en.wikipedia.org/wiki/Canada,en.wikipedia.org,wikipedia_internal,7,Canada,
CASE-0036,Project Blue Beam,Serge Monast,wikipedia_article_links,https://en.wikipedia.org/wiki/Conspiracy_theory,en.wikipedia.org,wikipedia_internal,8,conspiracy theorist,
CASE-0036,Project Blue Beam,Serge Monast,wikipedia_article_links,https://en.wikipedia.org/wiki/World_government,en.wikipedia.org,wikipedia_internal,9,world government,
CASE-0036,Project Blue Beam,Serge Monast,wikipedia_article_links,https://en.wikipedia.org/wiki/Abrahamic_religions,en.wikipedia.org,wikipedia_internal,10,Abrahamic religions,
CASE-0036,Project Blue Beam,Serge Monast,wikipedia_article_links,https://en.wikipedia.org/wiki/New-age,en.wikipedia.org,wikipedia_internal,11,New Age,
CASE-0036,Project Blue Beam,Serge Monast,wikipedia_article_links,https://en.wikipedia.org/wiki/NASA,en.wikipedia.org,wikipedia_internal,12,NASA,
CASE-0036,Project Blue Beam,Serge Monast,wikipedia_article_links,https://en.wikipedia.org/wiki/New_World_Order_(conspiracy_theory),en.wikipedia.org,wikipedia_internal,13,New World Order,
CASE-0036,Project Blue Beam,Serge Monast,wikipedia_article_links,https://en.wikipedia.org/wiki/Secret_societies,en.wikipedia.org,wikipedia_internal,14,secret societies,
CASE-0036,Project Blue Beam,Serge Monast,wikipedia_article_links,https://en.wikipedia.org/wiki/William_Guy_Carr,en.wikipedia.org,wikipedia_internal,15,William Guy Carr,
CASE-0036,Project Blue Beam,Serge Monast,wikipedia_article_links,https://en.wikipedia.org/wiki/United_Nations,en.wikipedia.org,wikipedia_internal,16,United Nations,
CASE-0036,Project Blue Beam,Serge Monast,wikipedia_article_links,https://en.wikipedia.org/wiki/New_Age,en.wikipedia.org,wikipedia_internal,17,New Age,
CASE-0036,Project Blue Beam,Serge Monast,wikipedia_article_links,https://en.wikipedia.org/wiki/Religion,en.wikipedia.org,wikipedia_internal,18,religion,
CASE-0036,Project Blue Beam,Serge Monast,wikipedia_article_links,https://en.wikipedia.org/wiki/Antichrist,en.wikipedia.org,wikipedia_internal,19,Antichrist,
CASE-0036,Project Blue Beam,Serge Monast,wikipedia_article_links,https://en.wikipedia.org/wiki/Second_Coming_of_Christ,en.wikipedia.org,wikipedia_internal,20,Second Coming of Christ,
CASE-0037,CIA drug trafficking,CIA drug trafficking allegations,wikipedia_search,https://en.wikipedia.org/wiki/CIA_drug_trafficking_allegations,en.wikipedia.org,wikipedia_primary,1,CIA drug trafficking allegations,
CASE-0037,CIA drug trafficking,CIA drug trafficking allegations,wikipedia_article_links,https://en.wikipedia.org/wiki/Central_Intelligence_Agency,en.wikipedia.org,wikipedia_internal,2,Central Intelligence Agency,
CASE-0037,CIA drug trafficking,CIA drug trafficking allegations,wikipedia_article_links,https://en.wikipedia.org/wiki/Illegal_drug_trade,en.wikipedia.org,wikipedia_internal,3,illegal drug trade,
CASE-0037,CIA drug trafficking,CIA drug trafficking allegations,wikipedia_article_links,https://en.wikipedia.org/wiki/Alfred_W._McCoy,en.wikipedia.org,wikipedia_internal,4,Alfred W. McCoy,
CASE-0037,CIA drug trafficking,CIA drug trafficking allegations,wikipedia_article_links,https://en.wikipedia.org/wiki/Peter_Dale_Scott,en.wikipedia.org,wikipedia_internal,5,Peter Dale Scott,
CASE-0037,CIA drug trafficking,CIA drug trafficking allegations,wikipedia_article_links,https://en.wikipedia.org/wiki/Gary_Webb,en.wikipedia.org,wikipedia_internal,6,Gary Webb,
CASE-0037,CIA drug trafficking,CIA drug trafficking allegations,wikipedia_article_links,https://en.wikipedia.org/wiki/Alexander_Cockburn,en.wikipedia.org,wikipedia_internal,7,Alexander Cockburn,
CASE-0037,CIA drug trafficking,CIA drug trafficking allegations,wikipedia_article_links,https://en.wikipedia.org/wiki/Larry_Collins_(writer),en.wikipedia.org,wikipedia_internal,8,Larry Collins,
CASE-0037,CIA drug trafficking,CIA drug trafficking allegations,wikipedia_article_links,https://en.wikipedia.org/wiki/Federal_government_of_the_United_States,en.wikipedia.org,wikipedia_internal,9,federal government of the United States,
CASE-0037,CIA drug trafficking,CIA drug trafficking allegations,wikipedia_article_links,https://en.wikipedia.org/wiki/United_States_House_of_Representatives,en.wikipedia.org,wikipedia_internal,10,House of Representatives,
CASE-0037,CIA drug trafficking,CIA drug trafficking allegations,wikipedia_article_links,https://en.wikipedia.org/wiki/United_States_Senate,en.wikipedia.org,wikipedia_internal,11,Senate,
CASE-0037,CIA drug trafficking,CIA drug trafficking allegations,wikipedia_article_links,https://en.wikipedia.org/wiki/United_States_Department_of_Justice,en.wikipedia.org,wikipedia_internal,12,Department of Justice,
CASE-0037,CIA drug trafficking,CIA drug trafficking allegations,wikipedia_article_links,https://en.wikipedia.org/wiki/Central_Intelligence_Agency_Office_of_Inspector_General,en.wikipedia.org,wikipedia_internal,13,CIA's Inspector General,
CASE-0037,CIA drug trafficking,CIA drug trafficking allegations,wikipedia_article_links,https://en.wikipedia.org/wiki/Tim_Weiner,en.wikipedia.org,wikipedia_internal,14,Tim Weiner,
CASE-0037,CIA drug trafficking,CIA drug trafficking allegations,wikipedia_article_links,https://en.wikipedia.org/wiki/Golden_Triangle_(Southeast_Asia),en.wikipedia.org,wikipedia_internal,15,Golden Triangle,
CASE-0037,CIA drug trafficking,CIA drug trafficking allegations,wikipedia_article_links,https://en.wikipedia.org/wiki/Burma,en.wikipedia.org,wikipedia_internal,16,Burma,
CASE-0037,CIA drug trafficking,CIA drug trafficking allegations,wikipedia_article_links,https://en.wikipedia.org/wiki/United_States_Department_of_State,en.wikipedia.org,wikipedia_internal,17,United States Department of State,
CASE-0037,CIA drug trafficking,CIA drug trafficking allegations,wikipedia_article_links,https://en.wikipedia.org/wiki/United_States_House_Committee_on_Foreign_Affairs,en.wikipedia.org,wikipedia_internal,18,United States House Committee on Foreign Affairs,
CASE-0037,CIA drug trafficking,CIA drug trafficking allegations,wikipedia_article_links,https://en.wikipedia.org/wiki/United_States_Senate_Select_Committee_to_Study_Governmental_Operations_with_Respect_to_Intelligence_Activities,en.wikipedia.org,wikipedia_internal,19,United States Senate Select Committee to Study Governmental Operations with Respect to Intelligence Activities,
CASE-0037,CIA drug trafficking,CIA drug trafficking allegations,wikipedia_article_links,https://en.wikipedia.org/wiki/Church_Committee,en.wikipedia.org,wikipedia_internal,20,Church Committee,
CASE-0038,Sandy Hook conspiracy,Sandy Hook Elementary School shooting conspiracy theories,wikipedia_search,https://en.wikipedia.org/wiki/Sandy_Hook_Elementary_School_shooting_conspiracy_theories,en.wikipedia.org,wikipedia_primary,1,Sandy Hook Elementary School shooting conspiracy theories,
CASE-0038,Sandy Hook conspiracy,Sandy Hook Elementary School shooting conspiracy theories,wikipedia_article_links,https://en.wikipedia.org/wiki/Sandy_Hook_Elementary_School_shooting,en.wikipedia.org,wikipedia_internal,2,Sandy Hook Elementary School shooting,
CASE-0038,Sandy Hook conspiracy,Sandy Hook Elementary School shooting conspiracy theories,wikipedia_article_links,https://en.wikipedia.org/wiki/Sandy_Hook_Elementary_School,en.wikipedia.org,wikipedia_internal,3,Sandy Hook Elementary School,
CASE-0038,Sandy Hook conspiracy,Sandy Hook Elementary School shooting conspiracy theories,wikipedia_article_links,"https://en.wikipedia.org/wiki/Newtown,_Connecticut",en.wikipedia.org,wikipedia_internal,4,"Newtown, Connecticut",
CASE-0038,Sandy Hook conspiracy,Sandy Hook Elementary School shooting conspiracy theories,wikipedia_article_links,https://en.wikipedia.org/wiki/Adam_Lanza,en.wikipedia.org,wikipedia_internal,5,Adam Lanza,
CASE-0038,Sandy Hook conspiracy,Sandy Hook Elementary School shooting conspiracy theories,wikipedia_article_links,https://en.wikipedia.org/wiki/Victoria_Leigh_Soto,en.wikipedia.org,wikipedia_internal,6,Victoria Leigh Soto,
CASE-0038,Sandy Hook conspiracy,Sandy Hook Elementary School shooting conspiracy theories,wikipedia_article_links,https://en.wikipedia.org/wiki/.223_Remington,en.wikipedia.org,wikipedia_internal,7,.223 Remington,
CASE-0038,Sandy Hook conspiracy,Sandy Hook Elementary School shooting conspiracy theories,wikipedia_article_links,https://en.wikipedia.org/wiki/Bushmaster_XM-15,en.wikipedia.org,wikipedia_internal,8,Bushmaster XM-15-E2S,
CASE-0038,Sandy Hook conspiracy,Sandy Hook Elementary School shooting conspiracy theories,wikipedia_article_links,https://en.wikipedia.org/wiki/Semi-automatic_rifle,en.wikipedia.org,wikipedia_internal,9,semi-automatic rifle,
CASE-0038,Sandy Hook conspiracy,Sandy Hook Elementary School shooting conspiracy theories,wikipedia_article_links,https://en.wikipedia.org/wiki/10mm,en.wikipedia.org,wikipedia_internal,10,10mm,
CASE-0038,Sandy Hook conspiracy,Sandy Hook Elementary School shooting conspiracy theories,wikipedia_article_links,https://en.wikipedia.org/wiki/Glock_20SF,en.wikipedia.org,wikipedia_internal,11,Glock 20SF,
CASE-0038,Sandy Hook conspiracy,Sandy Hook Elementary School shooting conspiracy theories,wikipedia_article_links,https://en.wikipedia.org/wiki/Semi-automatic_pistol,en.wikipedia.org,wikipedia_internal,12,semi-automatic pistol,
CASE-0038,Sandy Hook conspiracy,Sandy Hook Elementary School shooting conspiracy theories,wikipedia_article_links,https://en.wikipedia.org/wiki/.22LR,en.wikipedia.org,wikipedia_internal,13,.22LR,
CASE-0038,Sandy Hook conspiracy,Sandy Hook Elementary School shooting conspiracy theories,wikipedia_article_links,https://en.wikipedia.org/wiki/Savage_Mark_II,en.wikipedia.org,wikipedia_internal,14,Savage Mark II,
CASE-0038,Sandy Hook conspiracy,Sandy Hook Elementary School shooting conspiracy theories,wikipedia_article_links,https://en.wikipedia.org/wiki/Bolt-action_rifle,en.wikipedia.org,wikipedia_internal,15,bolt-action rifle,
CASE-0038,Sandy Hook conspiracy,Sandy Hook Elementary School shooting conspiracy theories,wikipedia_article_links,https://en.wikipedia.org/wiki/9mm,en.wikipedia.org,wikipedia_internal,16,9mm,
CASE-0038,Sandy Hook conspiracy,Sandy Hook Elementary School shooting conspiracy theories,wikipedia_article_links,https://en.wikipedia.org/wiki/SIG_Sauer_P226,en.wikipedia.org,wikipedia_internal,17,SIG Sauer P226,
CASE-0038,Sandy Hook conspiracy,Sandy Hook Elementary School shooting conspiracy theories,wikipedia_article_links,https://en.wikipedia.org/wiki/12-gauge,en.wikipedia.org,wikipedia_internal,18,12-gauge,
CASE-0038,Sandy Hook conspiracy,Sandy Hook Elementary School shooting conspiracy theories,wikipedia_article_links,https://en.wikipedia.org/wiki/Saiga-12,en.wikipedia.org,wikipedia_internal,19,Izhmash Saiga-12,
CASE-0038,Sandy Hook conspiracy,Sandy Hook Elementary School shooting conspiracy theories,wikipedia_article_links,https://en.wikipedia.org/wiki/Semi-automatic_shotgun,en.wikipedia.org,wikipedia_internal,20,semi-automatic shotgun,
CASE-0039,Agenda 21,Agenda 21,wikipedia_search,https://en.wikipedia.org/wiki/Agenda_21,en.wikipedia.org,wikipedia_primary,1,Agenda 21,
CASE-0039,Agenda 21,Agenda 21,wikipedia_article_links,https://en.wikipedia.org/wiki/Agenda_2030,en.wikipedia.org,wikipedia_internal,2,Agenda 2030,
CASE-0039,Agenda 21,Agenda 21,wikipedia_article_links,https://en.wikipedia.org/wiki/Agenda_2000,en.wikipedia.org,wikipedia_internal,3,Agenda 2000,
CASE-0039,Agenda 21,Agenda 21,wikipedia_article_links,https://en.wikipedia.org/wiki/Agenda_47,en.wikipedia.org,wikipedia_internal,4,Agenda 47,
CASE-0039,Agenda 21,Agenda 21,wikipedia_article_links,https://en.wikipedia.org/wiki/ISBN_(identifier),en.wikipedia.org,wikipedia_internal,5,ISBN,
CASE-0039,Agenda 21,Agenda 21,wikipedia_article_links,https://en.wikipedia.org/wiki/Action_plan,en.wikipedia.org,wikipedia_internal,6,action plan,
CASE-0039,Agenda 21,Agenda 21,wikipedia_article_links,https://en.wikipedia.org/wiki/Sustainable_development,en.wikipedia.org,wikipedia_internal,7,sustainable development,
CASE-0039,Agenda 21,Agenda 21,wikipedia_article_links,https://en.wikipedia.org/wiki/Earth_Summit,en.wikipedia.org,wikipedia_internal,8,Earth Summit,
CASE-0039,Agenda 21,Agenda 21,wikipedia_article_links,https://en.wikipedia.org/wiki/Rio_de_Janeiro,en.wikipedia.org,wikipedia_internal,9,Rio de Janeiro,
CASE-0039,Agenda 21,Agenda 21,wikipedia_article_links,https://en.wikipedia.org/wiki/Developing_countries,en.wikipedia.org,wikipedia_internal,10,developing countries,
CASE-0039,Agenda 21,Agenda 21,wikipedia_article_links,https://en.wikipedia.org/wiki/Deforestation,en.wikipedia.org,wikipedia_internal,11,deforestation,
CASE-0039,Agenda 21,Agenda 21,wikipedia_article_links,https://en.wikipedia.org/wiki/Biodiversity,en.wikipedia.org,wikipedia_internal,12,biodiversity,
CASE-0039,Agenda 21,Agenda 21,wikipedia_article_links,https://en.wikipedia.org/wiki/Control_of_pollution,en.wikipedia.org,wikipedia_internal,13,control of pollution,
CASE-0039,Agenda 21,Agenda 21,wikipedia_article_links,https://en.wikipedia.org/wiki/Biotechnology,en.wikipedia.org,wikipedia_internal,14,biotechnology,
CASE-0039,Agenda 21,Agenda 21,wikipedia_article_links,https://en.wikipedia.org/wiki/Radioactive_waste,en.wikipedia.org,wikipedia_internal,15,radioactive wastes,
CASE-0039,Agenda 21,Agenda 21,wikipedia_article_links,https://en.wikipedia.org/wiki/Indigenous_peoples,en.wikipedia.org,wikipedia_internal,16,indigenous peoples,
CASE-0039,Agenda 21,Agenda 21,wikipedia_article_links,https://en.wikipedia.org/wiki/Technology_transfer,en.wikipedia.org,wikipedia_internal,17,technology transfer,
CASE-0039,Agenda 21,Agenda 21,wikipedia_article_links,https://en.wikipedia.org/wiki/Education_for_sustainable_development,en.wikipedia.org,wikipedia_internal,18,education,
CASE-0039,Agenda 21,Agenda 21,wikipedia_article_links,https://en.wikipedia.org/wiki/International_organization,en.wikipedia.org,wikipedia_internal,19,international institutions,
CASE-0039,Agenda 21,Agenda 21,wikipedia_article_links,https://en.wikipedia.org/wiki/UN_General_Assembly,en.wikipedia.org,wikipedia_internal,20,UN General Assembly,
CASE-0040,mark of the beast,Number of the beast,wikipedia_search,https://en.wikipedia.org/wiki/Number_of_the_beast,en.wikipedia.org,wikipedia_primary,1,Number of the beast,
CASE-0040,mark of the beast,Number of the beast,wikipedia_article_links,https://en.wikipedia.org/wiki/Number_of_the_Beast_(disambiguation),en.wikipedia.org,wikipedia_internal,2,Number of the Beast (disambiguation),
CASE-0040,mark of the beast,Number of the beast,wikipedia_article_links,https://en.wikipedia.org/wiki/666_(number),en.wikipedia.org,wikipedia_internal,3,666 (number),
CASE-0040,mark of the beast,Number of the beast,wikipedia_article_links,https://en.wikipedia.org/wiki/William_Blake,en.wikipedia.org,wikipedia_internal,4,William Blake,
CASE-0040,mark of the beast,Number of the beast,wikipedia_article_links,https://en.wikipedia.org/wiki/Koine_Greek_language,en.wikipedia.org,wikipedia_internal,5,Koine Greek,
CASE-0040,mark of the beast,Number of the beast,wikipedia_article_links,https://en.wikipedia.org/wiki/The_Beast_(Revelation),en.wikipedia.org,wikipedia_internal,6,Beast of Revelation,
CASE-0040,mark of the beast,Number of the beast,wikipedia_article_links,https://en.wikipedia.org/wiki/Book_of_Revelation,en.wikipedia.org,wikipedia_internal,7,Book of Revelation,
CASE-0040,mark of the beast,Number of the beast,wikipedia_article_links,https://en.wikipedia.org/wiki/English_translations_of_the_Bible,en.wikipedia.org,wikipedia_internal,8,English translations of the Bible,
CASE-0040,mark of the beast,Number of the beast,wikipedia_article_links,https://en.wikipedia.org/wiki/Greek_numerals,en.wikipedia.org,wikipedia_internal,9,Greek numerals,
CASE-0040,mark of the beast,Number of the beast,wikipedia_article_links,https://en.wikipedia.org/wiki/Papyrus_115,en.wikipedia.org,wikipedia_internal,10,Papyrus 115,
CASE-0040,mark of the beast,Number of the beast,wikipedia_article_links,https://en.wikipedia.org/wiki/Codex_Ephraemi_Rescriptus,en.wikipedia.org,wikipedia_internal,11,Codex Ephraemi Rescriptus,
CASE-0040,mark of the beast,Number of the beast,wikipedia_article_links,https://en.wikipedia.org/wiki/Textual_criticism,en.wikipedia.org,wikipedia_internal,12,critical editions of the Greek text,
CASE-0040,mark of the beast,Number of the beast,wikipedia_article_links,https://en.wikipedia.org/wiki/Novum_Testamentum_Graece,en.wikipedia.org,wikipedia_internal,13,Novum Testamentum Graece,
CASE-0040,mark of the beast,Number of the beast,wikipedia_article_links,https://en.wikipedia.org/wiki/Gematria,en.wikipedia.org,wikipedia_internal,14,gematria,
CASE-0040,mark of the beast,Number of the beast,wikipedia_article_links,https://en.wikipedia.org/wiki/Typology_(theology),en.wikipedia.org,wikipedia_internal,15,typology,
CASE-0040,mark of the beast,Number of the beast,wikipedia_article_links,https://en.wikipedia.org/wiki/Nero,en.wikipedia.org,wikipedia_internal,16,Nero,
CASE-0040,mark of the beast,Number of the beast,wikipedia_article_links,https://en.wikipedia.org/wiki/Persecution_of_Christians_in_the_Roman_Empire,en.wikipedia.org,wikipedia_internal,17,persecutor of Christians,
CASE-0040,mark of the beast,Number of the beast,wikipedia_article_links,https://en.wikipedia.org/wiki/Christian_eschatology,en.wikipedia.org,wikipedia_internal,18,Christian eschatology,
CASE-0040,mark of the beast,Number of the beast,wikipedia_article_links,https://en.wikipedia.org/wiki/Historicism_(Christianity),en.wikipedia.org,wikipedia_internal,19,Historicism,
CASE-0040,mark of the beast,Number of the beast,wikipedia_article_links,https://en.wikipedia.org/wiki/Historicist_interpretations_of_the_Book_of_Revelation,en.wikipedia.org,wikipedia_internal,20,Interpretations of Revelation,
CASE-0041,rapture,Rapture,wikipedia_search,https://en.wikipedia.org/wiki/Rapture,en.wikipedia.org,wikipedia_primary,1,Rapture,
CASE-0041,rapture,Rapture,wikipedia_article_links,https://en.wikipedia.org/wiki/Rapture_(disambiguation),en.wikipedia.org,wikipedia_internal,2,Rapture (disambiguation),
CASE-0041,rapture,Rapture,wikipedia_article_links,https://en.wikipedia.org/wiki/Jan_Luyken,en.wikipedia.org,wikipedia_internal,3,Jan Luyken,
CASE-0041,rapture,Rapture,wikipedia_article_links,https://en.wikipedia.org/wiki/Matthew_24,en.wikipedia.org,wikipedia_internal,4,Matthew 24,
CASE-0041,rapture,Rapture,wikipedia_article_links,https://en.wikipedia.org/wiki/Bowyer_Bible,en.wikipedia.org,wikipedia_internal,5,Bowyer Bible,
CASE-0041,rapture,Rapture,wikipedia_article_links,https://en.wikipedia.org/wiki/Christian_eschatology,en.wikipedia.org,wikipedia_internal,6,Christian eschatology,
CASE-0041,rapture,Rapture,wikipedia_article_links,https://en.wikipedia.org/wiki/Historicism_(Christianity),en.wikipedia.org,wikipedia_internal,7,Historicism,
CASE-0041,rapture,Rapture,wikipedia_article_links,https://en.wikipedia.org/wiki/Historicist_interpretations_of_the_Book_of_Revelation,en.wikipedia.org,wikipedia_internal,8,Interpretations of Revelation,
CASE-0041,rapture,Rapture,wikipedia_article_links,https://en.wikipedia.org/wiki/Futurism_(Christianity),en.wikipedia.org,wikipedia_internal,9,Futurism,
CASE-0041,rapture,Rapture,wikipedia_article_links,https://en.wikipedia.org/wiki/Dispensationalism,en.wikipedia.org,wikipedia_internal,10,Dispensationalism,
CASE-0041,rapture,Rapture,wikipedia_article_links,https://en.wikipedia.org/wiki/Preterism,en.wikipedia.org,wikipedia_internal,11,Preterism,
CASE-0041,rapture,Rapture,wikipedia_article_links,https://en.wikipedia.org/wiki/Idealism_(Christian_eschatology),en.wikipedia.org,wikipedia_internal,12,Idealism,
CASE-0041,rapture,Rapture,wikipedia_article_links,https://en.wikipedia.org/wiki/Millennialism,en.wikipedia.org,wikipedia_internal,13,The Millennium,
CASE-0041,rapture,Rapture,wikipedia_article_links,https://en.wikipedia.org/wiki/Amillennialism,en.wikipedia.org,wikipedia_internal,14,Amillennialism,
CASE-0041,rapture,Rapture,wikipedia_article_links,https://en.wikipedia.org/wiki/Postmillennialism,en.wikipedia.org,wikipedia_internal,15,Postmillennialism,
CASE-0041,rapture,Rapture,wikipedia_article_links,https://en.wikipedia.org/wiki/Premillennialism,en.wikipedia.org,wikipedia_internal,16,Premillennialism,
CASE-0041,rapture,Rapture,wikipedia_article_links,https://en.wikipedia.org/wiki/Posttribulation_rapture,en.wikipedia.org,wikipedia_internal,17,Posttribulation rapture,
CASE-0041,rapture,Rapture,wikipedia_article_links,https://en.wikipedia.org/wiki/Book_of_Daniel,en.wikipedia.org,wikipedia_internal,18,Daniel,
CASE-0041,rapture,Rapture,wikipedia_article_links,https://en.wikipedia.org/wiki/Prophecy_of_Seventy_Weeks,en.wikipedia.org,wikipedia_internal,19,Seventy Weeks,
CASE-0041,rapture,Rapture,wikipedia_article_links,https://en.wikipedia.org/wiki/Synoptic_Gospels,en.wikipedia.org,wikipedia_internal,20,Synoptic Gospels,
CASE-0042,Trilateral Commission,Trilateral Commission,wikipedia_search,https://en.wikipedia.org/wiki/Trilateral_Commission,en.wikipedia.org,wikipedia_primary,1,Trilateral Commission,
CASE-0042,Trilateral Commission,Trilateral Commission,wikipedia_article_links,https://en.wikipedia.org/wiki/David_Rockefeller,en.wikipedia.org,wikipedia_internal,2,David Rockefeller,
CASE-0042,Trilateral Commission,Trilateral Commission,wikipedia_article_links,https://en.wikipedia.org/wiki/Zbigniew_Brzezinski,en.wikipedia.org,wikipedia_internal,3,Zbigniew Brzezinski,
CASE-0042,Trilateral Commission,Trilateral Commission,wikipedia_article_links,https://en.wikipedia.org/wiki/Tokyo,en.wikipedia.org,wikipedia_internal,4,Tokyo,
CASE-0042,Trilateral Commission,Trilateral Commission,wikipedia_article_links,https://en.wikipedia.org/wiki/Paris,en.wikipedia.org,wikipedia_internal,5,Paris,
CASE-0042,Trilateral Commission,Trilateral Commission,wikipedia_article_links,"https://en.wikipedia.org/wiki/Washington,_D.C.",en.wikipedia.org,wikipedia_internal,6,"Washington, D.C.",
CASE-0042,Trilateral Commission,Trilateral Commission,wikipedia_article_links,https://en.wikipedia.org/wiki/Takeshi_Niinami,en.wikipedia.org,wikipedia_internal,7,Takeshi Niinami,
CASE-0042,Trilateral Commission,Trilateral Commission,wikipedia_article_links,https://en.wikipedia.org/wiki/Jean-Claude_Trichet,en.wikipedia.org,wikipedia_internal,8,Jean-Claude Trichet,
CASE-0042,Trilateral Commission,Trilateral Commission,wikipedia_article_links,https://en.wikipedia.org/wiki/Meghan_O%27Sullivan,en.wikipedia.org,wikipedia_internal,9,Meghan O'Sullivan,
CASE-0042,Trilateral Commission,Trilateral Commission,wikipedia_article_links,https://en.wikipedia.org/wiki/Non-governmental_organization,en.wikipedia.org,wikipedia_internal,10,nongovernmental,
CASE-0042,Trilateral Commission,Trilateral Commission,wikipedia_article_links,https://en.wikipedia.org/wiki/International_organization,en.wikipedia.org,wikipedia_internal,11,international organization,
CASE-0042,Trilateral Commission,Trilateral Commission,wikipedia_article_links,https://en.wikipedia.org/wiki/Internationalism_(politics),en.wikipedia.org,wikipedia_internal,12,internationalist,
CASE-0042,Trilateral Commission,Trilateral Commission,wikipedia_article_links,https://en.wikipedia.org/wiki/President_Jimmy_Carter,en.wikipedia.org,wikipedia_internal,13,President Jimmy Carter,
CASE-0042,Trilateral Commission,Trilateral Commission,wikipedia_article_links,https://en.wikipedia.org/wiki/National_Security_Advisor_(United_States),en.wikipedia.org,wikipedia_internal,14,National Security Advisor,
CASE-0042,Trilateral Commission,Trilateral Commission,wikipedia_article_links,https://en.wikipedia.org/wiki/Columbia_University,en.wikipedia.org,wikipedia_internal,15,Columbia University,
CASE-0042,Trilateral Commission,Trilateral Commission,wikipedia_article_links,https://en.wikipedia.org/wiki/Edwin_Reischauer,en.wikipedia.org,wikipedia_internal,16,Edwin Reischauer,
CASE-0042,Trilateral Commission,Trilateral Commission,wikipedia_article_links,https://en.wikipedia.org/wiki/Harvard_University,en.wikipedia.org,wikipedia_internal,17,Harvard University,
CASE-0042,Trilateral Commission,Trilateral Commission,wikipedia_article_links,https://en.wikipedia.org/wiki/United_States_Ambassador_to_Japan,en.wikipedia.org,wikipedia_internal,18,United States Ambassador to Japan,
CASE-0042,Trilateral Commission,Trilateral Commission,wikipedia_article_links,https://en.wikipedia.org/wiki/Council_on_Foreign_Relations,en.wikipedia.org,wikipedia_internal,19,Council on Foreign Relations,
CASE-0042,Trilateral Commission,Trilateral Commission,wikipedia_article_links,https://en.wikipedia.org/wiki/Gerard_C._Smith,en.wikipedia.org,wikipedia_internal,20,Gerard C. Smith,
CASE-0043,weather modification,Weather modification,wikipedia_search,https://en.wikipedia.org/wiki/Weather_modification,en.wikipedia.org,wikipedia_primary,1,Weather modification,
CASE-0043,weather modification,Weather modification,wikipedia_article_links,https://en.wikipedia.org/wiki/Climate_engineering,en.wikipedia.org,wikipedia_internal,2,Climate engineering,
CASE-0043,weather modification,Weather modification,wikipedia_article_links,https://en.wikipedia.org/wiki/Tornado,en.wikipedia.org,wikipedia_internal,3,tornado,
CASE-0043,weather modification,Weather modification,wikipedia_article_links,"https://en.wikipedia.org/wiki/Anadarko,_Oklahoma",en.wikipedia.org,wikipedia_internal,4,"Anadarko, Oklahoma",
CASE-0043,weather modification,Weather modification,wikipedia_article_links,https://en.wikipedia.org/wiki/1999_Oklahoma_tornado_outbreak,en.wikipedia.org,wikipedia_internal,5,1999 Oklahoma tornado outbreak,
CASE-0043,weather modification,Weather modification,wikipedia_article_links,https://en.wikipedia.org/wiki/Weather,en.wikipedia.org,wikipedia_internal,6,Weather,
CASE-0043,weather modification,Weather modification,wikipedia_article_links,https://en.wikipedia.org/wiki/Season,en.wikipedia.org,wikipedia_internal,7,Temperate and polar seasons,
CASE-0043,weather modification,Weather modification,wikipedia_article_links,https://en.wikipedia.org/wiki/Winter,en.wikipedia.org,wikipedia_internal,8,Winter,
CASE-0043,weather modification,Weather modification,wikipedia_article_links,https://en.wikipedia.org/wiki/Spring_(season),en.wikipedia.org,wikipedia_internal,9,Spring,
CASE-0043,weather modification,Weather modification,wikipedia_article_links,https://en.wikipedia.org/wiki/Summer,en.wikipedia.org,wikipedia_internal,10,Summer,
CASE-0043,weather modification,Weather modification,wikipedia_article_links,https://en.wikipedia.org/wiki/Autumn,en.wikipedia.org,wikipedia_internal,11,Autumn,
CASE-0043,weather modification,Weather modification,wikipedia_article_links,https://en.wikipedia.org/wiki/Tropics,en.wikipedia.org,wikipedia_internal,12,Tropical seasons,
CASE-0043,weather modification,Weather modification,wikipedia_article_links,https://en.wikipedia.org/wiki/Dry_season,en.wikipedia.org,wikipedia_internal,13,Dry season,
CASE-0043,weather modification,Weather modification,wikipedia_article_links,https://en.wikipedia.org/wiki/Harmattan,en.wikipedia.org,wikipedia_internal,14,Harmattan,
CASE-0043,weather modification,Weather modification,wikipedia_article_links,https://en.wikipedia.org/wiki/Wet_season,en.wikipedia.org,wikipedia_internal,15,Wet season,
CASE-0043,weather modification,Weather modification,wikipedia_article_links,https://en.wikipedia.org/wiki/Storm,en.wikipedia.org,wikipedia_internal,16,Storms,
CASE-0043,weather modification,Weather modification,wikipedia_article_links,https://en.wikipedia.org/wiki/Cloud,en.wikipedia.org,wikipedia_internal,17,Cloud,
CASE-0043,weather modification,Weather modification,wikipedia_article_links,https://en.wikipedia.org/wiki/Cumulonimbus_cloud,en.wikipedia.org,wikipedia_internal,18,Cumulonimbus cloud,
CASE-0043,weather modification,Weather modification,wikipedia_article_links,https://en.wikipedia.org/wiki/Arcus_cloud,en.wikipedia.org,wikipedia_internal,19,Arcus cloud,
CASE-0043,weather modification,Weather modification,wikipedia_article_links,https://en.wikipedia.org/wiki/Downburst,en.wikipedia.org,wikipedia_internal,20,Downburst,
CASE-0044,Building 7,7 World Trade Center (1987–2001),wikipedia_search,https://en.wikipedia.org/wiki/7_World_Trade_Center_%281987%E2%80%932001%29,en.wikipedia.org,wikipedia_primary,1,7 World Trade Center (1987–2001),
CASE-0044,Building 7,7 World Trade Center (1987–2001),wikipedia_article_links,https://en.wikipedia.org/wiki/7_World_Trade_Center,en.wikipedia.org,wikipedia_internal,2,7 World Trade Center,
CASE-0044,Building 7,7 World Trade Center (1987–2001),wikipedia_article_links,https://en.wikipedia.org/wiki/Greenwich_Street,en.wikipedia.org,wikipedia_internal,3,Greenwich Street,
CASE-0044,Building 7,7 World Trade Center (1987–2001),wikipedia_article_links,https://en.wikipedia.org/wiki/Manhattan,en.wikipedia.org,wikipedia_internal,4,Manhattan,
CASE-0044,Building 7,7 World Trade Center (1987–2001),wikipedia_article_links,https://en.wikipedia.org/wiki/New_York_City,en.wikipedia.org,wikipedia_internal,5,New York City,
CASE-0044,Building 7,7 World Trade Center (1987–2001),wikipedia_article_links,https://en.wikipedia.org/wiki/Geographic_coordinate_system,en.wikipedia.org,wikipedia_internal,6,Coordinates,
CASE-0044,Building 7,7 World Trade Center (1987–2001),wikipedia_article_links,https://en.wikipedia.org/wiki/September_11_attacks,en.wikipedia.org,wikipedia_internal,7,"September 11, 2001",
CASE-0044,Building 7,7 World Trade Center (1987–2001),wikipedia_article_links,https://en.wikipedia.org/wiki/Emery_Roth_%26_Sons,en.wikipedia.org,wikipedia_internal,8,Emery Roth & Sons,
CASE-0044,Building 7,7 World Trade Center (1987–2001),wikipedia_article_links,https://en.wikipedia.org/wiki/Silverstein_Properties,en.wikipedia.org,wikipedia_internal,9,Silverstein Properties,
CASE-0044,Building 7,7 World Trade Center (1987–2001),wikipedia_article_links,https://en.wikipedia.org/wiki/WSP_Group,en.wikipedia.org,wikipedia_internal,10,Irwin Cantor,
CASE-0044,Building 7,7 World Trade Center (1987–2001),wikipedia_article_links,https://en.wikipedia.org/wiki/Tishman_Realty_%26_Construction,en.wikipedia.org,wikipedia_internal,11,Tishman Construction,
CASE-0044,Building 7,7 World Trade Center (1987–2001),wikipedia_article_links,https://en.wikipedia.org/wiki/World_Trade_Center_(2001%E2%80%93present),en.wikipedia.org,wikipedia_internal,12,World Trade Center,
CASE-0044,Building 7,7 World Trade Center (1987–2001),wikipedia_article_links,https://en.wikipedia.org/wiki/One_World_Trade_Center,en.wikipedia.org,wikipedia_internal,13,One,
CASE-0044,Building 7,7 World Trade Center (1987–2001),wikipedia_article_links,https://en.wikipedia.org/wiki/3_World_Trade_Center,en.wikipedia.org,wikipedia_internal,14,3,
CASE-0044,Building 7,7 World Trade Center (1987–2001),wikipedia_article_links,https://en.wikipedia.org/wiki/4_World_Trade_Center,en.wikipedia.org,wikipedia_internal,15,4,
CASE-0044,Building 7,7 World Trade Center (1987–2001),wikipedia_article_links,https://en.wikipedia.org/wiki/2_World_Trade_Center,en.wikipedia.org,wikipedia_internal,16,2,
CASE-0044,Building 7,7 World Trade Center (1987–2001),wikipedia_article_links,https://en.wikipedia.org/wiki/5_World_Trade_Center,en.wikipedia.org,wikipedia_internal,17,5,
CASE-0044,Building 7,7 World Trade Center (1987–2001),wikipedia_article_links,https://en.wikipedia.org/wiki/Liberty_Park,en.wikipedia.org,wikipedia_internal,18,Liberty Park,
CASE-0044,Building 7,7 World Trade Center (1987–2001),wikipedia_article_links,https://en.wikipedia.org/wiki/National_September_11_Memorial_%26_Museum,en.wikipedia.org,wikipedia_internal,19,National September 11 Memorial & Museum,
CASE-0044,Building 7,7 World Trade Center (1987–2001),wikipedia_article_links,https://en.wikipedia.org/wiki/World_Trade_Center_station_(PATH),en.wikipedia.org,wikipedia_internal,20,PATH Station,
CASE-0045,5G conspiracy,5G misinformation,wikipedia_search,https://en.wikipedia.org/wiki/5G_misinformation,en.wikipedia.org,wikipedia_primary,1,5G misinformation,
CASE-0045,5G conspiracy,5G misinformation,wikipedia_article_links,https://en.wikipedia.org/wiki/Luxembourg,en.wikipedia.org,wikipedia_internal,2,Luxembourg,
CASE-0045,5G conspiracy,5G misinformation,wikipedia_article_links,https://en.wikipedia.org/wiki/Misinformation,en.wikipedia.org,wikipedia_internal,3,Misinformation,
CASE-0045,5G conspiracy,5G misinformation,wikipedia_article_links,https://en.wikipedia.org/wiki/5G,en.wikipedia.org,wikipedia_internal,4,5G telecommunications technology,
CASE-0045,5G conspiracy,5G misinformation,wikipedia_article_links,https://en.wikipedia.org/wiki/Conspiracy_theory,en.wikipedia.org,wikipedia_internal,5,conspiracy theories,
CASE-0045,5G conspiracy,5G misinformation,wikipedia_article_links,https://en.wikipedia.org/wiki/International_Commission_on_Non-Ionizing_Radiation_Protection,en.wikipedia.org,wikipedia_internal,6,International Commission on Non-Ionizing Radiation Protection,
CASE-0045,5G conspiracy,5G misinformation,wikipedia_article_links,https://en.wikipedia.org/wiki/COVID-19_vaccine_misinformation_and_hesitancy,en.wikipedia.org,wikipedia_internal,7,COVID-19 vaccine,
CASE-0045,5G conspiracy,5G misinformation,wikipedia_article_links,https://en.wikipedia.org/wiki/4G,en.wikipedia.org,wikipedia_internal,8,4G,
CASE-0045,5G conspiracy,5G misinformation,wikipedia_article_links,https://en.wikipedia.org/wiki/COVID-19_misinformation#5G,en.wikipedia.org,wikipedia_internal,9,COVID-19 and 5G,
CASE-0045,5G conspiracy,5G misinformation,wikipedia_article_links,https://en.wikipedia.org/wiki/Google_Trends,en.wikipedia.org,wikipedia_internal,10,Google Trends,
CASE-0045,5G conspiracy,5G misinformation,wikipedia_article_links,https://en.wikipedia.org/wiki/Investigations_into_the_origin_of_COVID-19,en.wikipedia.org,wikipedia_internal,11,origin of the COVID-19 pandemic,
CASE-0045,5G conspiracy,5G misinformation,wikipedia_article_links,https://en.wikipedia.org/wiki/SARS-CoV-2,en.wikipedia.org,wikipedia_internal,12,SARS-CoV-2,
CASE-0045,5G conspiracy,5G misinformation,wikipedia_article_links,https://en.wikipedia.org/wiki/Wireless_device_radiation_and_health,en.wikipedia.org,wikipedia_internal,13,Wireless device radiation and health,
CASE-0045,5G conspiracy,5G misinformation,wikipedia_article_links,https://en.wikipedia.org/wiki/COVID-19_misinformation#5G_mobile_networks,en.wikipedia.org,wikipedia_internal,14,COVID-19 misinformation § 5G mobile networks,
CASE-0045,5G conspiracy,5G misinformation,wikipedia_article_links,https://en.wikipedia.org/wiki/Non-ionizing_radiation,en.wikipedia.org,wikipedia_internal,15,non-ionizing radiation,
CASE-0045,5G conspiracy,5G misinformation,wikipedia_article_links,https://en.wikipedia.org/wiki/Ionizing_radiation,en.wikipedia.org,wikipedia_internal,16,ionizing radiation,
CASE-0045,5G conspiracy,5G misinformation,wikipedia_article_links,https://en.wikipedia.org/wiki/Gamma_ray,en.wikipedia.org,wikipedia_internal,17,gamma rays,
CASE-0045,5G conspiracy,5G misinformation,wikipedia_article_links,https://en.wikipedia.org/wiki/Viral_disease,en.wikipedia.org,wikipedia_internal,18,viral disease,
CASE-0045,5G conspiracy,5G misinformation,wikipedia_article_links,https://en.wikipedia.org/wiki/Antigen,en.wikipedia.org,wikipedia_internal,19,antigens,
CASE-0045,5G conspiracy,5G misinformation,wikipedia_article_links,https://en.wikipedia.org/wiki/Radio_wave,en.wikipedia.org,wikipedia_internal,20,radio wave,
CASE-0046,Baba Vanga predictions,Baba Vanga,wikipedia_search,https://en.wikipedia.org/wiki/Baba_Vanga,en.wikipedia.org,wikipedia_primary,1,Baba Vanga,
CASE-0046,Baba Vanga predictions,Baba Vanga,wikipedia_article_links,https://en.wikipedia.org/wiki/Bulgarian_name,en.wikipedia.org,wikipedia_internal,2,Bulgarian name,
CASE-0046,Baba Vanga predictions,Baba Vanga,wikipedia_article_links,https://en.wikipedia.org/wiki/Patronymic,en.wikipedia.org,wikipedia_internal,3,patronymic,
CASE-0046,Baba Vanga predictions,Baba Vanga,wikipedia_article_links,https://en.wikipedia.org/wiki/Surname,en.wikipedia.org,wikipedia_internal,4,family name,
CASE-0046,Baba Vanga predictions,Baba Vanga,wikipedia_article_links,https://en.wikipedia.org/wiki/Strumica,en.wikipedia.org,wikipedia_internal,5,Strumica,
CASE-0046,Baba Vanga predictions,Baba Vanga,wikipedia_article_links,https://en.wikipedia.org/wiki/Ottoman_Empire,en.wikipedia.org,wikipedia_internal,6,Ottoman Empire,
CASE-0046,Baba Vanga predictions,Baba Vanga,wikipedia_article_links,https://en.wikipedia.org/wiki/Sofia,en.wikipedia.org,wikipedia_internal,7,Sofia,
CASE-0046,Baba Vanga predictions,Baba Vanga,wikipedia_article_links,https://en.wikipedia.org/wiki/Bulgaria,en.wikipedia.org,wikipedia_internal,8,Bulgaria,
CASE-0046,Baba Vanga predictions,Baba Vanga,wikipedia_article_links,https://en.wikipedia.org/wiki/Clairvoyant,en.wikipedia.org,wikipedia_internal,9,Clairvoyant,
CASE-0046,Baba Vanga predictions,Baba Vanga,wikipedia_article_links,https://en.wikipedia.org/wiki/Birth_name#Maiden_and_married_names,en.wikipedia.org,wikipedia_internal,10,née,
CASE-0046,Baba Vanga predictions,Baba Vanga,wikipedia_article_links,https://en.wikipedia.org/wiki/Bulgarian_language,en.wikipedia.org,wikipedia_internal,11,Bulgarian,
CASE-0046,Baba Vanga predictions,Baba Vanga,wikipedia_article_links,https://en.wikipedia.org/wiki/Mysticism,en.wikipedia.org,wikipedia_internal,12,mystic,
CASE-0046,Baba Vanga predictions,Baba Vanga,wikipedia_article_links,https://en.wikipedia.org/wiki/Rupite,en.wikipedia.org,wikipedia_internal,13,Rupite,
CASE-0046,Baba Vanga predictions,Baba Vanga,wikipedia_article_links,https://en.wikipedia.org/wiki/Belasica,en.wikipedia.org,wikipedia_internal,14,Belasica,
CASE-0046,Baba Vanga predictions,Baba Vanga,wikipedia_article_links,https://en.wikipedia.org/wiki/Cold_War,en.wikipedia.org,wikipedia_internal,15,Cold War,
CASE-0046,Baba Vanga predictions,Baba Vanga,wikipedia_article_links,https://en.wikipedia.org/wiki/Eastern_Europe,en.wikipedia.org,wikipedia_internal,16,Eastern Europe,
CASE-0046,Baba Vanga predictions,Baba Vanga,wikipedia_article_links,https://en.wikipedia.org/wiki/Clairvoyance,en.wikipedia.org,wikipedia_internal,17,clairvoyance,
CASE-0046,Baba Vanga predictions,Baba Vanga,wikipedia_article_links,https://en.wikipedia.org/wiki/Precognition,en.wikipedia.org,wikipedia_internal,18,precognition,
CASE-0046,Baba Vanga predictions,Baba Vanga,wikipedia_article_links,https://en.wikipedia.org/wiki/Fall_of_communism,en.wikipedia.org,wikipedia_internal,19,fall of communism,
CASE-0046,Baba Vanga predictions,Baba Vanga,wikipedia_article_links,https://en.wikipedia.org/wiki/Salonica_vilayet,en.wikipedia.org,wikipedia_internal,20,Salonica vilayet,
CASE-0047,Nostradamus predictions,Nostradamus,wikipedia_search,https://en.wikipedia.org/wiki/Nostradamus,en.wikipedia.org,wikipedia_primary,1,Nostradamus,
CASE-0047,Nostradamus predictions,Nostradamus,wikipedia_article_links,https://en.wikipedia.org/wiki/Nostradamus_(disambiguation),en.wikipedia.org,wikipedia_internal,2,Nostradamus (disambiguation),
CASE-0047,Nostradamus predictions,Nostradamus,wikipedia_article_links,https://en.wikipedia.org/wiki/Saint-R%C3%A9my-de-Provence,en.wikipedia.org,wikipedia_internal,3,Saint-Rémy-de-Provence,
CASE-0047,Nostradamus predictions,Nostradamus,wikipedia_article_links,https://en.wikipedia.org/wiki/Provence,en.wikipedia.org,wikipedia_internal,4,Provence,
CASE-0047,Nostradamus predictions,Nostradamus,wikipedia_article_links,https://en.wikipedia.org/wiki/Salon-de-Provence,en.wikipedia.org,wikipedia_internal,5,Salon-de-Provence,
CASE-0047,Nostradamus predictions,Nostradamus,wikipedia_article_links,https://en.wikipedia.org/wiki/Apothecary,en.wikipedia.org,wikipedia_internal,6,apothecary,
CASE-0047,Nostradamus predictions,Nostradamus,wikipedia_article_links,https://en.wikipedia.org/wiki/Astrology,en.wikipedia.org,wikipedia_internal,7,astrological consultant,
CASE-0047,Nostradamus predictions,Nostradamus,wikipedia_article_links,https://en.wikipedia.org/wiki/Prophecy,en.wikipedia.org,wikipedia_internal,8,Prophecy,
CASE-0047,Nostradamus predictions,Nostradamus,wikipedia_article_links,https://en.wikipedia.org/wiki/Plague_(disease),en.wikipedia.org,wikipedia_internal,9,plague,
CASE-0047,Nostradamus predictions,Nostradamus,wikipedia_article_links,https://en.wikipedia.org/wiki/Les_Proph%C3%A9ties,en.wikipedia.org,wikipedia_internal,10,Les Prophéties,
CASE-0047,Nostradamus predictions,Nostradamus,wikipedia_article_links,https://en.wikipedia.org/wiki/Paranormal,en.wikipedia.org,wikipedia_internal,11,Paranormal,
CASE-0047,Nostradamus predictions,Nostradamus,wikipedia_article_links,https://en.wikipedia.org/wiki/Astral_projection,en.wikipedia.org,wikipedia_internal,12,Astral projection,
CASE-0047,Nostradamus predictions,Nostradamus,wikipedia_article_links,https://en.wikipedia.org/wiki/Aura_(paranormal),en.wikipedia.org,wikipedia_internal,13,Aura,
CASE-0047,Nostradamus predictions,Nostradamus,wikipedia_article_links,https://en.wikipedia.org/wiki/Bilocation,en.wikipedia.org,wikipedia_internal,14,Bilocation,
CASE-0047,Nostradamus predictions,Nostradamus,wikipedia_article_links,https://en.wikipedia.org/wiki/Inedia,en.wikipedia.org,wikipedia_internal,15,Breatharianism,
CASE-0047,Nostradamus predictions,Nostradamus,wikipedia_article_links,https://en.wikipedia.org/wiki/Clairvoyance,en.wikipedia.org,wikipedia_internal,16,Clairvoyance,
CASE-0047,Nostradamus predictions,Nostradamus,wikipedia_article_links,https://en.wikipedia.org/wiki/Close_encounter,en.wikipedia.org,wikipedia_internal,17,Close encounter,
CASE-0047,Nostradamus predictions,Nostradamus,wikipedia_article_links,https://en.wikipedia.org/wiki/Cold_spot_(paranormal),en.wikipedia.org,wikipedia_internal,18,Cold spot,
CASE-0047,Nostradamus predictions,Nostradamus,wikipedia_article_links,https://en.wikipedia.org/wiki/Crystal_gazing,en.wikipedia.org,wikipedia_internal,19,Crystal gazing,
CASE-0047,Nostradamus predictions,Nostradamus,wikipedia_article_links,https://en.wikipedia.org/wiki/Evocation,en.wikipedia.org,wikipedia_internal,20,Conjuration,
CASE-0048,Denver Airport conspiracy,Denver International Airport,wikipedia_search,https://en.wikipedia.org/wiki/Denver_International_Airport,en.wikipedia.org,wikipedia_primary,1,Denver International Airport,
CASE-0048,Denver Airport conspiracy,Denver International Airport,wikipedia_article_links,https://en.wikipedia.org/wiki/Stapleton_International_Airport,en.wikipedia.org,wikipedia_internal,2,Stapleton International Airport,
CASE-0048,Denver Airport conspiracy,Denver International Airport,wikipedia_article_links,https://en.wikipedia.org/wiki/Denver_Airport_station,en.wikipedia.org,wikipedia_internal,3,Denver Airport station,
CASE-0048,Denver Airport conspiracy,Denver International Airport,wikipedia_article_links,https://en.wikipedia.org/wiki/IATA_airport_code,en.wikipedia.org,wikipedia_internal,4,IATA,
CASE-0048,Denver Airport conspiracy,Denver International Airport,wikipedia_article_links,https://en.wikipedia.org/wiki/ICAO_airport_code,en.wikipedia.org,wikipedia_internal,5,ICAO,
CASE-0048,Denver Airport conspiracy,Denver International Airport,wikipedia_article_links,https://en.wikipedia.org/wiki/Federal_Aviation_Administration,en.wikipedia.org,wikipedia_internal,6,FAA,
CASE-0048,Denver Airport conspiracy,Denver International Airport,wikipedia_article_links,https://en.wikipedia.org/wiki/Location_identifier#FAA_identifier,en.wikipedia.org,wikipedia_internal,7,LID,
CASE-0048,Denver Airport conspiracy,Denver International Airport,wikipedia_article_links,https://en.wikipedia.org/wiki/Location_identifier#WMO_station_identifiers,en.wikipedia.org,wikipedia_internal,8,WMO,
CASE-0048,Denver Airport conspiracy,Denver International Airport,wikipedia_article_links,https://en.wikipedia.org/wiki/Government_of_Denver#Department_of_Aviation,en.wikipedia.org,wikipedia_internal,9,City & County of Denver,
CASE-0048,Denver Airport conspiracy,Denver International Airport,wikipedia_article_links,https://en.wikipedia.org/wiki/Denver_metropolitan_area,en.wikipedia.org,wikipedia_internal,10,Denver metropolitan area,
CASE-0048,Denver Airport conspiracy,Denver International Airport,wikipedia_article_links,https://en.wikipedia.org/wiki/Front_Range_Urban_Corridor,en.wikipedia.org,wikipedia_internal,11,Front Range Urban Corridor,
CASE-0048,Denver Airport conspiracy,Denver International Airport,wikipedia_article_links,https://en.wikipedia.org/wiki/Denver,en.wikipedia.org,wikipedia_internal,12,Denver,
CASE-0048,Denver Airport conspiracy,Denver International Airport,wikipedia_article_links,https://en.wikipedia.org/wiki/Colorado,en.wikipedia.org,wikipedia_internal,13,Colorado,
CASE-0048,Denver Airport conspiracy,Denver International Airport,wikipedia_article_links,https://en.wikipedia.org/wiki/Airline_hub,en.wikipedia.org,wikipedia_internal,14,Hub,
CASE-0048,Denver Airport conspiracy,Denver International Airport,wikipedia_article_links,https://en.wikipedia.org/wiki/United_Airlines,en.wikipedia.org,wikipedia_internal,15,United Airlines,
CASE-0048,Denver Airport conspiracy,Denver International Airport,wikipedia_article_links,https://en.wikipedia.org/wiki/Frontier_Airlines,en.wikipedia.org,wikipedia_internal,16,Frontier Airlines,
CASE-0048,Denver Airport conspiracy,Denver International Airport,wikipedia_article_links,https://en.wikipedia.org/wiki/Southwest_Airlines,en.wikipedia.org,wikipedia_internal,17,Southwest Airlines,
CASE-0048,Denver Airport conspiracy,Denver International Airport,wikipedia_article_links,https://en.wikipedia.org/wiki/Time_zone,en.wikipedia.org,wikipedia_internal,18,Time zone,
CASE-0048,Denver Airport conspiracy,Denver International Airport,wikipedia_article_links,https://en.wikipedia.org/wiki/Mountain_Time_Zone,en.wikipedia.org,wikipedia_internal,19,MST,
CASE-0048,Denver Airport conspiracy,Denver International Airport,wikipedia_article_links,https://en.wikipedia.org/wiki/Daylight_saving_time,en.wikipedia.org,wikipedia_internal,20,DST,
CASE-0049,CIA heart attack gun,Camp Chapman attack,wikipedia_search,https://en.wikipedia.org/wiki/Camp_Chapman_attack,en.wikipedia.org,wikipedia_primary,1,Camp Chapman attack,
CASE-0049,CIA heart attack gun,Camp Chapman attack,wikipedia_article_links,https://en.wikipedia.org/wiki/War_in_Afghanistan_(2001%E2%80%932021),en.wikipedia.org,wikipedia_internal,2,war in Afghanistan,
CASE-0049,CIA heart attack gun,Camp Chapman attack,wikipedia_article_links,https://en.wikipedia.org/wiki/Michael_Mullen,en.wikipedia.org,wikipedia_internal,3,Michael Mullen,
CASE-0049,CIA heart attack gun,Camp Chapman attack,wikipedia_article_links,https://en.wikipedia.org/wiki/Forward_Operating_Base_Chapman,en.wikipedia.org,wikipedia_internal,4,Forward Operating Base Chapman,
CASE-0049,CIA heart attack gun,Camp Chapman attack,wikipedia_article_links,https://en.wikipedia.org/wiki/Khost_Province,en.wikipedia.org,wikipedia_internal,5,Khost Province,
CASE-0049,CIA heart attack gun,Camp Chapman attack,wikipedia_article_links,https://en.wikipedia.org/wiki/Suicide_attack,en.wikipedia.org,wikipedia_internal,6,Suicide attack,
CASE-0049,CIA heart attack gun,Camp Chapman attack,wikipedia_article_links,https://en.wikipedia.org/wiki/Central_Intelligence_Agency,en.wikipedia.org,wikipedia_internal,7,Central Intelligence Agency,
CASE-0049,CIA heart attack gun,Camp Chapman attack,wikipedia_article_links,https://en.wikipedia.org/wiki/Al-Qaeda,en.wikipedia.org,wikipedia_internal,8,al-Qaeda,
CASE-0049,CIA heart attack gun,Camp Chapman attack,wikipedia_article_links,https://en.wikipedia.org/wiki/Pakistani_Taliban,en.wikipedia.org,wikipedia_internal,9,Pakistani Taliban,
CASE-0049,CIA heart attack gun,Camp Chapman attack,wikipedia_article_links,https://en.wikipedia.org/wiki/Humam_Khalil_Abu-Mulal_al-Balawi,en.wikipedia.org,wikipedia_internal,10,Humam Khalil Abu-Mulal al-Balawi,
CASE-0049,CIA heart attack gun,Camp Chapman attack,wikipedia_article_links,https://en.wikipedia.org/wiki/Killed_in_action,en.wikipedia.org,wikipedia_internal,11,†,
CASE-0049,CIA heart attack gun,Camp Chapman attack,wikipedia_article_links,https://en.wikipedia.org/wiki/History_of_the_War_in_Afghanistan_(2001%E2%80%932021),en.wikipedia.org,wikipedia_internal,12,History,
CASE-0049,CIA heart attack gun,Camp Chapman attack,wikipedia_article_links,https://en.wikipedia.org/wiki/Timeline_of_the_War_in_Afghanistan_(2001%E2%80%932021),en.wikipedia.org,wikipedia_internal,13,Timeline,
CASE-0049,CIA heart attack gun,Camp Chapman attack,wikipedia_article_links,https://en.wikipedia.org/wiki/2001_in_Afghanistan,en.wikipedia.org,wikipedia_internal,14,2001,
CASE-0049,CIA heart attack gun,Camp Chapman attack,wikipedia_article_links,https://en.wikipedia.org/wiki/2002_in_Afghanistan,en.wikipedia.org,wikipedia_internal,15,2002,
CASE-0049,CIA heart attack gun,Camp Chapman attack,wikipedia_article_links,https://en.wikipedia.org/wiki/2003_in_Afghanistan,en.wikipedia.org,wikipedia_internal,16,2003,
CASE-0049,CIA heart attack gun,Camp Chapman attack,wikipedia_article_links,https://en.wikipedia.org/wiki/2004_in_Afghanistan,en.wikipedia.org,wikipedia_internal,17,2004,
CASE-0049,CIA heart attack gun,Camp Chapman attack,wikipedia_article_links,https://en.wikipedia.org/wiki/2005_in_Afghanistan,en.wikipedia.org,wikipedia_internal,18,2005,
CASE-0049,CIA heart attack gun,Camp Chapman attack,wikipedia_article_links,https://en.wikipedia.org/wiki/2006_in_Afghanistan,en.wikipedia.org,wikipedia_internal,19,2006,
CASE-0049,CIA heart attack gun,Camp Chapman attack,wikipedia_article_links,https://en.wikipedia.org/wiki/2007_in_Afghanistan,en.wikipedia.org,wikipedia_internal,20,2007,
CASE-0050,Great Reset,Great Reset,wikipedia_search,https://en.wikipedia.org/wiki/Great_Reset,en.wikipedia.org,wikipedia_primary,1,Great Reset,
CASE-0050,Great Reset,Great Reset,wikipedia_article_links,https://en.wikipedia.org/wiki/The_Great_Reset_(book),en.wikipedia.org,wikipedia_internal,2,The Great Reset (book),
CASE-0050,Great Reset,Great Reset,wikipedia_article_links,https://en.wikipedia.org/wiki/World_Economic_Forum,en.wikipedia.org,wikipedia_internal,3,World Economic Forum,
CASE-0050,Great Reset,Great Reset,wikipedia_article_links,https://en.wikipedia.org/wiki/COVID-19_pandemic,en.wikipedia.org,wikipedia_internal,4,COVID-19 pandemic,
CASE-0050,Great Reset,Great Reset,wikipedia_article_links,https://en.wikipedia.org/wiki/Charles_III,en.wikipedia.org,wikipedia_internal,5,Charles,
CASE-0050,Great Reset,Great Reset,wikipedia_article_links,https://en.wikipedia.org/wiki/Sustainable_development,en.wikipedia.org,wikipedia_internal,6,sustainable development,
CASE-0050,Great Reset,Great Reset,wikipedia_article_links,https://en.wikipedia.org/wiki/Klaus_Schwab,en.wikipedia.org,wikipedia_internal,7,Klaus Schwab,
CASE-0050,Great Reset,Great Reset,wikipedia_article_links,https://en.wikipedia.org/wiki/Stakeholder_theory,en.wikipedia.org,wikipedia_internal,8,stakeholder economy,
CASE-0050,Great Reset,Great Reset,wikipedia_article_links,"https://en.wikipedia.org/wiki/Environmental,_social,_and_governance",en.wikipedia.org,wikipedia_internal,9,"environmental, social, and governance",
CASE-0050,Great Reset,Great Reset,wikipedia_article_links,https://en.wikipedia.org/wiki/Fourth_Industrial_Revolution,en.wikipedia.org,wikipedia_internal,10,Fourth Industrial Revolution,
CASE-0050,Great Reset,Great Reset,wikipedia_article_links,https://en.wikipedia.org/wiki/International_Monetary_Fund,en.wikipedia.org,wikipedia_internal,11,International Monetary Fund,
CASE-0050,Great Reset,Great Reset,wikipedia_article_links,https://en.wikipedia.org/wiki/Kristalina_Georgieva,en.wikipedia.org,wikipedia_internal,12,Kristalina Georgieva,
CASE-0050,Great Reset,Great Reset,wikipedia_article_links,https://en.wikipedia.org/wiki/Green_growth,en.wikipedia.org,wikipedia_internal,13,green growth,
CASE-0050,Great Reset,Great Reset,wikipedia_article_links,https://en.wikipedia.org/wiki/Davos,en.wikipedia.org,wikipedia_internal,14,"Davos, Switzerland",
CASE-0050,Great Reset,Great Reset,wikipedia_article_links,https://en.wikipedia.org/wiki/Russian_invasion_of_Ukraine,en.wikipedia.org,wikipedia_internal,15,Russian invasion of Ukraine,
CASE-0050,Great Reset,Great Reset,wikipedia_article_links,https://en.wikipedia.org/wiki/Multinational_corporation,en.wikipedia.org,wikipedia_internal,16,multinational corporations,
CASE-0050,Great Reset,Great Reset,wikipedia_article_links,https://en.wikipedia.org/wiki/Crony_capitalism,en.wikipedia.org,wikipedia_internal,17,crony capitalism,
CASE-0050,Great Reset,Great Reset,wikipedia_article_links,https://en.wikipedia.org/wiki/Conspiracy_theory,en.wikipedia.org,wikipedia_internal,18,conspiracy theories,
CASE-0050,Great Reset,Great Reset,wikipedia_article_links,https://en.wikipedia.org/wiki/YouTube,en.wikipedia.org,wikipedia_internal,19,YouTube,
CASE-0050,Great Reset,Great Reset,wikipedia_article_links,https://en.wikipedia.org/wiki/Facebook,en.wikipedia.org,wikipedia_internal,20,Facebook,
CASE-0051,Operation Mockingbird,Operation Mockingbird,wikipedia_search,https://en.wikipedia.org/wiki/Operation_Mockingbird,en.wikipedia.org,wikipedia_primary,1,Operation Mockingbird,
CASE-0051,Operation Mockingbird,Operation Mockingbird,wikipedia_article_links,https://en.wikipedia.org/wiki/Project_Mockingbird,en.wikipedia.org,wikipedia_internal,2,Project Mockingbird,
CASE-0051,Operation Mockingbird,Operation Mockingbird,wikipedia_article_links,https://en.wikipedia.org/wiki/CIA_influence_on_public_opinion,en.wikipedia.org,wikipedia_internal,3,CIA influence on public opinion,
CASE-0051,Operation Mockingbird,Operation Mockingbird,wikipedia_article_links,https://en.wikipedia.org/wiki/Central_Intelligence_Agency,en.wikipedia.org,wikipedia_internal,4,Central Intelligence Agency,
CASE-0051,Operation Mockingbird,Operation Mockingbird,wikipedia_article_links,https://en.wikipedia.org/wiki/Cold_War,en.wikipedia.org,wikipedia_internal,5,Cold War,
CASE-0051,Operation Mockingbird,Operation Mockingbird,wikipedia_article_links,https://en.wikipedia.org/wiki/Ramparts_(magazine),en.wikipedia.org,wikipedia_internal,6,Ramparts,
CASE-0051,Operation Mockingbird,Operation Mockingbird,wikipedia_article_links,https://en.wikipedia.org/wiki/National_Student_Association,en.wikipedia.org,wikipedia_internal,7,National Student Association,
CASE-0051,Operation Mockingbird,Operation Mockingbird,wikipedia_article_links,https://en.wikipedia.org/wiki/Church_Committee,en.wikipedia.org,wikipedia_internal,8,Church Committee,
CASE-0051,Operation Mockingbird,Operation Mockingbird,wikipedia_article_links,https://en.wikipedia.org/wiki/Family_Jewels_(Central_Intelligence_Agency),en.wikipedia.org,wikipedia_internal,9,Family Jewels,
CASE-0051,Operation Mockingbird,Operation Mockingbird,wikipedia_article_links,https://en.wikipedia.org/wiki/Robert_S._Allen,en.wikipedia.org,wikipedia_internal,10,Robert Allen,
CASE-0051,Operation Mockingbird,Operation Mockingbird,wikipedia_article_links,https://en.wikipedia.org/wiki/Federal_government_of_the_United_States,en.wikipedia.org,wikipedia_internal,11,United States government,
CASE-0051,Operation Mockingbird,Operation Mockingbird,wikipedia_article_links,https://en.wikipedia.org/wiki/Mass_media,en.wikipedia.org,wikipedia_internal,12,mass media,
CASE-0051,Operation Mockingbird,Operation Mockingbird,wikipedia_article_links,https://en.wikipedia.org/wiki/United_States_Senate_Watergate_Committee,en.wikipedia.org,wikipedia_internal,13,United States Senate Watergate Committee,
CASE-0051,Operation Mockingbird,Operation Mockingbird,wikipedia_article_links,https://en.wikipedia.org/wiki/Executive_branch_of_the_United_States_government,en.wikipedia.org,wikipedia_internal,14,Executive branch of the United States government,
CASE-0051,Operation Mockingbird,Operation Mockingbird,wikipedia_article_links,https://en.wikipedia.org/wiki/The_New_York_Times,en.wikipedia.org,wikipedia_internal,15,The New York Times,
CASE-0051,Operation Mockingbird,Operation Mockingbird,wikipedia_article_links,https://en.wikipedia.org/wiki/Seymour_Hersh,en.wikipedia.org,wikipedia_internal,16,Seymour Hersh,
CASE-0051,Operation Mockingbird,Operation Mockingbird,wikipedia_article_links,https://en.wikipedia.org/wiki/Rolling_Stone,en.wikipedia.org,wikipedia_internal,17,Rolling Stone,
CASE-0051,Operation Mockingbird,Operation Mockingbird,wikipedia_article_links,https://en.wikipedia.org/wiki/Carl_Bernstein,en.wikipedia.org,wikipedia_internal,18,Carl Bernstein,
CASE-0051,Operation Mockingbird,Operation Mockingbird,wikipedia_article_links,https://en.wikipedia.org/wiki/New_York_Times,en.wikipedia.org,wikipedia_internal,19,New York Times,
CASE-0051,Operation Mockingbird,Operation Mockingbird,wikipedia_article_links,https://en.wikipedia.org/wiki/Arthur_Hays_Sulzberger,en.wikipedia.org,wikipedia_internal,20,Arthur Hays Sulzberger,
CASE-0052,Majestic 12,Majestic 12,wikipedia_search,https://en.wikipedia.org/wiki/Majestic_12,en.wikipedia.org,wikipedia_primary,1,Majestic 12,
CASE-0052,Majestic 12,Majestic 12,wikipedia_article_links,https://en.wikipedia.org/wiki/Majestic_12_(disambiguation),en.wikipedia.org,wikipedia_internal,2,Majestic 12 (disambiguation),
CASE-0052,Majestic 12,Majestic 12,wikipedia_article_links,https://en.wikipedia.org/wiki/Harry_S._Truman,en.wikipedia.org,wikipedia_internal,3,Harry S. Truman,
CASE-0052,Majestic 12,Majestic 12,wikipedia_article_links,https://en.wikipedia.org/wiki/Ufology,en.wikipedia.org,wikipedia_internal,4,ufologists,
CASE-0052,Majestic 12,Majestic 12,wikipedia_article_links,https://en.wikipedia.org/wiki/UFO_conspiracy_theories,en.wikipedia.org,wikipedia_internal,5,UFO conspiracy theories,
CASE-0052,Majestic 12,Majestic 12,wikipedia_article_links,https://en.wikipedia.org/wiki/Code_name,en.wikipedia.org,wikipedia_internal,6,code name,
CASE-0052,Majestic 12,Majestic 12,wikipedia_article_links,https://en.wikipedia.org/wiki/Executive_order,en.wikipedia.org,wikipedia_internal,7,executive order,
CASE-0052,Majestic 12,Majestic 12,wikipedia_article_links,https://en.wikipedia.org/wiki/President_of_the_United_States,en.wikipedia.org,wikipedia_internal,8,U.S. President,
CASE-0052,Majestic 12,Majestic 12,wikipedia_article_links,https://en.wikipedia.org/wiki/Flying_saucer,en.wikipedia.org,wikipedia_internal,9,alien spacecraft,
CASE-0052,Majestic 12,Majestic 12,wikipedia_article_links,https://en.wikipedia.org/wiki/Federal_Bureau_of_Investigation,en.wikipedia.org,wikipedia_internal,10,Federal Bureau of Investigation,
CASE-0052,Majestic 12,Majestic 12,wikipedia_article_links,https://en.wikipedia.org/wiki/Hoax,en.wikipedia.org,wikipedia_internal,11,hoax,
CASE-0052,Majestic 12,Majestic 12,wikipedia_article_links,https://en.wikipedia.org/wiki/Timothy_Good,en.wikipedia.org,wikipedia_internal,12,Timothy Good,
CASE-0052,Majestic 12,Majestic 12,wikipedia_article_links,"https://en.wikipedia.org/wiki/Roswell,_New_Mexico",en.wikipedia.org,wikipedia_internal,13,Roswell,
CASE-0052,Majestic 12,Majestic 12,wikipedia_article_links,https://en.wikipedia.org/wiki/Extraterrestrial_life,en.wikipedia.org,wikipedia_internal,14,extraterrestrial life,
CASE-0052,Majestic 12,Majestic 12,wikipedia_article_links,https://en.wikipedia.org/wiki/Bill_Moore_(ufologist),en.wikipedia.org,wikipedia_internal,15,William L. Moore,
CASE-0052,Majestic 12,Majestic 12,wikipedia_article_links,https://en.wikipedia.org/wiki/135_film,en.wikipedia.org,wikipedia_internal,16,35 mm film,
CASE-0052,Majestic 12,Majestic 12,wikipedia_article_links,https://en.wikipedia.org/wiki/Classified_information,en.wikipedia.org,wikipedia_internal,17,Top Secret,
CASE-0052,Majestic 12,Majestic 12,wikipedia_article_links,https://en.wikipedia.org/wiki/Cover-up,en.wikipedia.org,wikipedia_internal,18,cover-up,
CASE-0052,Majestic 12,Majestic 12,wikipedia_article_links,https://en.wikipedia.org/wiki/Roswell_incident,en.wikipedia.org,wikipedia_internal,19,Roswell incident,
CASE-0052,Majestic 12,Majestic 12,wikipedia_article_links,https://en.wikipedia.org/wiki/Stanton_T._Friedman,en.wikipedia.org,wikipedia_internal,20,Stanton T. Friedman,
CASE-0053,secret space program,Secret space program,wikipedia_search,https://en.wikipedia.org/wiki/Secret_space_program,en.wikipedia.org,wikipedia_primary,1,Secret space program,
CASE-0053,secret space program,Secret space program,wikipedia_article_links,https://en.wikipedia.org/wiki/Ufology,en.wikipedia.org,wikipedia_internal,2,ufology,
CASE-0053,secret space program,Secret space program,wikipedia_article_links,https://en.wikipedia.org/wiki/Earth,en.wikipedia.org,wikipedia_internal,3,Earth,
CASE-0053,secret space program,Secret space program,wikipedia_article_links,https://en.wikipedia.org/wiki/Time_travel,en.wikipedia.org,wikipedia_internal,4,time travel,
CASE-0053,secret space program,Secret space program,wikipedia_article_links,https://en.wikipedia.org/wiki/Washington_Spectator,en.wikipedia.org,wikipedia_internal,5,Washington Spectator,
CASE-0053,secret space program,Secret space program,wikipedia_article_links,https://en.wikipedia.org/wiki/Alternative_3,en.wikipedia.org,wikipedia_internal,6,Alternative 3,
CASE-0053,secret space program,Secret space program,wikipedia_article_links,https://en.wikipedia.org/wiki/Disclosure_movement,en.wikipedia.org,wikipedia_internal,7,disclosure movement,
CASE-0053,secret space program,Secret space program,wikipedia_article_links,"https://en.wikipedia.org/wiki/Gaia,_Inc.",en.wikipedia.org,wikipedia_internal,8,Gaia,
CASE-0053,secret space program,Secret space program,wikipedia_article_links,https://en.wikipedia.org/wiki/David_Wilcock,en.wikipedia.org,wikipedia_internal,9,David Wilcock,
CASE-0053,secret space program,Secret space program,wikipedia_article_links,https://en.wikipedia.org/wiki/Whistleblower,en.wikipedia.org,wikipedia_internal,10,whistleblower,
CASE-0053,secret space program,Secret space program,wikipedia_article_links,https://en.wikipedia.org/wiki/Above_Majestic,en.wikipedia.org,wikipedia_internal,11,Above Majestic,
CASE-0053,secret space program,Secret space program,wikipedia_article_links,https://en.wikipedia.org/wiki/Shared_universe,en.wikipedia.org,wikipedia_internal,12,Shared world fiction,
CASE-0053,secret space program,Secret space program,wikipedia_article_links,https://en.wikipedia.org/wiki/UFO_conspiracy_theories,en.wikipedia.org,wikipedia_internal,13,UFO conspiracy theories,
CASE-0053,secret space program,Secret space program,wikipedia_article_links,https://en.wikipedia.org/wiki/Bloomsbury_Publishing,en.wikipedia.org,wikipedia_internal,14,Bloomsbury,
CASE-0053,secret space program,Secret space program,wikipedia_article_links,https://en.wikipedia.org/wiki/ISBN_(identifier),en.wikipedia.org,wikipedia_internal,15,ISBN,
CASE-0053,secret space program,Secret space program,wikipedia_article_links,https://en.wikipedia.org/wiki/The_Daily_Beast,en.wikipedia.org,wikipedia_internal,16,The Daily Beast,
CASE-0053,secret space program,Secret space program,wikipedia_article_links,https://en.wikipedia.org/wiki/Vice_(magazine),en.wikipedia.org,wikipedia_internal,17,Vice,
CASE-0054,Waco siege,Waco siege,wikipedia_search,https://en.wikipedia.org/wiki/Waco_siege,en.wikipedia.org,wikipedia_primary,1,Waco siege,
CASE-0054,Waco siege,Waco siege,wikipedia_article_links,https://en.wikipedia.org/wiki/Mount_Carmel_Center,en.wikipedia.org,wikipedia_internal,2,Mount Carmel Center,
CASE-0054,Waco siege,Waco siege,wikipedia_article_links,"https://en.wikipedia.org/wiki/McLennan_County,_Texas",en.wikipedia.org,wikipedia_internal,3,"McLennan County, Texas",
CASE-0054,Waco siege,Waco siege,wikipedia_article_links,"https://en.wikipedia.org/wiki/Bureau_of_Alcohol,_Tobacco,_Firearms_and_Explosives",en.wikipedia.org,wikipedia_internal,4,ATF,
CASE-0054,Waco siege,Waco siege,wikipedia_article_links,https://en.wikipedia.org/wiki/Federal_Bureau_of_Investigation,en.wikipedia.org,wikipedia_internal,5,FBI,
CASE-0054,Waco siege,Waco siege,wikipedia_article_links,https://en.wikipedia.org/wiki/United_States_government,en.wikipedia.org,wikipedia_internal,6,United States government,
CASE-0054,Waco siege,Waco siege,wikipedia_article_links,"https://en.wikipedia.org/wiki/Bureau_of_Alcohol,_Tobacco_and_Firearms",en.wikipedia.org,wikipedia_internal,7,ATF,
CASE-0054,Waco siege,Waco siege,wikipedia_article_links,https://en.wikipedia.org/wiki/FBI_Hostage_Rescue_Team,en.wikipedia.org,wikipedia_internal,8,HRT,
CASE-0054,Waco siege,Waco siege,wikipedia_article_links,https://en.wikipedia.org/wiki/Texas_Ranger_Division,en.wikipedia.org,wikipedia_internal,9,Texas Rangers,
CASE-0054,Waco siege,Waco siege,wikipedia_article_links,https://en.wikipedia.org/wiki/Texas_Military_Forces,en.wikipedia.org,wikipedia_internal,10,Texas Military Force,
CASE-0054,Waco siege,Waco siege,wikipedia_article_links,https://en.wikipedia.org/wiki/Alabama_National_Guard,en.wikipedia.org,wikipedia_internal,11,Alabama National Guard,
CASE-0054,Waco siege,Waco siege,wikipedia_article_links,https://en.wikipedia.org/wiki/Branch_Davidians,en.wikipedia.org,wikipedia_internal,12,Branch Davidians,
CASE-0054,Waco siege,Waco siege,wikipedia_article_links,https://en.wikipedia.org/wiki/Les_Aspin,en.wikipedia.org,wikipedia_internal,13,Les Aspin,
CASE-0054,Waco siege,Waco siege,wikipedia_article_links,https://en.wikipedia.org/wiki/Janet_Reno,en.wikipedia.org,wikipedia_internal,14,Janet Reno,
CASE-0054,Waco siege,Waco siege,wikipedia_article_links,https://en.wikipedia.org/wiki/Ronald_Noble,en.wikipedia.org,wikipedia_internal,15,Ronald Noble,
CASE-0054,Waco siege,Waco siege,wikipedia_article_links,https://en.wikipedia.org/wiki/Stephen_Higgins,en.wikipedia.org,wikipedia_internal,16,Stephen Higgins,
CASE-0054,Waco siege,Waco siege,wikipedia_article_links,https://en.wikipedia.org/wiki/Jeff_Jamar,en.wikipedia.org,wikipedia_internal,17,Jeff Jamar,
CASE-0054,Waco siege,Waco siege,wikipedia_article_links,https://en.wikipedia.org/wiki/Bob_Ricks,en.wikipedia.org,wikipedia_internal,18,Bob Ricks,
CASE-0054,Waco siege,Waco siege,wikipedia_article_links,https://en.wikipedia.org/wiki/Ann_Richards,en.wikipedia.org,wikipedia_internal,19,Ann Richards,
CASE-0054,Waco siege,Waco siege,wikipedia_article_links,https://en.wikipedia.org/wiki/H._Guy_Hunt,en.wikipedia.org,wikipedia_internal,20,H. Guy Hunt,
CASE-0055,Council on Foreign Relations,Council on Foreign Relations,wikipedia_search,https://en.wikipedia.org/wiki/Council_on_Foreign_Relations,en.wikipedia.org,wikipedia_primary,1,Council on Foreign Relations,
CASE-0055,Council on Foreign Relations,Council on Foreign Relations,wikipedia_article_links,https://en.wikipedia.org/wiki/United_States_Senate_Committee_on_Foreign_Relations,en.wikipedia.org,wikipedia_internal,2,United States Senate Committee on Foreign Relations,
CASE-0055,Council on Foreign Relations,Council on Foreign Relations,wikipedia_article_links,https://en.wikipedia.org/wiki/European_Council_on_Foreign_Relations,en.wikipedia.org,wikipedia_internal,3,European Council on Foreign Relations,
CASE-0055,Council on Foreign Relations,Council on Foreign Relations,wikipedia_article_links,https://en.wikipedia.org/wiki/501(c)3_organization,en.wikipedia.org,wikipedia_internal,4,501(c)3,
CASE-0055,Council on Foreign Relations,Council on Foreign Relations,wikipedia_article_links,https://en.wikipedia.org/wiki/Think_tank,en.wikipedia.org,wikipedia_internal,5,think tank,
CASE-0055,Council on Foreign Relations,Council on Foreign Relations,wikipedia_article_links,https://en.wikipedia.org/wiki/Taxpayer_Identification_Number,en.wikipedia.org,wikipedia_internal,6,Tax ID no.,
CASE-0055,Council on Foreign Relations,Council on Foreign Relations,wikipedia_article_links,https://en.wikipedia.org/wiki/Harold_Pratt_House,en.wikipedia.org,wikipedia_internal,7,Harold Pratt House,
CASE-0055,Council on Foreign Relations,Council on Foreign Relations,wikipedia_article_links,https://en.wikipedia.org/wiki/Manhattan,en.wikipedia.org,wikipedia_internal,8,Manhattan,
CASE-0055,Council on Foreign Relations,Council on Foreign Relations,wikipedia_article_links,https://en.wikipedia.org/wiki/New_York_City,en.wikipedia.org,wikipedia_internal,9,New York City,
CASE-0055,Council on Foreign Relations,Council on Foreign Relations,wikipedia_article_links,https://en.wikipedia.org/wiki/Michael_Froman,en.wikipedia.org,wikipedia_internal,10,Michael Froman,
CASE-0055,Council on Foreign Relations,Council on Foreign Relations,wikipedia_article_links,https://en.wikipedia.org/wiki/David_Rubenstein,en.wikipedia.org,wikipedia_internal,11,David Rubenstein,
CASE-0055,Council on Foreign Relations,Council on Foreign Relations,wikipedia_article_links,https://en.wikipedia.org/wiki/Foreign_policy_of_the_United_States,en.wikipedia.org,wikipedia_internal,12,U.S. foreign policy,
CASE-0055,Council on Foreign Relations,Council on Foreign Relations,wikipedia_article_links,https://en.wikipedia.org/wiki/International_relations,en.wikipedia.org,wikipedia_internal,13,international relations,
CASE-0055,Council on Foreign Relations,Council on Foreign Relations,wikipedia_article_links,https://en.wikipedia.org/wiki/501(c)(3),en.wikipedia.org,wikipedia_internal,14,501(c)(3),
CASE-0055,Council on Foreign Relations,Council on Foreign Relations,wikipedia_article_links,https://en.wikipedia.org/wiki/Nonprofit_organization,en.wikipedia.org,wikipedia_internal,15,nonprofit organization,
CASE-0055,Council on Foreign Relations,Council on Foreign Relations,wikipedia_article_links,"https://en.wikipedia.org/wiki/Washington,_DC",en.wikipedia.org,wikipedia_internal,16,"Washington, D.C.",
CASE-0055,Council on Foreign Relations,Council on Foreign Relations,wikipedia_article_links,https://en.wikipedia.org/wiki/Members_of_the_Council_on_Foreign_Relations,en.wikipedia.org,wikipedia_internal,17,membership,
CASE-0055,Council on Foreign Relations,Council on Foreign Relations,wikipedia_article_links,https://en.wikipedia.org/wiki/United_States_Secretary_of_State,en.wikipedia.org,wikipedia_internal,18,secretaries of state,
CASE-0055,Council on Foreign Relations,Council on Foreign Relations,wikipedia_article_links,https://en.wikipedia.org/wiki/Central_Intelligence_Agency,en.wikipedia.org,wikipedia_internal,19,CIA,
CASE-0055,Council on Foreign Relations,Council on Foreign Relations,wikipedia_article_links,https://en.wikipedia.org/wiki/Mass_media,en.wikipedia.org,wikipedia_internal,20,media,
CASE-0056,predictive programming,List of conspiracy theories,wikipedia_search,https://en.wikipedia.org/wiki/List_of_conspiracy_theories,en.wikipedia.org,wikipedia_primary,1,List of conspiracy theories,
CASE-0056,predictive programming,List of conspiracy theories,wikipedia_article_links,https://en.wikipedia.org/wiki/Eye_of_Providence,en.wikipedia.org,wikipedia_internal,2,Eye of Providence,
CASE-0056,predictive programming,List of conspiracy theories,wikipedia_article_links,https://en.wikipedia.org/wiki/Founding_Fathers_of_the_United_States,en.wikipedia.org,wikipedia_internal,3,Founding Fathers of the United States,
CASE-0056,predictive programming,List of conspiracy theories,wikipedia_article_links,https://en.wikipedia.org/wiki/Illuminati,en.wikipedia.org,wikipedia_internal,4,Illuminati,
CASE-0056,predictive programming,List of conspiracy theories,wikipedia_article_links,https://en.wikipedia.org/wiki/Conspiracy_theory,en.wikipedia.org,wikipedia_internal,5,conspiracy theories,
CASE-0056,predictive programming,List of conspiracy theories,wikipedia_article_links,https://en.wikipedia.org/wiki/Historical_method,en.wikipedia.org,wikipedia_internal,6,historical,
CASE-0056,predictive programming,List of conspiracy theories,wikipedia_article_links,https://en.wikipedia.org/wiki/Scientific_method,en.wikipedia.org,wikipedia_internal,7,scientific methods,
CASE-0056,predictive programming,List of conspiracy theories,wikipedia_article_links,https://en.wikipedia.org/wiki/Conspiracy,en.wikipedia.org,wikipedia_internal,8,conspiracies,
CASE-0056,predictive programming,List of conspiracy theories,wikipedia_article_links,https://en.wikipedia.org/wiki/Operation_Himmler,en.wikipedia.org,wikipedia_internal,9,Germany's pretense for invading Poland in World War II,
CASE-0056,predictive programming,List of conspiracy theories,wikipedia_article_links,https://en.wikipedia.org/wiki/Falsifiability,en.wikipedia.org,wikipedia_internal,10,their validity depends on evidence,
CASE-0056,predictive programming,List of conspiracy theories,wikipedia_article_links,https://en.wikipedia.org/wiki/Prima_facie,en.wikipedia.org,wikipedia_internal,11,prima facie,
CASE-0056,predictive programming,List of conspiracy theories,wikipedia_article_links,https://en.wikipedia.org/wiki/Occam%27s_razor,en.wikipedia.org,wikipedia_internal,12,convoluted and all-encompassing nature,
CASE-0056,predictive programming,List of conspiracy theories,wikipedia_article_links,https://en.wikipedia.org/wiki/Paranoia,en.wikipedia.org,wikipedia_internal,13,paranoia,
CASE-0056,predictive programming,List of conspiracy theories,wikipedia_article_links,https://en.wikipedia.org/wiki/Schizotypy,en.wikipedia.org,wikipedia_internal,14,schizotypy,
CASE-0056,predictive programming,List of conspiracy theories,wikipedia_article_links,https://en.wikipedia.org/wiki/Narcissism,en.wikipedia.org,wikipedia_internal,15,narcissism,
CASE-0056,predictive programming,List of conspiracy theories,wikipedia_article_links,https://en.wikipedia.org/wiki/Insecure_attachment,en.wikipedia.org,wikipedia_internal,16,insecure attachment,
CASE-0056,predictive programming,List of conspiracy theories,wikipedia_article_links,https://en.wikipedia.org/wiki/Cognitive_bias,en.wikipedia.org,wikipedia_internal,17,cognitive bias,
CASE-0056,predictive programming,List of conspiracy theories,wikipedia_article_links,https://en.wikipedia.org/wiki/Illusory_pattern_perception,en.wikipedia.org,wikipedia_internal,18,illusory pattern perception,
CASE-0056,predictive programming,List of conspiracy theories,wikipedia_article_links,https://en.wikipedia.org/wiki/Scientific_consensus,en.wikipedia.org,wikipedia_internal,19,scientific consensus,
CASE-0056,predictive programming,List of conspiracy theories,wikipedia_article_links,https://en.wikipedia.org/wiki/Evolutionary_psychology,en.wikipedia.org,wikipedia_internal,20,evolutionary origins,
CASE-0057,martial law,Martial law,wikipedia_search,https://en.wikipedia.org/wiki/Martial_law,en.wikipedia.org,wikipedia_primary,1,Martial law,
CASE-0057,martial law,Martial law,wikipedia_article_links,https://en.wikipedia.org/wiki/Marital_law,en.wikipedia.org,wikipedia_internal,2,Marital law,
CASE-0057,martial law,Martial law,wikipedia_article_links,https://en.wikipedia.org/wiki/Martial_law_(disambiguation),en.wikipedia.org,wikipedia_internal,3,Martial law (disambiguation),
CASE-0057,martial law,Martial law,wikipedia_article_links,https://en.wikipedia.org/wiki/Martial_law_in_Poland,en.wikipedia.org,wikipedia_internal,4,martial law in Poland,
CASE-0057,martial law,Martial law,wikipedia_article_links,https://en.wikipedia.org/wiki/Dunmore%27s_Proclamation,en.wikipedia.org,wikipedia_internal,5,Dunmore's Proclamation,
CASE-0057,martial law,Martial law,wikipedia_article_links,https://en.wikipedia.org/wiki/Colony_of_Virginia,en.wikipedia.org,wikipedia_internal,6,Colony of Virginia,
CASE-0057,martial law,Martial law,wikipedia_article_links,https://en.wikipedia.org/wiki/War,en.wikipedia.org,wikipedia_internal,7,War,
CASE-0057,martial law,Martial law,wikipedia_article_links,https://en.wikipedia.org/wiki/Outline_of_war,en.wikipedia.org,wikipedia_internal,8,outline,
CASE-0057,martial law,Martial law,wikipedia_article_links,https://en.wikipedia.org/wiki/Military_history,en.wikipedia.org,wikipedia_internal,9,History,
CASE-0057,martial law,Martial law,wikipedia_article_links,https://en.wikipedia.org/wiki/Prehistoric_warfare,en.wikipedia.org,wikipedia_internal,10,Prehistoric,
CASE-0057,martial law,Martial law,wikipedia_article_links,https://en.wikipedia.org/wiki/Ancient_warfare,en.wikipedia.org,wikipedia_internal,11,Ancient,
CASE-0057,martial law,Martial law,wikipedia_article_links,https://en.wikipedia.org/wiki/Early_thermal_weapons,en.wikipedia.org,wikipedia_internal,12,Thermal,
CASE-0057,martial law,Martial law,wikipedia_article_links,https://en.wikipedia.org/wiki/History_of_gunpowder,en.wikipedia.org,wikipedia_internal,13,Gunpowder,
CASE-0057,martial law,Martial law,wikipedia_article_links,https://en.wikipedia.org/wiki/Timeline_of_the_gunpowder_age,en.wikipedia.org,wikipedia_internal,14,Timeline,
CASE-0057,martial law,Martial law,wikipedia_article_links,https://en.wikipedia.org/wiki/Medieval_warfare,en.wikipedia.org,wikipedia_internal,15,Post-classical,
CASE-0057,martial law,Martial law,wikipedia_article_links,https://en.wikipedia.org/wiki/Medieval_fortification,en.wikipedia.org,wikipedia_internal,16,Castles,
CASE-0057,martial law,Martial law,wikipedia_article_links,https://en.wikipedia.org/wiki/Early_modern_warfare,en.wikipedia.org,wikipedia_internal,17,Early modern,
CASE-0057,martial law,Martial law,wikipedia_article_links,https://en.wikipedia.org/wiki/Military_Revolution,en.wikipedia.org,wikipedia_internal,18,Military revolution,
CASE-0057,martial law,Martial law,wikipedia_article_links,https://en.wikipedia.org/wiki/Pike_and_shot,en.wikipedia.org,wikipedia_internal,19,Pike and shot,
CASE-0057,martial law,Martial law,wikipedia_article_links,https://en.wikipedia.org/wiki/Napoleonic_weaponry_and_warfare,en.wikipedia.org,wikipedia_internal,20,Napoleonic warfare,
CASE-0058,blood sacrifice,Sacrifice,wikipedia_search,https://en.wikipedia.org/wiki/Sacrifice,en.wikipedia.org,wikipedia_primary,1,Sacrifice,
CASE-0058,blood sacrifice,Sacrifice,wikipedia_article_links,https://en.wikipedia.org/wiki/Sacrifice_(disambiguation),en.wikipedia.org,wikipedia_internal,2,Sacrifice (disambiguation),
CASE-0058,blood sacrifice,Sacrifice,wikipedia_article_links,https://en.wikipedia.org/wiki/Marcus_Aurelius,en.wikipedia.org,wikipedia_internal,3,Marcus Aurelius,
CASE-0058,blood sacrifice,Sacrifice,wikipedia_article_links,https://en.wikipedia.org/wiki/Germanic_peoples,en.wikipedia.org,wikipedia_internal,4,Germanic tribes,
CASE-0058,blood sacrifice,Sacrifice,wikipedia_article_links,https://en.wikipedia.org/wiki/Bas-relief,en.wikipedia.org,wikipedia_internal,5,bas-relief,
CASE-0058,blood sacrifice,Sacrifice,wikipedia_article_links,https://en.wikipedia.org/wiki/Capitoline_Hill,en.wikipedia.org,wikipedia_internal,6,Capitoline Museum,
CASE-0058,blood sacrifice,Sacrifice,wikipedia_article_links,https://en.wikipedia.org/wiki/Deity,en.wikipedia.org,wikipedia_internal,7,deity,
CASE-0058,blood sacrifice,Sacrifice,wikipedia_article_links,https://en.wikipedia.org/wiki/Propitiation,en.wikipedia.org,wikipedia_internal,8,propitiation,
CASE-0058,blood sacrifice,Sacrifice,wikipedia_article_links,https://en.wikipedia.org/wiki/Offering_(Christianity),en.wikipedia.org,wikipedia_internal,9,offering,
CASE-0058,blood sacrifice,Sacrifice,wikipedia_article_links,https://en.wikipedia.org/wiki/Animal_sacrifice,en.wikipedia.org,wikipedia_internal,10,animal sacrifice,
CASE-0058,blood sacrifice,Sacrifice,wikipedia_article_links,https://en.wikipedia.org/wiki/Human_sacrifice,en.wikipedia.org,wikipedia_internal,11,human sacrifice,
CASE-0058,blood sacrifice,Sacrifice,wikipedia_article_links,https://en.wikipedia.org/wiki/Mesoamerica,en.wikipedia.org,wikipedia_internal,12,Mesoamerica,
CASE-0058,blood sacrifice,Sacrifice,wikipedia_article_links,https://en.wikipedia.org/wiki/Cairn,en.wikipedia.org,wikipedia_internal,13,cairn,
CASE-0058,blood sacrifice,Sacrifice,wikipedia_article_links,https://en.wikipedia.org/wiki/Janakkala,en.wikipedia.org,wikipedia_internal,14,Janakkala,
CASE-0058,blood sacrifice,Sacrifice,wikipedia_article_links,https://en.wikipedia.org/wiki/Finland,en.wikipedia.org,wikipedia_internal,15,Finland,
CASE-0058,blood sacrifice,Sacrifice,wikipedia_article_links,https://en.wikipedia.org/wiki/Latin_language,en.wikipedia.org,wikipedia_internal,16,Latin,
CASE-0058,blood sacrifice,Sacrifice,wikipedia_article_links,https://en.wikipedia.org/wiki/Eucharist,en.wikipedia.org,wikipedia_internal,17,eucharist,
CASE-0058,blood sacrifice,Sacrifice,wikipedia_article_links,https://en.wikipedia.org/wiki/Ethnic_religion,en.wikipedia.org,wikipedia_internal,18,ethnic religions,
CASE-0058,blood sacrifice,Sacrifice,wikipedia_article_links,https://en.wikipedia.org/wiki/Yajna,en.wikipedia.org,wikipedia_internal,19,yajna,
CASE-0058,blood sacrifice,Sacrifice,wikipedia_article_links,https://en.wikipedia.org/wiki/Bl%C3%B3t,en.wikipedia.org,wikipedia_internal,20,blōtan,
CASE-0059,adrenochrome,Adrenochrome,wikipedia_search,https://en.wikipedia.org/wiki/Adrenochrome,en.wikipedia.org,wikipedia_primary,1,Adrenochrome,
CASE-0059,adrenochrome,Adrenochrome,wikipedia_article_links,https://en.wikipedia.org/wiki/Some_Girls_Wander_by_Mistake,en.wikipedia.org,wikipedia_internal,2,Some Girls Wander by Mistake,
CASE-0059,adrenochrome,Adrenochrome,wikipedia_article_links,https://en.wikipedia.org/wiki/Chemical_nomenclature,en.wikipedia.org,wikipedia_internal,3,IUPAC name,
CASE-0059,adrenochrome,Adrenochrome,wikipedia_article_links,https://en.wikipedia.org/wiki/CAS_Registry_Number,en.wikipedia.org,wikipedia_internal,4,CAS Number,
CASE-0059,adrenochrome,Adrenochrome,wikipedia_article_links,https://en.wikipedia.org/wiki/Racemic,en.wikipedia.org,wikipedia_internal,5,racemic,
CASE-0059,adrenochrome,Adrenochrome,wikipedia_article_links,https://en.wikipedia.org/wiki/JSmol,en.wikipedia.org,wikipedia_internal,6,JSmol,
CASE-0059,adrenochrome,Adrenochrome,wikipedia_article_links,https://en.wikipedia.org/wiki/ChEBI,en.wikipedia.org,wikipedia_internal,7,ChEBI,
CASE-0059,adrenochrome,Adrenochrome,wikipedia_article_links,https://en.wikipedia.org/wiki/ChEMBL,en.wikipedia.org,wikipedia_internal,8,ChEMBL,
CASE-0059,adrenochrome,Adrenochrome,wikipedia_article_links,https://en.wikipedia.org/wiki/ChemSpider,en.wikipedia.org,wikipedia_internal,9,ChemSpider,
CASE-0059,adrenochrome,Adrenochrome,wikipedia_article_links,https://en.wikipedia.org/wiki/ECHA_InfoCard,en.wikipedia.org,wikipedia_internal,10,ECHA InfoCard,
CASE-0059,adrenochrome,Adrenochrome,wikipedia_article_links,https://en.wikipedia.org/wiki/European_Community_number,en.wikipedia.org,wikipedia_internal,11,EC Number,
CASE-0059,adrenochrome,Adrenochrome,wikipedia_article_links,https://en.wikipedia.org/wiki/PubChem,en.wikipedia.org,wikipedia_internal,12,PubChem,
CASE-0059,adrenochrome,Adrenochrome,wikipedia_article_links,https://en.wikipedia.org/wiki/Unique_Ingredient_Identifier,en.wikipedia.org,wikipedia_internal,13,UNII,
CASE-0059,adrenochrome,Adrenochrome,wikipedia_article_links,https://en.wikipedia.org/wiki/CompTox_Chemicals_Dashboard,en.wikipedia.org,wikipedia_internal,14,CompTox Dashboard,
CASE-0059,adrenochrome,Adrenochrome,wikipedia_article_links,https://en.wikipedia.org/wiki/International_Chemical_Identifier,en.wikipedia.org,wikipedia_internal,15,InChI,
CASE-0059,adrenochrome,Adrenochrome,wikipedia_article_links,https://en.wikipedia.org/wiki/Simplified_molecular-input_line-entry_system,en.wikipedia.org,wikipedia_internal,16,SMILES,
CASE-0059,adrenochrome,Adrenochrome,wikipedia_article_links,https://en.wikipedia.org/wiki/Chemical_formula,en.wikipedia.org,wikipedia_internal,17,Chemical formula,
CASE-0059,adrenochrome,Adrenochrome,wikipedia_article_links,https://en.wikipedia.org/wiki/Molar_mass,en.wikipedia.org,wikipedia_internal,18,Molar mass,
CASE-0059,adrenochrome,Adrenochrome,wikipedia_article_links,https://en.wikipedia.org/wiki/Density,en.wikipedia.org,wikipedia_internal,19,Density,
CASE-0059,adrenochrome,Adrenochrome,wikipedia_article_links,https://en.wikipedia.org/wiki/Boiling_point,en.wikipedia.org,wikipedia_internal,20,Boiling point,
CASE-0060,third temple,Third Temple,wikipedia_search,https://en.wikipedia.org/wiki/Third_Temple,en.wikipedia.org,wikipedia_primary,1,Third Temple,
CASE-0060,third temple,Third Temple,wikipedia_article_links,https://en.wikipedia.org/wiki/Herod%27s_Temple,en.wikipedia.org,wikipedia_internal,2,Herod's Temple,
CASE-0060,third temple,Third Temple,wikipedia_article_links,https://en.wikipedia.org/wiki/Yishai_Sarid#Published_works,en.wikipedia.org,wikipedia_internal,3,Yishai Sarid § Published works,
CASE-0060,third temple,Third Temple,wikipedia_article_links,https://en.wikipedia.org/wiki/Ezekiel%27s_Temple,en.wikipedia.org,wikipedia_internal,4,Ezekiel's Temple,
CASE-0060,third temple,Third Temple,wikipedia_article_links,https://en.wikipedia.org/wiki/Hebrew_language,en.wikipedia.org,wikipedia_internal,5,Hebrew,
CASE-0060,third temple,Third Temple,wikipedia_article_links,https://en.wikipedia.org/wiki/Temple_in_Jerusalem,en.wikipedia.org,wikipedia_internal,6,Temple in Jerusalem,
CASE-0060,third temple,Third Temple,wikipedia_article_links,https://en.wikipedia.org/wiki/First_Temple,en.wikipedia.org,wikipedia_internal,7,First Temple,
CASE-0060,third temple,Third Temple,wikipedia_article_links,https://en.wikipedia.org/wiki/Second_Temple,en.wikipedia.org,wikipedia_internal,8,Second Temple,
CASE-0060,third temple,Third Temple,wikipedia_article_links,https://en.wikipedia.org/wiki/Siege_of_Jerusalem_(587_BC),en.wikipedia.org,wikipedia_internal,9,Babylonian siege of Jerusalem,
CASE-0060,third temple,Third Temple,wikipedia_article_links,https://en.wikipedia.org/wiki/Siege_of_Jerusalem_(70_CE),en.wikipedia.org,wikipedia_internal,10,Roman siege of Jerusalem,
CASE-0060,third temple,Third Temple,wikipedia_article_links,https://en.wikipedia.org/wiki/Judaism,en.wikipedia.org,wikipedia_internal,11,Judaism,
CASE-0060,third temple,Third Temple,wikipedia_article_links,https://en.wikipedia.org/wiki/Orthodox_Judaism,en.wikipedia.org,wikipedia_internal,12,Orthodox Judaism,
CASE-0060,third temple,Third Temple,wikipedia_article_links,https://en.wikipedia.org/wiki/Jews,en.wikipedia.org,wikipedia_internal,13,Jews,
CASE-0060,third temple,Third Temple,wikipedia_article_links,https://en.wikipedia.org/wiki/Hebrew_Bible,en.wikipedia.org,wikipedia_internal,14,Hebrew Bible,
CASE-0060,third temple,Third Temple,wikipedia_article_links,https://en.wikipedia.org/wiki/Prophets_in_Judaism,en.wikipedia.org,wikipedia_internal,15,Jewish prophets,
CASE-0060,third temple,Third Temple,wikipedia_article_links,https://en.wikipedia.org/wiki/Messianic_Age,en.wikipedia.org,wikipedia_internal,16,Messianic Age,
CASE-0060,third temple,Third Temple,wikipedia_article_links,https://en.wikipedia.org/wiki/Christian_eschatology,en.wikipedia.org,wikipedia_internal,17,Christian eschatology,
CASE-0060,third temple,Third Temple,wikipedia_article_links,https://en.wikipedia.org/wiki/Temple_Mount,en.wikipedia.org,wikipedia_internal,18,Temple Mount,
CASE-0060,third temple,Third Temple,wikipedia_article_links,https://en.wikipedia.org/wiki/Old_City_of_Jerusalem,en.wikipedia.org,wikipedia_internal,19,Old City of Jerusalem,
CASE-0060,third temple,Third Temple,wikipedia_article_links,https://en.wikipedia.org/wiki/Israel,en.wikipedia.org,wikipedia_internal,20,Israel,
CASE-0061,Operation Gladio,Operation Gladio,wikipedia_search,https://en.wikipedia.org/wiki/Operation_Gladio,en.wikipedia.org,wikipedia_primary,1,Operation Gladio,
CASE-0061,Operation Gladio,Operation Gladio,wikipedia_article_links,https://en.wikipedia.org/wiki/Gladius,en.wikipedia.org,wikipedia_internal,2,Gladius,
CASE-0061,Operation Gladio,Operation Gladio,wikipedia_article_links,https://en.wikipedia.org/wiki/Cold_War,en.wikipedia.org,wikipedia_internal,3,Cold War,
CASE-0061,Operation Gladio,Operation Gladio,wikipedia_article_links,https://en.wikipedia.org/wiki/Years_of_Lead_(Italy),en.wikipedia.org,wikipedia_internal,4,Years of Lead (Italy),
CASE-0061,Operation Gladio,Operation Gladio,wikipedia_article_links,https://en.wikipedia.org/wiki/SIFAR,en.wikipedia.org,wikipedia_internal,5,SIFAR,
CASE-0061,Operation Gladio,Operation Gladio,wikipedia_article_links,https://en.wikipedia.org/wiki/Western_bloc,en.wikipedia.org,wikipedia_internal,6,Western Europe,
CASE-0061,Operation Gladio,Operation Gladio,wikipedia_article_links,https://en.wikipedia.org/wiki/Warsaw_Pact,en.wikipedia.org,wikipedia_internal,7,Warsaw Pact,
CASE-0061,Operation Gladio,Operation Gladio,wikipedia_article_links,https://en.wikipedia.org/wiki/Western_Union_(alliance),en.wikipedia.org,wikipedia_internal,8,Western Union,
CASE-0061,Operation Gladio,Operation Gladio,wikipedia_article_links,https://en.wikipedia.org/wiki/NATO,en.wikipedia.org,wikipedia_internal,9,,
CASE-0061,Operation Gladio,Operation Gladio,wikipedia_article_links,https://en.wikipedia.org/wiki/Supreme_Headquarters_Allied_Powers_Europe,en.wikipedia.org,wikipedia_internal,10,Supreme Headquarters Allied Powers Europe,
CASE-0061,Operation Gladio,Operation Gladio,wikipedia_article_links,https://en.wikipedia.org/wiki/Central_Intelligence_Agency,en.wikipedia.org,wikipedia_internal,11,CIA,
CASE-0061,Operation Gladio,Operation Gladio,wikipedia_article_links,https://en.wikipedia.org/wiki/Federal_Bureau_of_Investigation,en.wikipedia.org,wikipedia_internal,12,FBI,
CASE-0061,Operation Gladio,Operation Gladio,wikipedia_article_links,https://en.wikipedia.org/wiki/Secret_Intelligence_Service,en.wikipedia.org,wikipedia_internal,13,MI6,
CASE-0061,Operation Gladio,Operation Gladio,wikipedia_article_links,https://en.wikipedia.org/wiki/West_Germany,en.wikipedia.org,wikipedia_internal,14,,
CASE-0061,Operation Gladio,Operation Gladio,wikipedia_article_links,https://en.wikipedia.org/wiki/Luxembourg,en.wikipedia.org,wikipedia_internal,15,Luxembourg,
CASE-0061,Operation Gladio,Operation Gladio,wikipedia_article_links,https://en.wikipedia.org/wiki/Greece,en.wikipedia.org,wikipedia_internal,16,Greece,
CASE-0061,Operation Gladio,Operation Gladio,wikipedia_article_links,https://en.wikipedia.org/wiki/Turkey,en.wikipedia.org,wikipedia_internal,17,Turkey,
CASE-0061,Operation Gladio,Operation Gladio,wikipedia_article_links,https://en.wikipedia.org/wiki/Norway,en.wikipedia.org,wikipedia_internal,18,Norway,
CASE-0061,Operation Gladio,Operation Gladio,wikipedia_article_links,https://en.wikipedia.org/wiki/Denmark,en.wikipedia.org,wikipedia_internal,19,Denmark,
CASE-0061,Operation Gladio,Operation Gladio,wikipedia_article_links,https://en.wikipedia.org/wiki/Portugal,en.wikipedia.org,wikipedia_internal,20,Portugal,
CASE-0062,Ruby Ridge,Ruby Ridge standoff,wikipedia_search,https://en.wikipedia.org/wiki/Ruby_Ridge_standoff,en.wikipedia.org,wikipedia_primary,1,Ruby Ridge standoff,
CASE-0062,Ruby Ridge,Ruby Ridge standoff,wikipedia_article_links,https://en.wikipedia.org/wiki/Ruby_Ridge_(disambiguation),en.wikipedia.org,wikipedia_internal,2,Ruby Ridge (disambiguation),
CASE-0062,Ruby Ridge,Ruby Ridge standoff,wikipedia_article_links,"https://en.wikipedia.org/wiki/Naples,_Idaho",en.wikipedia.org,wikipedia_internal,3,"Naples, Idaho",
CASE-0062,Ruby Ridge,Ruby Ridge standoff,wikipedia_article_links,https://en.wikipedia.org/wiki/Randy_Weaver,en.wikipedia.org,wikipedia_internal,4,Randy Weaver,
CASE-0062,Ruby Ridge,Ruby Ridge standoff,wikipedia_article_links,https://en.wikipedia.org/wiki/Federal_government_of_the_United_States,en.wikipedia.org,wikipedia_internal,5,United States,
CASE-0062,Ruby Ridge,Ruby Ridge standoff,wikipedia_article_links,https://en.wikipedia.org/wiki/United_States_Marshals_Service,en.wikipedia.org,wikipedia_internal,6,U.S. Marshals,
CASE-0062,Ruby Ridge,Ruby Ridge standoff,wikipedia_article_links,https://en.wikipedia.org/wiki/United_States_Border_Patrol,en.wikipedia.org,wikipedia_internal,7,USBP,
CASE-0062,Ruby Ridge,Ruby Ridge standoff,wikipedia_article_links,"https://en.wikipedia.org/wiki/Bureau_of_Alcohol,_Tobacco,_Firearms_and_Explosives",en.wikipedia.org,wikipedia_internal,8,ATF,
CASE-0062,Ruby Ridge,Ruby Ridge standoff,wikipedia_article_links,https://en.wikipedia.org/wiki/Federal_Bureau_of_Investigation,en.wikipedia.org,wikipedia_internal,9,FBI,
CASE-0062,Ruby Ridge,Ruby Ridge standoff,wikipedia_article_links,https://en.wikipedia.org/wiki/United_States_Secret_Service,en.wikipedia.org,wikipedia_internal,10,USSS,
CASE-0062,Ruby Ridge,Ruby Ridge standoff,wikipedia_article_links,https://en.wikipedia.org/wiki/Idaho_Army_National_Guard,en.wikipedia.org,wikipedia_internal,11,Idaho Army National Guard,
CASE-0062,Ruby Ridge,Ruby Ridge standoff,wikipedia_article_links,https://en.wikipedia.org/wiki/Idaho,en.wikipedia.org,wikipedia_internal,12,State of Idaho,
CASE-0062,Ruby Ridge,Ruby Ridge standoff,wikipedia_article_links,https://en.wikipedia.org/wiki/Idaho_State_Police,en.wikipedia.org,wikipedia_internal,13,ISP,
CASE-0062,Ruby Ridge,Ruby Ridge standoff,wikipedia_article_links,https://en.wikipedia.org/wiki/United_States,en.wikipedia.org,wikipedia_internal,14,United States,
CASE-0062,Ruby Ridge,Ruby Ridge standoff,wikipedia_article_links,"https://en.wikipedia.org/wiki/Boundary_County,_Idaho",en.wikipedia.org,wikipedia_internal,15,"Boundary County, Idaho",
CASE-0062,Ruby Ridge,Ruby Ridge standoff,wikipedia_article_links,https://en.wikipedia.org/wiki/Arrest_warrant#Bench_warrant,en.wikipedia.org,wikipedia_internal,16,bench warrant,
CASE-0062,Ruby Ridge,Ruby Ridge standoff,wikipedia_article_links,https://en.wikipedia.org/wiki/Failure_to_appear,en.wikipedia.org,wikipedia_internal,17,failure to appear,
CASE-0062,Ruby Ridge,Ruby Ridge standoff,wikipedia_article_links,https://en.wikipedia.org/wiki/Sawed-off_shotgun,en.wikipedia.org,wikipedia_internal,18,sawed-off shotgun,
CASE-0062,Ruby Ridge,Ruby Ridge standoff,wikipedia_article_links,https://en.wikipedia.org/wiki/Law_enforcement,en.wikipedia.org,wikipedia_internal,19,undercover federal informant,
CASE-0062,Ruby Ridge,Ruby Ridge standoff,wikipedia_article_links,https://en.wikipedia.org/wiki/Entrapment,en.wikipedia.org,wikipedia_internal,20,entrapped,
CASE-0063,Bohemian Club,Bohemian Club,wikipedia_search,https://en.wikipedia.org/wiki/Bohemian_Club,en.wikipedia.org,wikipedia_primary,1,Bohemian Club,
CASE-0063,Bohemian Club,Bohemian Club,wikipedia_article_links,https://en.wikipedia.org/wiki/Bohemian_Club_(disambiguation),en.wikipedia.org,wikipedia_internal,2,Bohemian Club (disambiguation),
CASE-0063,Bohemian Club,Bohemian Club,wikipedia_article_links,https://en.wikipedia.org/wiki/Arts,en.wikipedia.org,wikipedia_internal,3,Arts,
CASE-0063,Bohemian Club,Bohemian Club,wikipedia_article_links,https://en.wikipedia.org/wiki/Politics,en.wikipedia.org,wikipedia_internal,4,politics,
CASE-0063,Bohemian Club,Bohemian Club,wikipedia_article_links,https://en.wikipedia.org/wiki/Business,en.wikipedia.org,wikipedia_internal,5,business,
CASE-0063,Bohemian Club,Bohemian Club,wikipedia_article_links,https://en.wikipedia.org/wiki/San_Francisco,en.wikipedia.org,wikipedia_internal,6,San Francisco,
CASE-0063,Bohemian Club,Bohemian Club,wikipedia_article_links,https://en.wikipedia.org/wiki/Gentlemen%27s_club,en.wikipedia.org,wikipedia_internal,7,private club,
CASE-0063,Bohemian Club,Bohemian Club,wikipedia_article_links,"https://en.wikipedia.org/wiki/Nob_Hill,_San_Francisco",en.wikipedia.org,wikipedia_internal,8,Nob Hill,
CASE-0063,Bohemian Club,Bohemian Club,wikipedia_article_links,https://en.wikipedia.org/wiki/Bohemian_Grove,en.wikipedia.org,wikipedia_internal,9,Bohemian Grove,
CASE-0063,Bohemian Club,Bohemian Club,wikipedia_article_links,"https://en.wikipedia.org/wiki/Sonoma_County,_California",en.wikipedia.org,wikipedia_internal,10,Sonoma County,
CASE-0063,Bohemian Club,Bohemian Club,wikipedia_article_links,https://en.wikipedia.org/wiki/UC_Berkeley,en.wikipedia.org,wikipedia_internal,11,Berkeley,
CASE-0063,Bohemian Club,Bohemian Club,wikipedia_article_links,https://en.wikipedia.org/wiki/Stanford,en.wikipedia.org,wikipedia_internal,12,Stanford,
CASE-0063,Bohemian Club,Bohemian Club,wikipedia_article_links,https://en.wikipedia.org/wiki/San_Francisco_Bay_Area,en.wikipedia.org,wikipedia_internal,13,San Francisco Bay Area,
CASE-0063,Bohemian Club,Bohemian Club,wikipedia_article_links,https://en.wikipedia.org/wiki/Membership_discrimination_in_California_clubs#Bohemian_Club,en.wikipedia.org,wikipedia_internal,14,restricted to men only,
CASE-0063,Bohemian Club,Bohemian Club,wikipedia_article_links,https://en.wikipedia.org/wiki/Olympic_Club,en.wikipedia.org,wikipedia_internal,15,Olympic Club,
CASE-0063,Bohemian Club,Bohemian Club,wikipedia_article_links,https://en.wikipedia.org/wiki/Marines_Memorial_Club,en.wikipedia.org,wikipedia_internal,16,Marines Memorial Club,
CASE-0063,Bohemian Club,Bohemian Club,wikipedia_article_links,https://en.wikipedia.org/wiki/Cremation_of_Care,en.wikipedia.org,wikipedia_internal,17,Cremation of Care,
CASE-0063,Bohemian Club,Bohemian Club,wikipedia_article_links,https://en.wikipedia.org/wiki/James_F._Bowman,en.wikipedia.org,wikipedia_internal,18,James F. Bowman,
CASE-0063,Bohemian Club,Bohemian Club,wikipedia_article_links,https://en.wikipedia.org/wiki/List_of_Grove_Plays,en.wikipedia.org,wikipedia_internal,19,Grove Play,
CASE-0063,Bohemian Club,Bohemian Club,wikipedia_article_links,https://en.wikipedia.org/wiki/Nathanial_Brittan_Party_House,en.wikipedia.org,wikipedia_internal,20,Nathanial Brittan Party House,
CASE-0064,UFO disclosure,Disclosure movement,wikipedia_search,https://en.wikipedia.org/wiki/Disclosure_movement,en.wikipedia.org,wikipedia_primary,1,Disclosure movement,
CASE-0064,UFO disclosure,Disclosure movement,wikipedia_article_links,https://en.wikipedia.org/wiki/Luis_Elizondo,en.wikipedia.org,wikipedia_internal,2,Luis Elizondo,
CASE-0064,UFO disclosure,Disclosure movement,wikipedia_article_links,https://en.wikipedia.org/wiki/John_Podesta,en.wikipedia.org,wikipedia_internal,3,John Podesta,
CASE-0064,UFO disclosure,Disclosure movement,wikipedia_article_links,https://en.wikipedia.org/wiki/David_Wilcock,en.wikipedia.org,wikipedia_internal,4,David Wilcock,
CASE-0064,UFO disclosure,Disclosure movement,wikipedia_article_links,https://en.wikipedia.org/wiki/Daniel_Sheehan_(attorney),en.wikipedia.org,wikipedia_internal,5,Daniel Sheehan,
CASE-0064,UFO disclosure,Disclosure movement,wikipedia_article_links,https://en.wikipedia.org/wiki/Steven_Greer,en.wikipedia.org,wikipedia_internal,6,Steven Greer,
CASE-0064,UFO disclosure,Disclosure movement,wikipedia_article_links,https://en.wikipedia.org/wiki/Pentagon_UFO_videos,en.wikipedia.org,wikipedia_internal,7,David Fravor,
CASE-0064,UFO disclosure,Disclosure movement,wikipedia_article_links,https://en.wikipedia.org/wiki/Christopher_Mellon,en.wikipedia.org,wikipedia_internal,8,Christopher Mellon,
CASE-0064,UFO disclosure,Disclosure movement,wikipedia_article_links,https://en.wikipedia.org/wiki/Harry_Reid,en.wikipedia.org,wikipedia_internal,9,Harry Reid,
CASE-0064,UFO disclosure,Disclosure movement,wikipedia_article_links,https://en.wikipedia.org/wiki/Chuck_Schumer,en.wikipedia.org,wikipedia_internal,10,Chuck Schumer,
CASE-0064,UFO disclosure,Disclosure movement,wikipedia_article_links,https://en.wikipedia.org/wiki/Jeremy_Corbell,en.wikipedia.org,wikipedia_internal,11,Jeremy Corbell,
CASE-0064,UFO disclosure,Disclosure movement,wikipedia_article_links,https://en.wikipedia.org/wiki/Secret_space_program,en.wikipedia.org,wikipedia_internal,12,Secret space program,
CASE-0064,UFO disclosure,Disclosure movement,wikipedia_article_links,https://en.wikipedia.org/wiki/Social_movement,en.wikipedia.org,wikipedia_internal,13,social movement,
CASE-0064,UFO disclosure,Disclosure movement,wikipedia_article_links,https://en.wikipedia.org/wiki/UFO_conspiracy_theories,en.wikipedia.org,wikipedia_internal,14,conspiracy theories,
CASE-0064,UFO disclosure,Disclosure movement,wikipedia_article_links,https://en.wikipedia.org/wiki/United_States_Government,en.wikipedia.org,wikipedia_internal,15,United States Government,
CASE-0064,UFO disclosure,Disclosure movement,wikipedia_article_links,https://en.wikipedia.org/wiki/UFO,en.wikipedia.org,wikipedia_internal,16,UFOs,
CASE-0064,UFO disclosure,Disclosure movement,wikipedia_article_links,https://en.wikipedia.org/wiki/Extraterrestrial_hypothesis,en.wikipedia.org,wikipedia_internal,17,space aliens,
CASE-0064,UFO disclosure,Disclosure movement,wikipedia_article_links,https://en.wikipedia.org/wiki/Interdimensional_hypothesis,en.wikipedia.org,wikipedia_internal,18,"""interdimensional"" beings",
CASE-0064,UFO disclosure,Disclosure movement,wikipedia_article_links,https://en.wikipedia.org/wiki/Space_animal_hypothesis,en.wikipedia.org,wikipedia_internal,19,a novel form of life,
CASE-0064,UFO disclosure,Disclosure movement,wikipedia_article_links,https://en.wikipedia.org/wiki/Demonic_UFO_hypothesis,en.wikipedia.org,wikipedia_internal,20,demons,
CASE-0065,Montauk Project,Montauk Project,wikipedia_search,https://en.wikipedia.org/wiki/Montauk_Project,en.wikipedia.org,wikipedia_primary,1,Montauk Project,
CASE-0065,Montauk Project,Montauk Project,wikipedia_article_links,https://en.wikipedia.org/wiki/Conspiracy_theory,en.wikipedia.org,wikipedia_internal,2,conspiracy theory,
CASE-0065,Montauk Project,Montauk Project,wikipedia_article_links,https://en.wikipedia.org/wiki/United_States,en.wikipedia.org,wikipedia_internal,3,United States,
CASE-0065,Montauk Project,Montauk Project,wikipedia_article_links,https://en.wikipedia.org/wiki/Camp_Hero_State_Park,en.wikipedia.org,wikipedia_internal,4,Camp Hero,
CASE-0065,Montauk Project,Montauk Project,wikipedia_article_links,https://en.wikipedia.org/wiki/Montauk_Air_Force_Station,en.wikipedia.org,wikipedia_internal,5,Montauk Air Force Station,
CASE-0065,Montauk Project,Montauk Project,wikipedia_article_links,"https://en.wikipedia.org/wiki/Montauk,_New_York",en.wikipedia.org,wikipedia_internal,6,"Montauk, New York",
CASE-0065,Montauk Project,Montauk Project,wikipedia_article_links,https://en.wikipedia.org/wiki/Psychological_warfare,en.wikipedia.org,wikipedia_internal,7,psychological warfare,
CASE-0065,Montauk Project,Montauk Project,wikipedia_article_links,https://en.wikipedia.org/wiki/Time_travel,en.wikipedia.org,wikipedia_internal,8,time travel,
CASE-0065,Montauk Project,Montauk Project,wikipedia_article_links,https://en.wikipedia.org/wiki/Preston_Nichols,en.wikipedia.org,wikipedia_internal,9,Preston Nichols,
CASE-0065,Montauk Project,Montauk Project,wikipedia_article_links,https://en.wikipedia.org/wiki/UFO,en.wikipedia.org,wikipedia_internal,10,UFO,
CASE-0065,Montauk Project,Montauk Project,wikipedia_article_links,https://en.wikipedia.org/wiki/Jacques_Vall%C3%A9e,en.wikipedia.org,wikipedia_internal,11,Jacques Vallée,
CASE-0065,Montauk Project,Montauk Project,wikipedia_article_links,https://en.wikipedia.org/wiki/Repressed_memory,en.wikipedia.org,wikipedia_internal,12,repressed memories,
CASE-0065,Montauk Project,Montauk Project,wikipedia_article_links,"https://en.wikipedia.org/wiki/Long_Island,_New_York",en.wikipedia.org,wikipedia_internal,13,"Long Island, New York",
CASE-0065,Montauk Project,Montauk Project,wikipedia_article_links,https://en.wikipedia.org/wiki/Parapsychology,en.wikipedia.org,wikipedia_internal,14,parapsychology,
CASE-0065,Montauk Project,Montauk Project,wikipedia_article_links,https://en.wikipedia.org/wiki/Psychology,en.wikipedia.org,wikipedia_internal,15,psychology,
CASE-0065,Montauk Project,Montauk Project,wikipedia_article_links,https://en.wikipedia.org/wiki/Electrical_engineering,en.wikipedia.org,wikipedia_internal,16,electrical engineering,
CASE-0065,Montauk Project,Montauk Project,wikipedia_article_links,https://en.wikipedia.org/wiki/Moon_landing_conspiracy_theories,en.wikipedia.org,wikipedia_internal,17,faked Apollo Moon landings,
CASE-0065,Montauk Project,Montauk Project,wikipedia_article_links,https://en.wikipedia.org/wiki/Philadelphia_Experiment,en.wikipedia.org,wikipedia_internal,18,Philadelphia Experiment,
CASE-0065,Montauk Project,Montauk Project,wikipedia_article_links,https://en.wikipedia.org/wiki/Montauk_Chronicles,en.wikipedia.org,wikipedia_internal,19,Montauk Chronicles,
CASE-0065,Montauk Project,Montauk Project,wikipedia_article_links,https://en.wikipedia.org/wiki/Philip_K._Dick,en.wikipedia.org,wikipedia_internal,20,Philip K. Dick Film Festival,
CASE-0066,false flag operations,False flag,wikipedia_search,https://en.wikipedia.org/wiki/False_flag,en.wikipedia.org,wikipedia_primary,1,False flag,
CASE-0066,false flag operations,False flag,wikipedia_article_links,https://en.wikipedia.org/wiki/False_Flag_(disambiguation),en.wikipedia.org,wikipedia_internal,2,False Flag (disambiguation),
CASE-0066,false flag operations,False flag,wikipedia_article_links,https://en.wikipedia.org/wiki/Douglas_A-26_Invader,en.wikipedia.org,wikipedia_internal,3,Douglas A-26C Invader,
CASE-0066,false flag operations,False flag,wikipedia_article_links,https://en.wikipedia.org/wiki/Cuban_Revolutionary_Air_and_Air_Defense_Force,en.wikipedia.org,wikipedia_internal,4,Cuban Air Force,
CASE-0066,false flag operations,False flag,wikipedia_article_links,https://en.wikipedia.org/wiki/Bay_of_Pigs_Invasion,en.wikipedia.org,wikipedia_internal,5,Bay of Pigs Invasion,
CASE-0066,false flag operations,False flag,wikipedia_article_links,https://en.wikipedia.org/wiki/Brigade_2506,en.wikipedia.org,wikipedia_internal,6,Brigade 2506,
CASE-0066,false flag operations,False flag,wikipedia_article_links,https://en.wikipedia.org/wiki/Ruse_de_guerre,en.wikipedia.org,wikipedia_internal,7,ruse,
CASE-0066,false flag operations,False flag,wikipedia_article_links,https://en.wikipedia.org/wiki/Naval_warfare,en.wikipedia.org,wikipedia_internal,8,naval warfare,
CASE-0066,false flag operations,False flag,wikipedia_article_links,https://en.wikipedia.org/wiki/Piracy,en.wikipedia.org,wikipedia_internal,9,pirates,
CASE-0066,false flag operations,False flag,wikipedia_article_links,https://en.wikipedia.org/wiki/Privateers,en.wikipedia.org,wikipedia_internal,10,privateers,
CASE-0066,false flag operations,False flag,wikipedia_article_links,https://en.wikipedia.org/wiki/Casus_belli,en.wikipedia.org,wikipedia_internal,11,pretext,
CASE-0066,false flag operations,False flag,wikipedia_article_links,https://en.wikipedia.org/wiki/Non-governmental_organization,en.wikipedia.org,wikipedia_internal,12,nongovernmental organizations,
CASE-0066,false flag operations,False flag,wikipedia_article_links,https://en.wikipedia.org/wiki/Frameup,en.wikipedia.org,wikipedia_internal,13,frameup,
CASE-0066,false flag operations,False flag,wikipedia_article_links,https://en.wikipedia.org/wiki/Military_deception,en.wikipedia.org,wikipedia_internal,14,deceive enemies,
CASE-0066,false flag operations,False flag,wikipedia_article_links,https://en.wikipedia.org/wiki/Perfidy,en.wikipedia.org,wikipedia_internal,15,perfidious,
CASE-0066,false flag operations,False flag,wikipedia_article_links,https://en.wikipedia.org/wiki/Auxiliary_cruiser,en.wikipedia.org,wikipedia_internal,16,Auxiliary cruisers,
CASE-0066,false flag operations,False flag,wikipedia_article_links,https://en.wikipedia.org/wiki/Q-ship,en.wikipedia.org,wikipedia_internal,17,Q-ships,
CASE-0066,false flag operations,False flag,wikipedia_article_links,https://en.wikipedia.org/wiki/RMS_Carmania_(1905),en.wikipedia.org,wikipedia_internal,18,RMS Carmania,
CASE-0066,false flag operations,False flag,wikipedia_article_links,https://en.wikipedia.org/wiki/SMS_Cap_Trafalgar,en.wikipedia.org,wikipedia_internal,19,SMS Cap Trafalgar,
CASE-0066,false flag operations,False flag,wikipedia_article_links,https://en.wikipedia.org/wiki/World_War_II,en.wikipedia.org,wikipedia_internal,20,World War II,
CASE-0067,dead internet theory,Dead Internet theory,wikipedia_search,https://en.wikipedia.org/wiki/Dead_Internet_theory,en.wikipedia.org,wikipedia_primary,1,Dead Internet theory,
CASE-0067,dead internet theory,Dead Internet theory,wikipedia_article_links,https://en.wikipedia.org/wiki/Conspiracy_theory,en.wikipedia.org,wikipedia_internal,2,conspiracy theory,
CASE-0067,dead internet theory,Dead Internet theory,wikipedia_article_links,https://en.wikipedia.org/wiki/Internet,en.wikipedia.org,wikipedia_internal,3,Internet,
CASE-0067,dead internet theory,Dead Internet theory,wikipedia_article_links,https://en.wikipedia.org/wiki/Internet_bot,en.wikipedia.org,wikipedia_internal,4,bot activity,
CASE-0067,dead internet theory,Dead Internet theory,wikipedia_article_links,https://en.wikipedia.org/wiki/Automatically_generated_content,en.wikipedia.org,wikipedia_internal,5,automated content,
CASE-0067,dead internet theory,Dead Internet theory,wikipedia_article_links,https://en.wikipedia.org/wiki/Algorithmic_curation,en.wikipedia.org,wikipedia_internal,6,algorithmic curation,
CASE-0067,dead internet theory,Dead Internet theory,wikipedia_article_links,https://en.wikipedia.org/wiki/Social_bot,en.wikipedia.org,wikipedia_internal,7,social bots,
CASE-0067,dead internet theory,Dead Internet theory,wikipedia_article_links,https://en.wikipedia.org/wiki/AI_boom,en.wikipedia.org,wikipedia_internal,8,AI boom,
CASE-0067,dead internet theory,Dead Internet theory,wikipedia_article_links,https://en.wikipedia.org/wiki/Large_language_model,en.wikipedia.org,wikipedia_internal,9,large language model,
CASE-0067,dead internet theory,Dead Internet theory,wikipedia_article_links,https://en.wikipedia.org/wiki/Chatbots,en.wikipedia.org,wikipedia_internal,10,chatbots,
CASE-0067,dead internet theory,Dead Internet theory,wikipedia_article_links,https://en.wikipedia.org/wiki/Text-to-image_model,en.wikipedia.org,wikipedia_internal,11,text-to-image models,
CASE-0067,dead internet theory,Dead Internet theory,wikipedia_article_links,https://en.wikipedia.org/wiki/Algorithmic_feeds,en.wikipedia.org,wikipedia_internal,12,algorithmic feeds,
CASE-0067,dead internet theory,Dead Internet theory,wikipedia_article_links,https://en.wikipedia.org/wiki/AI_slop,en.wikipedia.org,wikipedia_internal,13,AI slop,
CASE-0067,dead internet theory,Dead Internet theory,wikipedia_article_links,https://en.wikipedia.org/wiki/User-generated_content,en.wikipedia.org,wikipedia_internal,14,user-generated content,
CASE-0067,dead internet theory,Dead Internet theory,wikipedia_article_links,https://en.wikipedia.org/wiki/Generative_content,en.wikipedia.org,wikipedia_internal,15,generative content,
CASE-0067,dead internet theory,Dead Internet theory,wikipedia_article_links,https://en.wikipedia.org/wiki/Wizardchan,en.wikipedia.org,wikipedia_internal,16,Wizardchan,
CASE-0067,dead internet theory,Dead Internet theory,wikipedia_article_links,https://en.wikipedia.org/wiki/The_Atlantic,en.wikipedia.org,wikipedia_internal,17,The Atlantic,
CASE-0067,dead internet theory,Dead Internet theory,wikipedia_article_links,https://en.wikipedia.org/wiki/CRC_Press,en.wikipedia.org,wikipedia_internal,18,CRC Press,
CASE-0067,dead internet theory,Dead Internet theory,wikipedia_article_links,https://en.wikipedia.org/wiki/AI_%26_Society,en.wikipedia.org,wikipedia_internal,19,AI & Society,
CASE-0067,dead internet theory,Dead Internet theory,wikipedia_article_links,https://en.wikipedia.org/wiki/Link_rot,en.wikipedia.org,wikipedia_internal,20,link rot,
CASE-0068,Project Monarch,Cathy O'Brien (conspiracy theorist),wikipedia_search,https://en.wikipedia.org/wiki/Cathy_O%27Brien_%28conspiracy_theorist%29,en.wikipedia.org,wikipedia_primary,1,Cathy O'Brien (conspiracy theorist),
CASE-0068,Project Monarch,Cathy O'Brien (conspiracy theorist),wikipedia_article_links,"https://en.wikipedia.org/wiki/Muskegon,_Michigan",en.wikipedia.org,wikipedia_internal,2,"Muskegon, Michigan",
CASE-0068,Project Monarch,Cathy O'Brien (conspiracy theorist),wikipedia_article_links,https://en.wikipedia.org/wiki/Brainwashing,en.wikipedia.org,wikipedia_internal,3,mind control,
CASE-0068,Project Monarch,Cathy O'Brien (conspiracy theorist),wikipedia_article_links,https://en.wikipedia.org/wiki/CIA,en.wikipedia.org,wikipedia_internal,4,CIA's,
CASE-0068,Project Monarch,Cathy O'Brien (conspiracy theorist),wikipedia_article_links,https://en.wikipedia.org/wiki/Project_MKUltra,en.wikipedia.org,wikipedia_internal,5,Project MKUltra,
CASE-0068,Project Monarch,Cathy O'Brien (conspiracy theorist),wikipedia_article_links,https://en.wikipedia.org/wiki/Project_ARTICHOKE,en.wikipedia.org,wikipedia_internal,6,Project ARTICHOKE,
CASE-0068,Project Monarch,Cathy O'Brien (conspiracy theorist),wikipedia_article_links,https://en.wikipedia.org/wiki/Hypnosis,en.wikipedia.org,wikipedia_internal,7,hypnosis,
CASE-0068,Project Monarch,Cathy O'Brien (conspiracy theorist),wikipedia_article_links,https://en.wikipedia.org/wiki/Satanists,en.wikipedia.org,wikipedia_internal,8,satanists,
CASE-0068,Project Monarch,Cathy O'Brien (conspiracy theorist),wikipedia_article_links,https://en.wikipedia.org/wiki/Sex_slave,en.wikipedia.org,wikipedia_internal,9,sex slave,
CASE-0068,Project Monarch,Cathy O'Brien (conspiracy theorist),wikipedia_article_links,https://en.wikipedia.org/wiki/George_H._W._Bush,en.wikipedia.org,wikipedia_internal,10,George H. W. Bush,
CASE-0068,Project Monarch,Cathy O'Brien (conspiracy theorist),wikipedia_article_links,https://en.wikipedia.org/wiki/Miguel_de_la_Madrid,en.wikipedia.org,wikipedia_internal,11,Miguel de la Madrid,
CASE-0068,Project Monarch,Cathy O'Brien (conspiracy theorist),wikipedia_article_links,https://en.wikipedia.org/wiki/Hologram,en.wikipedia.org,wikipedia_internal,12,holograms,
CASE-0068,Project Monarch,Cathy O'Brien (conspiracy theorist),wikipedia_article_links,https://en.wikipedia.org/wiki/Dissociative_identity_disorder,en.wikipedia.org,wikipedia_internal,13,dissociative identity disorder,
CASE-0068,Project Monarch,Cathy O'Brien (conspiracy theorist),wikipedia_article_links,https://en.wikipedia.org/wiki/Photographic_memory,en.wikipedia.org,wikipedia_internal,14,photographic recall,
CASE-0068,Project Monarch,Cathy O'Brien (conspiracy theorist),wikipedia_article_links,https://en.wikipedia.org/wiki/Satanic_ritual_abuse,en.wikipedia.org,wikipedia_internal,15,satanic ritual abuse,
CASE-0068,Project Monarch,Cathy O'Brien (conspiracy theorist),wikipedia_article_links,https://en.wikipedia.org/wiki/Moral_panic,en.wikipedia.org,wikipedia_internal,16,moral panic,
CASE-0068,Project Monarch,Cathy O'Brien (conspiracy theorist),wikipedia_article_links,https://en.wikipedia.org/wiki/Michael_Barkun,en.wikipedia.org,wikipedia_internal,17,Michael Barkun,
CASE-0068,Project Monarch,Cathy O'Brien (conspiracy theorist),wikipedia_article_links,https://en.wikipedia.org/wiki/Black_helicopter,en.wikipedia.org,wikipedia_internal,18,black helicopter,
CASE-0068,Project Monarch,Cathy O'Brien (conspiracy theorist),wikipedia_article_links,https://en.wikipedia.org/wiki/Jim_Keith,en.wikipedia.org,wikipedia_internal,19,Jim Keith,
CASE-0068,Project Monarch,Cathy O'Brien (conspiracy theorist),wikipedia_article_links,https://en.wikipedia.org/wiki/Jodi_Dean,en.wikipedia.org,wikipedia_internal,20,Jodi Dean,
CASE-0069,targeted individuals,Targeted individual,wikipedia_search,https://en.wikipedia.org/wiki/Targeted_individual,en.wikipedia.org,wikipedia_primary,1,Targeted individual,
CASE-0069,targeted individuals,Targeted individual,wikipedia_article_links,https://en.wikipedia.org/wiki/Gang_stalking,en.wikipedia.org,wikipedia_internal,2,Gang stalking,
CASE-0069,targeted individuals,Targeted individual,wikipedia_article_links,https://en.wikipedia.org/wiki/Mobbing,en.wikipedia.org,wikipedia_internal,3,Mobbing,
CASE-0069,targeted individuals,Targeted individual,wikipedia_article_links,https://en.wikipedia.org/wiki/Targeted_advertising,en.wikipedia.org,wikipedia_internal,4,Targeted advertising,
CASE-0069,targeted individuals,Targeted individual,wikipedia_article_links,https://en.wikipedia.org/wiki/Targeted_killing,en.wikipedia.org,wikipedia_internal,5,Targeted killing,
CASE-0069,targeted individuals,Targeted individual,wikipedia_article_links,https://en.wikipedia.org/wiki/Targeted_surveillance,en.wikipedia.org,wikipedia_internal,6,Targeted surveillance,
CASE-0069,targeted individuals,Targeted individual,wikipedia_article_links,https://en.wikipedia.org/wiki/Electronic_harassment,en.wikipedia.org,wikipedia_internal,7,electronic harassment,
CASE-0070,world government,World government,wikipedia_search,https://en.wikipedia.org/wiki/World_government,en.wikipedia.org,wikipedia_primary,1,World government,
CASE-0070,world government,World government,wikipedia_article_links,https://en.wikipedia.org/wiki/World_government_(disambiguation),en.wikipedia.org,wikipedia_internal,2,World government (disambiguation),
CASE-0070,world government,World government,wikipedia_article_links,https://en.wikipedia.org/wiki/State_(computer_science),en.wikipedia.org,wikipedia_internal,3,State (computer science),
CASE-0070,world government,World government,wikipedia_article_links,https://en.wikipedia.org/wiki/Government,en.wikipedia.org,wikipedia_internal,4,government,
CASE-0070,world government,World government,wikipedia_article_links,https://en.wikipedia.org/wiki/List_of_forms_of_government,en.wikipedia.org,wikipedia_internal,5,List of forms,
CASE-0070,world government,World government,wikipedia_article_links,https://en.wikipedia.org/wiki/List_of_countries_by_system_of_government,en.wikipedia.org,wikipedia_internal,6,List of countries,
CASE-0070,world government,World government,wikipedia_article_links,https://en.wikipedia.org/wiki/Democracy,en.wikipedia.org,wikipedia_internal,7,Democracy,
CASE-0070,world government,World government,wikipedia_article_links,https://en.wikipedia.org/wiki/Polyarchy,en.wikipedia.org,wikipedia_internal,8,rule by many,
CASE-0070,world government,World government,wikipedia_article_links,https://en.wikipedia.org/wiki/Demarchy,en.wikipedia.org,wikipedia_internal,9,Demarchy,
CASE-0070,world government,World government,wikipedia_article_links,https://en.wikipedia.org/wiki/Direct_democracy,en.wikipedia.org,wikipedia_internal,10,Direct,
CASE-0070,world government,World government,wikipedia_article_links,https://en.wikipedia.org/wiki/Economic_democracy,en.wikipedia.org,wikipedia_internal,11,Economic,
CASE-0070,world government,World government,wikipedia_article_links,https://en.wikipedia.org/wiki/Liberal_democracy,en.wikipedia.org,wikipedia_internal,12,Liberal,
CASE-0070,world government,World government,wikipedia_article_links,https://en.wikipedia.org/wiki/Representative_democracy,en.wikipedia.org,wikipedia_internal,13,Representative,
CASE-0070,world government,World government,wikipedia_article_links,https://en.wikipedia.org/wiki/Social_democracy,en.wikipedia.org,wikipedia_internal,14,Social,
CASE-0070,world government,World government,wikipedia_article_links,https://en.wikipedia.org/wiki/Socialist_democracy,en.wikipedia.org,wikipedia_internal,15,Socialist,
CASE-0070,world government,World government,wikipedia_article_links,https://en.wikipedia.org/wiki/Types_of_democracy,en.wikipedia.org,wikipedia_internal,16,Others,
CASE-0070,world government,World government,wikipedia_article_links,https://en.wikipedia.org/wiki/Oligarchy,en.wikipedia.org,wikipedia_internal,17,Oligarchy,
CASE-0070,world government,World government,wikipedia_article_links,https://en.wikipedia.org/wiki/Anocracy,en.wikipedia.org,wikipedia_internal,18,Anocracy,
CASE-0070,world government,World government,wikipedia_article_links,https://en.wikipedia.org/wiki/Aristocracy,en.wikipedia.org,wikipedia_internal,19,Aristocracy,
CASE-0070,world government,World government,wikipedia_article_links,https://en.wikipedia.org/wiki/Broligarchy,en.wikipedia.org,wikipedia_internal,20,Broligarchy,
CASE-0071,Iran Contra,Iran–Contra affair,wikipedia_search,https://en.wikipedia.org/wiki/Iran%E2%80%93Contra_affair,en.wikipedia.org,wikipedia_primary,1,Iran–Contra affair,
CASE-0071,Iran Contra,Iran–Contra affair,wikipedia_article_links,https://en.wikipedia.org/wiki/Iran%E2%80%93Iraq_War,en.wikipedia.org,wikipedia_internal,2,Iran–Iraq War,
CASE-0071,Iran Contra,Iran–Contra affair,wikipedia_article_links,https://en.wikipedia.org/wiki/Cold_War_(1985%E2%80%931991),en.wikipedia.org,wikipedia_internal,3,end of the Cold War,
CASE-0071,Iran Contra,Iran–Contra affair,wikipedia_article_links,https://en.wikipedia.org/wiki/Caspar_Weinberger,en.wikipedia.org,wikipedia_internal,4,Caspar Weinberger,
CASE-0071,Iran Contra,Iran–Contra affair,wikipedia_article_links,https://en.wikipedia.org/wiki/George_Shultz,en.wikipedia.org,wikipedia_internal,5,George Shultz,
CASE-0071,Iran Contra,Iran–Contra affair,wikipedia_article_links,https://en.wikipedia.org/wiki/Ed_Meese,en.wikipedia.org,wikipedia_internal,6,Ed Meese,
CASE-0071,Iran Contra,Iran–Contra affair,wikipedia_article_links,https://en.wikipedia.org/wiki/Donald_Regan,en.wikipedia.org,wikipedia_internal,7,Donald Regan,
CASE-0071,Iran Contra,Iran–Contra affair,wikipedia_article_links,https://en.wikipedia.org/wiki/Oval_Office,en.wikipedia.org,wikipedia_internal,8,Oval Office,
CASE-0071,Iran Contra,Iran–Contra affair,wikipedia_article_links,https://en.wikipedia.org/wiki/Presidency_of_Ronald_Reagan#Administration,en.wikipedia.org,wikipedia_internal,9,Reagan administration,
CASE-0071,Iran Contra,Iran–Contra affair,wikipedia_article_links,https://en.wikipedia.org/wiki/Robert_McFarlane_(American_politician),en.wikipedia.org,wikipedia_internal,10,Robert McFarlane,
CASE-0071,Iran Contra,Iran–Contra affair,wikipedia_article_links,https://en.wikipedia.org/wiki/Hezbollah,en.wikipedia.org,wikipedia_internal,11,Hezbollah,
CASE-0071,Iran Contra,Iran–Contra affair,wikipedia_article_links,https://en.wikipedia.org/wiki/Contras,en.wikipedia.org,wikipedia_internal,12,Contras,
CASE-0071,Iran Contra,Iran–Contra affair,wikipedia_article_links,https://en.wikipedia.org/wiki/Oliver_North,en.wikipedia.org,wikipedia_internal,13,Oliver North,
CASE-0071,Iran Contra,Iran–Contra affair,wikipedia_article_links,https://en.wikipedia.org/wiki/Adnan_Khashoggi,en.wikipedia.org,wikipedia_internal,14,Adnan Khashoggi,
CASE-0071,Iran Contra,Iran–Contra affair,wikipedia_article_links,https://en.wikipedia.org/wiki/Manucher_Ghorbanifar,en.wikipedia.org,wikipedia_internal,15,Manucher Ghorbanifar,
CASE-0071,Iran Contra,Iran–Contra affair,wikipedia_article_links,https://en.wikipedia.org/wiki/John_Poindexter,en.wikipedia.org,wikipedia_internal,16,John Poindexter,
CASE-0071,Iran Contra,Iran–Contra affair,wikipedia_article_links,https://en.wikipedia.org/wiki/Manuel_Noriega,en.wikipedia.org,wikipedia_internal,17,Manuel Noriega,
CASE-0071,Iran Contra,Iran–Contra affair,wikipedia_article_links,https://en.wikipedia.org/wiki/Persian_language,en.wikipedia.org,wikipedia_internal,18,Persian,
CASE-0071,Iran Contra,Iran–Contra affair,wikipedia_article_links,https://en.wikipedia.org/wiki/Spanish_language,en.wikipedia.org,wikipedia_internal,19,Spanish,
CASE-0071,Iran Contra,Iran–Contra affair,wikipedia_article_links,https://en.wikipedia.org/wiki/Political_scandal,en.wikipedia.org,wikipedia_internal,20,political scandal,
CASE-0072,CIA black sites,CIA black sites,wikipedia_search,https://en.wikipedia.org/wiki/CIA_black_sites,en.wikipedia.org,wikipedia_primary,1,CIA black sites,
CASE-0072,CIA black sites,CIA black sites,wikipedia_article_links,https://en.wikipedia.org/wiki/CIA,en.wikipedia.org,wikipedia_internal,2,CIA,
CASE-0072,CIA black sites,CIA black sites,wikipedia_article_links,https://en.wikipedia.org/wiki/Extraordinary_rendition,en.wikipedia.org,wikipedia_internal,3,Detention,
CASE-0072,CIA black sites,CIA black sites,wikipedia_article_links,https://en.wikipedia.org/wiki/Open_Society_Foundations,en.wikipedia.org,wikipedia_internal,4,Open Society Foundations,
CASE-0072,CIA black sites,CIA black sites,wikipedia_article_links,https://en.wikipedia.org/wiki/Torture,en.wikipedia.org,wikipedia_internal,5,torture,
CASE-0072,CIA black sites,CIA black sites,wikipedia_article_links,https://en.wikipedia.org/wiki/September_11_attacks,en.wikipedia.org,wikipedia_internal,6,September 11 attacks,
CASE-0072,CIA black sites,CIA black sites,wikipedia_article_links,https://en.wikipedia.org/wiki/War_on_terror,en.wikipedia.org,wikipedia_internal,7,war on terror,
CASE-0072,CIA black sites,CIA black sites,wikipedia_article_links,https://en.wikipedia.org/wiki/Central_Intelligence_Agency,en.wikipedia.org,wikipedia_internal,8,Central Intelligence Agency,
CASE-0072,CIA black sites,CIA black sites,wikipedia_article_links,https://en.wikipedia.org/wiki/Extrajudicial_punishment,en.wikipedia.org,wikipedia_internal,9,extrajudicial,
CASE-0072,CIA black sites,CIA black sites,wikipedia_article_links,https://en.wikipedia.org/wiki/Black_sites,en.wikipedia.org,wikipedia_internal,10,black sites,
CASE-0072,CIA black sites,CIA black sites,wikipedia_article_links,https://en.wikipedia.org/wiki/Combatant,en.wikipedia.org,wikipedia_internal,11,enemy combatants,
CASE-0072,CIA black sites,CIA black sites,wikipedia_article_links,https://en.wikipedia.org/wiki/Enhanced_interrogation_techniques,en.wikipedia.org,wikipedia_internal,12,enhanced interrogation techniques,
CASE-0072,CIA black sites,CIA black sites,wikipedia_article_links,https://en.wikipedia.org/wiki/Guantanamo_Bay_detention_camp,en.wikipedia.org,wikipedia_internal,13,military prison at Guantanamo Bay,
CASE-0072,CIA black sites,CIA black sites,wikipedia_article_links,https://en.wikipedia.org/wiki/Unlawful_combatant#United_States,en.wikipedia.org,wikipedia_internal,14,illegal enemy combatants,
CASE-0072,CIA black sites,CIA black sites,wikipedia_article_links,"https://en.wikipedia.org/wiki/Detention,_Treatment,_and_Trial_of_Certain_Non-Citizens_in_the_War_Against_Terrorism",en.wikipedia.org,wikipedia_internal,15,a presidential military order,
CASE-0072,CIA black sites,CIA black sites,wikipedia_article_links,https://en.wikipedia.org/wiki/Human_rights,en.wikipedia.org,wikipedia_internal,16,human rights,
CASE-0072,CIA black sites,CIA black sites,wikipedia_article_links,https://en.wikipedia.org/wiki/Non-governmental_organization,en.wikipedia.org,wikipedia_internal,17,organizations,
CASE-0072,CIA black sites,CIA black sites,wikipedia_article_links,https://en.wikipedia.org/wiki/The_Washington_Post,en.wikipedia.org,wikipedia_internal,18,The Washington Post,
CASE-0072,CIA black sites,CIA black sites,wikipedia_article_links,https://en.wikipedia.org/wiki/George_W._Bush,en.wikipedia.org,wikipedia_internal,19,George W. Bush,
CASE-0072,CIA black sites,CIA black sites,wikipedia_article_links,https://en.wikipedia.org/wiki/Presidency_of_George_W._Bush,en.wikipedia.org,wikipedia_internal,20,Bush Administration,
CASE-0073,mass surveillance,Mass surveillance,wikipedia_search,https://en.wikipedia.org/wiki/Mass_surveillance,en.wikipedia.org,wikipedia_primary,1,Mass surveillance,
CASE-0073,mass surveillance,Mass surveillance,wikipedia_article_links,https://en.wikipedia.org/wiki/Global_surveillance,en.wikipedia.org,wikipedia_internal,2,Global surveillance,
CASE-0073,mass surveillance,Mass surveillance,wikipedia_article_links,https://en.wikipedia.org/wiki/Origins_of_global_surveillance,en.wikipedia.org,wikipedia_internal,3,Origins,
CASE-0073,mass surveillance,Mass surveillance,wikipedia_article_links,https://en.wikipedia.org/wiki/Global_surveillance_disclosures_(1970%E2%80%932013),en.wikipedia.org,wikipedia_internal,4,Pre-2013,
CASE-0073,mass surveillance,Mass surveillance,wikipedia_article_links,https://en.wikipedia.org/wiki/Snowden_disclosures,en.wikipedia.org,wikipedia_internal,5,Snowden,
CASE-0073,mass surveillance,Mass surveillance,wikipedia_article_links,https://en.wikipedia.org/wiki/Reactions_to_global_surveillance_disclosures,en.wikipedia.org,wikipedia_internal,6,Reactions,
CASE-0073,mass surveillance,Mass surveillance,wikipedia_article_links,https://en.wikipedia.org/wiki/List_of_government_mass_surveillance_projects,en.wikipedia.org,wikipedia_internal,7,List of government mass surveillance projects,
CASE-0073,mass surveillance,Mass surveillance,wikipedia_article_links,https://en.wikipedia.org/wiki/XKeyscore,en.wikipedia.org,wikipedia_internal,8,XKeyscore,
CASE-0073,mass surveillance,Mass surveillance,wikipedia_article_links,https://en.wikipedia.org/wiki/PRISM,en.wikipedia.org,wikipedia_internal,9,PRISM,
CASE-0073,mass surveillance,Mass surveillance,wikipedia_article_links,https://en.wikipedia.org/wiki/ECHELON,en.wikipedia.org,wikipedia_internal,10,ECHELON,
CASE-0073,mass surveillance,Mass surveillance,wikipedia_article_links,https://en.wikipedia.org/wiki/Sentient_(intelligence_analysis_system),en.wikipedia.org,wikipedia_internal,11,Sentient,
CASE-0073,mass surveillance,Mass surveillance,wikipedia_article_links,https://en.wikipedia.org/wiki/Carnivore_(software),en.wikipedia.org,wikipedia_internal,12,Carnivore,
CASE-0073,mass surveillance,Mass surveillance,wikipedia_article_links,https://en.wikipedia.org/wiki/Dishfire,en.wikipedia.org,wikipedia_internal,13,Dishfire,
CASE-0073,mass surveillance,Mass surveillance,wikipedia_article_links,https://en.wikipedia.org/wiki/Stone_Ghost,en.wikipedia.org,wikipedia_internal,14,Stone Ghost,
CASE-0073,mass surveillance,Mass surveillance,wikipedia_article_links,https://en.wikipedia.org/wiki/Tempora,en.wikipedia.org,wikipedia_internal,15,Tempora,
CASE-0073,mass surveillance,Mass surveillance,wikipedia_article_links,https://en.wikipedia.org/wiki/Frenchelon,en.wikipedia.org,wikipedia_internal,16,Frenchelon,
CASE-0073,mass surveillance,Mass surveillance,wikipedia_article_links,https://en.wikipedia.org/wiki/Fairview_(surveillance_program),en.wikipedia.org,wikipedia_internal,17,Fairview,
CASE-0073,mass surveillance,Mass surveillance,wikipedia_article_links,https://en.wikipedia.org/wiki/MYSTIC_(surveillance_program),en.wikipedia.org,wikipedia_internal,18,MYSTIC,
CASE-0073,mass surveillance,Mass surveillance,wikipedia_article_links,https://en.wikipedia.org/wiki/Digital_Collection_System_Network,en.wikipedia.org,wikipedia_internal,19,DCSN,
CASE-0073,mass surveillance,Mass surveillance,wikipedia_article_links,https://en.wikipedia.org/wiki/Boundless_Informant,en.wikipedia.org,wikipedia_internal,20,Boundless Informant,
CASE-0074,blood moon prophecy,Blood moon prophecy,wikipedia_search,https://en.wikipedia.org/wiki/Blood_moon_prophecy,en.wikipedia.org,wikipedia_primary,1,Blood moon prophecy,
CASE-0074,blood moon prophecy,Blood moon prophecy,wikipedia_article_links,https://en.wikipedia.org/wiki/John_Hagee,en.wikipedia.org,wikipedia_internal,2,John Hagee,
CASE-0074,blood moon prophecy,Blood moon prophecy,wikipedia_article_links,https://en.wikipedia.org/wiki/Mark_Biltz,en.wikipedia.org,wikipedia_internal,3,Mark Biltz,
CASE-0074,blood moon prophecy,Blood moon prophecy,wikipedia_article_links,https://en.wikipedia.org/wiki/Tetrad_(astronomy),en.wikipedia.org,wikipedia_internal,4,tetrad,
CASE-0074,blood moon prophecy,Blood moon prophecy,wikipedia_article_links,https://en.wikipedia.org/wiki/Lunar_eclipse,en.wikipedia.org,wikipedia_internal,5,lunar eclipses,
CASE-0074,blood moon prophecy,Blood moon prophecy,wikipedia_article_links,https://en.wikipedia.org/wiki/Jewish_holidays,en.wikipedia.org,wikipedia_internal,6,Jewish holidays,
CASE-0074,blood moon prophecy,Blood moon prophecy,wikipedia_article_links,https://en.wikipedia.org/wiki/April_2014_lunar_eclipse,en.wikipedia.org,wikipedia_internal,7,April 2014 lunar eclipse,
CASE-0074,blood moon prophecy,Blood moon prophecy,wikipedia_article_links,https://en.wikipedia.org/wiki/Eschatology,en.wikipedia.org,wikipedia_internal,8,end times,
CASE-0074,blood moon prophecy,Blood moon prophecy,wikipedia_article_links,https://en.wikipedia.org/wiki/Book_of_Joel,en.wikipedia.org,wikipedia_internal,9,Book of Joel,
CASE-0074,blood moon prophecy,Blood moon prophecy,wikipedia_article_links,https://en.wikipedia.org/wiki/Acts_2,en.wikipedia.org,wikipedia_internal,10,Acts 2,
CASE-0074,blood moon prophecy,Blood moon prophecy,wikipedia_article_links,https://en.wikipedia.org/wiki/Revelation_6,en.wikipedia.org,wikipedia_internal,11,Revelation 6,
CASE-0074,blood moon prophecy,Blood moon prophecy,wikipedia_article_links,https://en.wikipedia.org/wiki/September_2015_lunar_eclipse,en.wikipedia.org,wikipedia_internal,12,"lunar eclipse on September 27–28, 2015",
CASE-0074,blood moon prophecy,Blood moon prophecy,wikipedia_article_links,https://en.wikipedia.org/wiki/Rayleigh_scattering,en.wikipedia.org,wikipedia_internal,13,Rayleigh scattering,
CASE-0074,blood moon prophecy,Blood moon prophecy,wikipedia_article_links,https://en.wikipedia.org/wiki/Earth%27s_atmosphere,en.wikipedia.org,wikipedia_internal,14,Earth's atmosphere,
CASE-0074,blood moon prophecy,Blood moon prophecy,wikipedia_article_links,https://en.wikipedia.org/wiki/October_2014_lunar_eclipse,en.wikipedia.org,wikipedia_internal,15,2014 Oct 08 (Saros 127),
CASE-0074,blood moon prophecy,Blood moon prophecy,wikipedia_article_links,https://en.wikipedia.org/wiki/April_2015_lunar_eclipse,en.wikipedia.org,wikipedia_internal,16,2015 Apr 04 (Saros 132),
CASE-0074,blood moon prophecy,Blood moon prophecy,wikipedia_article_links,https://en.wikipedia.org/wiki/Blood_Moon_(eclipse),en.wikipedia.org,wikipedia_internal,17,blood moon,
CASE-0074,blood moon prophecy,Blood moon prophecy,wikipedia_article_links,https://en.wikipedia.org/wiki/Saint_Peter,en.wikipedia.org,wikipedia_internal,18,Peter,
CASE-0074,blood moon prophecy,Blood moon prophecy,wikipedia_article_links,https://en.wikipedia.org/wiki/Pentecost,en.wikipedia.org,wikipedia_internal,19,Pentecost,
CASE-0074,blood moon prophecy,Blood moon prophecy,wikipedia_article_links,https://en.wikipedia.org/wiki/Acts_of_the_Apostles,en.wikipedia.org,wikipedia_internal,20,Acts,
CASE-0075,ancient aliens,Ancient Aliens,wikipedia_search,https://en.wikipedia.org/wiki/Ancient_Aliens,en.wikipedia.org,wikipedia_primary,1,Ancient Aliens,
CASE-0075,ancient aliens,Ancient Aliens,wikipedia_article_links,https://en.wikipedia.org/wiki/Ancient_astronauts,en.wikipedia.org,wikipedia_internal,2,Ancient astronauts,
CASE-0075,ancient aliens,Ancient Aliens,wikipedia_article_links,https://en.wikipedia.org/wiki/Ancient_Aliens_(song),en.wikipedia.org,wikipedia_internal,3,Ancient Aliens (song),
CASE-0075,ancient aliens,Ancient Aliens,wikipedia_article_links,https://en.wikipedia.org/wiki/Pseudoscience,en.wikipedia.org,wikipedia_internal,4,Pseudoscience,
CASE-0075,ancient aliens,Ancient Aliens,wikipedia_article_links,https://en.wikipedia.org/wiki/Pseudohistory,en.wikipedia.org,wikipedia_internal,5,Pseudohistory,
CASE-0075,ancient aliens,Ancient Aliens,wikipedia_article_links,https://en.wikipedia.org/wiki/Ufology,en.wikipedia.org,wikipedia_internal,6,Ufology,
CASE-0075,ancient aliens,Ancient Aliens,wikipedia_article_links,https://en.wikipedia.org/wiki/Conspiracy_theory,en.wikipedia.org,wikipedia_internal,7,Conspiracy theory,
CASE-0075,ancient aliens,Ancient Aliens,wikipedia_article_links,https://en.wikipedia.org/wiki/Robert_Clotworthy,en.wikipedia.org,wikipedia_internal,8,Robert Clotworthy,
CASE-0075,ancient aliens,Ancient Aliens,wikipedia_article_links,https://en.wikipedia.org/wiki/List_of_Ancient_Aliens_episodes,en.wikipedia.org,wikipedia_internal,9,list of episodes,
CASE-0075,ancient aliens,Ancient Aliens,wikipedia_article_links,https://en.wikipedia.org/wiki/Kevin_Burns,en.wikipedia.org,wikipedia_internal,10,Kevin Burns,
CASE-0075,ancient aliens,Ancient Aliens,wikipedia_article_links,https://en.wikipedia.org/wiki/Giorgio_A._Tsoukalos,en.wikipedia.org,wikipedia_internal,11,Giorgio A. Tsoukalos,
CASE-0075,ancient aliens,Ancient Aliens,wikipedia_article_links,https://en.wikipedia.org/wiki/Multiple-camera_setup,en.wikipedia.org,wikipedia_internal,12,Multiple,
CASE-0075,ancient aliens,Ancient Aliens,wikipedia_article_links,https://en.wikipedia.org/wiki/Prometheus_Entertainment,en.wikipedia.org,wikipedia_internal,13,Prometheus Entertainment,
CASE-0075,ancient aliens,Ancient Aliens,wikipedia_article_links,https://en.wikipedia.org/wiki/History_Channel,en.wikipedia.org,wikipedia_internal,14,History Channel,
CASE-0075,ancient aliens,Ancient Aliens,wikipedia_article_links,https://en.wikipedia.org/wiki/Pseudoscientific,en.wikipedia.org,wikipedia_internal,15,pseudoscientific,
CASE-0075,ancient aliens,Ancient Aliens,wikipedia_article_links,https://en.wikipedia.org/wiki/Pseudohistoric,en.wikipedia.org,wikipedia_internal,16,pseudohistoric,
CASE-0075,ancient aliens,Ancient Aliens,wikipedia_article_links,https://en.wikipedia.org/wiki/Atlantis,en.wikipedia.org,wikipedia_internal,17,Atlantis,
CASE-0075,ancient aliens,Ancient Aliens,wikipedia_article_links,https://en.wikipedia.org/wiki/Potential_cultural_impact_of_extraterrestrial_contact,en.wikipedia.org,wikipedia_internal,18,extraterrestrial contact,
CASE-0075,ancient aliens,Ancient Aliens,wikipedia_article_links,https://en.wikipedia.org/wiki/Conspiracy_theories,en.wikipedia.org,wikipedia_internal,19,conspiracy theories,
CASE-0075,ancient aliens,Ancient Aliens,wikipedia_article_links,https://en.wikipedia.org/wiki/History_(American_TV_network),en.wikipedia.org,wikipedia_internal,20,History,
CASE-0076,geoengineering,Geoengineering,wikipedia_search,https://en.wikipedia.org/wiki/Geoengineering,en.wikipedia.org,wikipedia_primary,1,Geoengineering,
CASE-0076,geoengineering,Geoengineering,wikipedia_article_links,https://en.wikipedia.org/wiki/Weather_modification,en.wikipedia.org,wikipedia_internal,2,Weather modification,
CASE-0076,geoengineering,Geoengineering,wikipedia_article_links,https://en.wikipedia.org/wiki/Geoengineering_(disambiguation),en.wikipedia.org,wikipedia_internal,3,Geoengineering (disambiguation),
CASE-0076,geoengineering,Geoengineering,wikipedia_article_links,https://en.wikipedia.org/wiki/Solar_radiation_modification,en.wikipedia.org,wikipedia_internal,4,Solar radiation modification,
CASE-0076,geoengineering,Geoengineering,wikipedia_article_links,https://en.wikipedia.org/wiki/Reforestation,en.wikipedia.org,wikipedia_internal,5,reforestation,
CASE-0076,geoengineering,Geoengineering,wikipedia_article_links,https://en.wikipedia.org/wiki/Marine_cloud_brightening,en.wikipedia.org,wikipedia_internal,6,marine cloud brightening,
CASE-0076,geoengineering,Geoengineering,wikipedia_article_links,https://en.wikipedia.org/wiki/Space_mirror,en.wikipedia.org,wikipedia_internal,7,space mirror,
CASE-0076,geoengineering,Geoengineering,wikipedia_article_links,https://en.wikipedia.org/wiki/Climate_change,en.wikipedia.org,wikipedia_internal,8,climate change,
CASE-0076,geoengineering,Geoengineering,wikipedia_article_links,https://en.wikipedia.org/wiki/Carbon_dioxide_removal,en.wikipedia.org,wikipedia_internal,9,carbon dioxide removal,
CASE-0076,geoengineering,Geoengineering,wikipedia_article_links,https://en.wikipedia.org/wiki/Carbon_dioxide,en.wikipedia.org,wikipedia_internal,10,carbon dioxide,
CASE-0076,geoengineering,Geoengineering,wikipedia_article_links,https://en.wikipedia.org/wiki/Climate_change_mitigation,en.wikipedia.org,wikipedia_internal,11,climate change mitigation,
CASE-0076,geoengineering,Geoengineering,wikipedia_article_links,https://en.wikipedia.org/wiki/Solar_irradiance,en.wikipedia.org,wikipedia_internal,12,sunlight (solar radiation),
CASE-0076,geoengineering,Geoengineering,wikipedia_article_links,"https://en.wikipedia.org/wiki/National_Academies_of_Sciences,_Engineering,_and_Medicine",en.wikipedia.org,wikipedia_internal,13,"US National Academies of Sciences, Engineering, and Medicine",
CASE-0076,geoengineering,Geoengineering,wikipedia_article_links,https://en.wikipedia.org/wiki/Royal_Society,en.wikipedia.org,wikipedia_internal,14,Royal Society,
CASE-0076,geoengineering,Geoengineering,wikipedia_article_links,https://en.wikipedia.org/wiki/UNESCO,en.wikipedia.org,wikipedia_internal,15,UNESCO,
CASE-0076,geoengineering,Geoengineering,wikipedia_article_links,https://en.wikipedia.org/wiki/World_Climate_Research_Programme,en.wikipedia.org,wikipedia_internal,16,World Climate Research Programme,
CASE-0076,geoengineering,Geoengineering,wikipedia_article_links,https://en.wikipedia.org/wiki/Tree_planting,en.wikipedia.org,wikipedia_internal,17,Planting trees,
CASE-0076,geoengineering,Geoengineering,wikipedia_article_links,https://en.wikipedia.org/wiki/Nature-based_solutions,en.wikipedia.org,wikipedia_internal,18,nature-based,
CASE-0076,geoengineering,Geoengineering,wikipedia_article_links,https://en.wikipedia.org/wiki/Earth%27s_atmosphere,en.wikipedia.org,wikipedia_internal,19,Earth's atmosphere,
CASE-0076,geoengineering,Geoengineering,wikipedia_article_links,https://en.wikipedia.org/wiki/Human_behavior,en.wikipedia.org,wikipedia_internal,20,human activities,
CASE-0077,crisis actors,Crisis actor,wikipedia_search,https://en.wikipedia.org/wiki/Crisis_actor,en.wikipedia.org,wikipedia_primary,1,Crisis actor,
CASE-0077,crisis actors,Crisis actor,wikipedia_article_links,https://en.wikipedia.org/wiki/Spirit_Phone,en.wikipedia.org,wikipedia_internal,2,Spirit Phone,
CASE-0077,crisis actors,Crisis actor,wikipedia_article_links,https://en.wikipedia.org/wiki/Crisis_Actors_(short_story),en.wikipedia.org,wikipedia_internal,3,Crisis Actors (short story),
CASE-0077,crisis actors,Crisis actor,wikipedia_article_links,https://en.wikipedia.org/wiki/Emergency_medical_technician,en.wikipedia.org,wikipedia_internal,4,Emergency medical technicians,
CASE-0077,crisis actors,Crisis actor,wikipedia_article_links,https://en.wikipedia.org/wiki/96th_Test_Wing#Units,en.wikipedia.org,wikipedia_internal,5,96th Medical Group,
CASE-0077,crisis actors,Crisis actor,wikipedia_article_links,https://en.wikipedia.org/wiki/Airman,en.wikipedia.org,wikipedia_internal,6,airman,
CASE-0077,crisis actors,Crisis actor,wikipedia_article_links,https://en.wikipedia.org/wiki/Eglin_Air_Force_Base,en.wikipedia.org,wikipedia_internal,7,Eglin Air Force Base,
CASE-0077,crisis actors,Crisis actor,wikipedia_article_links,https://en.wikipedia.org/wiki/Florida,en.wikipedia.org,wikipedia_internal,8,Florida,
CASE-0077,crisis actors,Crisis actor,wikipedia_article_links,https://en.wikipedia.org/wiki/Actor,en.wikipedia.org,wikipedia_internal,9,actor,
CASE-0077,crisis actors,Crisis actor,wikipedia_article_links,https://en.wikipedia.org/wiki/Safety_drill,en.wikipedia.org,wikipedia_internal,10,emergency drills,
CASE-0077,crisis actors,Crisis actor,wikipedia_article_links,https://en.wikipedia.org/wiki/First_responder,en.wikipedia.org,wikipedia_internal,11,first responders,
CASE-0077,crisis actors,Crisis actor,wikipedia_article_links,https://en.wikipedia.org/wiki/Police_officer,en.wikipedia.org,wikipedia_internal,12,police,
CASE-0077,crisis actors,Crisis actor,wikipedia_article_links,https://en.wikipedia.org/wiki/Firefighter,en.wikipedia.org,wikipedia_internal,13,firefighters,
CASE-0077,crisis actors,Crisis actor,wikipedia_article_links,https://en.wikipedia.org/wiki/Conspiracy_theory,en.wikipedia.org,wikipedia_internal,14,conspiracy theorists,
CASE-0077,crisis actors,Crisis actor,wikipedia_article_links,https://en.wikipedia.org/wiki/Gun_control,en.wikipedia.org,wikipedia_internal,15,gun control,
CASE-0077,crisis actors,Crisis actor,wikipedia_article_links,https://en.wikipedia.org/wiki/Cosmetics,en.wikipedia.org,wikipedia_internal,16,makeup,
CASE-0077,crisis actors,Crisis actor,wikipedia_article_links,https://en.wikipedia.org/wiki/Moulage,en.wikipedia.org,wikipedia_internal,17,medical moulage,
CASE-0077,crisis actors,Crisis actor,wikipedia_article_links,https://en.wikipedia.org/wiki/Emergency_operations_center,en.wikipedia.org,wikipedia_internal,18,emergency operations center,
CASE-0077,crisis actors,Crisis actor,wikipedia_article_links,https://en.wikipedia.org/wiki/United_States,en.wikipedia.org,wikipedia_internal,19,United States,
CASE-0077,crisis actors,Crisis actor,wikipedia_article_links,https://en.wikipedia.org/wiki/Mass_shootings_in_the_United_States,en.wikipedia.org,wikipedia_internal,20,mass shootings,
CASE-0078,Rothschild banking,Rothschild family,wikipedia_search,https://en.wikipedia.org/wiki/Rothschild_family,en.wikipedia.org,wikipedia_primary,1,Rothschild family,
CASE-0078,Rothschild banking,Rothschild family,wikipedia_article_links,https://en.wikipedia.org/wiki/The_House_of_Rothschild,en.wikipedia.org,wikipedia_internal,2,The House of Rothschild,
CASE-0078,Rothschild banking,Rothschild family,wikipedia_article_links,https://en.wikipedia.org/wiki/List_of_European_Jewish_nobility,en.wikipedia.org,wikipedia_internal,3,Jewish noble,
CASE-0078,Rothschild banking,Rothschild family,wikipedia_article_links,https://en.wikipedia.org/wiki/Banking_family,en.wikipedia.org,wikipedia_internal,4,banking family,
CASE-0078,Rothschild banking,Rothschild family,wikipedia_article_links,"https://en.wikipedia.org/wiki/Francis_II,_Holy_Roman_Emperor",en.wikipedia.org,wikipedia_internal,5,Francis I of Austria,
CASE-0078,Rothschild banking,Rothschild family,wikipedia_article_links,https://en.wikipedia.org/wiki/Rothschild,en.wikipedia.org,wikipedia_internal,6,Rothschild,
CASE-0078,Rothschild banking,Rothschild family,wikipedia_article_links,https://en.wikipedia.org/wiki/High_German_language,en.wikipedia.org,wikipedia_internal,7,German,
CASE-0078,Rothschild banking,Rothschild family,wikipedia_article_links,https://en.wikipedia.org/wiki/Frankfurter_Judengasse,en.wikipedia.org,wikipedia_internal,8,Frankfurter Judengasse,
CASE-0078,Rothschild banking,Rothschild family,wikipedia_article_links,https://en.wikipedia.org/wiki/Free_City_of_Frankfurt,en.wikipedia.org,wikipedia_internal,9,Frankfurt,
CASE-0078,Rothschild banking,Rothschild family,wikipedia_article_links,https://en.wikipedia.org/wiki/Holy_Roman_Empire,en.wikipedia.org,wikipedia_internal,10,Holy Roman Empire,
CASE-0078,Rothschild banking,Rothschild family,wikipedia_article_links,"https://en.wikipedia.org/wiki/Nathaniel_Rothschild,_5th_Baron_Rothschild",en.wikipedia.org,wikipedia_internal,11,"Nathaniel Rothschild, 5th Baron Rothschild",
CASE-0078,Rothschild banking,Rothschild family,wikipedia_article_links,"https://en.wikipedia.org/wiki/Baron_Rothschild#Rothschild_baronets,_of_Tring_Park_(1847)",en.wikipedia.org,wikipedia_internal,12,"Baronet, of Tring Park",
CASE-0078,Rothschild banking,Rothschild family,wikipedia_article_links,https://en.wikipedia.org/wiki/Baron_Rothschild,en.wikipedia.org,wikipedia_internal,13,Baron Rothschild,
CASE-0078,Rothschild banking,Rothschild family,wikipedia_article_links,https://en.wikipedia.org/wiki/Go%C3%BBt_Rothschild,en.wikipedia.org,wikipedia_internal,14,Goût Rothschild,
CASE-0078,Rothschild banking,Rothschild family,wikipedia_article_links,https://en.wikipedia.org/wiki/Latin_language,en.wikipedia.org,wikipedia_internal,15,Latin,
CASE-0078,Rothschild banking,Rothschild family,wikipedia_article_links,https://en.wikipedia.org/wiki/Rothschild_family_residences,en.wikipedia.org,wikipedia_internal,16,Family residences,
CASE-0078,Rothschild banking,Rothschild family,wikipedia_article_links,https://en.wikipedia.org/wiki/Rothschild_properties_in_the_home_counties,en.wikipedia.org,wikipedia_internal,17,British properties,
CASE-0078,Rothschild banking,Rothschild family,wikipedia_article_links,https://en.wikipedia.org/wiki/Palais_Rothschild,en.wikipedia.org,wikipedia_internal,18,Palais Rothschild,
CASE-0078,Rothschild banking,Rothschild family,wikipedia_article_links,https://en.wikipedia.org/wiki/Rothschild_banking_family_of_Austria,en.wikipedia.org,wikipedia_internal,19,Austrian branch,
CASE-0078,Rothschild banking,Rothschild family,wikipedia_article_links,https://en.wikipedia.org/wiki/Rothschild_banking_family_of_England,en.wikipedia.org,wikipedia_internal,20,English branch,
CASE-0079,Protocols of Zion,The Protocols of the Elders of Zion,wikipedia_search,https://en.wikipedia.org/wiki/The_Protocols_of_the_Elders_of_Zion,en.wikipedia.org,wikipedia_primary,1,The Protocols of the Elders of Zion,
CASE-0079,Protocols of Zion,The Protocols of the Elders of Zion,wikipedia_article_links,https://en.wikipedia.org/wiki/Protocols_of_Zion_(film),en.wikipedia.org,wikipedia_internal,2,Protocols of Zion (film),
CASE-0079,Protocols of Zion,The Protocols of the Elders of Zion,wikipedia_article_links,https://en.wikipedia.org/wiki/International_Jewish_conspiracy,en.wikipedia.org,wikipedia_internal,3,Antisemitic conspiracy theory,
CASE-0079,Protocols of Zion,The Protocols of the Elders of Zion,wikipedia_article_links,https://en.wikipedia.org/wiki/Znamya_(newspaper),en.wikipedia.org,wikipedia_internal,4,Znamya,
CASE-0079,Protocols of Zion,The Protocols of the Elders of Zion,wikipedia_article_links,https://en.wikipedia.org/wiki/Russian_Empire,en.wikipedia.org,wikipedia_internal,5,Russian Empire,
CASE-0079,Protocols of Zion,The Protocols of the Elders of Zion,wikipedia_article_links,https://en.wikipedia.org/wiki/Serial_(literature),en.wikipedia.org,wikipedia_internal,6,newspaper serialization,
CASE-0079,Protocols of Zion,The Protocols of the Elders of Zion,wikipedia_article_links,https://en.wikipedia.org/wiki/Dewey_Decimal_Classification,en.wikipedia.org,wikipedia_internal,7,Dewey Decimal,
CASE-0079,Protocols of Zion,The Protocols of the Elders of Zion,wikipedia_article_links,https://en.wikipedia.org/wiki/LCC_(identifier),en.wikipedia.org,wikipedia_internal,8,LC Class,
CASE-0079,Protocols of Zion,The Protocols of the Elders of Zion,wikipedia_article_links,https://en.wikipedia.org/wiki/Antisemitic,en.wikipedia.org,wikipedia_internal,9,antisemitic,
CASE-0079,Protocols of Zion,The Protocols of the Elders of Zion,wikipedia_article_links,https://en.wikipedia.org/wiki/Black_propaganda,en.wikipedia.org,wikipedia_internal,10,black propaganda,
CASE-0079,Protocols of Zion,The Protocols of the Elders of Zion,wikipedia_article_links,https://en.wikipedia.org/wiki/The_Times,en.wikipedia.org,wikipedia_internal,11,The Times,
CASE-0079,Protocols of Zion,The Protocols of the Elders of Zion,wikipedia_article_links,https://en.wikipedia.org/wiki/Frankfurter_Zeitung,en.wikipedia.org,wikipedia_internal,12,Frankfurter Zeitung,
CASE-0079,Protocols of Zion,The Protocols of the Elders of Zion,wikipedia_article_links,https://en.wikipedia.org/wiki/Nazi_Germany,en.wikipedia.org,wikipedia_internal,13,Nazi Germany,
CASE-0079,Protocols of Zion,The Protocols of the Elders of Zion,wikipedia_article_links,https://en.wikipedia.org/wiki/Antisemitism,en.wikipedia.org,wikipedia_internal,14,antisemitic,
CASE-0079,Protocols of Zion,The Protocols of the Elders of Zion,wikipedia_article_links,https://en.wikipedia.org/wiki/Yellow_badge,en.wikipedia.org,wikipedia_internal,15,,
CASE-0079,Protocols of Zion,The Protocols of the Elders of Zion,wikipedia_article_links,https://en.wikipedia.org/wiki/Jewish_history,en.wikipedia.org,wikipedia_internal,16,Jewish history,
CASE-0079,Protocols of Zion,The Protocols of the Elders of Zion,wikipedia_article_links,https://en.wikipedia.org/wiki/Discrimination,en.wikipedia.org,wikipedia_internal,17,discrimination,
CASE-0079,Protocols of Zion,The Protocols of the Elders of Zion,wikipedia_article_links,https://en.wikipedia.org/wiki/History_of_antisemitism,en.wikipedia.org,wikipedia_internal,18,History,
CASE-0079,Protocols of Zion,The Protocols of the Elders of Zion,wikipedia_article_links,https://en.wikipedia.org/wiki/Timeline_of_antisemitism,en.wikipedia.org,wikipedia_internal,19,Timeline,
CASE-0079,Protocols of Zion,The Protocols of the Elders of Zion,wikipedia_article_links,https://en.wikipedia.org/wiki/List_of_writers_on_antisemitism,en.wikipedia.org,wikipedia_internal,20,Reference,
CASE-0080,Nikola Tesla conspiracy,Free energy suppression conspiracy theory,wikipedia_search,https://en.wikipedia.org/wiki/Free_energy_suppression_conspiracy_theory,en.wikipedia.org,wikipedia_primary,1,Free energy suppression conspiracy theory,
CASE-0080,Nikola Tesla conspiracy,Free energy suppression conspiracy theory,wikipedia_article_links,https://en.wikipedia.org/wiki/Conspiracy_theory,en.wikipedia.org,wikipedia_internal,2,conspiracy theory,
CASE-0080,Nikola Tesla conspiracy,Free energy suppression conspiracy theory,wikipedia_article_links,https://en.wikipedia.org/wiki/Energy_source,en.wikipedia.org,wikipedia_internal,3,energy sources,
CASE-0080,Nikola Tesla conspiracy,Free energy suppression conspiracy theory,wikipedia_article_links,https://en.wikipedia.org/wiki/Advocacy_groups,en.wikipedia.org,wikipedia_internal,4,advocacy groups,
CASE-0080,Nikola Tesla conspiracy,Free energy suppression conspiracy theory,wikipedia_article_links,https://en.wikipedia.org/wiki/Perpetual_motion,en.wikipedia.org,wikipedia_internal,5,perpetual motion,
CASE-0080,Nikola Tesla conspiracy,Free energy suppression conspiracy theory,wikipedia_article_links,https://en.wikipedia.org/wiki/Cold_fusion,en.wikipedia.org,wikipedia_internal,6,cold fusion,
CASE-0080,Nikola Tesla conspiracy,Free energy suppression conspiracy theory,wikipedia_article_links,https://en.wikipedia.org/wiki/Torus,en.wikipedia.org,wikipedia_internal,7,torus,
CASE-0080,Nikola Tesla conspiracy,Free energy suppression conspiracy theory,wikipedia_article_links,https://en.wikipedia.org/wiki/Potential_cultural_impact_of_extraterrestrial_contact#Scientific_and_technological,en.wikipedia.org,wikipedia_internal,8,extraterrestrial technology,
CASE-0080,Nikola Tesla conspiracy,Free energy suppression conspiracy theory,wikipedia_article_links,https://en.wikipedia.org/wiki/Anti-gravity,en.wikipedia.org,wikipedia_internal,9,anti-gravity,
CASE-0080,Nikola Tesla conspiracy,Free energy suppression conspiracy theory,wikipedia_article_links,https://en.wikipedia.org/wiki/Lobby_groups,en.wikipedia.org,wikipedia_internal,10,special interest groups,
CASE-0080,Nikola Tesla conspiracy,Free energy suppression conspiracy theory,wikipedia_article_links,https://en.wikipedia.org/wiki/Fossil_fuel,en.wikipedia.org,wikipedia_internal,11,fossil fuel,
CASE-0080,Nikola Tesla conspiracy,Free energy suppression conspiracy theory,wikipedia_article_links,https://en.wikipedia.org/wiki/Nuclear_industry,en.wikipedia.org,wikipedia_internal,12,nuclear industry,
CASE-0080,Nikola Tesla conspiracy,Free energy suppression conspiracy theory,wikipedia_article_links,https://en.wikipedia.org/wiki/Peer_review,en.wikipedia.org,wikipedia_internal,13,peer review,
CASE-0080,Nikola Tesla conspiracy,Free energy suppression conspiracy theory,wikipedia_article_links,https://en.wikipedia.org/wiki/Suppression_of_dissent,en.wikipedia.org,wikipedia_internal,14,academic pressure,
CASE-0080,Nikola Tesla conspiracy,Free energy suppression conspiracy theory,wikipedia_article_links,https://en.wikipedia.org/wiki/Quantum_vacuum_zero_point_energy,en.wikipedia.org,wikipedia_internal,15,quantum vacuum zero point energy,
CASE-0080,Nikola Tesla conspiracy,Free energy suppression conspiracy theory,wikipedia_article_links,https://en.wikipedia.org/wiki/Patent,en.wikipedia.org,wikipedia_internal,16,patents,
CASE-0080,Nikola Tesla conspiracy,Free energy suppression conspiracy theory,wikipedia_article_links,https://en.wikipedia.org/wiki/Fuel_efficiency,en.wikipedia.org,wikipedia_internal,17,100 mpg,
CASE-0080,Nikola Tesla conspiracy,Free energy suppression conspiracy theory,wikipedia_article_links,https://en.wikipedia.org/wiki/Carburetor,en.wikipedia.org,wikipedia_internal,18,carburetors,
CASE-0080,Nikola Tesla conspiracy,Free energy suppression conspiracy theory,wikipedia_article_links,https://en.wikipedia.org/wiki/Stanley_Meyer%27s_water_fuel_cell,en.wikipedia.org,wikipedia_internal,19,Stanley Meyer,
CASE-0080,Nikola Tesla conspiracy,Free energy suppression conspiracy theory,wikipedia_article_links,https://en.wikipedia.org/wiki/Eugene_Mallove,en.wikipedia.org,wikipedia_internal,20,Eugene Mallove,
CASE-0081,Dulce Base,Dulce Base,wikipedia_search,https://en.wikipedia.org/wiki/Dulce_Base,en.wikipedia.org,wikipedia_primary,1,Dulce Base,
CASE-0081,Dulce Base,Dulce Base,wikipedia_article_links,https://en.wikipedia.org/wiki/UFO_conspiracy_theories,en.wikipedia.org,wikipedia_internal,2,conspiracy theory,
CASE-0081,Dulce Base,Dulce Base,wikipedia_article_links,https://en.wikipedia.org/wiki/Extraterrestrial_life,en.wikipedia.org,wikipedia_internal,3,alien,
CASE-0081,Dulce Base,Dulce Base,wikipedia_article_links,https://en.wikipedia.org/wiki/Underground_base,en.wikipedia.org,wikipedia_internal,4,underground facility,
CASE-0081,Dulce Base,Dulce Base,wikipedia_article_links,https://en.wikipedia.org/wiki/Archuleta_Mesa,en.wikipedia.org,wikipedia_internal,5,Archuleta Mesa,
CASE-0081,Dulce Base,Dulce Base,wikipedia_article_links,"https://en.wikipedia.org/wiki/Dulce,_New_Mexico",en.wikipedia.org,wikipedia_internal,6,"Dulce, New Mexico",
CASE-0081,Dulce Base,Dulce Base,wikipedia_article_links,https://en.wikipedia.org/wiki/United_States,en.wikipedia.org,wikipedia_internal,7,United States,
CASE-0081,Dulce Base,Dulce Base,wikipedia_article_links,"https://en.wikipedia.org/wiki/Albuquerque,_New_Mexico",en.wikipedia.org,wikipedia_internal,8,Albuquerque,
CASE-0081,Dulce Base,Dulce Base,wikipedia_article_links,https://en.wikipedia.org/wiki/Paul_Bennewitz,en.wikipedia.org,wikipedia_internal,9,Paul Bennewitz,
CASE-0081,Dulce Base,Dulce Base,wikipedia_article_links,https://en.wikipedia.org/wiki/Grey_alien,en.wikipedia.org,wikipedia_internal,10,grey aliens,
CASE-0081,Dulce Base,Dulce Base,wikipedia_article_links,https://en.wikipedia.org/wiki/Ufology,en.wikipedia.org,wikipedia_internal,11,UFOlogist,
CASE-0081,Dulce Base,Dulce Base,wikipedia_article_links,https://en.wikipedia.org/wiki/John_Lear,en.wikipedia.org,wikipedia_internal,12,John Lear,
CASE-0081,Dulce Base,Dulce Base,wikipedia_article_links,https://en.wikipedia.org/wiki/Thomas_Allen_LeVesque,en.wikipedia.org,wikipedia_internal,13,Thomas Allen LeVesque,
CASE-0081,Dulce Base,Dulce Base,wikipedia_article_links,https://en.wikipedia.org/wiki/Tabloid_journalism,en.wikipedia.org,wikipedia_internal,14,tabloid,
CASE-0081,Dulce Base,Dulce Base,wikipedia_article_links,https://en.wikipedia.org/wiki/Weekly_World_News,en.wikipedia.org,wikipedia_internal,15,Weekly World News,
CASE-0081,Dulce Base,Dulce Base,wikipedia_article_links,https://en.wikipedia.org/wiki/Shanghaiing,en.wikipedia.org,wikipedia_internal,16,shanghai,
CASE-0081,Dulce Base,Dulce Base,wikipedia_article_links,https://en.wikipedia.org/wiki/Leonard_H._Stringfield,en.wikipedia.org,wikipedia_internal,17,Leonard H. Stringfield,
CASE-0081,Dulce Base,Dulce Base,wikipedia_article_links,https://en.wikipedia.org/wiki/Michael_Barkun,en.wikipedia.org,wikipedia_internal,18,Michael Barkun,
CASE-0081,Dulce Base,Dulce Base,wikipedia_article_links,https://en.wikipedia.org/wiki/Cold_War,en.wikipedia.org,wikipedia_internal,19,Cold War,
CASE-0081,Dulce Base,Dulce Base,wikipedia_article_links,https://en.wikipedia.org/wiki/Delta_Force,en.wikipedia.org,wikipedia_internal,20,Delta Force,
CASE-0082,Vatican secrets,Vatican Apostolic Archive,wikipedia_search,https://en.wikipedia.org/wiki/Vatican_Apostolic_Archive,en.wikipedia.org,wikipedia_primary,1,Vatican Apostolic Archive,
CASE-0082,Vatican secrets,Vatican Apostolic Archive,wikipedia_article_links,https://en.wikipedia.org/wiki/Latin_language,en.wikipedia.org,wikipedia_internal,2,Latin,
CASE-0082,Vatican secrets,Vatican Apostolic Archive,wikipedia_article_links,https://en.wikipedia.org/wiki/Italian_language,en.wikipedia.org,wikipedia_internal,3,Italian,
CASE-0082,Vatican secrets,Vatican Apostolic Archive,wikipedia_article_links,https://en.wikipedia.org/wiki/Cortile_del_Belvedere,en.wikipedia.org,wikipedia_internal,4,Cortile del Belvedere,
CASE-0082,Vatican secrets,Vatican Apostolic Archive,wikipedia_article_links,https://en.wikipedia.org/wiki/Vatican_City,en.wikipedia.org,wikipedia_internal,5,Vatican City,
CASE-0082,Vatican secrets,Vatican Apostolic Archive,wikipedia_article_links,https://en.wikipedia.org/wiki/Giovanni_Cesare_Pagazzi,en.wikipedia.org,wikipedia_internal,6,Giovanni Cesare Pagazzi,
CASE-0082,Vatican secrets,Vatican Apostolic Archive,wikipedia_article_links,https://en.wikipedia.org/wiki/Sergio_Pagano,en.wikipedia.org,wikipedia_internal,7,Sergio Pagano,
CASE-0082,Vatican secrets,Vatican Apostolic Archive,wikipedia_article_links,https://en.wikipedia.org/wiki/Promulgated,en.wikipedia.org,wikipedia_internal,8,promulgated,
CASE-0082,Vatican secrets,Vatican Apostolic Archive,wikipedia_article_links,https://en.wikipedia.org/wiki/Holy_See,en.wikipedia.org,wikipedia_internal,9,Holy See,
CASE-0082,Vatican secrets,Vatican Apostolic Archive,wikipedia_article_links,https://en.wikipedia.org/wiki/Pope,en.wikipedia.org,wikipedia_internal,10,Pope,
CASE-0082,Vatican secrets,Vatican Apostolic Archive,wikipedia_article_links,https://en.wikipedia.org/wiki/State_paper,en.wikipedia.org,wikipedia_internal,11,state papers,
CASE-0082,Vatican secrets,Vatican Apostolic Archive,wikipedia_article_links,https://en.wikipedia.org/wiki/Pope_Paul_V,en.wikipedia.org,wikipedia_internal,12,Pope Paul V,
CASE-0082,Vatican secrets,Vatican Apostolic Archive,wikipedia_article_links,https://en.wikipedia.org/wiki/Vatican_Library,en.wikipedia.org,wikipedia_internal,13,Vatican Library,
CASE-0082,Vatican secrets,Vatican Apostolic Archive,wikipedia_article_links,https://en.wikipedia.org/wiki/Pope_Leo_XIII,en.wikipedia.org,wikipedia_internal,14,Pope Leo XIII,
CASE-0082,Vatican secrets,Vatican Apostolic Archive,wikipedia_article_links,https://en.wikipedia.org/wiki/Latin,en.wikipedia.org,wikipedia_internal,15,Latin,
CASE-0082,Vatican secrets,Vatican Apostolic Archive,wikipedia_article_links,https://en.wikipedia.org/wiki/Roman_Curia,en.wikipedia.org,wikipedia_internal,16,Roman Curia,
CASE-0082,Vatican secrets,Vatican Apostolic Archive,wikipedia_article_links,https://en.wikipedia.org/wiki/VIP,en.wikipedia.org,wikipedia_internal,17,VIP,
CASE-0082,Vatican secrets,Vatican Apostolic Archive,wikipedia_article_links,https://en.wikipedia.org/wiki/Pope_Francis,en.wikipedia.org,wikipedia_internal,18,Pope Francis,
CASE-0082,Vatican secrets,Vatican Apostolic Archive,wikipedia_article_links,https://en.wikipedia.org/wiki/Motu_proprio,en.wikipedia.org,wikipedia_internal,19,motu proprio,
CASE-0082,Vatican secrets,Vatican Apostolic Archive,wikipedia_article_links,https://en.wikipedia.org/wiki/Christianity_in_the_1st_century,en.wikipedia.org,wikipedia_internal,20,1st century,
CASE-0083,Agenda 2030,Sustainable Development Goals,wikipedia_search,https://en.wikipedia.org/wiki/Sustainable_Development_Goals,en.wikipedia.org,wikipedia_primary,1,Sustainable Development Goals,
CASE-0083,Agenda 2030,Sustainable Development Goals,wikipedia_article_links,https://en.wikipedia.org/wiki/SDG_(disambiguation),en.wikipedia.org,wikipedia_internal,2,SDG (disambiguation),
CASE-0083,Agenda 2030,Sustainable Development Goals,wikipedia_article_links,https://en.wikipedia.org/wiki/Mission_statement,en.wikipedia.org,wikipedia_internal,3,Mission statement,
CASE-0083,Agenda 2030,Sustainable Development Goals,wikipedia_article_links,https://en.wikipedia.org/wiki/United_Nations,en.wikipedia.org,wikipedia_internal,4,United Nations,
CASE-0083,Agenda 2030,Sustainable Development Goals,wikipedia_article_links,https://en.wikipedia.org/wiki/Charter_of_the_United_Nations,en.wikipedia.org,wikipedia_internal,5,Charter,
CASE-0083,Agenda 2030,Sustainable Development Goals,wikipedia_article_links,https://en.wikipedia.org/wiki/United_Nations_System,en.wikipedia.org,wikipedia_internal,6,UN System,
CASE-0083,Agenda 2030,Sustainable Development Goals,wikipedia_article_links,https://en.wikipedia.org/wiki/United_Nations_General_Assembly,en.wikipedia.org,wikipedia_internal,7,General Assembly,
CASE-0083,Agenda 2030,Sustainable Development Goals,wikipedia_article_links,https://en.wikipedia.org/wiki/United_Nations_Security_Council,en.wikipedia.org,wikipedia_internal,8,Security Council,
CASE-0083,Agenda 2030,Sustainable Development Goals,wikipedia_article_links,https://en.wikipedia.org/wiki/United_Nations_Economic_and_Social_Council,en.wikipedia.org,wikipedia_internal,9,Economic and Social Council,
CASE-0083,Agenda 2030,Sustainable Development Goals,wikipedia_article_links,https://en.wikipedia.org/wiki/International_Court_of_Justice,en.wikipedia.org,wikipedia_internal,10,International Court of Justice,
CASE-0083,Agenda 2030,Sustainable Development Goals,wikipedia_article_links,https://en.wikipedia.org/wiki/United_Nations_Secretariat,en.wikipedia.org,wikipedia_internal,11,Secretariat,
CASE-0083,Agenda 2030,Sustainable Development Goals,wikipedia_article_links,https://en.wikipedia.org/wiki/United_Nations_Trusteeship_Council,en.wikipedia.org,wikipedia_internal,12,Trusteeship Council,
CASE-0083,Agenda 2030,Sustainable Development Goals,wikipedia_article_links,https://en.wikipedia.org/wiki/Secretary-General_of_the_United_Nations,en.wikipedia.org,wikipedia_internal,13,Secretary-General,
CASE-0083,Agenda 2030,Sustainable Development Goals,wikipedia_article_links,https://en.wikipedia.org/wiki/Deputy_Secretary-General_of_the_United_Nations,en.wikipedia.org,wikipedia_internal,14,Deputy Secretary-General,
CASE-0083,Agenda 2030,Sustainable Development Goals,wikipedia_article_links,https://en.wikipedia.org/wiki/Under-Secretary-General_of_the_United_Nations,en.wikipedia.org,wikipedia_internal,15,Under-Secretary-General,
CASE-0083,Agenda 2030,Sustainable Development Goals,wikipedia_article_links,https://en.wikipedia.org/wiki/United_Nations_Secretariat#Organization,en.wikipedia.org,wikipedia_internal,16,Secretariat structure,
CASE-0083,Agenda 2030,Sustainable Development Goals,wikipedia_article_links,https://en.wikipedia.org/wiki/United_Nations_Development_Programme,en.wikipedia.org,wikipedia_internal,17,UNDP,
CASE-0083,Agenda 2030,Sustainable Development Goals,wikipedia_article_links,https://en.wikipedia.org/wiki/UNICEF,en.wikipedia.org,wikipedia_internal,18,UNICEF,
CASE-0083,Agenda 2030,Sustainable Development Goals,wikipedia_article_links,https://en.wikipedia.org/wiki/World_Food_Programme,en.wikipedia.org,wikipedia_internal,19,WFP,
CASE-0083,Agenda 2030,Sustainable Development Goals,wikipedia_article_links,https://en.wikipedia.org/wiki/United_Nations_Population_Fund,en.wikipedia.org,wikipedia_internal,20,UNFPA,
CASE-0084,missing 411,David Paulides,wikipedia_search,https://en.wikipedia.org/wiki/David_Paulides,en.wikipedia.org,wikipedia_primary,1,David Paulides,
CASE-0084,missing 411,David Paulides,wikipedia_article_links,https://en.wikipedia.org/wiki/Bigfoot,en.wikipedia.org,wikipedia_internal,2,Bigfoot,
CASE-0084,missing 411,David Paulides,wikipedia_article_links,https://en.wikipedia.org/wiki/Self-publishing,en.wikipedia.org,wikipedia_internal,3,self-published,
CASE-0084,missing 411,David Paulides,wikipedia_article_links,https://en.wikipedia.org/wiki/National_park,en.wikipedia.org,wikipedia_internal,4,national parks,
CASE-0084,missing 411,David Paulides,wikipedia_article_links,https://en.wikipedia.org/wiki/Greek_Americans,en.wikipedia.org,wikipedia_internal,5,Greek,
CASE-0084,missing 411,David Paulides,wikipedia_article_links,https://en.wikipedia.org/wiki/University_of_San_Francisco,en.wikipedia.org,wikipedia_internal,6,University of San Francisco,
CASE-0084,missing 411,David Paulides,wikipedia_article_links,https://en.wikipedia.org/wiki/San_Jose_Police_Department,en.wikipedia.org,wikipedia_internal,7,San Jose Police Department,
CASE-0084,missing 411,David Paulides,wikipedia_article_links,https://en.wikipedia.org/wiki/SWAT,en.wikipedia.org,wikipedia_internal,8,SWAT Team,
CASE-0084,missing 411,David Paulides,wikipedia_article_links,https://en.wikipedia.org/wiki/DNA,en.wikipedia.org,wikipedia_internal,9,DNA,
CASE-0084,missing 411,David Paulides,wikipedia_article_links,https://en.wikipedia.org/wiki/Hominini,en.wikipedia.org,wikipedia_internal,10,hominin,
CASE-0084,missing 411,David Paulides,wikipedia_article_links,https://en.wikipedia.org/wiki/Sharon_A._Hill,en.wikipedia.org,wikipedia_internal,11,Sharon Hill,
CASE-0084,missing 411,David Paulides,wikipedia_article_links,https://en.wikipedia.org/wiki/Committee_for_Skeptical_Inquiry,en.wikipedia.org,wikipedia_internal,12,Committee for Skeptical Inquiry,
CASE-0084,missing 411,David Paulides,wikipedia_article_links,https://en.wikipedia.org/wiki/The_Scientist_(magazine),en.wikipedia.org,wikipedia_internal,13,The Scientist,
CASE-0084,missing 411,David Paulides,wikipedia_article_links,https://en.wikipedia.org/wiki/Park_ranger,en.wikipedia.org,wikipedia_internal,14,park ranger,
CASE-0084,missing 411,David Paulides,wikipedia_article_links,https://en.wikipedia.org/wiki/Comfort_zone,en.wikipedia.org,wikipedia_internal,15,comfort zone,
CASE-0084,missing 411,David Paulides,wikipedia_article_links,https://en.wikipedia.org/wiki/National_Park_Service,en.wikipedia.org,wikipedia_internal,16,National Park Service,
CASE-0084,missing 411,David Paulides,wikipedia_article_links,https://en.wikipedia.org/wiki/TikTok,en.wikipedia.org,wikipedia_internal,17,TikTok,
CASE-0084,missing 411,David Paulides,wikipedia_article_links,https://en.wikipedia.org/wiki/Data_scientist,en.wikipedia.org,wikipedia_internal,18,data scientist,
CASE-0084,missing 411,David Paulides,wikipedia_article_links,https://en.wikipedia.org/wiki/Podcast,en.wikipedia.org,wikipedia_internal,19,podcast,
CASE-0084,missing 411,David Paulides,wikipedia_article_links,https://en.wikipedia.org/wiki/SkeptiCamp,en.wikipedia.org,wikipedia_internal,20,SkeptiCamp,
CASE-0085,executive orders conspiracy,List of executive actions by Joe Biden,wikipedia_search,https://en.wikipedia.org/wiki/List_of_executive_actions_by_Joe_Biden,en.wikipedia.org,wikipedia_primary,1,List of executive actions by Joe Biden,
CASE-0085,executive orders conspiracy,List of executive actions by Joe Biden,wikipedia_article_links,https://en.wikipedia.org/wiki/Executive_Action,en.wikipedia.org,wikipedia_internal,2,Executive Action,
CASE-0085,executive orders conspiracy,List of executive actions by Joe Biden,wikipedia_article_links,https://en.wikipedia.org/wiki/Joe_Biden,en.wikipedia.org,wikipedia_internal,3,Joe Biden,
CASE-0085,executive orders conspiracy,List of executive actions by Joe Biden,wikipedia_article_links,https://en.wikipedia.org/wiki/Early_life_and_career_of_Joe_Biden,en.wikipedia.org,wikipedia_internal,4,Early life and career,
CASE-0085,executive orders conspiracy,List of executive actions by Joe Biden,wikipedia_article_links,https://en.wikipedia.org/wiki/List_of_things_named_after_Joe_Biden,en.wikipedia.org,wikipedia_internal,5,Eponyms,
CASE-0085,executive orders conspiracy,List of executive actions by Joe Biden,wikipedia_article_links,https://en.wikipedia.org/wiki/Family_of_Joe_Biden,en.wikipedia.org,wikipedia_internal,6,Family,
CASE-0085,executive orders conspiracy,List of executive actions by Joe Biden,wikipedia_article_links,https://en.wikipedia.org/wiki/List_of_awards_and_honors_received_by_Joe_Biden,en.wikipedia.org,wikipedia_internal,7,Honors,
CASE-0085,executive orders conspiracy,List of executive actions by Joe Biden,wikipedia_article_links,https://en.wikipedia.org/wiki/Public_image_of_Joe_Biden,en.wikipedia.org,wikipedia_internal,8,Public image,
CASE-0085,executive orders conspiracy,List of executive actions by Joe Biden,wikipedia_article_links,https://en.wikipedia.org/wiki/Age_and_health_concerns_about_Joe_Biden,en.wikipedia.org,wikipedia_internal,9,Age and health concerns,
CASE-0085,executive orders conspiracy,List of executive actions by Joe Biden,wikipedia_article_links,https://en.wikipedia.org/wiki/Saturday_Night_Live_parodies_of_Joe_Biden,en.wikipedia.org,wikipedia_internal,10,SNL parodies,
CASE-0085,executive orders conspiracy,List of executive actions by Joe Biden,wikipedia_article_links,https://en.wikipedia.org/wiki/Joe_Biden_(The_Onion),en.wikipedia.org,wikipedia_internal,11,The Onion parody,
CASE-0085,executive orders conspiracy,List of executive actions by Joe Biden,wikipedia_article_links,https://en.wikipedia.org/wiki/Bibliography_of_Joe_Biden,en.wikipedia.org,wikipedia_internal,12,Bibliography,
CASE-0085,executive orders conspiracy,List of executive actions by Joe Biden,wikipedia_article_links,https://en.wikipedia.org/wiki/US_Senate_career_of_Joe_Biden,en.wikipedia.org,wikipedia_internal,13,U.S. Senate career,
CASE-0085,executive orders conspiracy,List of executive actions by Joe Biden,wikipedia_article_links,https://en.wikipedia.org/wiki/Senate_Judiciary_Committee,en.wikipedia.org,wikipedia_internal,14,Judiciary Committee,
CASE-0085,executive orders conspiracy,List of executive actions by Joe Biden,wikipedia_article_links,https://en.wikipedia.org/wiki/Robert_Bork_Supreme_Court_nomination,en.wikipedia.org,wikipedia_internal,15,Bork hearings,
CASE-0085,executive orders conspiracy,List of executive actions by Joe Biden,wikipedia_article_links,https://en.wikipedia.org/wiki/Clarence_Thomas_Supreme_Court_nomination,en.wikipedia.org,wikipedia_internal,16,Thomas hearings,
CASE-0085,executive orders conspiracy,List of executive actions by Joe Biden,wikipedia_article_links,https://en.wikipedia.org/wiki/Violent_Crime_Control_and_Law_Enforcement_Act,en.wikipedia.org,wikipedia_internal,17,1994 Crime Bill,
CASE-0085,executive orders conspiracy,List of executive actions by Joe Biden,wikipedia_article_links,https://en.wikipedia.org/wiki/Violence_Against_Women_Act,en.wikipedia.org,wikipedia_internal,18,Violence Against Women Act,
CASE-0085,executive orders conspiracy,List of executive actions by Joe Biden,wikipedia_article_links,https://en.wikipedia.org/wiki/Senate_Foreign_Relations_Committee,en.wikipedia.org,wikipedia_internal,19,Foreign Relations Committee,
CASE-0085,executive orders conspiracy,List of executive actions by Joe Biden,wikipedia_article_links,https://en.wikipedia.org/wiki/Electoral_history_of_Joe_Biden,en.wikipedia.org,wikipedia_internal,20,Elections,
CASE-0086,Roswell incident,Roswell incident,wikipedia_search,https://en.wikipedia.org/wiki/Roswell_incident,en.wikipedia.org,wikipedia_primary,1,Roswell incident,
CASE-0086,Roswell incident,Roswell incident,wikipedia_article_links,https://en.wikipedia.org/wiki/Roswell_Daily_Record,en.wikipedia.org,wikipedia_internal,2,Roswell Daily Record,
CASE-0086,Roswell incident,Roswell incident,wikipedia_article_links,"https://en.wikipedia.org/wiki/Lincoln_County,_New_Mexico",en.wikipedia.org,wikipedia_internal,3,"Lincoln County, New Mexico",
CASE-0086,Roswell incident,Roswell incident,wikipedia_article_links,https://en.wikipedia.org/wiki/Geographic_coordinate_system,en.wikipedia.org,wikipedia_internal,4,Coordinates,
CASE-0086,Roswell incident,Roswell incident,wikipedia_article_links,https://en.wikipedia.org/wiki/1947_flying_disc_craze,en.wikipedia.org,wikipedia_internal,5,1947 flying disc craze,
CASE-0086,Roswell incident,Roswell incident,wikipedia_article_links,https://en.wikipedia.org/wiki/Kenneth_Arnold_UFO_sighting,en.wikipedia.org,wikipedia_internal,6,Kenneth Arnold,
CASE-0086,Roswell incident,Roswell incident,wikipedia_article_links,https://en.wikipedia.org/wiki/Flight_105_UFO_sighting,en.wikipedia.org,wikipedia_internal,7,Flight 105,
CASE-0086,Roswell incident,Roswell incident,wikipedia_article_links,https://en.wikipedia.org/wiki/Rhodes_UFO_photographs,en.wikipedia.org,wikipedia_internal,8,Rhodes photographs,
CASE-0086,Roswell incident,Roswell incident,wikipedia_article_links,https://en.wikipedia.org/wiki/Twin_Falls_saucer_hoax,en.wikipedia.org,wikipedia_internal,9,Twin Falls hoax,
CASE-0086,Roswell incident,Roswell incident,wikipedia_article_links,https://en.wikipedia.org/wiki/Maury_Island_incident,en.wikipedia.org,wikipedia_internal,10,Maury Island hoax,
CASE-0086,Roswell incident,Roswell incident,wikipedia_article_links,https://en.wikipedia.org/wiki/Table_of_reports_during_the_1947_flying_disc_craze,en.wikipedia.org,wikipedia_internal,11,Table of reports,
CASE-0086,Roswell incident,Roswell incident,wikipedia_article_links,"https://en.wikipedia.org/wiki/Roswell,_New_Mexico",en.wikipedia.org,wikipedia_internal,12,Roswell,
CASE-0086,Roswell incident,Roswell incident,wikipedia_article_links,https://en.wikipedia.org/wiki/UFO_conspiracy_theories,en.wikipedia.org,wikipedia_internal,13,UFO conspiracy theories,
CASE-0086,Roswell incident,Roswell incident,wikipedia_article_links,https://en.wikipedia.org/wiki/Roswell_Army_Air_Field,en.wikipedia.org,wikipedia_internal,14,Roswell Army Air Field,
CASE-0086,Roswell incident,Roswell incident,wikipedia_article_links,https://en.wikipedia.org/wiki/United_States_Army_Air_Forces,en.wikipedia.org,wikipedia_internal,15,United States Army Air Forces,
CASE-0086,Roswell incident,Roswell incident,wikipedia_article_links,https://en.wikipedia.org/wiki/Flying_saucer,en.wikipedia.org,wikipedia_internal,16,flying disc,
CASE-0086,Roswell incident,Roswell incident,wikipedia_article_links,https://en.wikipedia.org/wiki/Military_balloon,en.wikipedia.org,wikipedia_internal,17,military balloon,
CASE-0086,Roswell incident,Roswell incident,wikipedia_article_links,https://en.wikipedia.org/wiki/Alamogordo_Army_Air_Field,en.wikipedia.org,wikipedia_internal,18,Alamogordo Army Air Field,
CASE-0086,Roswell incident,Roswell incident,wikipedia_article_links,https://en.wikipedia.org/wiki/Project_Mogul,en.wikipedia.org,wikipedia_internal,19,Project Mogul,
CASE-0086,Roswell incident,Roswell incident,wikipedia_article_links,https://en.wikipedia.org/wiki/Soviet,en.wikipedia.org,wikipedia_internal,20,Soviet,
CASE-0087,USS Liberty,USS Liberty,wikipedia_search,https://en.wikipedia.org/wiki/USS_Liberty,en.wikipedia.org,wikipedia_primary,1,USS Liberty,
CASE-0087,USS Liberty,USS Liberty,wikipedia_article_links,https://en.wikipedia.org/wiki/List_of_ships_named_USS_Liberty,en.wikipedia.org,wikipedia_internal,2,List of ships named USS Liberty,
CASE-0087,USS Liberty,USS Liberty,wikipedia_article_links,https://en.wikipedia.org/wiki/Chesapeake_Bay,en.wikipedia.org,wikipedia_internal,3,Chesapeake Bay,
CASE-0087,USS Liberty,USS Liberty,wikipedia_article_links,https://en.wikipedia.org/wiki/Simmons_University,en.wikipedia.org,wikipedia_internal,4,Simmons College,
CASE-0087,USS Liberty,USS Liberty,wikipedia_article_links,https://en.wikipedia.org/wiki/Boston,en.wikipedia.org,wikipedia_internal,5,Boston,
CASE-0087,USS Liberty,USS Liberty,wikipedia_article_links,https://en.wikipedia.org/wiki/Pacific_Far_East_Line,en.wikipedia.org,wikipedia_internal,6,Pacific Far East Line,
CASE-0087,USS Liberty,USS Liberty,wikipedia_article_links,https://en.wikipedia.org/wiki/Oregon_Shipbuilding_Corporation,en.wikipedia.org,wikipedia_internal,7,Oregon Shipbuilding Corp.,
CASE-0087,USS Liberty,USS Liberty,wikipedia_article_links,https://en.wikipedia.org/wiki/Maritime_call_sign,en.wikipedia.org,wikipedia_internal,8,Callsign,
CASE-0087,USS Liberty,USS Liberty,wikipedia_article_links,"https://en.wikipedia.org/wiki/Norfolk,_Virginia",en.wikipedia.org,wikipedia_internal,9,"Norfolk, Virginia",
CASE-0087,USS Liberty,USS Liberty,wikipedia_article_links,https://en.wikipedia.org/wiki/5%22/38_caliber_gun,en.wikipedia.org,wikipedia_internal,10,5 in (127 mm)/38 cal. gun,
CASE-0087,USS Liberty,USS Liberty,wikipedia_article_links,https://en.wikipedia.org/wiki/3%22/50_caliber_gun,en.wikipedia.org,wikipedia_internal,11,3 in (76 mm)/50 cal. gun,
CASE-0087,USS Liberty,USS Liberty,wikipedia_article_links,https://en.wikipedia.org/wiki/Oerlikon_20_mm_cannon,en.wikipedia.org,wikipedia_internal,12,20 mm Oerlikon,
CASE-0087,USS Liberty,USS Liberty,wikipedia_article_links,https://en.wikipedia.org/wiki/M2_Browning,en.wikipedia.org,wikipedia_internal,13,M2 Browning .50 caliber machine gun,
CASE-0087,USS Liberty,USS Liberty,wikipedia_article_links,https://en.wikipedia.org/wiki/USS_Belmont_(AGTR-4),en.wikipedia.org,wikipedia_internal,14,Belmont -class,
CASE-0087,USS Liberty,USS Liberty,wikipedia_article_links,https://en.wikipedia.org/wiki/Technical_research_ship,en.wikipedia.org,wikipedia_internal,15,technical research ship,
CASE-0087,USS Liberty,USS Liberty,wikipedia_article_links,https://en.wikipedia.org/wiki/Spying_ship,en.wikipedia.org,wikipedia_internal,16,spying ship,
CASE-0087,USS Liberty,USS Liberty,wikipedia_article_links,https://en.wikipedia.org/wiki/USS_Liberty_incident,en.wikipedia.org,wikipedia_internal,17,coming under attack,
CASE-0087,USS Liberty,USS Liberty,wikipedia_article_links,https://en.wikipedia.org/wiki/Israel_Defense_Forces,en.wikipedia.org,wikipedia_internal,18,Israel Defense Forces,
CASE-0087,USS Liberty,USS Liberty,wikipedia_article_links,https://en.wikipedia.org/wiki/Six-Day_War,en.wikipedia.org,wikipedia_internal,19,Six-Day War,
CASE-0087,USS Liberty,USS Liberty,wikipedia_article_links,https://en.wikipedia.org/wiki/World_War_II,en.wikipedia.org,wikipedia_internal,20,World War II,
CASE-0088,October Surprise 1980,1980 October Surprise theory,wikipedia_search,https://en.wikipedia.org/wiki/1980_October_Surprise_theory,en.wikipedia.org,wikipedia_primary,1,1980 October Surprise theory,
CASE-0088,October Surprise 1980,1980 October Surprise theory,wikipedia_article_links,https://en.wikipedia.org/wiki/October_surprise,en.wikipedia.org,wikipedia_internal,2,October surprise,
CASE-0088,October Surprise 1980,1980 October Surprise theory,wikipedia_article_links,https://en.wikipedia.org/wiki/Jimmy_Carter,en.wikipedia.org,wikipedia_internal,3,Jimmy Carter,
CASE-0088,October Surprise 1980,1980 October Surprise theory,wikipedia_article_links,https://en.wikipedia.org/wiki/Ronald_Reagan,en.wikipedia.org,wikipedia_internal,4,Ronald Reagan,
CASE-0088,October Surprise 1980,1980 October Surprise theory,wikipedia_article_links,https://en.wikipedia.org/wiki/Ronald_Reagan_1980_presidential_campaign,en.wikipedia.org,wikipedia_internal,5,presidential campaign,
CASE-0088,October Surprise 1980,1980 October Surprise theory,wikipedia_article_links,https://en.wikipedia.org/wiki/Iran_hostage_crisis,en.wikipedia.org,wikipedia_internal,6,American hostages detained in Iran,
CASE-0088,October Surprise 1980,1980 October Surprise theory,wikipedia_article_links,"https://en.wikipedia.org/wiki/Embassy_of_the_United_States,_Tehran",en.wikipedia.org,wikipedia_internal,7,U.S. embassy in Tehran,
CASE-0088,October Surprise 1980,1980 October Surprise theory,wikipedia_article_links,https://en.wikipedia.org/wiki/First_inauguration_of_Ronald_Reagan,en.wikipedia.org,wikipedia_internal,8,inaugurated as President,
CASE-0088,October Surprise 1980,1980 October Surprise theory,wikipedia_article_links,https://en.wikipedia.org/wiki/United_States_Congress,en.wikipedia.org,wikipedia_internal,9,U.S. Congress,
CASE-0088,October Surprise 1980,1980 October Surprise theory,wikipedia_article_links,https://en.wikipedia.org/wiki/Abulhassan_Banisadr,en.wikipedia.org,wikipedia_internal,10,Abulhassan Banisadr,
CASE-0088,October Surprise 1980,1980 October Surprise theory,wikipedia_article_links,https://en.wikipedia.org/wiki/Ben_Barnes_(Texas_politician),en.wikipedia.org,wikipedia_internal,11,Ben Barnes,
CASE-0088,October Surprise 1980,1980 October Surprise theory,wikipedia_article_links,https://en.wikipedia.org/wiki/Office_of_Naval_Intelligence,en.wikipedia.org,wikipedia_internal,12,naval intelligence,
CASE-0088,October Surprise 1980,1980 October Surprise theory,wikipedia_article_links,https://en.wikipedia.org/wiki/U.S._National_Security_Council,en.wikipedia.org,wikipedia_internal,13,U.S. National Security Council,
CASE-0088,October Surprise 1980,1980 October Surprise theory,wikipedia_article_links,https://en.wikipedia.org/wiki/Gary_Sick,en.wikipedia.org,wikipedia_internal,14,Gary Sick,
CASE-0088,October Surprise 1980,1980 October Surprise theory,wikipedia_article_links,https://en.wikipedia.org/wiki/George_H._W._Bush,en.wikipedia.org,wikipedia_internal,15,George H. W. Bush,
CASE-0088,October Surprise 1980,1980 October Surprise theory,wikipedia_article_links,https://en.wikipedia.org/wiki/Embassy_of_the_United_States_in_Tehran,en.wikipedia.org,wikipedia_internal,16,Embassy of the United States in Tehran,
CASE-0088,October Surprise 1980,1980 October Surprise theory,wikipedia_article_links,https://en.wikipedia.org/wiki/Iran,en.wikipedia.org,wikipedia_internal,17,Iran,
CASE-0088,October Surprise 1980,1980 October Surprise theory,wikipedia_article_links,https://en.wikipedia.org/wiki/Iranian_Revolution,en.wikipedia.org,wikipedia_internal,18,Iranian Revolution,
CASE-0088,October Surprise 1980,1980 October Surprise theory,wikipedia_article_links,https://en.wikipedia.org/wiki/1980_United_States_presidential_election,en.wikipedia.org,wikipedia_internal,19,1980 presidential election,
CASE-0088,October Surprise 1980,1980 October Surprise theory,wikipedia_article_links,https://en.wikipedia.org/wiki/Republican_Party_(United_States),en.wikipedia.org,wikipedia_internal,20,Republican Party,
CASE-0089,Phoenix Lights,Phoenix Lights,wikipedia_search,https://en.wikipedia.org/wiki/Phoenix_Lights,en.wikipedia.org,wikipedia_primary,1,Phoenix Lights,
CASE-0089,Phoenix Lights,Phoenix Lights,wikipedia_article_links,https://en.wikipedia.org/wiki/Dark_Star_(film),en.wikipedia.org,wikipedia_internal,2,Dark Star (film),
CASE-0089,Phoenix Lights,Phoenix Lights,wikipedia_article_links,https://en.wikipedia.org/wiki/USA_Today,en.wikipedia.org,wikipedia_internal,3,USA Today,
CASE-0089,Phoenix Lights,Phoenix Lights,wikipedia_article_links,https://en.wikipedia.org/wiki/Unidentified_flying_object,en.wikipedia.org,wikipedia_internal,4,UFOs,
CASE-0089,Phoenix Lights,Phoenix Lights,wikipedia_article_links,https://en.wikipedia.org/wiki/Ufology,en.wikipedia.org,wikipedia_internal,5,ufology,
CASE-0089,Phoenix Lights,Phoenix Lights,wikipedia_article_links,https://en.wikipedia.org/wiki/List_of_reported_UFO_sightings,en.wikipedia.org,wikipedia_internal,6,Notable sightings,
CASE-0089,Phoenix Lights,Phoenix Lights,wikipedia_article_links,https://en.wikipedia.org/wiki/1947_flying_disc_craze,en.wikipedia.org,wikipedia_internal,7,1947 wave,
CASE-0089,Phoenix Lights,Phoenix Lights,wikipedia_article_links,"https://en.wikipedia.org/wiki/1952_Washington,_D.C._UFO_incident",en.wikipedia.org,wikipedia_internal,8,1952 flap,
CASE-0089,Phoenix Lights,Phoenix Lights,wikipedia_article_links,https://en.wikipedia.org/wiki/Barney_and_Betty_Hill_incident,en.wikipedia.org,wikipedia_internal,9,Barney and Betty Hill,
CASE-0089,Phoenix Lights,Phoenix Lights,wikipedia_article_links,https://en.wikipedia.org/wiki/Belgian_UFO_wave,en.wikipedia.org,wikipedia_internal,10,Belgian wave,
CASE-0089,Phoenix Lights,Phoenix Lights,wikipedia_article_links,https://en.wikipedia.org/wiki/Calvine_UFO_photograph,en.wikipedia.org,wikipedia_internal,11,Calvine photo,
CASE-0089,Phoenix Lights,Phoenix Lights,wikipedia_article_links,https://en.wikipedia.org/wiki/Chiles-Whitted_UFO_encounter,en.wikipedia.org,wikipedia_internal,12,Chiles-Whitted,
CASE-0089,Phoenix Lights,Phoenix Lights,wikipedia_article_links,https://en.wikipedia.org/wiki/Flatwoods_monster,en.wikipedia.org,wikipedia_internal,13,Flatwoods monster,
CASE-0089,Phoenix Lights,Phoenix Lights,wikipedia_article_links,https://en.wikipedia.org/wiki/Gorman_dogfight,en.wikipedia.org,wikipedia_internal,14,Gorman dogfight,
CASE-0089,Phoenix Lights,Phoenix Lights,wikipedia_article_links,https://en.wikipedia.org/wiki/Kenneth_Arnold_UFO_sighting,en.wikipedia.org,wikipedia_internal,15,Kenneth Arnold sighting,
CASE-0089,Phoenix Lights,Phoenix Lights,wikipedia_article_links,https://en.wikipedia.org/wiki/Mantell_UFO_incident,en.wikipedia.org,wikipedia_internal,16,Mantell crash,
CASE-0089,Phoenix Lights,Phoenix Lights,wikipedia_article_links,https://en.wikipedia.org/wiki/Mariana_UFO_film,en.wikipedia.org,wikipedia_internal,17,Mariana film,
CASE-0089,Phoenix Lights,Phoenix Lights,wikipedia_article_links,https://en.wikipedia.org/wiki/McMinnville_UFO_photographs,en.wikipedia.org,wikipedia_internal,18,McMinnville photos,
CASE-0089,Phoenix Lights,Phoenix Lights,wikipedia_article_links,https://en.wikipedia.org/wiki/Rendlesham_Forest_incident,en.wikipedia.org,wikipedia_internal,19,Rendlesham Forest,
CASE-0089,Phoenix Lights,Phoenix Lights,wikipedia_article_links,https://en.wikipedia.org/wiki/Roswell_incident,en.wikipedia.org,wikipedia_internal,20,Roswell,
CASE-0090,Club of Rome,Club of Rome,wikipedia_search,https://en.wikipedia.org/wiki/Club_of_Rome,en.wikipedia.org,wikipedia_primary,1,Club of Rome,
CASE-0090,Club of Rome,Club of Rome,wikipedia_article_links,https://en.wikipedia.org/wiki/Aurelio_Peccei,en.wikipedia.org,wikipedia_internal,2,Aurelio Peccei,
CASE-0090,Club of Rome,Club of Rome,wikipedia_article_links,https://en.wikipedia.org/wiki/Alexander_King_(scientist),en.wikipedia.org,wikipedia_internal,3,Alexander King,
CASE-0090,Club of Rome,Club of Rome,wikipedia_article_links,https://en.wikipedia.org/wiki/Hasan_%C3%96zbekhan,en.wikipedia.org,wikipedia_internal,4,Hasan Özbekhan,
CASE-0090,Club of Rome,Club of Rome,wikipedia_article_links,https://en.wikipedia.org/wiki/Alexander_Christakis,en.wikipedia.org,wikipedia_internal,5,Alexander Christakis,
CASE-0090,Club of Rome,Club of Rome,wikipedia_article_links,https://en.wikipedia.org/wiki/Sandrine_Dixson-Decl%C3%A8ve,en.wikipedia.org,wikipedia_internal,6,Sandrine Dixson-Declève,
CASE-0090,Club of Rome,Club of Rome,wikipedia_article_links,https://en.wikipedia.org/wiki/Paul_Shrivastava,en.wikipedia.org,wikipedia_internal,7,Paul Shrivastava,
CASE-0090,Club of Rome,Club of Rome,wikipedia_article_links,https://en.wikipedia.org/wiki/Non-profit_organisation,en.wikipedia.org,wikipedia_internal,8,Non-profit,
CASE-0090,Club of Rome,Club of Rome,wikipedia_article_links,https://en.wikipedia.org/wiki/Non-governmental_organisation,en.wikipedia.org,wikipedia_internal,9,NGO,
CASE-0090,Club of Rome,Club of Rome,wikipedia_article_links,https://en.wikipedia.org/wiki/Winterthur,en.wikipedia.org,wikipedia_internal,10,Winterthur,
CASE-0090,Club of Rome,Club of Rome,wikipedia_article_links,https://en.wikipedia.org/wiki/Canton_Zurich,en.wikipedia.org,wikipedia_internal,11,Canton Zurich,
CASE-0090,Club of Rome,Club of Rome,wikipedia_article_links,https://en.wikipedia.org/wiki/Global_warming,en.wikipedia.org,wikipedia_internal,12,Global warming,
CASE-0090,Club of Rome,Club of Rome,wikipedia_article_links,https://en.wikipedia.org/wiki/Well-being,en.wikipedia.org,wikipedia_internal,13,well-being,
CASE-0090,Club of Rome,Club of Rome,wikipedia_article_links,https://en.wikipedia.org/wiki/Humanitarian,en.wikipedia.org,wikipedia_internal,14,humanitarian,
CASE-0090,Club of Rome,Club of Rome,wikipedia_article_links,https://en.wikipedia.org/wiki/Friedenspreis_des_Deutschen_Buchhandels,en.wikipedia.org,wikipedia_internal,15,Friedenspreis des Deutschen Buchhandels,
CASE-0090,Club of Rome,Club of Rome,wikipedia_article_links,https://en.wikipedia.org/wiki/List_of_global_issues,en.wikipedia.org,wikipedia_internal,16,global issues,
CASE-0090,Club of Rome,Club of Rome,wikipedia_article_links,https://en.wikipedia.org/wiki/Accademia_dei_Lincei,en.wikipedia.org,wikipedia_internal,17,Accademia dei Lincei,
CASE-0090,Club of Rome,Club of Rome,wikipedia_article_links,https://en.wikipedia.org/wiki/Rome,en.wikipedia.org,wikipedia_internal,18,Rome,
CASE-0090,Club of Rome,Club of Rome,wikipedia_article_links,https://en.wikipedia.org/wiki/The_Limits_to_Growth,en.wikipedia.org,wikipedia_internal,19,The Limits to Growth,
CASE-0090,Club of Rome,Club of Rome,wikipedia_article_links,https://en.wikipedia.org/wiki/OECD,en.wikipedia.org,wikipedia_internal,20,OECD,
CASE-0091,Tuskegee experiment,Tuskegee Syphilis Study,wikipedia_search,https://en.wikipedia.org/wiki/Tuskegee_Syphilis_Study,en.wikipedia.org,wikipedia_primary,1,Tuskegee Syphilis Study,
CASE-0091,Tuskegee experiment,Tuskegee Syphilis Study,wikipedia_article_links,https://en.wikipedia.org/wiki/Tuskegee_Experiments_(album),en.wikipedia.org,wikipedia_internal,2,Tuskegee Experiments (album),
CASE-0091,Tuskegee experiment,Tuskegee Syphilis Study,wikipedia_article_links,"https://en.wikipedia.org/wiki/Tuskegee,_Alabama",en.wikipedia.org,wikipedia_internal,3,"Tuskegee, Alabama",
CASE-0091,Tuskegee experiment,Tuskegee Syphilis Study,wikipedia_article_links,https://en.wikipedia.org/wiki/United_States_Public_Health_Service,en.wikipedia.org,wikipedia_internal,4,U.S. Public Health Service,
CASE-0091,Tuskegee experiment,Tuskegee Syphilis Study,wikipedia_article_links,https://en.wikipedia.org/wiki/Centers_for_Disease_Control_and_Prevention,en.wikipedia.org,wikipedia_internal,5,Centers for Disease Control and Prevention,
CASE-0091,Tuskegee experiment,Tuskegee Syphilis Study,wikipedia_article_links,https://en.wikipedia.org/wiki/African_American,en.wikipedia.org,wikipedia_internal,6,African American,
CASE-0091,Tuskegee experiment,Tuskegee Syphilis Study,wikipedia_article_links,https://en.wikipedia.org/wiki/Syphilis,en.wikipedia.org,wikipedia_internal,7,syphilis,
CASE-0091,Tuskegee experiment,Tuskegee Syphilis Study,wikipedia_article_links,https://en.wikipedia.org/wiki/Control_group,en.wikipedia.org,wikipedia_internal,8,control group,
CASE-0091,Tuskegee experiment,Tuskegee Syphilis Study,wikipedia_article_links,https://en.wikipedia.org/wiki/Autopsy,en.wikipedia.org,wikipedia_internal,9,autopsy,
CASE-0091,Tuskegee experiment,Tuskegee Syphilis Study,wikipedia_article_links,https://en.wikipedia.org/wiki/Penicillin,en.wikipedia.org,wikipedia_internal,10,penicillin,
CASE-0091,Tuskegee experiment,Tuskegee Syphilis Study,wikipedia_article_links,https://en.wikipedia.org/wiki/Tuskegee_University,en.wikipedia.org,wikipedia_internal,11,Tuskegee University,
CASE-0091,Tuskegee experiment,Tuskegee Syphilis Study,wikipedia_article_links,https://en.wikipedia.org/wiki/Historically_black_colleges_and_universities,en.wikipedia.org,wikipedia_internal,12,historically Black college,
CASE-0091,Tuskegee experiment,Tuskegee Syphilis Study,wikipedia_article_links,https://en.wikipedia.org/wiki/Sharecropper,en.wikipedia.org,wikipedia_internal,13,sharecroppers,
CASE-0091,Tuskegee experiment,Tuskegee Syphilis Study,wikipedia_article_links,"https://en.wikipedia.org/wiki/Macon_County,_Alabama",en.wikipedia.org,wikipedia_internal,14,"Macon County, Alabama",
CASE-0091,Tuskegee experiment,Tuskegee Syphilis Study,wikipedia_article_links,https://en.wikipedia.org/wiki/Latent_syphilis,en.wikipedia.org,wikipedia_internal,15,latent syphilis,
CASE-0091,Tuskegee experiment,Tuskegee Syphilis Study,wikipedia_article_links,https://en.wikipedia.org/wiki/Placebo,en.wikipedia.org,wikipedia_internal,16,placebos,
CASE-0091,Tuskegee experiment,Tuskegee Syphilis Study,wikipedia_article_links,https://en.wikipedia.org/wiki/Diagnostic_procedures,en.wikipedia.org,wikipedia_internal,17,diagnostic procedures,
CASE-0091,Tuskegee experiment,Tuskegee Syphilis Study,wikipedia_article_links,https://en.wikipedia.org/wiki/Lumbar_puncture,en.wikipedia.org,wikipedia_internal,18,lumbar punctures,
CASE-0091,Tuskegee experiment,Tuskegee Syphilis Study,wikipedia_article_links,https://en.wikipedia.org/wiki/Congenital_syphilis,en.wikipedia.org,wikipedia_internal,19,congenital syphilis,
CASE-0091,Tuskegee experiment,Tuskegee Syphilis Study,wikipedia_article_links,https://en.wikipedia.org/wiki/Medical_ethics,en.wikipedia.org,wikipedia_internal,20,ethical standards,
CASE-0092,Project ARTICHOKE,Project Artichoke,wikipedia_search,https://en.wikipedia.org/wiki/Project_Artichoke,en.wikipedia.org,wikipedia_primary,1,Project Artichoke,
CASE-0092,Project ARTICHOKE,Project Artichoke,wikipedia_article_links,https://en.wikipedia.org/wiki/Central_Intelligence_Agency,en.wikipedia.org,wikipedia_internal,2,Central Intelligence Agency,
CASE-0092,Project ARTICHOKE,Project Artichoke,wikipedia_article_links,https://en.wikipedia.org/wiki/Interrogation,en.wikipedia.org,wikipedia_internal,3,interrogation,
CASE-0092,Project ARTICHOKE,Project Artichoke,wikipedia_article_links,https://en.wikipedia.org/wiki/Project_MKUltra,en.wikipedia.org,wikipedia_internal,4,Project MKUltra,
CASE-0092,Project ARTICHOKE,Project Artichoke,wikipedia_article_links,https://en.wikipedia.org/wiki/Office_of_Scientific_Intelligence,en.wikipedia.org,wikipedia_internal,5,Office of Scientific Intelligence,
CASE-0092,Project ARTICHOKE,Project Artichoke,wikipedia_article_links,https://en.wikipedia.org/wiki/Substance_dependence,en.wikipedia.org,wikipedia_internal,6,addiction,
CASE-0092,Project ARTICHOKE,Project Artichoke,wikipedia_article_links,https://en.wikipedia.org/wiki/Drug_withdrawal,en.wikipedia.org,wikipedia_internal,7,withdrawal,
CASE-0092,Project ARTICHOKE,Project Artichoke,wikipedia_article_links,https://en.wikipedia.org/wiki/Morphine,en.wikipedia.org,wikipedia_internal,8,morphine,
CASE-0092,Project ARTICHOKE,Project Artichoke,wikipedia_article_links,https://en.wikipedia.org/wiki/Lysergic_acid_diethylamide,en.wikipedia.org,wikipedia_internal,9,LSD,
CASE-0092,Project ARTICHOKE,Project Artichoke,wikipedia_article_links,https://en.wikipedia.org/wiki/Amnesia,en.wikipedia.org,wikipedia_internal,10,amnesia,
CASE-0092,Project ARTICHOKE,Project Artichoke,wikipedia_article_links,https://en.wikipedia.org/wiki/Brainwashing,en.wikipedia.org,wikipedia_internal,11,mind control,
CASE-0092,Project ARTICHOKE,Project Artichoke,wikipedia_article_links,https://en.wikipedia.org/wiki/United_States_Army,en.wikipedia.org,wikipedia_internal,12,Army,
CASE-0092,Project ARTICHOKE,Project Artichoke,wikipedia_article_links,https://en.wikipedia.org/wiki/United_States_Navy,en.wikipedia.org,wikipedia_internal,13,Navy,
CASE-0092,Project ARTICHOKE,Project Artichoke,wikipedia_article_links,https://en.wikipedia.org/wiki/United_States_Air_Force,en.wikipedia.org,wikipedia_internal,14,Air Force,
CASE-0092,Project ARTICHOKE,Project Artichoke,wikipedia_article_links,https://en.wikipedia.org/wiki/Federal_Bureau_of_Investigation,en.wikipedia.org,wikipedia_internal,15,FBI,
CASE-0092,Project ARTICHOKE,Project Artichoke,wikipedia_article_links,https://en.wikipedia.org/wiki/Self-preservation,en.wikipedia.org,wikipedia_internal,16,self-preservation,
CASE-0092,Project ARTICHOKE,Project Artichoke,wikipedia_article_links,https://en.wikipedia.org/wiki/Cocaine,en.wikipedia.org,wikipedia_internal,17,cocaine,
CASE-0092,Project ARTICHOKE,Project Artichoke,wikipedia_article_links,https://en.wikipedia.org/wiki/Marijuana,en.wikipedia.org,wikipedia_internal,18,marijuana,
CASE-0092,Project ARTICHOKE,Project Artichoke,wikipedia_article_links,https://en.wikipedia.org/wiki/Heroin,en.wikipedia.org,wikipedia_internal,19,heroin,
CASE-0092,Project ARTICHOKE,Project Artichoke,wikipedia_article_links,https://en.wikipedia.org/wiki/Peyote,en.wikipedia.org,wikipedia_internal,20,peyote,
CASE-0093,Lavon Affair,Lavon Affair,wikipedia_search,https://en.wikipedia.org/wiki/Lavon_Affair,en.wikipedia.org,wikipedia_primary,1,Lavon Affair,
CASE-0093,Lavon Affair,Lavon Affair,wikipedia_article_links,https://en.wikipedia.org/wiki/Pinhas_Lavon,en.wikipedia.org,wikipedia_internal,2,Pinhas Lavon,
CASE-0093,Lavon Affair,Lavon Affair,wikipedia_article_links,https://en.wikipedia.org/wiki/Covert_operation,en.wikipedia.org,wikipedia_internal,3,Covert,
CASE-0093,Lavon Affair,Lavon Affair,wikipedia_article_links,https://en.wikipedia.org/wiki/False_flag,en.wikipedia.org,wikipedia_internal,4,False flag,
CASE-0093,Lavon Affair,Lavon Affair,wikipedia_article_links,https://en.wikipedia.org/wiki/Republic_of_Egypt_(1953),en.wikipedia.org,wikipedia_internal,5,Egypt,
CASE-0093,Lavon Affair,Lavon Affair,wikipedia_article_links,https://en.wikipedia.org/wiki/Military_Intelligence_Directorate_(Israel),en.wikipedia.org,wikipedia_internal,6,Israeli Military Intelligence,
CASE-0093,Lavon Affair,Lavon Affair,wikipedia_article_links,https://en.wikipedia.org/wiki/Israel%E2%80%93United_Kingdom_relations,en.wikipedia.org,wikipedia_internal,7,Israel–United Kingdom relations,
CASE-0093,Lavon Affair,Lavon Affair,wikipedia_article_links,https://en.wikipedia.org/wiki/Israel%E2%80%93United_States_relations,en.wikipedia.org,wikipedia_internal,8,Israel–United States relations,
CASE-0093,Lavon Affair,Lavon Affair,wikipedia_article_links,https://en.wikipedia.org/wiki/Egypt,en.wikipedia.org,wikipedia_internal,9,Egypt,
CASE-0093,Lavon Affair,Lavon Affair,wikipedia_article_links,https://en.wikipedia.org/wiki/Egyptian_Jews,en.wikipedia.org,wikipedia_internal,10,Egyptian Jews,
CASE-0093,Lavon Affair,Lavon Affair,wikipedia_article_links,https://en.wikipedia.org/wiki/Israeli_military_intelligence,en.wikipedia.org,wikipedia_internal,11,Israeli military intelligence,
CASE-0093,Lavon Affair,Lavon Affair,wikipedia_article_links,https://en.wikipedia.org/wiki/Muslim_Brotherhood,en.wikipedia.org,wikipedia_internal,12,Muslim Brotherhood,
CASE-0093,Lavon Affair,Lavon Affair,wikipedia_article_links,https://en.wikipedia.org/wiki/Communists,en.wikipedia.org,wikipedia_internal,13,communists,
CASE-0093,Lavon Affair,Lavon Affair,wikipedia_article_links,https://en.wikipedia.org/wiki/Suez_Canal,en.wikipedia.org,wikipedia_internal,14,Suez Canal,
CASE-0093,Lavon Affair,Lavon Affair,wikipedia_article_links,https://en.wikipedia.org/wiki/Hebrew_language,en.wikipedia.org,wikipedia_internal,15,Hebrew,
CASE-0093,Lavon Affair,Lavon Affair,wikipedia_article_links,https://en.wikipedia.org/wiki/Moshe_Katsav,en.wikipedia.org,wikipedia_internal,16,Moshe Katsav,
CASE-0093,Lavon Affair,Lavon Affair,wikipedia_article_links,https://en.wikipedia.org/wiki/Egyptian_nationalism,en.wikipedia.org,wikipedia_internal,17,Egyptian nationalism,
CASE-0093,Lavon Affair,Lavon Affair,wikipedia_article_links,https://en.wikipedia.org/wiki/President_of_Egypt,en.wikipedia.org,wikipedia_internal,18,Egyptian president,
CASE-0093,Lavon Affair,Lavon Affair,wikipedia_article_links,https://en.wikipedia.org/wiki/Gamal_Abdel_Nasser,en.wikipedia.org,wikipedia_internal,19,Gamal Abdel Nasser,
CASE-0093,Lavon Affair,Lavon Affair,wikipedia_article_links,https://en.wikipedia.org/wiki/Binyamin_Gibli,en.wikipedia.org,wikipedia_internal,20,Binyamin Gibli,
CASE-0094,fractional reserve banking,Fractional-reserve banking,wikipedia_search,https://en.wikipedia.org/wiki/Fractional-reserve_banking,en.wikipedia.org,wikipedia_primary,1,Fractional-reserve banking,
CASE-0094,fractional reserve banking,Fractional-reserve banking,wikipedia_article_links,https://en.wikipedia.org/wiki/Financial_services,en.wikipedia.org,wikipedia_internal,2,financial services,
CASE-0094,fractional reserve banking,Fractional-reserve banking,wikipedia_article_links,https://en.wikipedia.org/wiki/Bank,en.wikipedia.org,wikipedia_internal,3,Banking,
CASE-0094,fractional reserve banking,Fractional-reserve banking,wikipedia_article_links,https://en.wikipedia.org/wiki/Bank_of_Amsterdam,en.wikipedia.org,wikipedia_internal,4,Bank of Amsterdam,
CASE-0094,fractional reserve banking,Fractional-reserve banking,wikipedia_article_links,https://en.wikipedia.org/wiki/Full-reserve_banking,en.wikipedia.org,wikipedia_internal,5,full-reserve bank,
CASE-0094,fractional reserve banking,Fractional-reserve banking,wikipedia_article_links,https://en.wikipedia.org/wiki/Advising_bank,en.wikipedia.org,wikipedia_internal,6,Advising,
CASE-0094,fractional reserve banking,Fractional-reserve banking,wikipedia_article_links,https://en.wikipedia.org/wiki/Banq,en.wikipedia.org,wikipedia_internal,7,Banq,
CASE-0094,fractional reserve banking,Fractional-reserve banking,wikipedia_article_links,https://en.wikipedia.org/wiki/Bulge_bracket,en.wikipedia.org,wikipedia_internal,8,Bulge bracket,
CASE-0094,fractional reserve banking,Fractional-reserve banking,wikipedia_article_links,https://en.wikipedia.org/wiki/Central_bank,en.wikipedia.org,wikipedia_internal,9,Central,
CASE-0094,fractional reserve banking,Fractional-reserve banking,wikipedia_article_links,https://en.wikipedia.org/wiki/Commercial_bank,en.wikipedia.org,wikipedia_internal,10,Commercial,
CASE-0094,fractional reserve banking,Fractional-reserve banking,wikipedia_article_links,https://en.wikipedia.org/wiki/Community_development_bank,en.wikipedia.org,wikipedia_internal,11,Community development,
CASE-0094,fractional reserve banking,Fractional-reserve banking,wikipedia_article_links,https://en.wikipedia.org/wiki/Cooperative_banking,en.wikipedia.org,wikipedia_internal,12,Cooperative,
CASE-0094,fractional reserve banking,Fractional-reserve banking,wikipedia_article_links,https://en.wikipedia.org/wiki/Credit_union,en.wikipedia.org,wikipedia_internal,13,Credit union,
CASE-0094,fractional reserve banking,Fractional-reserve banking,wikipedia_article_links,https://en.wikipedia.org/wiki/Custodian_bank,en.wikipedia.org,wikipedia_internal,14,Custodian,
CASE-0094,fractional reserve banking,Fractional-reserve banking,wikipedia_article_links,https://en.wikipedia.org/wiki/Depository_bank,en.wikipedia.org,wikipedia_internal,15,Depository,
CASE-0094,fractional reserve banking,Fractional-reserve banking,wikipedia_article_links,https://en.wikipedia.org/wiki/Development_finance_institution,en.wikipedia.org,wikipedia_internal,16,Development,
CASE-0094,fractional reserve banking,Fractional-reserve banking,wikipedia_article_links,https://en.wikipedia.org/wiki/Direct_bank,en.wikipedia.org,wikipedia_internal,17,Direct,
CASE-0094,fractional reserve banking,Fractional-reserve banking,wikipedia_article_links,https://en.wikipedia.org/wiki/Export_credit_agency,en.wikipedia.org,wikipedia_internal,18,Export credit agency,
CASE-0094,fractional reserve banking,Fractional-reserve banking,wikipedia_article_links,https://en.wikipedia.org/wiki/Investment_banking,en.wikipedia.org,wikipedia_internal,19,Investment,
CASE-0094,fractional reserve banking,Fractional-reserve banking,wikipedia_article_links,https://en.wikipedia.org/wiki/Industrial_loan_company,en.wikipedia.org,wikipedia_internal,20,Industrial,
CASE-0095,Rendlesham Forest,Rendlesham Forest incident,wikipedia_search,https://en.wikipedia.org/wiki/Rendlesham_Forest_incident,en.wikipedia.org,wikipedia_primary,1,Rendlesham Forest incident,
CASE-0095,Rendlesham Forest,Rendlesham Forest incident,wikipedia_article_links,https://en.wikipedia.org/wiki/Suffolk,en.wikipedia.org,wikipedia_internal,2,Suffolk,
CASE-0095,Rendlesham Forest,Rendlesham Forest incident,wikipedia_article_links,https://en.wikipedia.org/wiki/Geographic_coordinate_system,en.wikipedia.org,wikipedia_internal,3,Coordinates,
CASE-0095,Rendlesham Forest,Rendlesham Forest incident,wikipedia_article_links,https://en.wikipedia.org/wiki/Rendlesham_Forest,en.wikipedia.org,wikipedia_internal,4,Rendlesham Forest,
CASE-0095,Rendlesham Forest,Rendlesham Forest incident,wikipedia_article_links,https://en.wikipedia.org/wiki/Unidentified_flying_object,en.wikipedia.org,wikipedia_internal,5,UFO,
CASE-0095,Rendlesham Forest,Rendlesham Forest incident,wikipedia_article_links,https://en.wikipedia.org/wiki/RAF_Woodbridge,en.wikipedia.org,wikipedia_internal,6,RAF Woodbridge,
CASE-0095,Rendlesham Forest,Rendlesham Forest incident,wikipedia_article_links,https://en.wikipedia.org/wiki/United_States_Air_Force,en.wikipedia.org,wikipedia_internal,7,United States Air Force,
CASE-0095,Rendlesham Forest,Rendlesham Forest incident,wikipedia_article_links,https://en.wikipedia.org/wiki/Charles_I._Halt,en.wikipedia.org,wikipedia_internal,8,Charles I. Halt,
CASE-0095,Rendlesham Forest,Rendlesham Forest incident,wikipedia_article_links,https://en.wikipedia.org/wiki/Roswell_UFO_incident,en.wikipedia.org,wikipedia_internal,9,Roswell UFO incident,
CASE-0095,Rendlesham Forest,Rendlesham Forest incident,wikipedia_article_links,https://en.wikipedia.org/wiki/Ministry_of_Defence_(United_Kingdom),en.wikipedia.org,wikipedia_internal,10,Ministry of Defence,
CASE-0095,Rendlesham Forest,Rendlesham Forest incident,wikipedia_article_links,https://en.wikipedia.org/wiki/Fireball_(meteor),en.wikipedia.org,wikipedia_internal,11,fireball,
CASE-0095,Rendlesham Forest,Rendlesham Forest incident,wikipedia_article_links,https://en.wikipedia.org/wiki/Orfordness_Lighthouse,en.wikipedia.org,wikipedia_internal,12,Orfordness Lighthouse,
CASE-0095,Rendlesham Forest,Rendlesham Forest incident,wikipedia_article_links,https://en.wikipedia.org/wiki/Meteoroid,en.wikipedia.org,wikipedia_internal,13,natural debris,
CASE-0095,Rendlesham Forest,Rendlesham Forest incident,wikipedia_article_links,https://en.wikipedia.org/wiki/Forestry_Commission,en.wikipedia.org,wikipedia_internal,14,Forestry Commission,
CASE-0095,Rendlesham Forest,Rendlesham Forest incident,wikipedia_article_links,https://en.wikipedia.org/wiki/Ipswich,en.wikipedia.org,wikipedia_internal,15,Ipswich,
CASE-0095,Rendlesham Forest,Rendlesham Forest incident,wikipedia_article_links,https://en.wikipedia.org/wiki/RAF_Bentwaters,en.wikipedia.org,wikipedia_internal,16,RAF Bentwaters,
CASE-0095,Rendlesham Forest,Rendlesham Forest incident,wikipedia_article_links,https://en.wikipedia.org/wiki/Gordon_E._Williams,en.wikipedia.org,wikipedia_internal,17,Gordon E. Williams,
CASE-0095,Rendlesham Forest,Rendlesham Forest incident,wikipedia_article_links,https://en.wikipedia.org/wiki/Colonel_(United_States),en.wikipedia.org,wikipedia_internal,18,Colonel,
CASE-0095,Rendlesham Forest,Rendlesham Forest incident,wikipedia_article_links,https://en.wikipedia.org/wiki/Lieutenant_colonel_(United_States),en.wikipedia.org,wikipedia_internal,19,Lieutenant Colonel,
CASE-0095,Rendlesham Forest,Rendlesham Forest incident,wikipedia_article_links,https://en.wikipedia.org/wiki/Freedom_of_Information_Act_(United_States),en.wikipedia.org,wikipedia_internal,20,U.S. Freedom of Information Act,
CASE-0096,seven seals revelation,Seven seals,wikipedia_search,https://en.wikipedia.org/wiki/Seven_seals,en.wikipedia.org,wikipedia_primary,1,Seven seals,
CASE-0096,seven seals revelation,Seven seals,wikipedia_article_links,https://en.wikipedia.org/wiki/Seven_seals_(disambiguation),en.wikipedia.org,wikipedia_internal,2,Seven seals (disambiguation),
CASE-0096,seven seals revelation,Seven seals,wikipedia_article_links,https://en.wikipedia.org/wiki/Lamb_of_God,en.wikipedia.org,wikipedia_internal,3,Lamb,
CASE-0096,seven seals revelation,Seven seals,wikipedia_article_links,https://en.wikipedia.org/wiki/Seal_(emblem)#Impression,en.wikipedia.org,wikipedia_internal,4,seals,
CASE-0096,seven seals revelation,Seven seals,wikipedia_article_links,https://en.wikipedia.org/wiki/Greek_language,en.wikipedia.org,wikipedia_internal,5,Greek,
CASE-0096,seven seals revelation,Seven seals,wikipedia_article_links,https://en.wikipedia.org/wiki/Book_of_Revelation,en.wikipedia.org,wikipedia_internal,6,Book of Revelation,
CASE-0096,seven seals revelation,Seven seals,wikipedia_article_links,https://en.wikipedia.org/wiki/Four_Horsemen_of_the_Apocalypse,en.wikipedia.org,wikipedia_internal,7,Four Horsemen,
CASE-0096,seven seals revelation,Seven seals,wikipedia_article_links,https://en.wikipedia.org/wiki/Martyrs,en.wikipedia.org,wikipedia_internal,8,martyrs,
CASE-0096,seven seals revelation,Seven seals,wikipedia_article_links,https://en.wikipedia.org/wiki/Plague_(disease),en.wikipedia.org,wikipedia_internal,9,plagues,
CASE-0096,seven seals revelation,Seven seals,wikipedia_article_links,https://en.wikipedia.org/wiki/Storms,en.wikipedia.org,wikipedia_internal,10,storms,
CASE-0096,seven seals revelation,Seven seals,wikipedia_article_links,https://en.wikipedia.org/wiki/Seven_trumpets,en.wikipedia.org,wikipedia_internal,11,seven angelic trumpeters,
CASE-0096,seven seals revelation,Seven seals,wikipedia_article_links,https://en.wikipedia.org/wiki/Seven_bowls,en.wikipedia.org,wikipedia_internal,12,seven bowl,
CASE-0096,seven seals revelation,Seven seals,wikipedia_article_links,https://en.wikipedia.org/wiki/Julius_Schnorr_von_Carolsfeld,en.wikipedia.org,wikipedia_internal,13,Julius Schnorr von Carolsfeld,
CASE-0096,seven seals revelation,Seven seals,wikipedia_article_links,https://en.wikipedia.org/wiki/Christian_eschatology,en.wikipedia.org,wikipedia_internal,14,Christian eschatology,
CASE-0096,seven seals revelation,Seven seals,wikipedia_article_links,https://en.wikipedia.org/wiki/Historicism_(Christianity),en.wikipedia.org,wikipedia_internal,15,Historicism,
CASE-0096,seven seals revelation,Seven seals,wikipedia_article_links,https://en.wikipedia.org/wiki/Historicist_interpretations_of_the_Book_of_Revelation,en.wikipedia.org,wikipedia_internal,16,Interpretations of Revelation,
CASE-0096,seven seals revelation,Seven seals,wikipedia_article_links,https://en.wikipedia.org/wiki/Futurism_(Christianity),en.wikipedia.org,wikipedia_internal,17,Futurism,
CASE-0096,seven seals revelation,Seven seals,wikipedia_article_links,https://en.wikipedia.org/wiki/Dispensationalism,en.wikipedia.org,wikipedia_internal,18,Dispensationalism,
CASE-0096,seven seals revelation,Seven seals,wikipedia_article_links,https://en.wikipedia.org/wiki/Preterism,en.wikipedia.org,wikipedia_internal,19,Preterism,
CASE-0096,seven seals revelation,Seven seals,wikipedia_article_links,https://en.wikipedia.org/wiki/Idealism_(Christian_eschatology),en.wikipedia.org,wikipedia_internal,20,Idealism,
CASE-0097,four horsemen,Four Horsemen of the Apocalypse,wikipedia_search,https://en.wikipedia.org/wiki/Four_Horsemen_of_the_Apocalypse,en.wikipedia.org,wikipedia_primary,1,Four Horsemen of the Apocalypse,
CASE-0097,four horsemen,Four Horsemen of the Apocalypse,wikipedia_article_links,https://en.wikipedia.org/wiki/Four_Horsemen_of_the_Apocalypse_(disambiguation),en.wikipedia.org,wikipedia_internal,2,Four Horsemen of the Apocalypse (disambiguation),
CASE-0097,four horsemen,Four Horsemen of the Apocalypse,wikipedia_article_links,https://en.wikipedia.org/wiki/Horsemen_of_Apocalypse,en.wikipedia.org,wikipedia_internal,3,Horsemen of Apocalypse,
CASE-0097,four horsemen,Four Horsemen of the Apocalypse,wikipedia_article_links,https://en.wikipedia.org/wiki/Four_Horsemen_of_the_Apocalypse_(painting),en.wikipedia.org,wikipedia_internal,4,Four Horsemen of the Apocalypse,
CASE-0097,four horsemen,Four Horsemen of the Apocalypse,wikipedia_article_links,https://en.wikipedia.org/wiki/Viktor_Vasnetsov,en.wikipedia.org,wikipedia_internal,5,Viktor Vasnetsov,
CASE-0097,four horsemen,Four Horsemen of the Apocalypse,wikipedia_article_links,https://en.wikipedia.org/wiki/Personifications_of_death,en.wikipedia.org,wikipedia_internal,6,Death,
CASE-0097,four horsemen,Four Horsemen of the Apocalypse,wikipedia_article_links,https://en.wikipedia.org/wiki/Famine,en.wikipedia.org,wikipedia_internal,7,Famine,
CASE-0097,four horsemen,Four Horsemen of the Apocalypse,wikipedia_article_links,https://en.wikipedia.org/wiki/War,en.wikipedia.org,wikipedia_internal,8,War,
CASE-0097,four horsemen,Four Horsemen of the Apocalypse,wikipedia_article_links,https://en.wikipedia.org/wiki/Conquest,en.wikipedia.org,wikipedia_internal,9,Conquest,
CASE-0097,four horsemen,Four Horsemen of the Apocalypse,wikipedia_article_links,https://en.wikipedia.org/wiki/Lamb_of_God,en.wikipedia.org,wikipedia_internal,10,Lamb,
CASE-0097,four horsemen,Four Horsemen of the Apocalypse,wikipedia_article_links,https://en.wikipedia.org/wiki/Marcin_Kitz,en.wikipedia.org,wikipedia_internal,11,Marcin Kitz,
CASE-0097,four horsemen,Four Horsemen of the Apocalypse,wikipedia_article_links,https://en.wikipedia.org/wiki/Christianity,en.wikipedia.org,wikipedia_internal,12,Christianity,
CASE-0097,four horsemen,Four Horsemen of the Apocalypse,wikipedia_article_links,https://en.wikipedia.org/wiki/Christian_cross,en.wikipedia.org,wikipedia_internal,13,,
CASE-0097,four horsemen,Four Horsemen of the Apocalypse,wikipedia_article_links,https://en.wikipedia.org/wiki/Jesus_in_Christianity,en.wikipedia.org,wikipedia_internal,14,Jesus,
CASE-0097,four horsemen,Four Horsemen of the Apocalypse,wikipedia_article_links,https://en.wikipedia.org/wiki/Christ_(title),en.wikipedia.org,wikipedia_internal,15,Christ,
CASE-0097,four horsemen,Four Horsemen of the Apocalypse,wikipedia_article_links,https://en.wikipedia.org/wiki/Nativity_of_Jesus,en.wikipedia.org,wikipedia_internal,16,Nativity,
CASE-0097,four horsemen,Four Horsemen of the Apocalypse,wikipedia_article_links,https://en.wikipedia.org/wiki/Baptism_of_Jesus,en.wikipedia.org,wikipedia_internal,17,Baptism,
CASE-0097,four horsemen,Four Horsemen of the Apocalypse,wikipedia_article_links,https://en.wikipedia.org/wiki/Ministry_of_Jesus,en.wikipedia.org,wikipedia_internal,18,Ministry,
CASE-0097,four horsemen,Four Horsemen of the Apocalypse,wikipedia_article_links,https://en.wikipedia.org/wiki/Crucifixion_of_Jesus,en.wikipedia.org,wikipedia_internal,19,Crucifixion,
CASE-0097,four horsemen,Four Horsemen of the Apocalypse,wikipedia_article_links,https://en.wikipedia.org/wiki/Resurrection_of_Jesus,en.wikipedia.org,wikipedia_internal,20,Resurrection,
CASE-0098,black budget,Black budget,wikipedia_search,https://en.wikipedia.org/wiki/Black_budget,en.wikipedia.org,wikipedia_primary,1,Black budget,
CASE-0098,black budget,Black budget,wikipedia_article_links,https://en.wikipedia.org/wiki/Black_Budget_(New_Zealand),en.wikipedia.org,wikipedia_internal,2,Black Budget (New Zealand),
CASE-0098,black budget,Black budget,wikipedia_article_links,https://en.wikipedia.org/wiki/Government_budget,en.wikipedia.org,wikipedia_internal,3,government budget,
CASE-0098,black budget,Black budget,wikipedia_article_links,https://en.wikipedia.org/wiki/Military_science,en.wikipedia.org,wikipedia_internal,4,military research,
CASE-0098,black budget,Black budget,wikipedia_article_links,https://en.wikipedia.org/wiki/Covert_operation,en.wikipedia.org,wikipedia_internal,5,covert operations,
CASE-0098,black budget,Black budget,wikipedia_article_links,https://en.wikipedia.org/wiki/Military_budget_of_the_United_States,en.wikipedia.org,wikipedia_internal,6,military budget,
CASE-0098,black budget,Black budget,wikipedia_article_links,https://en.wikipedia.org/wiki/Boulevard_Mortier,en.wikipedia.org,wikipedia_internal,7,Boulevard Mortier,
CASE-0098,black budget,Black budget,wikipedia_article_links,https://en.wikipedia.org/wiki/Directorate-General_for_External_Security,en.wikipedia.org,wikipedia_internal,8,DGSE,
CASE-0098,black budget,Black budget,wikipedia_article_links,https://en.wikipedia.org/wiki/Congress_of_the_Philippines,en.wikipedia.org,wikipedia_internal,9,Congress of the Philippines,
CASE-0098,black budget,Black budget,wikipedia_article_links,https://en.wikipedia.org/wiki/Department_of_Budget_and_Management_(Philippines),en.wikipedia.org,wikipedia_internal,10,Department of Budget and Management,
CASE-0098,black budget,Black budget,wikipedia_article_links,https://en.wikipedia.org/wiki/Department_of_Interior_and_Local_Government,en.wikipedia.org,wikipedia_internal,11,Department of Interior and Local Government,
CASE-0098,black budget,Black budget,wikipedia_article_links,https://en.wikipedia.org/wiki/Department_of_National_Defense_(Philippines),en.wikipedia.org,wikipedia_internal,12,Department of National Defense,
CASE-0098,black budget,Black budget,wikipedia_article_links,https://en.wikipedia.org/wiki/Governance_Commission_for_GOCCs,en.wikipedia.org,wikipedia_internal,13,Governance Commission for GOCCs,
CASE-0098,black budget,Black budget,wikipedia_article_links,https://en.wikipedia.org/wiki/Commission_on_Audit_(Philippines),en.wikipedia.org,wikipedia_internal,14,Commission on Audit,
CASE-0098,black budget,Black budget,wikipedia_article_links,https://en.wikipedia.org/wiki/Commission_on_Audit,en.wikipedia.org,wikipedia_internal,15,Commission on Audit,
CASE-0098,black budget,Black budget,wikipedia_article_links,https://en.wikipedia.org/wiki/Office_of_the_President_of_the_Philippines,en.wikipedia.org,wikipedia_internal,16,Office of the President of the Philippines,
CASE-0098,black budget,Black budget,wikipedia_article_links,https://en.wikipedia.org/wiki/Office_of_the_Vice_President_of_the_Philippines,en.wikipedia.org,wikipedia_internal,17,Office of the Vice President of the Philippines,
CASE-0098,black budget,Black budget,wikipedia_article_links,https://en.wikipedia.org/wiki/Sara_Duterte,en.wikipedia.org,wikipedia_internal,18,Sara Duterte,
CASE-0098,black budget,Black budget,wikipedia_article_links,https://en.wikipedia.org/wiki/Impeachment_of_Sara_Duterte,en.wikipedia.org,wikipedia_internal,19,impeachment,
CASE-0098,black budget,Black budget,wikipedia_article_links,https://en.wikipedia.org/wiki/Federal_budget_of_Russia,en.wikipedia.org,wikipedia_internal,20,Russian federal budget,
CASE-0099,Satanic panic,Satanic panic,wikipedia_search,https://en.wikipedia.org/wiki/Satanic_panic,en.wikipedia.org,wikipedia_primary,1,Satanic panic,
CASE-0099,Satanic panic,Satanic panic,wikipedia_article_links,https://en.wikipedia.org/wiki/Religious_abuse,en.wikipedia.org,wikipedia_internal,2,Religious abuse,
CASE-0099,Satanic panic,Satanic panic,wikipedia_article_links,https://en.wikipedia.org/wiki/Satanic_panic_(disambiguation),en.wikipedia.org,wikipedia_internal,3,Satanic panic (disambiguation),
CASE-0099,Satanic panic,Satanic panic,wikipedia_article_links,https://en.wikipedia.org/wiki/Moral_panic,en.wikipedia.org,wikipedia_internal,4,moral panic,
CASE-0099,Satanic panic,Satanic panic,wikipedia_article_links,https://en.wikipedia.org/wiki/Michelle_Remembers,en.wikipedia.org,wikipedia_internal,5,Michelle Remembers,
CASE-0099,Satanic panic,Satanic panic,wikipedia_article_links,https://en.wikipedia.org/wiki/Lawrence_Pazder,en.wikipedia.org,wikipedia_internal,6,Lawrence Pazder,
CASE-0099,Satanic panic,Satanic panic,wikipedia_article_links,https://en.wikipedia.org/wiki/Recovered-memory_therapy,en.wikipedia.org,wikipedia_internal,7,recovered-memory therapy,
CASE-0099,Satanic panic,Satanic panic,wikipedia_article_links,https://en.wikipedia.org/wiki/Physical_abuse,en.wikipedia.org,wikipedia_internal,8,physical,
CASE-0099,Satanic panic,Satanic panic,wikipedia_article_links,https://en.wikipedia.org/wiki/Child_sexual_abuse,en.wikipedia.org,wikipedia_internal,9,sexual abuse,
CASE-0099,Satanic panic,Satanic panic,wikipedia_article_links,https://en.wikipedia.org/wiki/Occult,en.wikipedia.org,wikipedia_internal,10,occult,
CASE-0099,Satanic panic,Satanic panic,wikipedia_article_links,https://en.wikipedia.org/wiki/Theistic_Satanism,en.wikipedia.org,wikipedia_internal,11,Satanic,
CASE-0099,Satanic panic,Satanic panic,wikipedia_article_links,https://en.wikipedia.org/wiki/Conspiracy,en.wikipedia.org,wikipedia_internal,12,conspiracy,
CASE-0099,Satanic panic,Satanic panic,wikipedia_article_links,https://en.wikipedia.org/wiki/Elite,en.wikipedia.org,wikipedia_internal,13,elite,
CASE-0099,Satanic panic,Satanic panic,wikipedia_article_links,https://en.wikipedia.org/wiki/Child_sacrifice,en.wikipedia.org,wikipedia_internal,14,human sacrifice,
CASE-0099,Satanic panic,Satanic panic,wikipedia_article_links,https://en.wikipedia.org/wiki/Child_pornography,en.wikipedia.org,wikipedia_internal,15,pornography,
CASE-0099,Satanic panic,Satanic panic,wikipedia_article_links,https://en.wikipedia.org/wiki/Child_prostitution,en.wikipedia.org,wikipedia_internal,16,prostitution,
CASE-0099,Satanic panic,Satanic panic,wikipedia_article_links,https://en.wikipedia.org/wiki/Psychotherapy,en.wikipedia.org,wikipedia_internal,17,psychotherapy,
CASE-0099,Satanic panic,Satanic panic,wikipedia_article_links,https://en.wikipedia.org/wiki/Secularized,en.wikipedia.org,wikipedia_internal,18,secularized,
CASE-0099,Satanic panic,Satanic panic,wikipedia_article_links,https://en.wikipedia.org/wiki/Dissociative_identity_disorder,en.wikipedia.org,wikipedia_internal,19,dissociative identity disorder,
CASE-0099,Satanic panic,Satanic panic,wikipedia_article_links,https://en.wikipedia.org/wiki/Conspiracy_theory,en.wikipedia.org,wikipedia_internal,20,conspiracy theories,
CASE-0100,Bilderberg 2026,2025 Bilderberg Conference,wikipedia_search,https://en.wikipedia.org/wiki/2025_Bilderberg_Conference,en.wikipedia.org,wikipedia_primary,1,2025 Bilderberg Conference,
CASE-0100,Bilderberg 2026,2025 Bilderberg Conference,wikipedia_article_links,https://en.wikipedia.org/wiki/Stockholm,en.wikipedia.org,wikipedia_internal,2,Stockholm,
CASE-0100,Bilderberg 2026,2025 Bilderberg Conference,wikipedia_article_links,https://en.wikipedia.org/wiki/Grand_H%C3%B4tel_(Stockholm),en.wikipedia.org,wikipedia_internal,3,Grand Hôtel,
CASE-0100,Bilderberg 2026,2025 Bilderberg Conference,wikipedia_article_links,https://en.wikipedia.org/wiki/2024_Bilderberg_Conference,en.wikipedia.org,wikipedia_internal,4,2024 Bilderberg Conference,
CASE-0100,Bilderberg 2026,2025 Bilderberg Conference,wikipedia_article_links,https://en.wikipedia.org/wiki/List_of_Bilderberg_meetings,en.wikipedia.org,wikipedia_internal,5,71st edition,
CASE-0100,Bilderberg 2026,2025 Bilderberg Conference,wikipedia_article_links,https://en.wikipedia.org/wiki/Bilderberg_Group,en.wikipedia.org,wikipedia_internal,6,Bilderberg Group,
CASE-0100,Bilderberg 2026,2025 Bilderberg Conference,wikipedia_article_links,https://en.wikipedia.org/wiki/1954_Bilderberg_Conference,en.wikipedia.org,wikipedia_internal,7,1954,
CASE-0100,Bilderberg 2026,2025 Bilderberg Conference,wikipedia_article_links,https://en.wikipedia.org/wiki/Prince_Bernhard_of_Lippe-Biesterfeld,en.wikipedia.org,wikipedia_internal,8,Prince Bernhard of the Netherlands,
CASE-0100,Bilderberg 2026,2025 Bilderberg Conference,wikipedia_article_links,https://en.wikipedia.org/wiki/Elite,en.wikipedia.org,wikipedia_internal,9,elite,
CASE-0100,Bilderberg 2026,2025 Bilderberg Conference,wikipedia_article_links,https://en.wikipedia.org/wiki/Bilderberg_meeting#Organizational_structure,en.wikipedia.org,wikipedia_internal,10,steering committee,
CASE-0100,Bilderberg 2026,2025 Bilderberg Conference,wikipedia_article_links,https://en.wikipedia.org/wiki/CEOs,en.wikipedia.org,wikipedia_internal,11,CEOs,
CASE-0100,Bilderberg 2026,2025 Bilderberg Conference,wikipedia_article_links,https://en.wikipedia.org/wiki/National_security,en.wikipedia.org,wikipedia_internal,12,national security experts,
CASE-0100,Bilderberg 2026,2025 Bilderberg Conference,wikipedia_article_links,https://en.wikipedia.org/wiki/Academic_staff,en.wikipedia.org,wikipedia_internal,13,academics,
CASE-0100,Bilderberg 2026,2025 Bilderberg Conference,wikipedia_article_links,https://en.wikipedia.org/wiki/Chatham_House_Rule,en.wikipedia.org,wikipedia_internal,14,Chatham House Rule,
CASE-0100,Bilderberg 2026,2025 Bilderberg Conference,wikipedia_article_links,https://en.wikipedia.org/wiki/Protest,en.wikipedia.org,wikipedia_internal,15,public demonstrations,
CASE-0100,Bilderberg 2026,2025 Bilderberg Conference,wikipedia_article_links,https://en.wikipedia.org/wiki/Norrmalm_Square,en.wikipedia.org,wikipedia_internal,16,Norrmalm Square,
CASE-0100,Bilderberg 2026,2025 Bilderberg Conference,wikipedia_article_links,https://en.wikipedia.org/wiki/Transatlantic_relations,en.wikipedia.org,wikipedia_internal,17,Transatlantic Relationship,
CASE-0100,Bilderberg 2026,2025 Bilderberg Conference,wikipedia_article_links,https://en.wikipedia.org/wiki/Economy_of_the_United_States,en.wikipedia.org,wikipedia_internal,18,US Economy,
CASE-0100,Bilderberg 2026,2025 Bilderberg Conference,wikipedia_article_links,https://en.wikipedia.org/wiki/AI,en.wikipedia.org,wikipedia_internal,19,AI,
CASE-0100,Bilderberg 2026,2025 Bilderberg Conference,wikipedia_article_links,https://en.wikipedia.org/wiki/Depopulation,en.wikipedia.org,wikipedia_internal,20,Depopulation,
CASE-0101,DARPA conspiracy,New World Order conspiracy theory,wikipedia_search,https://en.wikipedia.org/wiki/New_World_Order_conspiracy_theory,en.wikipedia.org,wikipedia_primary,1,New World Order conspiracy theory,
CASE-0101,DARPA conspiracy,New World Order conspiracy theory,wikipedia_article_links,https://en.wikipedia.org/wiki/New_world_order_(politics),en.wikipedia.org,wikipedia_internal,2,New world order (politics),
CASE-0101,DARPA conspiracy,New World Order conspiracy theory,wikipedia_article_links,https://en.wikipedia.org/wiki/Great_Seal_of_the_United_States,en.wikipedia.org,wikipedia_internal,3,Great Seal of the United States,
CASE-0101,DARPA conspiracy,New World Order conspiracy theory,wikipedia_article_links,https://en.wikipedia.org/wiki/Novus_ordo_seclorum,en.wikipedia.org,wikipedia_internal,4,novus ordo seclorum,
CASE-0101,DARPA conspiracy,New World Order conspiracy theory,wikipedia_article_links,https://en.wikipedia.org/wiki/U.S._one-dollar_bill,en.wikipedia.org,wikipedia_internal,5,U.S. one-dollar bill,
CASE-0101,DARPA conspiracy,New World Order conspiracy theory,wikipedia_article_links,https://en.wikipedia.org/wiki/Conspiracy_theory,en.wikipedia.org,wikipedia_internal,6,conspiracy theories,
CASE-0101,DARPA conspiracy,New World Order conspiracy theory,wikipedia_article_links,https://en.wikipedia.org/wiki/Totalitarian,en.wikipedia.org,wikipedia_internal,7,totalitarian,
CASE-0101,DARPA conspiracy,New World Order conspiracy theory,wikipedia_article_links,https://en.wikipedia.org/wiki/World_government,en.wikipedia.org,wikipedia_internal,8,world government,
CASE-0101,DARPA conspiracy,New World Order conspiracy theory,wikipedia_article_links,https://en.wikipedia.org/wiki/Shadow_government_(conspiracy_theory),en.wikipedia.org,wikipedia_internal,9,secretive,
CASE-0101,DARPA conspiracy,New World Order conspiracy theory,wikipedia_article_links,https://en.wikipedia.org/wiki/Elite,en.wikipedia.org,wikipedia_internal,10,elite,
CASE-0101,DARPA conspiracy,New World Order conspiracy theory,wikipedia_article_links,https://en.wikipedia.org/wiki/Globalism,en.wikipedia.org,wikipedia_internal,11,globalist,
CASE-0101,DARPA conspiracy,New World Order conspiracy theory,wikipedia_article_links,https://en.wikipedia.org/wiki/World_domination,en.wikipedia.org,wikipedia_internal,12,rule the world,
CASE-0101,DARPA conspiracy,New World Order conspiracy theory,wikipedia_article_links,https://en.wikipedia.org/wiki/Authoritarianism,en.wikipedia.org,wikipedia_internal,13,authoritarian,
CASE-0101,DARPA conspiracy,New World Order conspiracy theory,wikipedia_article_links,https://en.wikipedia.org/wiki/Nation-states,en.wikipedia.org,wikipedia_internal,14,nation-states,
CASE-0101,DARPA conspiracy,New World Order conspiracy theory,wikipedia_article_links,https://en.wikipedia.org/wiki/End_of_history,en.wikipedia.org,wikipedia_internal,15,culmination of history's progress,
CASE-0101,DARPA conspiracy,New World Order conspiracy theory,wikipedia_article_links,https://en.wikipedia.org/wiki/Cabal,en.wikipedia.org,wikipedia_internal,16,cabal,
CASE-0101,DARPA conspiracy,New World Order conspiracy theory,wikipedia_article_links,https://en.wikipedia.org/wiki/Front_organization,en.wikipedia.org,wikipedia_internal,17,front organizations,
CASE-0101,DARPA conspiracy,New World Order conspiracy theory,wikipedia_article_links,https://en.wikipedia.org/wiki/Crisis,en.wikipedia.org,wikipedia_internal,18,crises,
CASE-0101,DARPA conspiracy,New World Order conspiracy theory,wikipedia_article_links,https://en.wikipedia.org/wiki/Countercultures,en.wikipedia.org,wikipedia_internal,19,countercultures,
CASE-0101,DARPA conspiracy,New World Order conspiracy theory,wikipedia_article_links,https://en.wikipedia.org/wiki/Fundamentalist_Christianity,en.wikipedia.org,wikipedia_internal,20,fundamentalist Christianity,
CASE-0102,shadow government,Shadow government,wikipedia_search,https://en.wikipedia.org/wiki/Shadow_government,en.wikipedia.org,wikipedia_primary,1,Shadow government,
CASE-0102,shadow government,Shadow government,wikipedia_article_links,https://en.wikipedia.org/wiki/Shadow_cabinet,en.wikipedia.org,wikipedia_internal,2,Shadow cabinet,
CASE-0102,shadow government,Shadow government,wikipedia_article_links,https://en.wikipedia.org/wiki/Continuity_of_government,en.wikipedia.org,wikipedia_internal,3,continuity of government,
CASE-0102,shadow government,Shadow government,wikipedia_article_links,https://en.wikipedia.org/wiki/Government-in-exile,en.wikipedia.org,wikipedia_internal,4,government-in-exile,
CASE-0102,shadow government,Shadow government,wikipedia_article_links,https://en.wikipedia.org/wiki/Shadow_government_(conspiracy),en.wikipedia.org,wikipedia_internal,5,Shadow government (conspiracy),
CASE-0102,shadow government,Shadow government,wikipedia_article_links,https://en.wikipedia.org/wiki/Cloud_Ten_Pictures,en.wikipedia.org,wikipedia_internal,6,Cloud Ten Pictures,
CASE-0102,shadow government,Shadow government,wikipedia_article_links,https://en.wikipedia.org/wiki/The_Else,en.wikipedia.org,wikipedia_internal,7,The Else,
CASE-0102,shadow government,Shadow government,wikipedia_article_links,https://en.wikipedia.org/wiki/Morning_Sedition,en.wikipedia.org,wikipedia_internal,8,Morning Sedition,
CASE-0102,shadow government,Shadow government,wikipedia_article_links,https://en.wikipedia.org/wiki/The_Shadow_of_Government,en.wikipedia.org,wikipedia_internal,9,The Shadow of Government,
CASE-0102,shadow government,Shadow government,wikipedia_article_links,https://en.wikipedia.org/wiki/Deep_state_(disambiguation),en.wikipedia.org,wikipedia_internal,10,Deep state (disambiguation),
CASE-0102,shadow government,Shadow government,wikipedia_article_links,https://en.wikipedia.org/wiki/Shadow_Government_Statistics,en.wikipedia.org,wikipedia_internal,11,Shadow Government Statistics,
CASE-0102,shadow government,Shadow government,wikipedia_article_links,https://en.wikipedia.org/wiki/Smoke-filled_room,en.wikipedia.org,wikipedia_internal,12,Smoke-filled room,
CASE-0103,Rockefeller conspiracy,New World Order conspiracy theory,wikipedia_search,https://en.wikipedia.org/wiki/New_World_Order_conspiracy_theory,en.wikipedia.org,wikipedia_primary,1,New World Order conspiracy theory,
CASE-0103,Rockefeller conspiracy,New World Order conspiracy theory,wikipedia_article_links,https://en.wikipedia.org/wiki/New_world_order_(politics),en.wikipedia.org,wikipedia_internal,2,New world order (politics),
CASE-0103,Rockefeller conspiracy,New World Order conspiracy theory,wikipedia_article_links,https://en.wikipedia.org/wiki/Great_Seal_of_the_United_States,en.wikipedia.org,wikipedia_internal,3,Great Seal of the United States,
CASE-0103,Rockefeller conspiracy,New World Order conspiracy theory,wikipedia_article_links,https://en.wikipedia.org/wiki/Novus_ordo_seclorum,en.wikipedia.org,wikipedia_internal,4,novus ordo seclorum,
CASE-0103,Rockefeller conspiracy,New World Order conspiracy theory,wikipedia_article_links,https://en.wikipedia.org/wiki/U.S._one-dollar_bill,en.wikipedia.org,wikipedia_internal,5,U.S. one-dollar bill,
CASE-0103,Rockefeller conspiracy,New World Order conspiracy theory,wikipedia_article_links,https://en.wikipedia.org/wiki/Conspiracy_theory,en.wikipedia.org,wikipedia_internal,6,conspiracy theories,
CASE-0103,Rockefeller conspiracy,New World Order conspiracy theory,wikipedia_article_links,https://en.wikipedia.org/wiki/Totalitarian,en.wikipedia.org,wikipedia_internal,7,totalitarian,
CASE-0103,Rockefeller conspiracy,New World Order conspiracy theory,wikipedia_article_links,https://en.wikipedia.org/wiki/World_government,en.wikipedia.org,wikipedia_internal,8,world government,
CASE-0103,Rockefeller conspiracy,New World Order conspiracy theory,wikipedia_article_links,https://en.wikipedia.org/wiki/Shadow_government_(conspiracy_theory),en.wikipedia.org,wikipedia_internal,9,secretive,
CASE-0103,Rockefeller conspiracy,New World Order conspiracy theory,wikipedia_article_links,https://en.wikipedia.org/wiki/Elite,en.wikipedia.org,wikipedia_internal,10,elite,
CASE-0103,Rockefeller conspiracy,New World Order conspiracy theory,wikipedia_article_links,https://en.wikipedia.org/wiki/Globalism,en.wikipedia.org,wikipedia_internal,11,globalist,
CASE-0103,Rockefeller conspiracy,New World Order conspiracy theory,wikipedia_article_links,https://en.wikipedia.org/wiki/World_domination,en.wikipedia.org,wikipedia_internal,12,rule the world,
CASE-0103,Rockefeller conspiracy,New World Order conspiracy theory,wikipedia_article_links,https://en.wikipedia.org/wiki/Authoritarianism,en.wikipedia.org,wikipedia_internal,13,authoritarian,
CASE-0103,Rockefeller conspiracy,New World Order conspiracy theory,wikipedia_article_links,https://en.wikipedia.org/wiki/Nation-states,en.wikipedia.org,wikipedia_internal,14,nation-states,
CASE-0103,Rockefeller conspiracy,New World Order conspiracy theory,wikipedia_article_links,https://en.wikipedia.org/wiki/End_of_history,en.wikipedia.org,wikipedia_internal,15,culmination of history's progress,
CASE-0103,Rockefeller conspiracy,New World Order conspiracy theory,wikipedia_article_links,https://en.wikipedia.org/wiki/Cabal,en.wikipedia.org,wikipedia_internal,16,cabal,
CASE-0103,Rockefeller conspiracy,New World Order conspiracy theory,wikipedia_article_links,https://en.wikipedia.org/wiki/Front_organization,en.wikipedia.org,wikipedia_internal,17,front organizations,
CASE-0103,Rockefeller conspiracy,New World Order conspiracy theory,wikipedia_article_links,https://en.wikipedia.org/wiki/Crisis,en.wikipedia.org,wikipedia_internal,18,crises,
CASE-0103,Rockefeller conspiracy,New World Order conspiracy theory,wikipedia_article_links,https://en.wikipedia.org/wiki/Countercultures,en.wikipedia.org,wikipedia_internal,19,countercultures,
CASE-0103,Rockefeller conspiracy,New World Order conspiracy theory,wikipedia_article_links,https://en.wikipedia.org/wiki/Fundamentalist_Christianity,en.wikipedia.org,wikipedia_internal,20,fundamentalist Christianity,
CASE-0104,Project Blue Book,Project Blue Book,wikipedia_search,https://en.wikipedia.org/wiki/Project_Blue_Book,en.wikipedia.org,wikipedia_primary,1,Project Blue Book,
CASE-0104,Project Blue Book,Project Blue Book,wikipedia_article_links,https://en.wikipedia.org/wiki/Project_Blue_Book_(TV_series),en.wikipedia.org,wikipedia_internal,2,Project Blue Book (TV series),
CASE-0104,Project Blue Book,Project Blue Book,wikipedia_article_links,https://en.wikipedia.org/wiki/Edward_J._Ruppelt,en.wikipedia.org,wikipedia_internal,3,Edward J. Ruppelt,
CASE-0104,Project Blue Book,Project Blue Book,wikipedia_article_links,https://en.wikipedia.org/wiki/Hector_Quintanilla,en.wikipedia.org,wikipedia_internal,4,Hector Quintanilla,
CASE-0104,Project Blue Book,Project Blue Book,wikipedia_article_links,https://en.wikipedia.org/wiki/Unidentified_flying_object,en.wikipedia.org,wikipedia_internal,5,UFOs,
CASE-0104,Project Blue Book,Project Blue Book,wikipedia_article_links,https://en.wikipedia.org/wiki/Ufology,en.wikipedia.org,wikipedia_internal,6,ufology,
CASE-0104,Project Blue Book,Project Blue Book,wikipedia_article_links,https://en.wikipedia.org/wiki/List_of_reported_UFO_sightings,en.wikipedia.org,wikipedia_internal,7,Notable sightings,
CASE-0104,Project Blue Book,Project Blue Book,wikipedia_article_links,https://en.wikipedia.org/wiki/1947_flying_disc_craze,en.wikipedia.org,wikipedia_internal,8,1947 wave,
CASE-0104,Project Blue Book,Project Blue Book,wikipedia_article_links,"https://en.wikipedia.org/wiki/1952_Washington,_D.C._UFO_incident",en.wikipedia.org,wikipedia_internal,9,1952 flap,
CASE-0104,Project Blue Book,Project Blue Book,wikipedia_article_links,https://en.wikipedia.org/wiki/Barney_and_Betty_Hill_incident,en.wikipedia.org,wikipedia_internal,10,Barney and Betty Hill,
CASE-0104,Project Blue Book,Project Blue Book,wikipedia_article_links,https://en.wikipedia.org/wiki/Belgian_UFO_wave,en.wikipedia.org,wikipedia_internal,11,Belgian wave,
CASE-0104,Project Blue Book,Project Blue Book,wikipedia_article_links,https://en.wikipedia.org/wiki/Calvine_UFO_photograph,en.wikipedia.org,wikipedia_internal,12,Calvine photo,
CASE-0104,Project Blue Book,Project Blue Book,wikipedia_article_links,https://en.wikipedia.org/wiki/Chiles-Whitted_UFO_encounter,en.wikipedia.org,wikipedia_internal,13,Chiles-Whitted,
CASE-0104,Project Blue Book,Project Blue Book,wikipedia_article_links,https://en.wikipedia.org/wiki/Flatwoods_monster,en.wikipedia.org,wikipedia_internal,14,Flatwoods monster,
CASE-0104,Project Blue Book,Project Blue Book,wikipedia_article_links,https://en.wikipedia.org/wiki/Gorman_dogfight,en.wikipedia.org,wikipedia_internal,15,Gorman dogfight,
CASE-0104,Project Blue Book,Project Blue Book,wikipedia_article_links,https://en.wikipedia.org/wiki/Kenneth_Arnold_UFO_sighting,en.wikipedia.org,wikipedia_internal,16,Kenneth Arnold sighting,
CASE-0104,Project Blue Book,Project Blue Book,wikipedia_article_links,https://en.wikipedia.org/wiki/Mantell_UFO_incident,en.wikipedia.org,wikipedia_internal,17,Mantell crash,
CASE-0104,Project Blue Book,Project Blue Book,wikipedia_article_links,https://en.wikipedia.org/wiki/Mariana_UFO_film,en.wikipedia.org,wikipedia_internal,18,Mariana film,
CASE-0104,Project Blue Book,Project Blue Book,wikipedia_article_links,https://en.wikipedia.org/wiki/McMinnville_UFO_photographs,en.wikipedia.org,wikipedia_internal,19,McMinnville photos,
CASE-0104,Project Blue Book,Project Blue Book,wikipedia_article_links,https://en.wikipedia.org/wiki/Rendlesham_Forest_incident,en.wikipedia.org,wikipedia_internal,20,Rendlesham Forest,
CASE-0105,transhumanism,Transhumanism,wikipedia_search,https://en.wikipedia.org/wiki/Transhumanism,en.wikipedia.org,wikipedia_primary,1,Transhumanism,
CASE-0105,transhumanism,Transhumanism,wikipedia_article_links,https://en.wikipedia.org/wiki/Posthumanism,en.wikipedia.org,wikipedia_internal,2,Posthumanism,
CASE-0105,transhumanism,Transhumanism,wikipedia_article_links,https://en.wikipedia.org/wiki/Transhumance,en.wikipedia.org,wikipedia_internal,3,Transhumance,
CASE-0105,transhumanism,Transhumanism,wikipedia_article_links,https://en.wikipedia.org/wiki/Transgender,en.wikipedia.org,wikipedia_internal,4,Transgender,
CASE-0105,transhumanism,Transhumanism,wikipedia_article_links,https://en.wikipedia.org/wiki/Accelerating_change,en.wikipedia.org,wikipedia_internal,5,Accelerating change,
CASE-0105,transhumanism,Transhumanism,wikipedia_article_links,https://en.wikipedia.org/wiki/Eradication_of_suffering,en.wikipedia.org,wikipedia_internal,6,Eradication of suffering,
CASE-0105,transhumanism,Transhumanism,wikipedia_article_links,https://en.wikipedia.org/wiki/Fourth_Industrial_Revolution,en.wikipedia.org,wikipedia_internal,7,Fourth Industrial Revolution,
CASE-0105,transhumanism,Transhumanism,wikipedia_article_links,https://en.wikipedia.org/wiki/Human_enhancement,en.wikipedia.org,wikipedia_internal,8,Human enhancement,
CASE-0105,transhumanism,Transhumanism,wikipedia_article_links,https://en.wikipedia.org/wiki/Human_genetic_enhancement,en.wikipedia.org,wikipedia_internal,9,Genetic,
CASE-0105,transhumanism,Transhumanism,wikipedia_article_links,https://en.wikipedia.org/wiki/Moral_enhancement,en.wikipedia.org,wikipedia_internal,10,Moral,
CASE-0105,transhumanism,Transhumanism,wikipedia_article_links,https://en.wikipedia.org/wiki/Neuroenhancement,en.wikipedia.org,wikipedia_internal,11,Neuro-,
CASE-0105,transhumanism,Transhumanism,wikipedia_article_links,https://en.wikipedia.org/wiki/Cognitive_liberty,en.wikipedia.org,wikipedia_internal,12,Cognitive liberty,
CASE-0105,transhumanism,Transhumanism,wikipedia_article_links,https://en.wikipedia.org/wiki/New_eugenics,en.wikipedia.org,wikipedia_internal,13,New eugenics,
CASE-0105,transhumanism,Transhumanism,wikipedia_article_links,https://en.wikipedia.org/wiki/Eugenics,en.wikipedia.org,wikipedia_internal,14,Eugenics,
CASE-0105,transhumanism,Transhumanism,wikipedia_article_links,https://en.wikipedia.org/wiki/Human_nature,en.wikipedia.org,wikipedia_internal,15,Human nature,
CASE-0105,transhumanism,Transhumanism,wikipedia_article_links,https://en.wikipedia.org/wiki/Meliorism,en.wikipedia.org,wikipedia_internal,16,Meliorism,
CASE-0105,transhumanism,Transhumanism,wikipedia_article_links,https://en.wikipedia.org/wiki/Post-politics,en.wikipedia.org,wikipedia_internal,17,Post-politics,
CASE-0105,transhumanism,Transhumanism,wikipedia_article_links,https://en.wikipedia.org/wiki/Post-scarcity,en.wikipedia.org,wikipedia_internal,18,Post-scarcity,
CASE-0105,transhumanism,Transhumanism,wikipedia_article_links,https://en.wikipedia.org/wiki/List_of_transhumanists,en.wikipedia.org,wikipedia_internal,19,People,
CASE-0105,transhumanism,Transhumanism,wikipedia_article_links,https://en.wikipedia.org/wiki/William_H._Andrews_(biologist),en.wikipedia.org,wikipedia_internal,20,Andrews,
CASE-0106,water fluoridation,Water fluoridation,wikipedia_search,https://en.wikipedia.org/wiki/Water_fluoridation,en.wikipedia.org,wikipedia_primary,1,Water fluoridation,
CASE-0106,water fluoridation,Water fluoridation,wikipedia_article_links,https://en.wikipedia.org/wiki/Drinking_water,en.wikipedia.org,wikipedia_internal,2,drinking water,
CASE-0106,water fluoridation,Water fluoridation,wikipedia_article_links,https://en.wikipedia.org/wiki/Fluoride,en.wikipedia.org,wikipedia_internal,3,fluoride,
CASE-0106,water fluoridation,Water fluoridation,wikipedia_article_links,https://en.wikipedia.org/wiki/Public_water_supply,en.wikipedia.org,wikipedia_internal,4,public water supplies,
CASE-0106,water fluoridation,Water fluoridation,wikipedia_article_links,https://en.wikipedia.org/wiki/Tooth_decay,en.wikipedia.org,wikipedia_internal,5,tooth decay,
CASE-0106,water fluoridation,Water fluoridation,wikipedia_article_links,https://en.wikipedia.org/wiki/Tooth_enamel,en.wikipedia.org,wikipedia_internal,6,tooth enamel,
CASE-0106,water fluoridation,Water fluoridation,wikipedia_article_links,https://en.wikipedia.org/wiki/Demineralization_(physiology),en.wikipedia.org,wikipedia_internal,7,demineralization,
CASE-0106,water fluoridation,Water fluoridation,wikipedia_article_links,https://en.wikipedia.org/wiki/Remineralization,en.wikipedia.org,wikipedia_internal,8,remineralization,
CASE-0106,water fluoridation,Water fluoridation,wikipedia_article_links,https://en.wikipedia.org/wiki/Defluoridation,en.wikipedia.org,wikipedia_internal,9,Defluoridation,
CASE-0106,water fluoridation,Water fluoridation,wikipedia_article_links,https://en.wikipedia.org/wiki/World_Health_Organization,en.wikipedia.org,wikipedia_internal,10,World Health Organization,
CASE-0106,water fluoridation,Water fluoridation,wikipedia_article_links,https://en.wikipedia.org/wiki/Climate,en.wikipedia.org,wikipedia_internal,11,climate,
CASE-0106,water fluoridation,Water fluoridation,wikipedia_article_links,https://en.wikipedia.org/wiki/Bottled_water,en.wikipedia.org,wikipedia_internal,12,Bottled water,
CASE-0106,water fluoridation,Water fluoridation,wikipedia_article_links,https://en.wikipedia.org/wiki/Cochrane_(organisation),en.wikipedia.org,wikipedia_internal,13,Cochrane,
CASE-0106,water fluoridation,Water fluoridation,wikipedia_article_links,https://en.wikipedia.org/wiki/Topical_fluoride,en.wikipedia.org,wikipedia_internal,14,topical fluorides,
CASE-0106,water fluoridation,Water fluoridation,wikipedia_article_links,https://en.wikipedia.org/wiki/Nano-hydroxyapatite,en.wikipedia.org,wikipedia_internal,15,nano-hydroxyapatite,
CASE-0106,water fluoridation,Water fluoridation,wikipedia_article_links,https://en.wikipedia.org/wiki/Ireland,en.wikipedia.org,wikipedia_internal,16,Ireland,
CASE-0106,water fluoridation,Water fluoridation,wikipedia_article_links,https://en.wikipedia.org/wiki/WHO,en.wikipedia.org,wikipedia_internal,17,WHO,
CASE-0106,water fluoridation,Water fluoridation,wikipedia_article_links,https://en.wikipedia.org/wiki/FDI_World_Dental_Federation,en.wikipedia.org,wikipedia_internal,18,FDI World Dental Federation,
CASE-0106,water fluoridation,Water fluoridation,wikipedia_article_links,https://en.wikipedia.org/wiki/Centers_for_Disease_Control_and_Prevention,en.wikipedia.org,wikipedia_internal,19,Centers for Disease Control and Prevention,
CASE-0106,water fluoridation,Water fluoridation,wikipedia_article_links,https://en.wikipedia.org/wiki/Dental_caries,en.wikipedia.org,wikipedia_internal,20,cavity,
CASE-0107,depopulation agenda,2022 Wellington protest,wikipedia_search,https://en.wikipedia.org/wiki/2022_Wellington_protest,en.wikipedia.org,wikipedia_primary,1,2022 Wellington protest,
CASE-0107,depopulation agenda,2022 Wellington protest,wikipedia_article_links,https://en.wikipedia.org/wiki/COVID-19_anti-lockdown_protests_in_New_Zealand,en.wikipedia.org,wikipedia_internal,2,COVID-19 anti-lockdown protests in New Zealand,
CASE-0107,depopulation agenda,2022 Wellington protest,wikipedia_article_links,"https://en.wikipedia.org/wiki/Parliament_House,_Wellington",en.wikipedia.org,wikipedia_internal,3,Parliament House,
CASE-0107,depopulation agenda,2022 Wellington protest,wikipedia_article_links,"https://en.wikipedia.org/wiki/Wellington,_New_Zealand",en.wikipedia.org,wikipedia_internal,4,Wellington,
CASE-0107,depopulation agenda,2022 Wellington protest,wikipedia_article_links,"https://en.wikipedia.org/wiki/Molesworth_Street,_Wellington",en.wikipedia.org,wikipedia_internal,5,Molesworth Street,
CASE-0107,depopulation agenda,2022 Wellington protest,wikipedia_article_links,https://en.wikipedia.org/wiki/New_Zealand,en.wikipedia.org,wikipedia_internal,6,New Zealand,
CASE-0107,depopulation agenda,2022 Wellington protest,wikipedia_article_links,https://en.wikipedia.org/wiki/COVID-19_pandemic_in_New_Zealand,en.wikipedia.org,wikipedia_internal,7,COVID-19 pandemic in New Zealand,
CASE-0107,depopulation agenda,2022 Wellington protest,wikipedia_article_links,https://en.wikipedia.org/wiki/Vaccine_passports_during_the_COVID-19_pandemic#New_Zealand,en.wikipedia.org,wikipedia_internal,8,vaccine mandates in New Zealand,
CASE-0107,depopulation agenda,2022 Wellington protest,wikipedia_article_links,https://en.wikipedia.org/wiki/Counterspin_Media,en.wikipedia.org,wikipedia_internal,9,Counterspin Media,
CASE-0107,depopulation agenda,2022 Wellington protest,wikipedia_article_links,https://en.wikipedia.org/wiki/Government_of_New_Zealand,en.wikipedia.org,wikipedia_internal,10,Government of New Zealand,
CASE-0107,depopulation agenda,2022 Wellington protest,wikipedia_article_links,https://en.wikipedia.org/wiki/New_Zealand_Police,en.wikipedia.org,wikipedia_internal,11,New Zealand Police,
CASE-0107,depopulation agenda,2022 Wellington protest,wikipedia_article_links,https://en.wikipedia.org/wiki/New_Zealand_Parliamentary_Service,en.wikipedia.org,wikipedia_internal,12,New Zealand Parliamentary Service,
CASE-0107,depopulation agenda,2022 Wellington protest,wikipedia_article_links,https://en.wikipedia.org/wiki/Wellington_City_Council,en.wikipedia.org,wikipedia_internal,13,Wellington City Council,
CASE-0107,depopulation agenda,2022 Wellington protest,wikipedia_article_links,https://en.wikipedia.org/wiki/New_Zealand_Defence_Force,en.wikipedia.org,wikipedia_internal,14,New Zealand Defence Force,
CASE-0107,depopulation agenda,2022 Wellington protest,wikipedia_article_links,https://en.wikipedia.org/wiki/Ng%C4%81ti_Toa,en.wikipedia.org,wikipedia_internal,15,Ngāti Toa,
CASE-0107,depopulation agenda,2022 Wellington protest,wikipedia_article_links,https://en.wikipedia.org/wiki/Te_Ati_Awa,en.wikipedia.org,wikipedia_internal,16,Te Ati Awa,
CASE-0107,depopulation agenda,2022 Wellington protest,wikipedia_article_links,https://en.wikipedia.org/wiki/Brian_Tamaki,en.wikipedia.org,wikipedia_internal,17,Brian Tamaki,
CASE-0107,depopulation agenda,2022 Wellington protest,wikipedia_article_links,https://en.wikipedia.org/wiki/Leighton_Baker,en.wikipedia.org,wikipedia_internal,18,Leighton Baker,
CASE-0107,depopulation agenda,2022 Wellington protest,wikipedia_article_links,https://en.wikipedia.org/wiki/Chantelle_Baker,en.wikipedia.org,wikipedia_internal,19,Chantelle Baker,
CASE-0107,depopulation agenda,2022 Wellington protest,wikipedia_article_links,https://en.wikipedia.org/wiki/Matt_King_(politician),en.wikipedia.org,wikipedia_internal,20,Matt King,
CASE-0108,Daniel prophecy,Prophecy of Seventy Weeks,wikipedia_search,https://en.wikipedia.org/wiki/Prophecy_of_Seventy_Weeks,en.wikipedia.org,wikipedia_primary,1,Prophecy of Seventy Weeks,
CASE-0108,Daniel prophecy,Prophecy of Seventy Weeks,wikipedia_article_links,https://en.wikipedia.org/wiki/Book_of_Daniel,en.wikipedia.org,wikipedia_internal,2,Book of Daniel,
CASE-0108,Daniel prophecy,Prophecy of Seventy Weeks,wikipedia_article_links,https://en.wikipedia.org/wiki/Daniel_1,en.wikipedia.org,wikipedia_internal,3,Chapter 1: Induction into Babylon,
CASE-0108,Daniel prophecy,Prophecy of Seventy Weeks,wikipedia_article_links,https://en.wikipedia.org/wiki/Daniel_2,en.wikipedia.org,wikipedia_internal,4,Chapter 2: Nebuchadnezzar's Dream,
CASE-0108,Daniel prophecy,Prophecy of Seventy Weeks,wikipedia_article_links,"https://en.wikipedia.org/wiki/Shadrach,_Meshach,_and_Abednego",en.wikipedia.org,wikipedia_internal,5,Chapter 3: The Fiery Furnace,
CASE-0108,Daniel prophecy,Prophecy of Seventy Weeks,wikipedia_article_links,https://en.wikipedia.org/wiki/Daniel_4,en.wikipedia.org,wikipedia_internal,6,Chapter 4: Nebuchadnezzar's Madness,
CASE-0108,Daniel prophecy,Prophecy of Seventy Weeks,wikipedia_article_links,https://en.wikipedia.org/wiki/Belshazzar%27s_feast,en.wikipedia.org,wikipedia_internal,7,Chapter 5: Belshazzar's Feast,
CASE-0108,Daniel prophecy,Prophecy of Seventy Weeks,wikipedia_article_links,https://en.wikipedia.org/wiki/Daniel_in_the_lions%27_den,en.wikipedia.org,wikipedia_internal,8,Chapter 6: Daniel in the Lions' Den,
CASE-0108,Daniel prophecy,Prophecy of Seventy Weeks,wikipedia_article_links,https://en.wikipedia.org/wiki/Daniel_7,en.wikipedia.org,wikipedia_internal,9,Chapter 7: The Four Beasts,
CASE-0108,Daniel prophecy,Prophecy of Seventy Weeks,wikipedia_article_links,https://en.wikipedia.org/wiki/Daniel_8,en.wikipedia.org,wikipedia_internal,10,"Chapter 8: The Ram, He-Goat and Horn",
CASE-0108,Daniel prophecy,Prophecy of Seventy Weeks,wikipedia_article_links,https://en.wikipedia.org/wiki/Daniel%27s_final_vision,en.wikipedia.org,wikipedia_internal,11,Chapters 10–12: Daniel's final vision,
CASE-0108,Daniel prophecy,Prophecy of Seventy Weeks,wikipedia_article_links,https://en.wikipedia.org/wiki/Additions_to_Daniel,en.wikipedia.org,wikipedia_internal,12,Additions to Daniel,
CASE-0108,Daniel prophecy,Prophecy of Seventy Weeks,wikipedia_article_links,https://en.wikipedia.org/wiki/Prayer_of_Azariah_and_Song_of_the_Three_Holy_Children,en.wikipedia.org,wikipedia_internal,13,Song of the Three Holy Children,
CASE-0108,Daniel prophecy,Prophecy of Seventy Weeks,wikipedia_article_links,https://en.wikipedia.org/wiki/Susanna_(Book_of_Daniel),en.wikipedia.org,wikipedia_internal,14,Susanna and the Elders,
CASE-0108,Daniel prophecy,Prophecy of Seventy Weeks,wikipedia_article_links,https://en.wikipedia.org/wiki/Bel_and_the_Dragon,en.wikipedia.org,wikipedia_internal,15,Bel and the Dragon,
CASE-0108,Daniel prophecy,Prophecy of Seventy Weeks,wikipedia_article_links,https://en.wikipedia.org/wiki/Daniel_(biblical_figure),en.wikipedia.org,wikipedia_internal,16,Daniel,
CASE-0108,Daniel prophecy,Prophecy of Seventy Weeks,wikipedia_article_links,https://en.wikipedia.org/wiki/Kingdom_of_Judah#Destruction_and_dispersion,en.wikipedia.org,wikipedia_internal,17,Judeans,
CASE-0108,Daniel prophecy,Prophecy of Seventy Weeks,wikipedia_article_links,https://en.wikipedia.org/wiki/Jerusalem,en.wikipedia.org,wikipedia_internal,18,Jerusalem,
CASE-0108,Daniel prophecy,Prophecy of Seventy Weeks,wikipedia_article_links,https://en.wikipedia.org/wiki/Prophecy,en.wikipedia.org,wikipedia_internal,19,prophecy,
CASE-0108,Daniel prophecy,Prophecy of Seventy Weeks,wikipedia_article_links,https://en.wikipedia.org/wiki/Gabriel,en.wikipedia.org,wikipedia_internal,20,Gabriel,
CASE-0109,Ezekiel 38 war,Ezekiel 38,wikipedia_search,https://en.wikipedia.org/wiki/Ezekiel_38,en.wikipedia.org,wikipedia_primary,1,Ezekiel 38,
CASE-0109,Ezekiel 38 war,Ezekiel 38,wikipedia_article_links,https://en.wikipedia.org/wiki/Ezekiel_37,en.wikipedia.org,wikipedia_internal,2,chapter 37,
CASE-0109,Ezekiel 38 war,Ezekiel 38,wikipedia_article_links,https://en.wikipedia.org/wiki/Ezekiel_39,en.wikipedia.org,wikipedia_internal,3,chapter 39,
CASE-0109,Ezekiel 38 war,Ezekiel 38,wikipedia_article_links,https://en.wikipedia.org/wiki/Book_of_Ezekiel,en.wikipedia.org,wikipedia_internal,4,Book of Ezekiel,
CASE-0109,Ezekiel 38 war,Ezekiel 38,wikipedia_article_links,https://en.wikipedia.org/wiki/Latin_language,en.wikipedia.org,wikipedia_internal,5,Latin,
CASE-0109,Ezekiel 38 war,Ezekiel 38,wikipedia_article_links,https://en.wikipedia.org/wiki/Hebrew_language,en.wikipedia.org,wikipedia_internal,6,Hebrew,
CASE-0109,Ezekiel 38 war,Ezekiel 38,wikipedia_article_links,https://en.wikipedia.org/wiki/Nevi%27im,en.wikipedia.org,wikipedia_internal,7,Nevi'im,
CASE-0109,Ezekiel 38 war,Ezekiel 38,wikipedia_article_links,https://en.wikipedia.org/wiki/Old_Testament,en.wikipedia.org,wikipedia_internal,8,Old Testament,
CASE-0109,Ezekiel 38 war,Ezekiel 38,wikipedia_article_links,https://en.wikipedia.org/wiki/Hebrew_Bible,en.wikipedia.org,wikipedia_internal,9,Hebrew Bible,
CASE-0109,Ezekiel 38 war,Ezekiel 38,wikipedia_article_links,https://en.wikipedia.org/wiki/Christianity,en.wikipedia.org,wikipedia_internal,10,Christian,
CASE-0109,Ezekiel 38 war,Ezekiel 38,wikipedia_article_links,https://en.wikipedia.org/wiki/Bible,en.wikipedia.org,wikipedia_internal,11,Bible,
CASE-0109,Ezekiel 38 war,Ezekiel 38,wikipedia_article_links,https://en.wikipedia.org/wiki/Biblical_prophet,en.wikipedia.org,wikipedia_internal,12,prophet,
CASE-0109,Ezekiel 38 war,Ezekiel 38,wikipedia_article_links,https://en.wikipedia.org/wiki/Kohen,en.wikipedia.org,wikipedia_internal,13,priest,
CASE-0109,Ezekiel 38 war,Ezekiel 38,wikipedia_article_links,https://en.wikipedia.org/wiki/Ezekiel,en.wikipedia.org,wikipedia_internal,14,Ezekiel,
CASE-0109,Ezekiel 38 war,Ezekiel 38,wikipedia_article_links,https://en.wikipedia.org/wiki/Gog_and_Magog,en.wikipedia.org,wikipedia_internal,15,"Gog, of the land of Magog",
CASE-0109,Ezekiel 38 war,Ezekiel 38,wikipedia_article_links,https://en.wikipedia.org/wiki/Biblical_Hebrew,en.wikipedia.org,wikipedia_internal,16,Hebrew,
CASE-0109,Ezekiel 38 war,Ezekiel 38,wikipedia_article_links,https://en.wikipedia.org/wiki/Masoretic_Text,en.wikipedia.org,wikipedia_internal,17,Masoretic Text,
CASE-0109,Ezekiel 38 war,Ezekiel 38,wikipedia_article_links,https://en.wikipedia.org/wiki/Codex_Cairensis,en.wikipedia.org,wikipedia_internal,18,Codex Cairensis,
CASE-0109,Ezekiel 38 war,Ezekiel 38,wikipedia_article_links,https://en.wikipedia.org/wiki/Codex_Babylonicus_Petropolitanus,en.wikipedia.org,wikipedia_internal,19,the Petersburg Codex of the Prophets,
CASE-0109,Ezekiel 38 war,Ezekiel 38,wikipedia_article_links,https://en.wikipedia.org/wiki/Aleppo_Codex,en.wikipedia.org,wikipedia_internal,20,Aleppo Codex,
CASE-0110,Operation CHAOS,Operation CHAOS,wikipedia_search,https://en.wikipedia.org/wiki/Operation_CHAOS,en.wikipedia.org,wikipedia_primary,1,Operation CHAOS,
CASE-0110,Operation CHAOS,Operation CHAOS,wikipedia_article_links,https://en.wikipedia.org/wiki/Operation_Chaos_(novel),en.wikipedia.org,wikipedia_internal,2,Operation Chaos (novel),
CASE-0110,Operation CHAOS,Operation CHAOS,wikipedia_article_links,https://en.wikipedia.org/wiki/The_Rush_Limbaugh_Show#Operation_Chaos,en.wikipedia.org,wikipedia_internal,3,The Rush Limbaugh Show § Operation Chaos,
CASE-0110,Operation CHAOS,Operation CHAOS,wikipedia_article_links,https://en.wikipedia.org/wiki/Central_Intelligence_Agency,en.wikipedia.org,wikipedia_internal,4,Central Intelligence Agency,
CASE-0110,Operation CHAOS,Operation CHAOS,wikipedia_article_links,https://en.wikipedia.org/wiki/Espionage,en.wikipedia.org,wikipedia_internal,5,espionage,
CASE-0110,Operation CHAOS,Operation CHAOS,wikipedia_article_links,https://en.wikipedia.org/wiki/Lyndon_B._Johnson,en.wikipedia.org,wikipedia_internal,6,Lyndon B. Johnson,
CASE-0110,Operation CHAOS,Operation CHAOS,wikipedia_article_links,https://en.wikipedia.org/wiki/Richard_Nixon,en.wikipedia.org,wikipedia_internal,7,Richard Nixon,
CASE-0110,Operation CHAOS,Operation CHAOS,wikipedia_article_links,https://en.wikipedia.org/wiki/Director_of_Central_Intelligence,en.wikipedia.org,wikipedia_internal,8,Director of Central Intelligence,
CASE-0110,Operation CHAOS,Operation CHAOS,wikipedia_article_links,https://en.wikipedia.org/wiki/Richard_Helms,en.wikipedia.org,wikipedia_internal,9,Richard Helms,
CASE-0110,Operation CHAOS,Operation CHAOS,wikipedia_article_links,https://en.wikipedia.org/wiki/James_Jesus_Angleton,en.wikipedia.org,wikipedia_internal,10,James Jesus Angleton,
CASE-0110,Operation CHAOS,Operation CHAOS,wikipedia_article_links,https://en.wikipedia.org/wiki/Executive_Order_12333,en.wikipedia.org,wikipedia_internal,11,Executive Order 12333 of 1981,
CASE-0110,Operation CHAOS,Operation CHAOS,wikipedia_article_links,https://en.wikipedia.org/wiki/Cuba,en.wikipedia.org,wikipedia_internal,12,Cuban,
CASE-0110,Operation CHAOS,Operation CHAOS,wikipedia_article_links,https://en.wikipedia.org/wiki/Cuban_Project,en.wikipedia.org,wikipedia_internal,13,campaign against Cuba,
CASE-0110,Operation CHAOS,Operation CHAOS,wikipedia_article_links,https://en.wikipedia.org/wiki/Fidel_Castro,en.wikipedia.org,wikipedia_internal,14,Fidel Castro,
CASE-0110,Operation CHAOS,Operation CHAOS,wikipedia_article_links,https://en.wikipedia.org/wiki/Lyndon_Johnson,en.wikipedia.org,wikipedia_internal,15,Lyndon Johnson,
CASE-0110,Operation CHAOS,Operation CHAOS,wikipedia_article_links,https://en.wikipedia.org/wiki/COINTELPRO,en.wikipedia.org,wikipedia_internal,16,COINTELPRO,
CASE-0110,Operation CHAOS,Operation CHAOS,wikipedia_article_links,https://en.wikipedia.org/wiki/Organizational_structure_of_the_Central_Intelligence_Agency#Directorate_of_Support,en.wikipedia.org,wikipedia_internal,17,CIA's Office of Security,
CASE-0110,Operation CHAOS,Operation CHAOS,wikipedia_article_links,https://en.wikipedia.org/wiki/HTLINGUAL,en.wikipedia.org,wikipedia_internal,18,HTLINGUAL,
CASE-0110,Operation CHAOS,Operation CHAOS,wikipedia_article_links,https://en.wikipedia.org/wiki/Project_MERRIMAC,en.wikipedia.org,wikipedia_internal,19,Project MERRIMAC,
CASE-0110,Operation CHAOS,Operation CHAOS,wikipedia_article_links,https://en.wikipedia.org/wiki/Project_RESISTANCE,en.wikipedia.org,wikipedia_internal,20,Project RESISTANCE,
