case_id,case_title,matched_title,discovery_method,url,source_domain,source_type,priority,link_label,notes
CASE-0211,IRS targeting scandal,IRS targeting controversy,wikipedia_search,https://en.wikipedia.org/wiki/IRS_targeting_controversy,en.wikipedia.org,wikipedia_primary,1,IRS targeting controversy,
CASE-0211,IRS targeting scandal,IRS targeting controversy,wikipedia_article_links,https://en.wikipedia.org/wiki/List_of_Internal_Revenue_Service_political_profiling_controversies,en.wikipedia.org,wikipedia_internal,2,List of Internal Revenue Service political profiling controversies,
CASE-0211,IRS targeting scandal,IRS targeting controversy,wikipedia_article_links,https://en.wikipedia.org/wiki/Internal_Revenue_Service,en.wikipedia.org,wikipedia_internal,3,Internal Revenue Service,
CASE-0211,IRS targeting scandal,IRS targeting controversy,wikipedia_article_links,https://en.wikipedia.org/wiki/Federal_Bureau_of_Investigation,en.wikipedia.org,wikipedia_internal,4,Federal Bureau of Investigation,
CASE-0211,IRS targeting scandal,IRS targeting controversy,wikipedia_article_links,https://en.wikipedia.org/wiki/United_States_Attorney_General,en.wikipedia.org,wikipedia_internal,5,United States Attorney General,
CASE-0211,IRS targeting scandal,IRS targeting controversy,wikipedia_article_links,https://en.wikipedia.org/wiki/Eric_Holder,en.wikipedia.org,wikipedia_internal,6,Eric Holder,
CASE-0211,IRS targeting scandal,IRS targeting controversy,wikipedia_article_links,https://en.wikipedia.org/wiki/United_States_Department_of_the_Treasury,en.wikipedia.org,wikipedia_internal,7,Treasury Department's,
CASE-0211,IRS targeting scandal,IRS targeting controversy,wikipedia_article_links,https://en.wikipedia.org/wiki/Treasury_Inspector_General_for_Tax_Administration,en.wikipedia.org,wikipedia_internal,8,Inspector General,
CASE-0211,IRS targeting scandal,IRS targeting controversy,wikipedia_article_links,https://en.wikipedia.org/wiki/Conservatism_in_the_United_States,en.wikipedia.org,wikipedia_internal,9,conservative,
CASE-0211,IRS targeting scandal,IRS targeting controversy,wikipedia_article_links,https://en.wikipedia.org/wiki/Tea_Party_movement,en.wikipedia.org,wikipedia_internal,10,Tea Party,
CASE-0211,IRS targeting scandal,IRS targeting controversy,wikipedia_article_links,https://en.wikipedia.org/wiki/Liberalism_in_the_United_States,en.wikipedia.org,wikipedia_internal,11,liberal-leaning,
CASE-0211,IRS targeting scandal,IRS targeting controversy,wikipedia_article_links,https://en.wikipedia.org/wiki/Occupy_movement,en.wikipedia.org,wikipedia_internal,12,Occupy movement,
CASE-0211,IRS targeting scandal,IRS targeting controversy,wikipedia_article_links,https://en.wikipedia.org/wiki/House_Oversight_Committee,en.wikipedia.org,wikipedia_internal,13,House Oversight Committee,
CASE-0211,IRS targeting scandal,IRS targeting controversy,wikipedia_article_links,https://en.wikipedia.org/wiki/James_Comey,en.wikipedia.org,wikipedia_internal,14,James Comey,
CASE-0211,IRS targeting scandal,IRS targeting controversy,wikipedia_article_links,https://en.wikipedia.org/wiki/Director_of_the_Federal_Bureau_of_Investigation,en.wikipedia.org,wikipedia_internal,15,FBI director,
CASE-0211,IRS targeting scandal,IRS targeting controversy,wikipedia_article_links,https://en.wikipedia.org/wiki/United_States_Department_of_Justice,en.wikipedia.org,wikipedia_internal,16,Justice Department,
CASE-0211,IRS targeting scandal,IRS targeting controversy,wikipedia_article_links,https://en.wikipedia.org/wiki/First_presidency_of_Donald_Trump,en.wikipedia.org,wikipedia_internal,17,Trump Justice Department,
CASE-0211,IRS targeting scandal,IRS targeting controversy,wikipedia_article_links,https://en.wikipedia.org/wiki/Lois_Lerner,en.wikipedia.org,wikipedia_internal,18,Lois Lerner,
CASE-0211,IRS targeting scandal,IRS targeting controversy,wikipedia_article_links,https://en.wikipedia.org/wiki/Tax_law,en.wikipedia.org,wikipedia_internal,19,tax law,
CASE-0211,IRS targeting scandal,IRS targeting controversy,wikipedia_article_links,https://en.wikipedia.org/wiki/501(c)(4),en.wikipedia.org,wikipedia_internal,20,Section 501(c)(4),
CASE-0212,NSA Room 641A,Room 641A,wikipedia_search,https://en.wikipedia.org/wiki/Room_641A,en.wikipedia.org,wikipedia_primary,1,Room 641A,
CASE-0212,NSA Room 641A,Room 641A,wikipedia_article_links,https://en.wikipedia.org/wiki/National_Security_Agency,en.wikipedia.org,wikipedia_internal,2,National Security Agency,
CASE-0212,NSA Room 641A,Room 641A,wikipedia_article_links,https://en.wikipedia.org/wiki/Boundless_Informant,en.wikipedia.org,wikipedia_internal,3,Map of global NSA data collection,
CASE-0212,NSA Room 641A,Room 641A,wikipedia_article_links,https://en.wikipedia.org/wiki/ECHELON,en.wikipedia.org,wikipedia_internal,4,ECHELON,
CASE-0212,NSA Room 641A,Room 641A,wikipedia_article_links,https://en.wikipedia.org/wiki/Project_MINARET,en.wikipedia.org,wikipedia_internal,5,MINARET,
CASE-0212,NSA Room 641A,Room 641A,wikipedia_article_links,https://en.wikipedia.org/wiki/Project_SHAMROCK,en.wikipedia.org,wikipedia_internal,6,SHAMROCK,
CASE-0212,NSA Room 641A,Room 641A,wikipedia_article_links,https://en.wikipedia.org/wiki/PROMIS_(intelligence_software),en.wikipedia.org,wikipedia_internal,7,PROMIS,
CASE-0212,NSA Room 641A,Room 641A,wikipedia_article_links,https://en.wikipedia.org/wiki/Upstream_collection,en.wikipedia.org,wikipedia_internal,8,Upstream collection,
CASE-0212,NSA Room 641A,Room 641A,wikipedia_article_links,https://en.wikipedia.org/wiki/Blarney_(code_name),en.wikipedia.org,wikipedia_internal,9,BLARNEY,
CASE-0212,NSA Room 641A,Room 641A,wikipedia_article_links,https://en.wikipedia.org/wiki/Fairview_(surveillance_program),en.wikipedia.org,wikipedia_internal,10,FAIRVIEW,
CASE-0212,NSA Room 641A,Room 641A,wikipedia_article_links,https://en.wikipedia.org/wiki/Main_Core,en.wikipedia.org,wikipedia_internal,11,Main Core,
CASE-0212,NSA Room 641A,Room 641A,wikipedia_article_links,https://en.wikipedia.org/wiki/ThinThread,en.wikipedia.org,wikipedia_internal,12,ThinThread,
CASE-0212,NSA Room 641A,Room 641A,wikipedia_article_links,https://en.wikipedia.org/wiki/Project_Genoa,en.wikipedia.org,wikipedia_internal,13,Genoa,
CASE-0212,NSA Room 641A,Room 641A,wikipedia_article_links,https://en.wikipedia.org/wiki/RAMPART-A,en.wikipedia.org,wikipedia_internal,14,RAMPART-A,
CASE-0212,NSA Room 641A,Room 641A,wikipedia_article_links,https://en.wikipedia.org/wiki/Tailored_Access_Operations,en.wikipedia.org,wikipedia_internal,15,Tailored Access Operations,
CASE-0212,NSA Room 641A,Room 641A,wikipedia_article_links,https://en.wikipedia.org/wiki/OAKSTAR,en.wikipedia.org,wikipedia_internal,16,OAKSTAR,
CASE-0212,NSA Room 641A,Room 641A,wikipedia_article_links,https://en.wikipedia.org/wiki/STORMBREW,en.wikipedia.org,wikipedia_internal,17,STORMBREW,
CASE-0212,NSA Room 641A,Room 641A,wikipedia_article_links,https://en.wikipedia.org/wiki/Trailblazer_Project,en.wikipedia.org,wikipedia_internal,18,Trailblazer,
CASE-0212,NSA Room 641A,Room 641A,wikipedia_article_links,https://en.wikipedia.org/wiki/Turbulence_(NSA),en.wikipedia.org,wikipedia_internal,19,Turbulence,
CASE-0212,NSA Room 641A,Room 641A,wikipedia_article_links,https://en.wikipedia.org/wiki/Project_Genoa_II,en.wikipedia.org,wikipedia_internal,20,Genoa II,
CASE-0213,Stuxnet,Stuxnet,wikipedia_search,https://en.wikipedia.org/wiki/Stuxnet,en.wikipedia.org,wikipedia_primary,1,Stuxnet,
CASE-0213,Stuxnet,Stuxnet,wikipedia_article_links,https://en.wikipedia.org/wiki/Microsoft,en.wikipedia.org,wikipedia_internal,2,Microsoft,
CASE-0213,Stuxnet,Stuxnet,wikipedia_article_links,https://en.wikipedia.org/wiki/NortonLifeLock,en.wikipedia.org,wikipedia_internal,3,Symantec,
CASE-0213,Stuxnet,Stuxnet,wikipedia_article_links,https://en.wikipedia.org/wiki/Sophos,en.wikipedia.org,wikipedia_internal,4,Sophos,
CASE-0213,Stuxnet,Stuxnet,wikipedia_article_links,https://en.wikipedia.org/wiki/Kaspersky_Lab,en.wikipedia.org,wikipedia_internal,5,Kaspersky,
CASE-0213,Stuxnet,Stuxnet,wikipedia_article_links,https://en.wikipedia.org/wiki/F-Secure,en.wikipedia.org,wikipedia_internal,6,F-Secure,
CASE-0213,Stuxnet,Stuxnet,wikipedia_article_links,https://en.wikipedia.org/wiki/Trend_Micro,en.wikipedia.org,wikipedia_internal,7,Trend Micro,
CASE-0213,Stuxnet,Stuxnet,wikipedia_article_links,https://en.wikipedia.org/wiki/Dropper_(malware),en.wikipedia.org,wikipedia_internal,8,Dropper,
CASE-0213,Stuxnet,Stuxnet,wikipedia_article_links,https://en.wikipedia.org/wiki/Computer_worm,en.wikipedia.org,wikipedia_internal,9,Computer worm,
CASE-0213,Stuxnet,Stuxnet,wikipedia_article_links,https://en.wikipedia.org/wiki/United_States,en.wikipedia.org,wikipedia_internal,10,United States,
CASE-0213,Stuxnet,Stuxnet,wikipedia_article_links,https://en.wikipedia.org/wiki/Equation_Group,en.wikipedia.org,wikipedia_internal,11,Equation Group,
CASE-0213,Stuxnet,Stuxnet,wikipedia_article_links,https://en.wikipedia.org/wiki/Windows_2000,en.wikipedia.org,wikipedia_internal,12,Windows 2000,
CASE-0213,Stuxnet,Stuxnet,wikipedia_article_links,https://en.wikipedia.org/wiki/Windows_XP,en.wikipedia.org,wikipedia_internal,13,Windows XP,
CASE-0213,Stuxnet,Stuxnet,wikipedia_article_links,https://en.wikipedia.org/wiki/Windows_Server_2003,en.wikipedia.org,wikipedia_internal,14,Windows Server 2003,
CASE-0213,Stuxnet,Stuxnet,wikipedia_article_links,https://en.wikipedia.org/wiki/Windows_Vista,en.wikipedia.org,wikipedia_internal,15,Windows Vista,
CASE-0213,Stuxnet,Stuxnet,wikipedia_article_links,https://en.wikipedia.org/wiki/Windows_Server_2008,en.wikipedia.org,wikipedia_internal,16,Windows Server 2008,
CASE-0213,Stuxnet,Stuxnet,wikipedia_article_links,https://en.wikipedia.org/wiki/Windows_7,en.wikipedia.org,wikipedia_internal,17,Windows 7,
CASE-0213,Stuxnet,Stuxnet,wikipedia_article_links,https://en.wikipedia.org/wiki/Windows_Server_2008_R2,en.wikipedia.org,wikipedia_internal,18,Windows Server 2008 R2,
CASE-0213,Stuxnet,Stuxnet,wikipedia_article_links,https://en.wikipedia.org/wiki/C_(programming_language),en.wikipedia.org,wikipedia_internal,19,C,
CASE-0213,Stuxnet,Stuxnet,wikipedia_article_links,https://en.wikipedia.org/wiki/C%2B%2B,en.wikipedia.org,wikipedia_internal,20,C++,
CASE-0214,Operation Acoustic Kitty,Acoustic Kitty,wikipedia_search,https://en.wikipedia.org/wiki/Acoustic_Kitty,en.wikipedia.org,wikipedia_primary,1,Acoustic Kitty,
CASE-0214,Operation Acoustic Kitty,Acoustic Kitty,wikipedia_article_links,https://en.wikipedia.org/wiki/Acoustic_Kitty_(album),en.wikipedia.org,wikipedia_internal,2,Acoustic Kitty (album),
CASE-0214,Operation Acoustic Kitty,Acoustic Kitty,wikipedia_article_links,https://en.wikipedia.org/wiki/Central_Intelligence_Agency,en.wikipedia.org,wikipedia_internal,3,Central Intelligence Agency,
CASE-0214,Operation Acoustic Kitty,Acoustic Kitty,wikipedia_article_links,https://en.wikipedia.org/wiki/Central_Intelligence_Agency_Directorate_of_Science_%26_Technology,en.wikipedia.org,wikipedia_internal,4,Directorate of Science & Technology,
CASE-0214,Operation Acoustic Kitty,Acoustic Kitty,wikipedia_article_links,https://en.wikipedia.org/wiki/Cat,en.wikipedia.org,wikipedia_internal,5,cats,
CASE-0214,Operation Acoustic Kitty,Acoustic Kitty,wikipedia_article_links,https://en.wikipedia.org/wiki/Kremlin,en.wikipedia.org,wikipedia_internal,6,Kremlin,
CASE-0214,Operation Acoustic Kitty,Acoustic Kitty,wikipedia_article_links,https://en.wikipedia.org/wiki/Soviet_Union,en.wikipedia.org,wikipedia_internal,7,Soviet,
CASE-0214,Operation Acoustic Kitty,Acoustic Kitty,wikipedia_article_links,https://en.wikipedia.org/wiki/Veterinary_surgery,en.wikipedia.org,wikipedia_internal,8,veterinary surgeon,
CASE-0214,Operation Acoustic Kitty,Acoustic Kitty,wikipedia_article_links,https://en.wikipedia.org/wiki/Ear_canal,en.wikipedia.org,wikipedia_internal,9,ear canal,
CASE-0214,Operation Acoustic Kitty,Acoustic Kitty,wikipedia_article_links,https://en.wikipedia.org/wiki/Transmitter,en.wikipedia.org,wikipedia_internal,10,radio transmitter,
CASE-0214,Operation Acoustic Kitty,Acoustic Kitty,wikipedia_article_links,https://en.wikipedia.org/wiki/Victor_Marchetti,en.wikipedia.org,wikipedia_internal,11,Victor Marchetti,
CASE-0214,Operation Acoustic Kitty,Acoustic Kitty,wikipedia_article_links,https://en.wikipedia.org/wiki/Eavesdropping,en.wikipedia.org,wikipedia_internal,12,eavesdrop,
CASE-0214,Operation Acoustic Kitty,Acoustic Kitty,wikipedia_article_links,"https://en.wikipedia.org/wiki/Russian_ambassador%27s_residence_in_Washington,_D.C.",en.wikipedia.org,wikipedia_internal,13,Soviet embassy,
CASE-0214,Operation Acoustic Kitty,Acoustic Kitty,wikipedia_article_links,"https://en.wikipedia.org/wiki/Washington,_D.C.",en.wikipedia.org,wikipedia_internal,14,"Washington, D.C.",
CASE-0214,Operation Acoustic Kitty,Acoustic Kitty,wikipedia_article_links,https://en.wikipedia.org/wiki/Office_of_Technical_Service,en.wikipedia.org,wikipedia_internal,15,Office of Technical Service,
CASE-0214,Operation Acoustic Kitty,Acoustic Kitty,wikipedia_article_links,https://en.wikipedia.org/wiki/Birds_Aren%27t_Real,en.wikipedia.org,wikipedia_internal,16,Birds Aren't Real,
CASE-0214,Operation Acoustic Kitty,Acoustic Kitty,wikipedia_article_links,https://en.wikipedia.org/wiki/ISBN_(identifier),en.wikipedia.org,wikipedia_internal,17,ISBN,
CASE-0214,Operation Acoustic Kitty,Acoustic Kitty,wikipedia_article_links,https://en.wikipedia.org/wiki/The_Living_Dead_(TV_series),en.wikipedia.org,wikipedia_internal,18,The Living Dead,
CASE-0214,Operation Acoustic Kitty,Acoustic Kitty,wikipedia_article_links,https://en.wikipedia.org/wiki/John_Ranelagh,en.wikipedia.org,wikipedia_internal,19,John Ranelagh,
CASE-0214,Operation Acoustic Kitty,Acoustic Kitty,wikipedia_article_links,https://en.wikipedia.org/wiki/Simon_%26_Schuster,en.wikipedia.org,wikipedia_internal,20,Simon & Schuster,
CASE-0215,DARPA LifeLog Facebook,DARPA LifeLog,wikipedia_search,https://en.wikipedia.org/wiki/DARPA_LifeLog,en.wikipedia.org,wikipedia_primary,1,DARPA LifeLog,
CASE-0215,DARPA LifeLog Facebook,DARPA LifeLog,wikipedia_article_links,https://en.wikipedia.org/wiki/Information_Processing_Techniques_Office,en.wikipedia.org,wikipedia_internal,2,Information Processing Techniques Office,
CASE-0215,DARPA LifeLog Facebook,DARPA LifeLog,wikipedia_article_links,https://en.wikipedia.org/wiki/Defense_Advanced_Research_Projects_Agency,en.wikipedia.org,wikipedia_internal,3,Defense Advanced Research Projects Agency,
CASE-0215,DARPA LifeLog Facebook,DARPA LifeLog,wikipedia_article_links,https://en.wikipedia.org/wiki/United_States_Department_of_Defense,en.wikipedia.org,wikipedia_internal,4,U.S. Department of Defense,
CASE-0215,DARPA LifeLog Facebook,DARPA LifeLog,wikipedia_article_links,https://en.wikipedia.org/wiki/Ontology_(information_science),en.wikipedia.org,wikipedia_internal,5,ontology,
CASE-0215,DARPA LifeLog Facebook,DARPA LifeLog,wikipedia_article_links,https://en.wikipedia.org/wiki/Database,en.wikipedia.org,wikipedia_internal,6,database,
CASE-0215,DARPA LifeLog Facebook,DARPA LifeLog,wikipedia_article_links,https://en.wikipedia.org/wiki/Total_Information_Awareness,en.wikipedia.org,wikipedia_internal,7,Total Information Awareness,
CASE-0215,DARPA LifeLog Facebook,DARPA LifeLog,wikipedia_article_links,https://en.wikipedia.org/wiki/Privacy,en.wikipedia.org,wikipedia_internal,8,privacy,
CASE-0215,DARPA LifeLog Facebook,DARPA LifeLog,wikipedia_article_links,https://en.wikipedia.org/wiki/Information_Awareness_Office,en.wikipedia.org,wikipedia_internal,9,Information Awareness Office,
CASE-0215,DARPA LifeLog Facebook,DARPA LifeLog,wikipedia_article_links,https://en.wikipedia.org/wiki/Lifelogging,en.wikipedia.org,wikipedia_internal,10,Lifelogging,
CASE-0215,DARPA LifeLog Facebook,DARPA LifeLog,wikipedia_article_links,https://en.wikipedia.org/wiki/Surveillance,en.wikipedia.org,wikipedia_internal,11,Surveillance,
CASE-0215,DARPA LifeLog Facebook,DARPA LifeLog,wikipedia_article_links,https://en.wikipedia.org/wiki/Facebook,en.wikipedia.org,wikipedia_internal,12,Facebook,
CASE-0215,DARPA LifeLog Facebook,DARPA LifeLog,wikipedia_article_links,https://en.wikipedia.org/wiki/The_New_York_Times,en.wikipedia.org,wikipedia_internal,13,The New York Times,
CASE-0215,DARPA LifeLog Facebook,DARPA LifeLog,wikipedia_article_links,https://en.wikipedia.org/wiki/Wayback_Machine,en.wikipedia.org,wikipedia_internal,14,Wayback Machine,
CASE-0215,DARPA LifeLog Facebook,DARPA LifeLog,wikipedia_article_links,https://en.wikipedia.org/wiki/DARPA,en.wikipedia.org,wikipedia_internal,15,DARPA,
CASE-0215,DARPA LifeLog Facebook,DARPA LifeLog,wikipedia_article_links,https://en.wikipedia.org/wiki/Internet_Archive,en.wikipedia.org,wikipedia_internal,16,Internet Archive,
CASE-0215,DARPA LifeLog Facebook,DARPA LifeLog,wikipedia_article_links,https://en.wikipedia.org/wiki/ISBN_(identifier),en.wikipedia.org,wikipedia_internal,17,ISBN,
CASE-0215,DARPA LifeLog Facebook,DARPA LifeLog,wikipedia_article_links,https://en.wikipedia.org/wiki/USA_Today,en.wikipedia.org,wikipedia_internal,18,USA Today,
CASE-0216,In-Q-Tel CIA venture capital,In-Q-Tel,wikipedia_search,https://en.wikipedia.org/wiki/In-Q-Tel,en.wikipedia.org,wikipedia_primary,1,In-Q-Tel,
CASE-0216,In-Q-Tel CIA venture capital,In-Q-Tel,wikipedia_article_links,https://en.wikipedia.org/wiki/Privately_held_company,en.wikipedia.org,wikipedia_internal,2,Privately held,
CASE-0216,In-Q-Tel CIA venture capital,In-Q-Tel,wikipedia_article_links,https://en.wikipedia.org/wiki/Not-for-profit_corporation,en.wikipedia.org,wikipedia_internal,3,not-for-profit corporation,
CASE-0216,In-Q-Tel CIA venture capital,In-Q-Tel,wikipedia_article_links,https://en.wikipedia.org/wiki/501(c)(3),en.wikipedia.org,wikipedia_internal,4,501(c)(3),
CASE-0216,In-Q-Tel CIA venture capital,In-Q-Tel,wikipedia_article_links,https://en.wikipedia.org/wiki/Technology,en.wikipedia.org,wikipedia_internal,5,Technology,
CASE-0216,In-Q-Tel CIA venture capital,In-Q-Tel,wikipedia_article_links,https://en.wikipedia.org/wiki/Norm_Augustine,en.wikipedia.org,wikipedia_internal,6,Norm Augustine,
CASE-0216,In-Q-Tel CIA venture capital,In-Q-Tel,wikipedia_article_links,https://en.wikipedia.org/wiki/Gilman_Louie,en.wikipedia.org,wikipedia_internal,7,Gilman Louie,
CASE-0216,In-Q-Tel CIA venture capital,In-Q-Tel,wikipedia_article_links,"https://en.wikipedia.org/wiki/Tysons,_Virginia",en.wikipedia.org,wikipedia_internal,8,"Tysons, Virginia",
CASE-0216,In-Q-Tel CIA venture capital,In-Q-Tel,wikipedia_article_links,https://en.wikipedia.org/wiki/USD,en.wikipedia.org,wikipedia_internal,9,USD,
CASE-0216,In-Q-Tel CIA venture capital,In-Q-Tel,wikipedia_article_links,https://en.wikipedia.org/wiki/Venture_capital,en.wikipedia.org,wikipedia_internal,10,venture capital,
CASE-0216,In-Q-Tel CIA venture capital,In-Q-Tel,wikipedia_article_links,https://en.wikipedia.org/wiki/Central_Intelligence_Agency,en.wikipedia.org,wikipedia_internal,11,Central Intelligence Agency,
CASE-0216,In-Q-Tel CIA venture capital,In-Q-Tel,wikipedia_article_links,https://en.wikipedia.org/wiki/Information_technology,en.wikipedia.org,wikipedia_internal,12,information technology,
CASE-0216,In-Q-Tel CIA venture capital,In-Q-Tel,wikipedia_article_links,https://en.wikipedia.org/wiki/United_States,en.wikipedia.org,wikipedia_internal,13,United States,
CASE-0216,In-Q-Tel CIA venture capital,In-Q-Tel,wikipedia_article_links,https://en.wikipedia.org/wiki/Intelligence_(information_gathering),en.wikipedia.org,wikipedia_internal,14,intelligence,
CASE-0216,In-Q-Tel CIA venture capital,In-Q-Tel,wikipedia_article_links,https://en.wikipedia.org/wiki/Q_(James_Bond),en.wikipedia.org,wikipedia_internal,15,Q,
CASE-0216,In-Q-Tel CIA venture capital,In-Q-Tel,wikipedia_article_links,https://en.wikipedia.org/wiki/James_Bond,en.wikipedia.org,wikipedia_internal,16,James Bond,
CASE-0216,In-Q-Tel CIA venture capital,In-Q-Tel,wikipedia_article_links,https://en.wikipedia.org/wiki/George_Tenet,en.wikipedia.org,wikipedia_internal,17,George Tenet,
CASE-0216,In-Q-Tel CIA venture capital,In-Q-Tel,wikipedia_article_links,https://en.wikipedia.org/wiki/Lockheed_Martin,en.wikipedia.org,wikipedia_internal,18,Lockheed Martin,
CASE-0216,In-Q-Tel CIA venture capital,In-Q-Tel,wikipedia_article_links,https://en.wikipedia.org/wiki/National_security,en.wikipedia.org,wikipedia_internal,19,national security,
CASE-0216,In-Q-Tel CIA venture capital,In-Q-Tel,wikipedia_article_links,https://en.wikipedia.org/wiki/Ruth_A._David,en.wikipedia.org,wikipedia_internal,20,Ruth A. David,
CASE-0217,Total Information Awareness,Total Information Awareness,wikipedia_search,https://en.wikipedia.org/wiki/Total_Information_Awareness,en.wikipedia.org,wikipedia_primary,1,Total Information Awareness,
CASE-0217,Total Information Awareness,Total Information Awareness,wikipedia_article_links,https://en.wikipedia.org/wiki/The_Last_Enemy_(TV_series),en.wikipedia.org,wikipedia_internal,2,The Last Enemy (TV series),
CASE-0217,Total Information Awareness,Total Information Awareness,wikipedia_article_links,https://en.wikipedia.org/wiki/Information_Awareness_Office,en.wikipedia.org,wikipedia_internal,3,Information Awareness Office,
CASE-0217,Total Information Awareness,Total Information Awareness,wikipedia_article_links,https://en.wikipedia.org/wiki/National_Security_Agency,en.wikipedia.org,wikipedia_internal,4,National Security Agency,
CASE-0217,Total Information Awareness,Total Information Awareness,wikipedia_article_links,https://en.wikipedia.org/wiki/Boundless_Informant,en.wikipedia.org,wikipedia_internal,5,Map of global NSA data collection,
CASE-0217,Total Information Awareness,Total Information Awareness,wikipedia_article_links,https://en.wikipedia.org/wiki/ECHELON,en.wikipedia.org,wikipedia_internal,6,ECHELON,
CASE-0217,Total Information Awareness,Total Information Awareness,wikipedia_article_links,https://en.wikipedia.org/wiki/Project_MINARET,en.wikipedia.org,wikipedia_internal,7,MINARET,
CASE-0217,Total Information Awareness,Total Information Awareness,wikipedia_article_links,https://en.wikipedia.org/wiki/Project_SHAMROCK,en.wikipedia.org,wikipedia_internal,8,SHAMROCK,
CASE-0217,Total Information Awareness,Total Information Awareness,wikipedia_article_links,https://en.wikipedia.org/wiki/PROMIS_(intelligence_software),en.wikipedia.org,wikipedia_internal,9,PROMIS,
CASE-0217,Total Information Awareness,Total Information Awareness,wikipedia_article_links,https://en.wikipedia.org/wiki/Upstream_collection,en.wikipedia.org,wikipedia_internal,10,Upstream collection,
CASE-0217,Total Information Awareness,Total Information Awareness,wikipedia_article_links,https://en.wikipedia.org/wiki/Blarney_(code_name),en.wikipedia.org,wikipedia_internal,11,BLARNEY,
CASE-0217,Total Information Awareness,Total Information Awareness,wikipedia_article_links,https://en.wikipedia.org/wiki/Fairview_(surveillance_program),en.wikipedia.org,wikipedia_internal,12,FAIRVIEW,
CASE-0217,Total Information Awareness,Total Information Awareness,wikipedia_article_links,https://en.wikipedia.org/wiki/Main_Core,en.wikipedia.org,wikipedia_internal,13,Main Core,
CASE-0217,Total Information Awareness,Total Information Awareness,wikipedia_article_links,https://en.wikipedia.org/wiki/ThinThread,en.wikipedia.org,wikipedia_internal,14,ThinThread,
CASE-0217,Total Information Awareness,Total Information Awareness,wikipedia_article_links,https://en.wikipedia.org/wiki/Project_Genoa,en.wikipedia.org,wikipedia_internal,15,Genoa,
CASE-0217,Total Information Awareness,Total Information Awareness,wikipedia_article_links,https://en.wikipedia.org/wiki/RAMPART-A,en.wikipedia.org,wikipedia_internal,16,RAMPART-A,
CASE-0217,Total Information Awareness,Total Information Awareness,wikipedia_article_links,https://en.wikipedia.org/wiki/Tailored_Access_Operations,en.wikipedia.org,wikipedia_internal,17,Tailored Access Operations,
CASE-0217,Total Information Awareness,Total Information Awareness,wikipedia_article_links,https://en.wikipedia.org/wiki/OAKSTAR,en.wikipedia.org,wikipedia_internal,18,OAKSTAR,
CASE-0217,Total Information Awareness,Total Information Awareness,wikipedia_article_links,https://en.wikipedia.org/wiki/STORMBREW,en.wikipedia.org,wikipedia_internal,19,STORMBREW,
CASE-0217,Total Information Awareness,Total Information Awareness,wikipedia_article_links,https://en.wikipedia.org/wiki/Trailblazer_Project,en.wikipedia.org,wikipedia_internal,20,Trailblazer,
CASE-0218,Carnivore FBI surveillance,Carnivore (software),wikipedia_search,https://en.wikipedia.org/wiki/Carnivore_%28software%29,en.wikipedia.org,wikipedia_primary,1,Carnivore (software),
CASE-0218,Carnivore FBI surveillance,Carnivore (software),wikipedia_article_links,https://en.wikipedia.org/wiki/Global_surveillance,en.wikipedia.org,wikipedia_internal,2,Global surveillance,
CASE-0218,Carnivore FBI surveillance,Carnivore (software),wikipedia_article_links,https://en.wikipedia.org/wiki/Origins_of_global_surveillance,en.wikipedia.org,wikipedia_internal,3,Origins,
CASE-0218,Carnivore FBI surveillance,Carnivore (software),wikipedia_article_links,https://en.wikipedia.org/wiki/Global_surveillance_disclosures_(1970%E2%80%932013),en.wikipedia.org,wikipedia_internal,4,Pre-2013,
CASE-0218,Carnivore FBI surveillance,Carnivore (software),wikipedia_article_links,https://en.wikipedia.org/wiki/Snowden_disclosures,en.wikipedia.org,wikipedia_internal,5,Snowden,
CASE-0218,Carnivore FBI surveillance,Carnivore (software),wikipedia_article_links,https://en.wikipedia.org/wiki/Reactions_to_global_surveillance_disclosures,en.wikipedia.org,wikipedia_internal,6,Reactions,
CASE-0218,Carnivore FBI surveillance,Carnivore (software),wikipedia_article_links,https://en.wikipedia.org/wiki/List_of_government_mass_surveillance_projects,en.wikipedia.org,wikipedia_internal,7,List of government mass surveillance projects,
CASE-0218,Carnivore FBI surveillance,Carnivore (software),wikipedia_article_links,https://en.wikipedia.org/wiki/XKeyscore,en.wikipedia.org,wikipedia_internal,8,XKeyscore,
CASE-0218,Carnivore FBI surveillance,Carnivore (software),wikipedia_article_links,https://en.wikipedia.org/wiki/PRISM,en.wikipedia.org,wikipedia_internal,9,PRISM,
CASE-0218,Carnivore FBI surveillance,Carnivore (software),wikipedia_article_links,https://en.wikipedia.org/wiki/ECHELON,en.wikipedia.org,wikipedia_internal,10,ECHELON,
CASE-0218,Carnivore FBI surveillance,Carnivore (software),wikipedia_article_links,https://en.wikipedia.org/wiki/Sentient_(intelligence_analysis_system),en.wikipedia.org,wikipedia_internal,11,Sentient,
CASE-0218,Carnivore FBI surveillance,Carnivore (software),wikipedia_article_links,https://en.wikipedia.org/wiki/Dishfire,en.wikipedia.org,wikipedia_internal,12,Dishfire,
CASE-0218,Carnivore FBI surveillance,Carnivore (software),wikipedia_article_links,https://en.wikipedia.org/wiki/Stone_Ghost,en.wikipedia.org,wikipedia_internal,13,Stone Ghost,
CASE-0218,Carnivore FBI surveillance,Carnivore (software),wikipedia_article_links,https://en.wikipedia.org/wiki/Tempora,en.wikipedia.org,wikipedia_internal,14,Tempora,
CASE-0218,Carnivore FBI surveillance,Carnivore (software),wikipedia_article_links,https://en.wikipedia.org/wiki/Frenchelon,en.wikipedia.org,wikipedia_internal,15,Frenchelon,
CASE-0218,Carnivore FBI surveillance,Carnivore (software),wikipedia_article_links,https://en.wikipedia.org/wiki/Fairview_(surveillance_program),en.wikipedia.org,wikipedia_internal,16,Fairview,
CASE-0218,Carnivore FBI surveillance,Carnivore (software),wikipedia_article_links,https://en.wikipedia.org/wiki/MYSTIC_(surveillance_program),en.wikipedia.org,wikipedia_internal,17,MYSTIC,
CASE-0218,Carnivore FBI surveillance,Carnivore (software),wikipedia_article_links,https://en.wikipedia.org/wiki/Digital_Collection_System_Network,en.wikipedia.org,wikipedia_internal,18,DCSN,
CASE-0218,Carnivore FBI surveillance,Carnivore (software),wikipedia_article_links,https://en.wikipedia.org/wiki/Boundless_Informant,en.wikipedia.org,wikipedia_internal,19,Boundless Informant,
CASE-0218,Carnivore FBI surveillance,Carnivore (software),wikipedia_article_links,https://en.wikipedia.org/wiki/Bullrun_(decryption_program),en.wikipedia.org,wikipedia_internal,20,Bullrun,
CASE-0219,PROMIS software conspiracy,American Conspiracy: The Octopus Murders,wikipedia_search,https://en.wikipedia.org/wiki/American_Conspiracy%3A_The_Octopus_Murders,en.wikipedia.org,wikipedia_primary,1,American Conspiracy: The Octopus Murders,
CASE-0219,PROMIS software conspiracy,American Conspiracy: The Octopus Murders,wikipedia_article_links,https://en.wikipedia.org/wiki/Hallucination_(artificial_intelligence),en.wikipedia.org,wikipedia_internal,2,hallucinated,
CASE-0219,PROMIS software conspiracy,American Conspiracy: The Octopus Murders,wikipedia_article_links,https://en.wikipedia.org/wiki/Documentary,en.wikipedia.org,wikipedia_internal,3,Documentary,
CASE-0219,PROMIS software conspiracy,American Conspiracy: The Octopus Murders,wikipedia_article_links,https://en.wikipedia.org/wiki/True_crime,en.wikipedia.org,wikipedia_internal,4,True crime,
CASE-0219,PROMIS software conspiracy,American Conspiracy: The Octopus Murders,wikipedia_article_links,https://en.wikipedia.org/wiki/Jay_Duplass,en.wikipedia.org,wikipedia_internal,5,Jay Duplass,
CASE-0219,PROMIS software conspiracy,American Conspiracy: The Octopus Murders,wikipedia_article_links,https://en.wikipedia.org/wiki/Mark_Duplass,en.wikipedia.org,wikipedia_internal,6,Mark Duplass,
CASE-0219,PROMIS software conspiracy,American Conspiracy: The Octopus Murders,wikipedia_article_links,https://en.wikipedia.org/wiki/Mel_Eslyn,en.wikipedia.org,wikipedia_internal,7,Mel Eslyn,
CASE-0219,PROMIS software conspiracy,American Conspiracy: The Octopus Murders,wikipedia_article_links,https://en.wikipedia.org/wiki/Chapman_Way,en.wikipedia.org,wikipedia_internal,8,Chapman Way,
CASE-0219,PROMIS software conspiracy,American Conspiracy: The Octopus Murders,wikipedia_article_links,https://en.wikipedia.org/wiki/Maclain_Way,en.wikipedia.org,wikipedia_internal,9,Maclain Way,
CASE-0219,PROMIS software conspiracy,American Conspiracy: The Octopus Murders,wikipedia_article_links,https://en.wikipedia.org/wiki/Duplass_Brothers_Productions,en.wikipedia.org,wikipedia_internal,10,Duplass Brothers Productions,
CASE-0219,PROMIS software conspiracy,American Conspiracy: The Octopus Murders,wikipedia_article_links,https://en.wikipedia.org/wiki/Netflix,en.wikipedia.org,wikipedia_internal,11,Netflix,
CASE-0219,PROMIS software conspiracy,American Conspiracy: The Octopus Murders,wikipedia_article_links,https://en.wikipedia.org/wiki/Documentary_film,en.wikipedia.org,wikipedia_internal,12,documentary,
CASE-0219,PROMIS software conspiracy,American Conspiracy: The Octopus Murders,wikipedia_article_links,https://en.wikipedia.org/wiki/Danny_Casolaro,en.wikipedia.org,wikipedia_internal,13,Danny Casolaro,
CASE-0219,PROMIS software conspiracy,American Conspiracy: The Octopus Murders,wikipedia_article_links,https://en.wikipedia.org/wiki/Conspiracy_theory,en.wikipedia.org,wikipedia_internal,14,conspiracy theories,
CASE-0219,PROMIS software conspiracy,American Conspiracy: The Octopus Murders,wikipedia_article_links,https://en.wikipedia.org/wiki/Cabal,en.wikipedia.org,wikipedia_internal,15,cabal,
CASE-0219,PROMIS software conspiracy,American Conspiracy: The Octopus Murders,wikipedia_article_links,https://en.wikipedia.org/wiki/Television_documentary,en.wikipedia.org,wikipedia_internal,16,docuseries,
CASE-0219,PROMIS software conspiracy,American Conspiracy: The Octopus Murders,wikipedia_article_links,https://en.wikipedia.org/wiki/Covert_operation,en.wikipedia.org,wikipedia_internal,17,covert operations,
CASE-0219,PROMIS software conspiracy,American Conspiracy: The Octopus Murders,wikipedia_article_links,https://en.wikipedia.org/wiki/Inslaw#Conspiracy_theories,en.wikipedia.org,wikipedia_internal,18,Inslaw/PROMIS software conspiracy theories,
CASE-0219,PROMIS software conspiracy,American Conspiracy: The Octopus Murders,wikipedia_article_links,https://en.wikipedia.org/wiki/Iran%E2%80%93Contra_affair,en.wikipedia.org,wikipedia_internal,19,Iran–Contra affair,
CASE-0219,PROMIS software conspiracy,American Conspiracy: The Octopus Murders,wikipedia_article_links,https://en.wikipedia.org/wiki/1980_October_Surprise_theory,en.wikipedia.org,wikipedia_internal,20,1980 October Surprise theory,
CASE-0220,Danny Casolaro Octopus,American Conspiracy: The Octopus Murders,wikipedia_search,https://en.wikipedia.org/wiki/American_Conspiracy%3A_The_Octopus_Murders,en.wikipedia.org,wikipedia_primary,1,American Conspiracy: The Octopus Murders,
CASE-0220,Danny Casolaro Octopus,American Conspiracy: The Octopus Murders,wikipedia_article_links,https://en.wikipedia.org/wiki/Hallucination_(artificial_intelligence),en.wikipedia.org,wikipedia_internal,2,hallucinated,
CASE-0220,Danny Casolaro Octopus,American Conspiracy: The Octopus Murders,wikipedia_article_links,https://en.wikipedia.org/wiki/Documentary,en.wikipedia.org,wikipedia_internal,3,Documentary,
CASE-0220,Danny Casolaro Octopus,American Conspiracy: The Octopus Murders,wikipedia_article_links,https://en.wikipedia.org/wiki/True_crime,en.wikipedia.org,wikipedia_internal,4,True crime,
CASE-0220,Danny Casolaro Octopus,American Conspiracy: The Octopus Murders,wikipedia_article_links,https://en.wikipedia.org/wiki/Jay_Duplass,en.wikipedia.org,wikipedia_internal,5,Jay Duplass,
CASE-0220,Danny Casolaro Octopus,American Conspiracy: The Octopus Murders,wikipedia_article_links,https://en.wikipedia.org/wiki/Mark_Duplass,en.wikipedia.org,wikipedia_internal,6,Mark Duplass,
CASE-0220,Danny Casolaro Octopus,American Conspiracy: The Octopus Murders,wikipedia_article_links,https://en.wikipedia.org/wiki/Mel_Eslyn,en.wikipedia.org,wikipedia_internal,7,Mel Eslyn,
CASE-0220,Danny Casolaro Octopus,American Conspiracy: The Octopus Murders,wikipedia_article_links,https://en.wikipedia.org/wiki/Chapman_Way,en.wikipedia.org,wikipedia_internal,8,Chapman Way,
CASE-0220,Danny Casolaro Octopus,American Conspiracy: The Octopus Murders,wikipedia_article_links,https://en.wikipedia.org/wiki/Maclain_Way,en.wikipedia.org,wikipedia_internal,9,Maclain Way,
CASE-0220,Danny Casolaro Octopus,American Conspiracy: The Octopus Murders,wikipedia_article_links,https://en.wikipedia.org/wiki/Duplass_Brothers_Productions,en.wikipedia.org,wikipedia_internal,10,Duplass Brothers Productions,
CASE-0220,Danny Casolaro Octopus,American Conspiracy: The Octopus Murders,wikipedia_article_links,https://en.wikipedia.org/wiki/Netflix,en.wikipedia.org,wikipedia_internal,11,Netflix,
CASE-0220,Danny Casolaro Octopus,American Conspiracy: The Octopus Murders,wikipedia_article_links,https://en.wikipedia.org/wiki/Documentary_film,en.wikipedia.org,wikipedia_internal,12,documentary,
CASE-0220,Danny Casolaro Octopus,American Conspiracy: The Octopus Murders,wikipedia_article_links,https://en.wikipedia.org/wiki/Danny_Casolaro,en.wikipedia.org,wikipedia_internal,13,Danny Casolaro,
CASE-0220,Danny Casolaro Octopus,American Conspiracy: The Octopus Murders,wikipedia_article_links,https://en.wikipedia.org/wiki/Conspiracy_theory,en.wikipedia.org,wikipedia_internal,14,conspiracy theories,
CASE-0220,Danny Casolaro Octopus,American Conspiracy: The Octopus Murders,wikipedia_article_links,https://en.wikipedia.org/wiki/Cabal,en.wikipedia.org,wikipedia_internal,15,cabal,
CASE-0220,Danny Casolaro Octopus,American Conspiracy: The Octopus Murders,wikipedia_article_links,https://en.wikipedia.org/wiki/Television_documentary,en.wikipedia.org,wikipedia_internal,16,docuseries,
CASE-0220,Danny Casolaro Octopus,American Conspiracy: The Octopus Murders,wikipedia_article_links,https://en.wikipedia.org/wiki/Covert_operation,en.wikipedia.org,wikipedia_internal,17,covert operations,
CASE-0220,Danny Casolaro Octopus,American Conspiracy: The Octopus Murders,wikipedia_article_links,https://en.wikipedia.org/wiki/Inslaw#Conspiracy_theories,en.wikipedia.org,wikipedia_internal,18,Inslaw/PROMIS software conspiracy theories,
CASE-0220,Danny Casolaro Octopus,American Conspiracy: The Octopus Murders,wikipedia_article_links,https://en.wikipedia.org/wiki/Iran%E2%80%93Contra_affair,en.wikipedia.org,wikipedia_internal,19,Iran–Contra affair,
CASE-0220,Danny Casolaro Octopus,American Conspiracy: The Octopus Murders,wikipedia_article_links,https://en.wikipedia.org/wiki/1980_October_Surprise_theory,en.wikipedia.org,wikipedia_internal,20,1980 October Surprise theory,
CASE-0221,Operation Ore,Operation Ore,wikipedia_search,https://en.wikipedia.org/wiki/Operation_Ore,en.wikipedia.org,wikipedia_primary,1,Operation Ore,
CASE-0221,Operation Ore,Operation Ore,wikipedia_article_links,https://en.wikipedia.org/wiki/Operation_Avalanche_(child_pornography_investigation),en.wikipedia.org,wikipedia_internal,2,Operation Avalanche,
CASE-0221,Operation Ore,Operation Ore,wikipedia_article_links,https://en.wikipedia.org/wiki/Territorial_police_force#United_Kingdom,en.wikipedia.org,wikipedia_internal,3,British police,
CASE-0221,Operation Ore,Operation Ore,wikipedia_article_links,https://en.wikipedia.org/wiki/Child_pornography,en.wikipedia.org,wikipedia_internal,4,child pornography,
CASE-0221,Operation Ore,Operation Ore,wikipedia_article_links,https://en.wikipedia.org/wiki/Suicides,en.wikipedia.org,wikipedia_internal,5,suicides,
CASE-0221,Operation Ore,Operation Ore,wikipedia_article_links,https://en.wikipedia.org/wiki/Texas,en.wikipedia.org,wikipedia_internal,6,Texas,
CASE-0221,Operation Ore,Operation Ore,wikipedia_article_links,https://en.wikipedia.org/wiki/Sting_operation,en.wikipedia.org,wikipedia_internal,7,sting operation,
CASE-0221,Operation Ore,Operation Ore,wikipedia_article_links,https://en.wikipedia.org/wiki/The_Guardian,en.wikipedia.org,wikipedia_internal,8,The Guardian,
CASE-0221,Operation Ore,Operation Ore,wikipedia_article_links,https://en.wikipedia.org/wiki/The_Sunday_Times,en.wikipedia.org,wikipedia_internal,9,The Sunday Times,
CASE-0221,Operation Ore,Operation Ore,wikipedia_article_links,https://en.wikipedia.org/wiki/Sex_and_the_law,en.wikipedia.org,wikipedia_internal,10,Sex and the law,
CASE-0221,Operation Ore,Operation Ore,wikipedia_article_links,https://en.wikipedia.org/wiki/Abortion_law,en.wikipedia.org,wikipedia_internal,11,Abortion,
CASE-0221,Operation Ore,Operation Ore,wikipedia_article_links,https://en.wikipedia.org/wiki/Legal_protection_of_access_to_abortion,en.wikipedia.org,wikipedia_internal,12,Access to abortion,
CASE-0221,Operation Ore,Operation Ore,wikipedia_article_links,https://en.wikipedia.org/wiki/Age_of_consent,en.wikipedia.org,wikipedia_internal,13,Age of consent,
CASE-0221,Operation Ore,Operation Ore,wikipedia_article_links,https://en.wikipedia.org/wiki/Antisexualism,en.wikipedia.org,wikipedia_internal,14,Antisexualism,
CASE-0221,Operation Ore,Operation Ore,wikipedia_article_links,https://en.wikipedia.org/wiki/Bodily_integrity,en.wikipedia.org,wikipedia_internal,15,Bodily integrity,
CASE-0221,Operation Ore,Operation Ore,wikipedia_article_links,https://en.wikipedia.org/wiki/Circumcision_and_law,en.wikipedia.org,wikipedia_internal,16,Circumcision,
CASE-0221,Operation Ore,Operation Ore,wikipedia_article_links,https://en.wikipedia.org/wiki/Sexual_consent_in_law,en.wikipedia.org,wikipedia_internal,17,Consent,
CASE-0221,Operation Ore,Operation Ore,wikipedia_article_links,https://en.wikipedia.org/wiki/Deviant_sexual_intercourse,en.wikipedia.org,wikipedia_internal,18,Deviant sexual intercourse,
CASE-0221,Operation Ore,Operation Ore,wikipedia_article_links,https://en.wikipedia.org/wiki/Sexual_ethics,en.wikipedia.org,wikipedia_internal,19,Ethics,
CASE-0221,Operation Ore,Operation Ore,wikipedia_article_links,https://en.wikipedia.org/wiki/Homophobia,en.wikipedia.org,wikipedia_internal,20,Homophobia,
CASE-0222,MKULTRA Canada,MKUltra,wikipedia_search,https://en.wikipedia.org/wiki/MKUltra,en.wikipedia.org,wikipedia_primary,1,MKUltra,
CASE-0222,MKULTRA Canada,MKUltra,wikipedia_article_links,https://en.wikipedia.org/wiki/MKULTRA_(disambiguation),en.wikipedia.org,wikipedia_internal,2,MKULTRA (disambiguation),
CASE-0222,MKULTRA Canada,MKUltra,wikipedia_article_links,https://en.wikipedia.org/wiki/Edgewood_Arsenal_human_experiments,en.wikipedia.org,wikipedia_internal,3,Edgewood Arsenal human experiments,
CASE-0222,MKULTRA Canada,MKUltra,wikipedia_article_links,https://en.wikipedia.org/wiki/Declassification,en.wikipedia.org,wikipedia_internal,4,Declassified,
CASE-0222,MKULTRA Canada,MKUltra,wikipedia_article_links,https://en.wikipedia.org/wiki/Unethical_human_experimentation_in_the_United_States,en.wikipedia.org,wikipedia_internal,5,human experimentation,
CASE-0222,MKULTRA Canada,MKUltra,wikipedia_article_links,https://en.wikipedia.org/wiki/Central_Intelligence_Agency,en.wikipedia.org,wikipedia_internal,6,Central Intelligence Agency,
CASE-0222,MKULTRA Canada,MKUltra,wikipedia_article_links,https://en.wikipedia.org/wiki/CIA_cryptonym,en.wikipedia.org,wikipedia_internal,7,CIA cryptonym,
CASE-0222,MKULTRA Canada,MKUltra,wikipedia_article_links,https://en.wikipedia.org/wiki/Office_of_Technical_Service,en.wikipedia.org,wikipedia_internal,8,Office of Technical Service,
CASE-0222,MKULTRA Canada,MKUltra,wikipedia_article_links,https://en.wikipedia.org/wiki/Individual_rights_in_the_United_States,en.wikipedia.org,wikipedia_internal,9,individual rights,
CASE-0222,MKULTRA Canada,MKUltra,wikipedia_article_links,https://en.wikipedia.org/wiki/List_of_CIA_controversies,en.wikipedia.org,wikipedia_internal,10,the CIA's abuse of power,
CASE-0222,MKULTRA Canada,MKUltra,wikipedia_article_links,https://en.wikipedia.org/wiki/Consent,en.wikipedia.org,wikipedia_internal,11,consent,
CASE-0222,MKULTRA Canada,MKUltra,wikipedia_article_links,https://en.wikipedia.org/wiki/Democratic_values,en.wikipedia.org,wikipedia_internal,12,democratic principles,
CASE-0222,MKULTRA Canada,MKUltra,wikipedia_article_links,https://en.wikipedia.org/wiki/Psychoactive_drug,en.wikipedia.org,wikipedia_internal,13,psychoactive drugs,
CASE-0222,MKULTRA Canada,MKUltra,wikipedia_article_links,https://en.wikipedia.org/wiki/LSD,en.wikipedia.org,wikipedia_internal,14,LSD,
CASE-0222,MKULTRA Canada,MKUltra,wikipedia_article_links,https://en.wikipedia.org/wiki/Electroconvulsive_therapy,en.wikipedia.org,wikipedia_internal,15,electroshocks,
CASE-0222,MKULTRA Canada,MKUltra,wikipedia_article_links,https://en.wikipedia.org/wiki/Hypnosis,en.wikipedia.org,wikipedia_internal,16,hypnosis,
CASE-0222,MKULTRA Canada,MKUltra,wikipedia_article_links,https://en.wikipedia.org/wiki/Sensory_deprivation,en.wikipedia.org,wikipedia_internal,17,sensory deprivation,
CASE-0222,MKULTRA Canada,MKUltra,wikipedia_article_links,https://en.wikipedia.org/wiki/Verbal_abuse,en.wikipedia.org,wikipedia_internal,18,verbal,
CASE-0222,MKULTRA Canada,MKUltra,wikipedia_article_links,https://en.wikipedia.org/wiki/Sexual_abuse,en.wikipedia.org,wikipedia_internal,19,sexual abuse,
CASE-0222,MKULTRA Canada,MKUltra,wikipedia_article_links,https://en.wikipedia.org/wiki/Torture,en.wikipedia.org,wikipedia_internal,20,torture,
CASE-0223,Church Committee findings,Plausible deniability,wikipedia_search,https://en.wikipedia.org/wiki/Plausible_deniability,en.wikipedia.org,wikipedia_primary,1,Plausible deniability,
CASE-0223,Church Committee findings,Plausible deniability,wikipedia_article_links,https://en.wikipedia.org/wiki/Plausible_Denial,en.wikipedia.org,wikipedia_internal,2,Plausible Denial,
CASE-0223,Church Committee findings,Plausible deniability,wikipedia_article_links,https://en.wikipedia.org/wiki/2014_Russian_annexation_of_Crimea,en.wikipedia.org,wikipedia_internal,3,Russia's annexation of Crimea,
CASE-0223,Church Committee findings,Plausible deniability,wikipedia_article_links,https://en.wikipedia.org/wiki/Little_green_men_(Russo-Ukrainian_War),en.wikipedia.org,wikipedia_internal,4,little green men,
CASE-0223,Church Committee findings,Plausible deniability,wikipedia_article_links,https://en.wikipedia.org/wiki/Chain_of_command,en.wikipedia.org,wikipedia_internal,5,chain of command,
CASE-0223,Church Committee findings,Plausible deniability,wikipedia_article_links,https://en.wikipedia.org/wiki/Denial,en.wikipedia.org,wikipedia_internal,6,deny,
CASE-0223,Church Committee findings,Plausible deniability,wikipedia_article_links,https://en.wikipedia.org/wiki/Willful_ignorance,en.wikipedia.org,wikipedia_internal,7,willfully ignorant,
CASE-0223,Church Committee findings,Plausible deniability,wikipedia_article_links,https://en.wikipedia.org/wiki/Blame#Blame_shifting,en.wikipedia.org,wikipedia_internal,8,shift the blame,
CASE-0223,Church Committee findings,Plausible deniability,wikipedia_article_links,https://en.wikipedia.org/wiki/Cause_of_action,en.wikipedia.org,wikipedia_internal,9,unactionable,
CASE-0223,Church Committee findings,Plausible deniability,wikipedia_article_links,https://en.wikipedia.org/wiki/Command_responsibility,en.wikipedia.org,wikipedia_internal,10,command responsibility,
CASE-0223,Church Committee findings,Plausible deniability,wikipedia_article_links,https://en.wikipedia.org/wiki/Politics,en.wikipedia.org,wikipedia_internal,11,politics,
CASE-0223,Church Committee findings,Plausible deniability,wikipedia_article_links,https://en.wikipedia.org/wiki/Espionage,en.wikipedia.org,wikipedia_internal,12,espionage,
CASE-0223,Church Committee findings,Plausible deniability,wikipedia_article_links,https://en.wikipedia.org/wiki/Buck_passing,en.wikipedia.org,wikipedia_internal,13,pass the buck,
CASE-0223,Church Committee findings,Plausible deniability,wikipedia_article_links,https://en.wikipedia.org/wiki/Blowback_(intelligence),en.wikipedia.org,wikipedia_internal,14,blowback,
CASE-0223,Church Committee findings,Plausible deniability,wikipedia_article_links,https://en.wikipedia.org/wiki/Negative_campaigning,en.wikipedia.org,wikipedia_internal,15,negative campaigning,
CASE-0223,Church Committee findings,Plausible deniability,wikipedia_article_links,https://en.wikipedia.org/wiki/Smear_campaign,en.wikipedia.org,wikipedia_internal,16,smear campaigns,
CASE-0223,Church Committee findings,Plausible deniability,wikipedia_article_links,https://en.wikipedia.org/wiki/Libelous,en.wikipedia.org,wikipedia_internal,17,libelous,
CASE-0223,Church Committee findings,Plausible deniability,wikipedia_article_links,https://en.wikipedia.org/wiki/CIA,en.wikipedia.org,wikipedia_internal,18,CIA,
CASE-0223,Church Committee findings,Plausible deniability,wikipedia_article_links,https://en.wikipedia.org/wiki/Watergate_scandal,en.wikipedia.org,wikipedia_internal,19,Watergate scandal,
CASE-0223,Church Committee findings,Plausible deniability,wikipedia_article_links,https://en.wikipedia.org/wiki/Human_intelligence_(intelligence_collection),en.wikipedia.org,wikipedia_internal,20,human sources,
CASE-0224,Pike Committee,Pike Committee,wikipedia_search,https://en.wikipedia.org/wiki/Pike_Committee,en.wikipedia.org,wikipedia_primary,1,Pike Committee,
CASE-0224,Pike Committee,Pike Committee,wikipedia_article_links,https://en.wikipedia.org/wiki/United_States_House_Permanent_Select_Committee_on_Intelligence,en.wikipedia.org,wikipedia_internal,2,United States House Permanent Select Committee on Intelligence,
CASE-0224,Pike Committee,Pike Committee,wikipedia_article_links,https://en.wikipedia.org/wiki/Democratic_Party_(United_States),en.wikipedia.org,wikipedia_internal,3,Democratic,
CASE-0224,Pike Committee,Pike Committee,wikipedia_article_links,https://en.wikipedia.org/wiki/Otis_G._Pike,en.wikipedia.org,wikipedia_internal,4,Otis G. Pike,
CASE-0224,Pike Committee,Pike Committee,wikipedia_article_links,https://en.wikipedia.org/wiki/New_York_(state),en.wikipedia.org,wikipedia_internal,5,New York,
CASE-0224,Pike Committee,Pike Committee,wikipedia_article_links,https://en.wikipedia.org/wiki/Central_Intelligence_Agency,en.wikipedia.org,wikipedia_internal,6,Central Intelligence Agency,
CASE-0224,Pike Committee,Pike Committee,wikipedia_article_links,https://en.wikipedia.org/wiki/Federal_Bureau_of_Investigation,en.wikipedia.org,wikipedia_internal,7,Federal Bureau of Investigation,
CASE-0224,Pike Committee,Pike Committee,wikipedia_article_links,https://en.wikipedia.org/wiki/National_Security_Agency,en.wikipedia.org,wikipedia_internal,8,National Security Agency,
CASE-0224,Pike Committee,Pike Committee,wikipedia_article_links,https://en.wikipedia.org/wiki/Frank_Church,en.wikipedia.org,wikipedia_internal,9,Frank Church,
CASE-0224,Pike Committee,Pike Committee,wikipedia_article_links,https://en.wikipedia.org/wiki/Church_Committee,en.wikipedia.org,wikipedia_internal,10,Church Committee,
CASE-0224,Pike Committee,Pike Committee,wikipedia_article_links,https://en.wikipedia.org/wiki/Lucien_N._Nedzi,en.wikipedia.org,wikipedia_internal,11,Lucien Nedzi,
CASE-0224,Pike Committee,Pike Committee,wikipedia_article_links,https://en.wikipedia.org/wiki/Superpower,en.wikipedia.org,wikipedia_internal,12,superpower,
CASE-0224,Pike Committee,Pike Committee,wikipedia_article_links,https://en.wikipedia.org/wiki/US_President,en.wikipedia.org,wikipedia_internal,13,US President,
CASE-0224,Pike Committee,Pike Committee,wikipedia_article_links,https://en.wikipedia.org/wiki/Gerald_Ford,en.wikipedia.org,wikipedia_internal,14,Gerald Ford,
CASE-0224,Pike Committee,Pike Committee,wikipedia_article_links,https://en.wikipedia.org/wiki/National_Security_Archive,en.wikipedia.org,wikipedia_internal,15,National Security Archive,
CASE-0224,Pike Committee,Pike Committee,wikipedia_article_links,https://en.wikipedia.org/wiki/CBS_News,en.wikipedia.org,wikipedia_internal,16,CBS News,
CASE-0224,Pike Committee,Pike Committee,wikipedia_article_links,https://en.wikipedia.org/wiki/Daniel_Schorr,en.wikipedia.org,wikipedia_internal,17,Daniel Schorr,
CASE-0224,Pike Committee,Pike Committee,wikipedia_article_links,https://en.wikipedia.org/wiki/The_Village_Voice,en.wikipedia.org,wikipedia_internal,18,The Village Voice,
CASE-0224,Pike Committee,Pike Committee,wikipedia_article_links,https://en.wikipedia.org/wiki/United_Kingdom,en.wikipedia.org,wikipedia_internal,19,United Kingdom,
CASE-0224,Pike Committee,Pike Committee,wikipedia_article_links,https://en.wikipedia.org/wiki/Bertrand_Russell_Peace_Foundation,en.wikipedia.org,wikipedia_internal,20,Spokesman Books,
CASE-0225,Executive Order 11110,Executive Order 11110,wikipedia_search,https://en.wikipedia.org/wiki/Executive_Order_11110,en.wikipedia.org,wikipedia_primary,1,Executive Order 11110,
CASE-0225,Executive Order 11110,Executive Order 11110,wikipedia_article_links,https://en.wikipedia.org/wiki/President_of_the_United_States,en.wikipedia.org,wikipedia_internal,2,U.S. President,
CASE-0225,Executive Order 11110,Executive Order 11110,wikipedia_article_links,https://en.wikipedia.org/wiki/John_F._Kennedy,en.wikipedia.org,wikipedia_internal,3,John F. Kennedy,
CASE-0225,Executive Order 11110,Executive Order 11110,wikipedia_article_links,https://en.wikipedia.org/wiki/Executive_order_(United_States),en.wikipedia.org,wikipedia_internal,4,executive order,
CASE-0225,Executive Order 11110,Executive Order 11110,wikipedia_article_links,https://en.wikipedia.org/wiki/United_States_Secretary_of_the_Treasury,en.wikipedia.org,wikipedia_internal,5,Secretary of the Treasury,
CASE-0225,Executive Order 11110,Executive Order 11110,wikipedia_article_links,https://en.wikipedia.org/wiki/Silver_certificate_(United_States),en.wikipedia.org,wikipedia_internal,6,silver certificates,
CASE-0225,Executive Order 11110,Executive Order 11110,wikipedia_article_links,https://en.wikipedia.org/wiki/Agricultural_Adjustment_Act,en.wikipedia.org,wikipedia_internal,7,Agricultural Adjustment Act,
CASE-0225,Executive Order 11110,Executive Order 11110,wikipedia_article_links,https://en.wikipedia.org/wiki/Gold_Reserve_Act,en.wikipedia.org,wikipedia_internal,8,Gold Reserve Act,
CASE-0225,Executive Order 11110,Executive Order 11110,wikipedia_article_links,https://en.wikipedia.org/wiki/Price_fixing,en.wikipedia.org,wikipedia_internal,9,fixed price,
CASE-0225,Executive Order 11110,Executive Order 11110,wikipedia_article_links,https://en.wikipedia.org/wiki/Associated_Press,en.wikipedia.org,wikipedia_internal,10,Associated Press,
CASE-0225,Executive Order 11110,Executive Order 11110,wikipedia_article_links,https://en.wikipedia.org/wiki/Harry_S._Truman,en.wikipedia.org,wikipedia_internal,11,Harry S. Truman,
CASE-0225,Executive Order 11110,Executive Order 11110,wikipedia_article_links,https://en.wikipedia.org/wiki/C._Douglas_Dillon,en.wikipedia.org,wikipedia_internal,12,C. Douglas Dillon,
CASE-0225,Executive Order 11110,Executive Order 11110,wikipedia_article_links,"https://en.wikipedia.org/wiki/Act_of_Congress#Public_law,_private_law,_designation",en.wikipedia.org,wikipedia_internal,13,Pub. L.,
CASE-0225,Executive Order 11110,Executive Order 11110,wikipedia_article_links,https://en.wikipedia.org/wiki/Ronald_Reagan,en.wikipedia.org,wikipedia_internal,14,Ronald Reagan,
CASE-0225,Executive Order 11110,Executive Order 11110,wikipedia_article_links,https://en.wikipedia.org/wiki/Executive_Order_12608,en.wikipedia.org,wikipedia_internal,15,Executive Order 12608,
CASE-0225,Executive Order 11110,Executive Order 11110,wikipedia_article_links,https://en.wikipedia.org/wiki/John_F._Kennedy_assassination_conspiracy_theories#Federal_Reserve_conspiracy,en.wikipedia.org,wikipedia_internal,16,John F. Kennedy assassination conspiracy theories § Federal Reserve conspiracy,
CASE-0225,Executive Order 11110,Executive Order 11110,wikipedia_article_links,https://en.wikipedia.org/wiki/Jim_Marrs,en.wikipedia.org,wikipedia_internal,17,Jim Marrs,
CASE-0225,Executive Order 11110,Executive Order 11110,wikipedia_article_links,https://en.wikipedia.org/wiki/Federal_Reserve,en.wikipedia.org,wikipedia_internal,18,Federal Reserve,
CASE-0225,Executive Order 11110,Executive Order 11110,wikipedia_article_links,https://en.wikipedia.org/wiki/United_States_Department_of_the_Treasury,en.wikipedia.org,wikipedia_internal,19,United States Department of the Treasury,
CASE-0225,Executive Order 11110,Executive Order 11110,wikipedia_article_links,https://en.wikipedia.org/wiki/Federal_Reserve_Notes,en.wikipedia.org,wikipedia_internal,20,Federal Reserve Notes,
CASE-0226,Project SHAD,Project SHAD,wikipedia_search,https://en.wikipedia.org/wiki/Project_SHAD,en.wikipedia.org,wikipedia_primary,1,Project SHAD,
CASE-0226,Project SHAD,Project SHAD,wikipedia_article_links,https://en.wikipedia.org/wiki/Weapon_of_mass_destruction,en.wikipedia.org,wikipedia_internal,2,Weapons of mass destruction,
CASE-0226,Project SHAD,Project SHAD,wikipedia_article_links,https://en.wikipedia.org/wiki/Biological_agent,en.wikipedia.org,wikipedia_internal,3,Biological,
CASE-0226,Project SHAD,Project SHAD,wikipedia_article_links,https://en.wikipedia.org/wiki/Biological_warfare,en.wikipedia.org,wikipedia_internal,4,warfare,
CASE-0226,Project SHAD,Project SHAD,wikipedia_article_links,https://en.wikipedia.org/wiki/History_of_biological_warfare,en.wikipedia.org,wikipedia_internal,5,history,
CASE-0226,Project SHAD,Project SHAD,wikipedia_article_links,https://en.wikipedia.org/wiki/Biological_terrorism,en.wikipedia.org,wikipedia_internal,6,terrorism,
CASE-0226,Project SHAD,Project SHAD,wikipedia_article_links,https://en.wikipedia.org/wiki/Chemical_weapon,en.wikipedia.org,wikipedia_internal,7,Chemical,
CASE-0226,Project SHAD,Project SHAD,wikipedia_article_links,https://en.wikipedia.org/wiki/Chemical_warfare,en.wikipedia.org,wikipedia_internal,8,warfare,
CASE-0226,Project SHAD,Project SHAD,wikipedia_article_links,https://en.wikipedia.org/wiki/History_of_chemical_warfare,en.wikipedia.org,wikipedia_internal,9,history,
CASE-0226,Project SHAD,Project SHAD,wikipedia_article_links,https://en.wikipedia.org/wiki/Chemical_terrorism,en.wikipedia.org,wikipedia_internal,10,terrorism,
CASE-0226,Project SHAD,Project SHAD,wikipedia_article_links,https://en.wikipedia.org/wiki/Nuclear_weapon,en.wikipedia.org,wikipedia_internal,11,Nuclear,
CASE-0226,Project SHAD,Project SHAD,wikipedia_article_links,https://en.wikipedia.org/wiki/Nuclear_warfare,en.wikipedia.org,wikipedia_internal,12,warfare,
CASE-0226,Project SHAD,Project SHAD,wikipedia_article_links,https://en.wikipedia.org/wiki/Nuclear_terrorism,en.wikipedia.org,wikipedia_internal,13,terrorism,
CASE-0226,Project SHAD,Project SHAD,wikipedia_article_links,https://en.wikipedia.org/wiki/Radiological_warfare,en.wikipedia.org,wikipedia_internal,14,Radiological,
CASE-0226,Project SHAD,Project SHAD,wikipedia_article_links,https://en.wikipedia.org/wiki/List_of_weapons_of_mass_destruction_by_country,en.wikipedia.org,wikipedia_internal,15,By country,
CASE-0226,Project SHAD,Project SHAD,wikipedia_article_links,https://en.wikipedia.org/wiki/Albania_and_weapons_of_mass_destruction,en.wikipedia.org,wikipedia_internal,16,Albania,
CASE-0226,Project SHAD,Project SHAD,wikipedia_article_links,https://en.wikipedia.org/wiki/Algeria_and_weapons_of_mass_destruction,en.wikipedia.org,wikipedia_internal,17,Algeria,
CASE-0226,Project SHAD,Project SHAD,wikipedia_article_links,https://en.wikipedia.org/wiki/Argentina_and_weapons_of_mass_destruction,en.wikipedia.org,wikipedia_internal,18,Argentina,
CASE-0226,Project SHAD,Project SHAD,wikipedia_article_links,https://en.wikipedia.org/wiki/Australia_and_weapons_of_mass_destruction,en.wikipedia.org,wikipedia_internal,19,Australia,
CASE-0226,Project SHAD,Project SHAD,wikipedia_article_links,https://en.wikipedia.org/wiki/Belarus_and_weapons_of_mass_destruction,en.wikipedia.org,wikipedia_internal,20,Belarus,
CASE-0227,Operation Big Buzz,Operation Big Buzz,wikipedia_search,https://en.wikipedia.org/wiki/Operation_Big_Buzz,en.wikipedia.org,wikipedia_primary,1,Operation Big Buzz,
CASE-0227,Operation Big Buzz,Operation Big Buzz,wikipedia_article_links,https://en.wikipedia.org/wiki/Entomological_warfare,en.wikipedia.org,wikipedia_internal,2,entomological warfare,
CASE-0227,Operation Big Buzz,Operation Big Buzz,wikipedia_article_links,"https://en.wikipedia.org/wiki/Savannah,_Georgia",en.wikipedia.org,wikipedia_internal,3,Savannah,
CASE-0227,Operation Big Buzz,Operation Big Buzz,wikipedia_article_links,https://en.wikipedia.org/wiki/Georgia_(U.S._state),en.wikipedia.org,wikipedia_internal,4,Georgia's,
CASE-0227,Operation Big Buzz,Operation Big Buzz,wikipedia_article_links,https://en.wikipedia.org/wiki/Chemical_Corps,en.wikipedia.org,wikipedia_internal,5,Chemical Corps,
CASE-0227,Operation Big Buzz,Operation Big Buzz,wikipedia_article_links,https://en.wikipedia.org/wiki/Yellow_fever,en.wikipedia.org,wikipedia_internal,6,yellow fever,
CASE-0227,Operation Big Buzz,Operation Big Buzz,wikipedia_article_links,https://en.wikipedia.org/wiki/Aedes_aegypti,en.wikipedia.org,wikipedia_internal,7,Aedes aegypti,
CASE-0227,Operation Big Buzz,Operation Big Buzz,wikipedia_article_links,https://en.wikipedia.org/wiki/Mosquito,en.wikipedia.org,wikipedia_internal,8,mosquitoes,
CASE-0227,Operation Big Buzz,Operation Big Buzz,wikipedia_article_links,https://en.wikipedia.org/wiki/E14_bomb,en.wikipedia.org,wikipedia_internal,9,E14 bombs,
CASE-0227,Operation Big Buzz,Operation Big Buzz,wikipedia_article_links,https://en.wikipedia.org/wiki/Hematophagy,en.wikipedia.org,wikipedia_internal,10,blood meals,
CASE-0227,Operation Big Buzz,Operation Big Buzz,wikipedia_article_links,https://en.wikipedia.org/wiki/Guinea_pig,en.wikipedia.org,wikipedia_internal,11,guinea pigs,
CASE-0227,Operation Big Buzz,Operation Big Buzz,wikipedia_article_links,https://en.wikipedia.org/wiki/Tuskegee_Syphilis_Study,en.wikipedia.org,wikipedia_internal,12,Tuskegee Syphilis Study,
CASE-0227,Operation Big Buzz,Operation Big Buzz,wikipedia_article_links,https://en.wikipedia.org/wiki/Race_and_health_in_the_United_States,en.wikipedia.org,wikipedia_internal,13,Race and health in the United States,
CASE-0227,Operation Big Buzz,Operation Big Buzz,wikipedia_article_links,https://en.wikipedia.org/wiki/Unit_731,en.wikipedia.org,wikipedia_internal,14,Unit 731,
CASE-0227,Operation Big Buzz,Operation Big Buzz,wikipedia_article_links,https://en.wikipedia.org/wiki/Operation_Big_Itch,en.wikipedia.org,wikipedia_internal,15,Operation Big Itch,
CASE-0227,Operation Big Buzz,Operation Big Buzz,wikipedia_article_links,https://en.wikipedia.org/wiki/Operation_Drop_Kick,en.wikipedia.org,wikipedia_internal,16,Operation Drop Kick,
CASE-0227,Operation Big Buzz,Operation Big Buzz,wikipedia_article_links,https://en.wikipedia.org/wiki/Operation_May_Day,en.wikipedia.org,wikipedia_internal,17,Operation May Day,
CASE-0227,Operation Big Buzz,Operation Big Buzz,wikipedia_article_links,https://en.wikipedia.org/wiki/Dugway_Proving_Ground,en.wikipedia.org,wikipedia_internal,18,Dugway Proving Ground,
CASE-0227,Operation Big Buzz,Operation Big Buzz,wikipedia_article_links,https://en.wikipedia.org/wiki/Thesmokinggun.com,en.wikipedia.org,wikipedia_internal,19,thesmokinggun.com,
CASE-0227,Operation Big Buzz,Operation Big Buzz,wikipedia_article_links,https://en.wikipedia.org/wiki/ISBN_(identifier),en.wikipedia.org,wikipedia_internal,20,ISBN,
CASE-0228,Operation Sea Spray,Operation Sea-Spray,wikipedia_search,https://en.wikipedia.org/wiki/Operation_Sea-Spray,en.wikipedia.org,wikipedia_primary,1,Operation Sea-Spray,
CASE-0228,Operation Sea Spray,Operation Sea-Spray,wikipedia_article_links,https://en.wikipedia.org/wiki/Seaspray_(disambiguation),en.wikipedia.org,wikipedia_internal,2,seaspray (disambiguation),
CASE-0228,Operation Sea Spray,Operation Sea-Spray,wikipedia_article_links,https://en.wikipedia.org/wiki/U.S._Navy,en.wikipedia.org,wikipedia_internal,3,U.S. Navy,
CASE-0228,Operation Sea Spray,Operation Sea-Spray,wikipedia_article_links,https://en.wikipedia.org/wiki/Biological_warfare,en.wikipedia.org,wikipedia_internal,4,biological warfare,
CASE-0228,Operation Sea Spray,Operation Sea-Spray,wikipedia_article_links,https://en.wikipedia.org/wiki/Serratia_marcescens,en.wikipedia.org,wikipedia_internal,5,Serratia marcescens,
CASE-0228,Operation Sea Spray,Operation Sea-Spray,wikipedia_article_links,https://en.wikipedia.org/wiki/Bacillus_globigii,en.wikipedia.org,wikipedia_internal,6,Bacillus globigii,
CASE-0228,Operation Sea Spray,Operation Sea-Spray,wikipedia_article_links,https://en.wikipedia.org/wiki/San_Francisco_Bay_Area,en.wikipedia.org,wikipedia_internal,7,San Francisco Bay Area,
CASE-0228,Operation Sea Spray,Operation Sea-Spray,wikipedia_article_links,https://en.wikipedia.org/wiki/California,en.wikipedia.org,wikipedia_internal,8,California,
CASE-0228,Operation Sea Spray,Operation Sea-Spray,wikipedia_article_links,https://en.wikipedia.org/wiki/Biological_agent,en.wikipedia.org,wikipedia_internal,9,bioweapon,
CASE-0228,Operation Sea Spray,Operation Sea-Spray,wikipedia_article_links,https://en.wikipedia.org/wiki/Anthrax,en.wikipedia.org,wikipedia_internal,10,anthrax,
CASE-0228,Operation Sea Spray,Operation Sea-Spray,wikipedia_article_links,https://en.wikipedia.org/wiki/Stanford_Hospital,en.wikipedia.org,wikipedia_internal,11,Stanford Hospital,
CASE-0228,Operation Sea Spray,Operation Sea-Spray,wikipedia_article_links,https://en.wikipedia.org/wiki/Prostate_surgery,en.wikipedia.org,wikipedia_internal,12,prostate surgery,
CASE-0228,Operation Sea Spray,Operation Sea-Spray,wikipedia_article_links,https://en.wikipedia.org/wiki/Heart_valve,en.wikipedia.org,wikipedia_internal,13,heart valve,
CASE-0228,Operation Sea Spray,Operation Sea-Spray,wikipedia_article_links,https://en.wikipedia.org/wiki/Phenol,en.wikipedia.org,wikipedia_internal,14,phenol,
CASE-0228,Operation Sea Spray,Operation Sea-Spray,wikipedia_article_links,https://en.wikipedia.org/wiki/Dorset,en.wikipedia.org,wikipedia_internal,15,Dorset,
CASE-0228,Operation Sea Spray,Operation Sea-Spray,wikipedia_article_links,https://en.wikipedia.org/wiki/Dorset_Biological_Warfare_Experiments,en.wikipedia.org,wikipedia_internal,16,DICE trials,
CASE-0228,Operation Sea Spray,Operation Sea-Spray,wikipedia_article_links,https://en.wikipedia.org/wiki/U.S._Supreme_Court,en.wikipedia.org,wikipedia_internal,17,U.S. Supreme Court,
CASE-0228,Operation Sea Spray,Operation Sea-Spray,wikipedia_article_links,https://en.wikipedia.org/wiki/United_States_biological_weapons_program,en.wikipedia.org,wikipedia_internal,18,United States biological weapons program,
CASE-0228,Operation Sea Spray,Operation Sea-Spray,wikipedia_article_links,"https://en.wikipedia.org/wiki/Panama_City,_Florida",en.wikipedia.org,wikipedia_internal,19,Panama City,
CASE-0228,Operation Sea Spray,Operation Sea-Spray,wikipedia_article_links,https://en.wikipedia.org/wiki/Key_West,en.wikipedia.org,wikipedia_internal,20,Key West,
CASE-0229,Tuskegee airmen vs experiment,List of programs broadcast by the History Channel,wikipedia_search,https://en.wikipedia.org/wiki/List_of_programs_broadcast_by_the_History_Channel,en.wikipedia.org,wikipedia_primary,1,List of programs broadcast by the History Channel,
CASE-0229,Tuskegee airmen vs experiment,List of programs broadcast by the History Channel,wikipedia_article_links,https://en.wikipedia.org/wiki/Television_program,en.wikipedia.org,wikipedia_internal,2,television programs,
CASE-0229,Tuskegee airmen vs experiment,List of programs broadcast by the History Channel,wikipedia_article_links,https://en.wikipedia.org/wiki/History_Channel,en.wikipedia.org,wikipedia_internal,3,History Channel,
CASE-0229,Tuskegee airmen vs experiment,List of programs broadcast by the History Channel,wikipedia_article_links,https://en.wikipedia.org/wiki/H2_(A%26E_Networks),en.wikipedia.org,wikipedia_internal,4,H2,
CASE-0229,Tuskegee airmen vs experiment,List of programs broadcast by the History Channel,wikipedia_article_links,https://en.wikipedia.org/wiki/Alone_(TV_series),en.wikipedia.org,wikipedia_internal,5,Alone,
CASE-0229,Tuskegee airmen vs experiment,List of programs broadcast by the History Channel,wikipedia_article_links,https://en.wikipedia.org/wiki/American_Pickers,en.wikipedia.org,wikipedia_internal,6,American Pickers,
CASE-0229,Tuskegee airmen vs experiment,List of programs broadcast by the History Channel,wikipedia_article_links,https://en.wikipedia.org/wiki/Ancient_Aliens,en.wikipedia.org,wikipedia_internal,7,Ancient Aliens,
CASE-0229,Tuskegee airmen vs experiment,List of programs broadcast by the History Channel,wikipedia_article_links,https://en.wikipedia.org/wiki/The_Curse_of_Oak_Island,en.wikipedia.org,wikipedia_internal,8,The Curse of Oak Island,
CASE-0229,Tuskegee airmen vs experiment,List of programs broadcast by the History Channel,wikipedia_article_links,https://en.wikipedia.org/wiki/The_Food_That_Built_America,en.wikipedia.org,wikipedia_internal,9,The Food That Built America,
CASE-0229,Tuskegee airmen vs experiment,List of programs broadcast by the History Channel,wikipedia_article_links,https://en.wikipedia.org/wiki/Forged_in_Fire,en.wikipedia.org,wikipedia_internal,10,Forged in Fire,
CASE-0229,Tuskegee airmen vs experiment,List of programs broadcast by the History Channel,wikipedia_article_links,https://en.wikipedia.org/wiki/Henry_Winkler,en.wikipedia.org,wikipedia_internal,11,Henry Winkler,
CASE-0229,Tuskegee airmen vs experiment,List of programs broadcast by the History Channel,wikipedia_article_links,https://en.wikipedia.org/wiki/Ving_Rhames,en.wikipedia.org,wikipedia_internal,12,Ving Rhames,
CASE-0229,Tuskegee airmen vs experiment,List of programs broadcast by the History Channel,wikipedia_article_links,https://en.wikipedia.org/wiki/History%27s_Greatest_Mysteries,en.wikipedia.org,wikipedia_internal,13,History's Greatest Mysteries,
CASE-0229,Tuskegee airmen vs experiment,List of programs broadcast by the History Channel,wikipedia_article_links,https://en.wikipedia.org/wiki/Dennis_Quaid,en.wikipedia.org,wikipedia_internal,14,Dennis Quaid,
CASE-0229,Tuskegee airmen vs experiment,List of programs broadcast by the History Channel,wikipedia_article_links,https://en.wikipedia.org/wiki/Steven_Rinella,en.wikipedia.org,wikipedia_internal,15,Steven Rinella,
CASE-0229,Tuskegee airmen vs experiment,List of programs broadcast by the History Channel,wikipedia_article_links,https://en.wikipedia.org/wiki/Ice_Road_Truckers,en.wikipedia.org,wikipedia_internal,16,Ice Road Truckers,
CASE-0229,Tuskegee airmen vs experiment,List of programs broadcast by the History Channel,wikipedia_article_links,https://en.wikipedia.org/wiki/Life_After_People,en.wikipedia.org,wikipedia_internal,17,Life After People,
CASE-0229,Tuskegee airmen vs experiment,List of programs broadcast by the History Channel,wikipedia_article_links,https://en.wikipedia.org/wiki/The_Mega-Brands_That_Built_America,en.wikipedia.org,wikipedia_internal,18,The Mega-Brands That Built America,
CASE-0229,Tuskegee airmen vs experiment,List of programs broadcast by the History Channel,wikipedia_article_links,https://en.wikipedia.org/wiki/MonsterQuest,en.wikipedia.org,wikipedia_internal,19,MonsterQuest,
CASE-0229,Tuskegee airmen vs experiment,List of programs broadcast by the History Channel,wikipedia_article_links,https://en.wikipedia.org/wiki/Mountain_Men_(TV_series),en.wikipedia.org,wikipedia_internal,20,Mountain Men,
CASE-0230,USS Maine conspiracy,USS Maine (1890),wikipedia_search,https://en.wikipedia.org/wiki/USS_Maine_%281890%29,en.wikipedia.org,wikipedia_primary,1,USS Maine (1890),
CASE-0230,USS Maine conspiracy,USS Maine (1890),wikipedia_article_links,https://en.wikipedia.org/wiki/USS_Maine,en.wikipedia.org,wikipedia_internal,2,USS Maine,
CASE-0230,USS Maine conspiracy,USS Maine (1890),wikipedia_article_links,https://en.wikipedia.org/wiki/The_Maine_(band),en.wikipedia.org,wikipedia_internal,3,The Maine (band),
CASE-0230,USS Maine conspiracy,USS Maine (1890),wikipedia_article_links,"https://en.wikipedia.org/wiki/The_Maine_(Des_Moines,_Iowa)",en.wikipedia.org,wikipedia_internal,4,"The Maine (Des Moines, Iowa)",
CASE-0230,USS Maine conspiracy,USS Maine (1890),wikipedia_article_links,https://en.wikipedia.org/wiki/Remember_the_Maine_(cocktail),en.wikipedia.org,wikipedia_internal,5,Remember the Maine (cocktail),
CASE-0230,USS Maine conspiracy,USS Maine (1890),wikipedia_article_links,https://en.wikipedia.org/wiki/New_York_Naval_Shipyard,en.wikipedia.org,wikipedia_internal,6,New York Naval Shipyard,
CASE-0230,USS Maine conspiracy,USS Maine (1890),wikipedia_article_links,https://en.wikipedia.org/wiki/United_States_Navy,en.wikipedia.org,wikipedia_internal,7,United States Navy,
CASE-0230,USS Maine conspiracy,USS Maine (1890),wikipedia_article_links,https://en.wikipedia.org/wiki/USS_New_York_(ACR-2),en.wikipedia.org,wikipedia_internal,8,USS New York (ACR-2),
CASE-0230,USS Maine conspiracy,USS Maine (1890),wikipedia_article_links,https://en.wikipedia.org/wiki/Maine,en.wikipedia.org,wikipedia_internal,9,Maine,
CASE-0230,USS Maine conspiracy,USS Maine (1890),wikipedia_article_links,https://en.wikipedia.org/wiki/Havana_Harbor,en.wikipedia.org,wikipedia_internal,10,Havana Harbor,
CASE-0230,USS Maine conspiracy,USS Maine (1890),wikipedia_article_links,https://en.wikipedia.org/wiki/Strait_of_Florida,en.wikipedia.org,wikipedia_internal,11,Strait of Florida,
CASE-0230,USS Maine conspiracy,USS Maine (1890),wikipedia_article_links,https://en.wikipedia.org/wiki/Armored_cruiser,en.wikipedia.org,wikipedia_internal,12,Armored cruiser,
CASE-0230,USS Maine conspiracy,USS Maine (1890),wikipedia_article_links,https://en.wikipedia.org/wiki/Battleship,en.wikipedia.org,wikipedia_internal,13,battleship,
CASE-0230,USS Maine conspiracy,USS Maine (1890),wikipedia_article_links,https://en.wikipedia.org/wiki/Boiler,en.wikipedia.org,wikipedia_internal,14,boilers,
CASE-0230,USS Maine conspiracy,USS Maine (1890),wikipedia_article_links,https://en.wikipedia.org/wiki/Horsepower#Indicated_horsepower,en.wikipedia.org,wikipedia_internal,15,ihp,
CASE-0230,USS Maine conspiracy,USS Maine (1890),wikipedia_article_links,https://en.wikipedia.org/wiki/Marine_steam_engine#Triple_or_multiple_expansion,en.wikipedia.org,wikipedia_internal,16,triple-expansion steam engines,
CASE-0230,USS Maine conspiracy,USS Maine (1890),wikipedia_article_links,https://en.wikipedia.org/wiki/Propeller,en.wikipedia.org,wikipedia_internal,17,screws,
CASE-0230,USS Maine conspiracy,USS Maine (1890),wikipedia_article_links,https://en.wikipedia.org/wiki/Knot_(unit),en.wikipedia.org,wikipedia_internal,18,knots,
CASE-0230,USS Maine conspiracy,USS Maine (1890),wikipedia_article_links,https://en.wikipedia.org/wiki/Nautical_mile,en.wikipedia.org,wikipedia_internal,19,nmi,
CASE-0230,USS Maine conspiracy,USS Maine (1890),wikipedia_article_links,https://en.wikipedia.org/wiki/10%22/30_caliber_gun,en.wikipedia.org,wikipedia_internal,20,10 in (254 mm) guns,
CASE-0231,vaccine autism link,MMR vaccine and autism,wikipedia_search,https://en.wikipedia.org/wiki/MMR_vaccine_and_autism,en.wikipedia.org,wikipedia_primary,1,MMR vaccine and autism,
CASE-0231,vaccine autism link,MMR vaccine and autism,wikipedia_article_links,https://en.wikipedia.org/wiki/1998_fraudulent_Lancet_MMR_autism_study,en.wikipedia.org,wikipedia_internal,2,1998 fraudulent Lancet MMR autism study,
CASE-0231,vaccine autism link,MMR vaccine and autism,wikipedia_article_links,https://en.wikipedia.org/wiki/Alternative_medicine,en.wikipedia.org,wikipedia_internal,3,Alternative medicine,
CASE-0231,vaccine autism link,MMR vaccine and autism,wikipedia_article_links,https://en.wikipedia.org/wiki/History_of_alternative_medicine,en.wikipedia.org,wikipedia_internal,4,History,
CASE-0231,vaccine autism link,MMR vaccine and autism,wikipedia_article_links,https://en.wikipedia.org/wiki/Terminology_of_alternative_medicine,en.wikipedia.org,wikipedia_internal,5,Terminology,
CASE-0231,vaccine autism link,MMR vaccine and autism,wikipedia_article_links,https://en.wikipedia.org/wiki/Alternative_veterinary_medicine,en.wikipedia.org,wikipedia_internal,6,Alternative veterinary medicine,
CASE-0231,vaccine autism link,MMR vaccine and autism,wikipedia_article_links,https://en.wikipedia.org/wiki/Quackery,en.wikipedia.org,wikipedia_internal,7,Quackery,
CASE-0231,vaccine autism link,MMR vaccine and autism,wikipedia_article_links,https://en.wikipedia.org/wiki/Pseudoscience,en.wikipedia.org,wikipedia_internal,8,Pseudoscience,
CASE-0231,vaccine autism link,MMR vaccine and autism,wikipedia_article_links,https://en.wikipedia.org/wiki/Antiscience,en.wikipedia.org,wikipedia_internal,9,Antiscience,
CASE-0231,vaccine autism link,MMR vaccine and autism,wikipedia_article_links,https://en.wikipedia.org/wiki/Skepticism,en.wikipedia.org,wikipedia_internal,10,Skepticism,
CASE-0231,vaccine autism link,MMR vaccine and autism,wikipedia_article_links,https://en.wikipedia.org/wiki/Scientific_skepticism,en.wikipedia.org,wikipedia_internal,11,Scientific,
CASE-0231,vaccine autism link,MMR vaccine and autism,wikipedia_article_links,https://en.wikipedia.org/wiki/Therapeutic_nihilism,en.wikipedia.org,wikipedia_internal,12,Therapeutic nihilism,
CASE-0231,vaccine autism link,MMR vaccine and autism,wikipedia_article_links,https://en.wikipedia.org/wiki/Acupressure,en.wikipedia.org,wikipedia_internal,13,Acupressure,
CASE-0231,vaccine autism link,MMR vaccine and autism,wikipedia_article_links,https://en.wikipedia.org/wiki/Acupuncture,en.wikipedia.org,wikipedia_internal,14,Acupuncture,
CASE-0231,vaccine autism link,MMR vaccine and autism,wikipedia_article_links,https://en.wikipedia.org/wiki/Alkaline_diet,en.wikipedia.org,wikipedia_internal,15,Alkaline diet,
CASE-0231,vaccine autism link,MMR vaccine and autism,wikipedia_article_links,https://en.wikipedia.org/wiki/Anthroposophic_medicine,en.wikipedia.org,wikipedia_internal,16,Anthroposophic medicine,
CASE-0231,vaccine autism link,MMR vaccine and autism,wikipedia_article_links,https://en.wikipedia.org/wiki/Apitherapy,en.wikipedia.org,wikipedia_internal,17,Apitherapy,
CASE-0231,vaccine autism link,MMR vaccine and autism,wikipedia_article_links,https://en.wikipedia.org/wiki/Applied_kinesiology,en.wikipedia.org,wikipedia_internal,18,Applied kinesiology,
CASE-0231,vaccine autism link,MMR vaccine and autism,wikipedia_article_links,https://en.wikipedia.org/wiki/Aromatherapy,en.wikipedia.org,wikipedia_internal,19,Aromatherapy,
CASE-0231,vaccine autism link,MMR vaccine and autism,wikipedia_article_links,https://en.wikipedia.org/wiki/Association_for_Research_and_Enlightenment,en.wikipedia.org,wikipedia_internal,20,Association for Research and Enlightenment,
CASE-0232,Wakefield study fraud,Andrew Wakefield,wikipedia_search,https://en.wikipedia.org/wiki/Andrew_Wakefield,en.wikipedia.org,wikipedia_primary,1,Andrew Wakefield,
CASE-0232,Wakefield study fraud,Andrew Wakefield,wikipedia_article_links,https://en.wikipedia.org/wiki/Warsaw,en.wikipedia.org,wikipedia_internal,2,Warsaw,
CASE-0232,Wakefield study fraud,Andrew Wakefield,wikipedia_article_links,https://en.wikipedia.org/wiki/Canadian_Red_Cross_Memorial_Hospital,en.wikipedia.org,wikipedia_internal,3,Canadian Red Cross Memorial Hospital,
CASE-0232,Wakefield study fraud,Andrew Wakefield,wikipedia_article_links,https://en.wikipedia.org/wiki/Taplow,en.wikipedia.org,wikipedia_internal,4,Taplow,
CASE-0232,Wakefield study fraud,Andrew Wakefield,wikipedia_article_links,https://en.wikipedia.org/wiki/Buckinghamshire,en.wikipedia.org,wikipedia_internal,5,Buckinghamshire,
CASE-0232,Wakefield study fraud,Andrew Wakefield,wikipedia_article_links,"https://en.wikipedia.org/wiki/King_Edward%27s_School,_Bath",en.wikipedia.org,wikipedia_internal,6,"King Edward's School, Bath",
CASE-0232,Wakefield study fraud,Andrew Wakefield,wikipedia_article_links,https://en.wikipedia.org/wiki/St_Mary%27s_Hospital_Medical_School,en.wikipedia.org,wikipedia_internal,7,St Mary's Hospital Medical School,
CASE-0232,Wakefield study fraud,Andrew Wakefield,wikipedia_article_links,https://en.wikipedia.org/wiki/Physician,en.wikipedia.org,wikipedia_internal,8,physician,
CASE-0232,Wakefield study fraud,Andrew Wakefield,wikipedia_article_links,https://en.wikipedia.org/wiki/Lancet_MMR_autism_fraud,en.wikipedia.org,wikipedia_internal,9,Lancet MMR autism fraud,
CASE-0232,Wakefield study fraud,Andrew Wakefield,wikipedia_article_links,https://en.wikipedia.org/wiki/Elle_Macpherson,en.wikipedia.org,wikipedia_internal,10,Elle Macpherson,
CASE-0232,Wakefield study fraud,Andrew Wakefield,wikipedia_article_links,https://en.wikipedia.org/wiki/Alternative_medicine,en.wikipedia.org,wikipedia_internal,11,Alternative medicine,
CASE-0232,Wakefield study fraud,Andrew Wakefield,wikipedia_article_links,https://en.wikipedia.org/wiki/History_of_alternative_medicine,en.wikipedia.org,wikipedia_internal,12,History,
CASE-0232,Wakefield study fraud,Andrew Wakefield,wikipedia_article_links,https://en.wikipedia.org/wiki/Terminology_of_alternative_medicine,en.wikipedia.org,wikipedia_internal,13,Terminology,
CASE-0232,Wakefield study fraud,Andrew Wakefield,wikipedia_article_links,https://en.wikipedia.org/wiki/Alternative_veterinary_medicine,en.wikipedia.org,wikipedia_internal,14,Alternative veterinary medicine,
CASE-0232,Wakefield study fraud,Andrew Wakefield,wikipedia_article_links,https://en.wikipedia.org/wiki/Quackery,en.wikipedia.org,wikipedia_internal,15,Quackery,
CASE-0232,Wakefield study fraud,Andrew Wakefield,wikipedia_article_links,https://en.wikipedia.org/wiki/Pseudoscience,en.wikipedia.org,wikipedia_internal,16,Pseudoscience,
CASE-0232,Wakefield study fraud,Andrew Wakefield,wikipedia_article_links,https://en.wikipedia.org/wiki/Antiscience,en.wikipedia.org,wikipedia_internal,17,Antiscience,
CASE-0232,Wakefield study fraud,Andrew Wakefield,wikipedia_article_links,https://en.wikipedia.org/wiki/Skepticism,en.wikipedia.org,wikipedia_internal,18,Skepticism,
CASE-0232,Wakefield study fraud,Andrew Wakefield,wikipedia_article_links,https://en.wikipedia.org/wiki/Scientific_skepticism,en.wikipedia.org,wikipedia_internal,19,Scientific,
CASE-0232,Wakefield study fraud,Andrew Wakefield,wikipedia_article_links,https://en.wikipedia.org/wiki/Therapeutic_nihilism,en.wikipedia.org,wikipedia_internal,20,Therapeutic nihilism,
CASE-0233,thimerosal mercury vaccines,Thiomersal and vaccines,wikipedia_search,https://en.wikipedia.org/wiki/Thiomersal_and_vaccines,en.wikipedia.org,wikipedia_primary,1,Thiomersal and vaccines,
CASE-0233,thimerosal mercury vaccines,Thiomersal and vaccines,wikipedia_article_links,https://en.wikipedia.org/wiki/Thiomersal,en.wikipedia.org,wikipedia_internal,2,thiomersal,
CASE-0233,thimerosal mercury vaccines,Thiomersal and vaccines,wikipedia_article_links,https://en.wikipedia.org/wiki/Fearmongering,en.wikipedia.org,wikipedia_internal,3,fearmongering,
CASE-0233,thimerosal mercury vaccines,Thiomersal and vaccines,wikipedia_article_links,https://en.wikipedia.org/wiki/Neurological_disorder,en.wikipedia.org,wikipedia_internal,4,neurological disorders,
CASE-0233,thimerosal mercury vaccines,Thiomersal and vaccines,wikipedia_article_links,https://en.wikipedia.org/wiki/Autism,en.wikipedia.org,wikipedia_internal,5,autism,
CASE-0233,thimerosal mercury vaccines,Thiomersal and vaccines,wikipedia_article_links,https://en.wikipedia.org/wiki/Mercury_(element),en.wikipedia.org,wikipedia_internal,6,mercury,
CASE-0233,thimerosal mercury vaccines,Thiomersal and vaccines,wikipedia_article_links,https://en.wikipedia.org/wiki/Vaccine,en.wikipedia.org,wikipedia_internal,7,vaccines,
CASE-0233,thimerosal mercury vaccines,Thiomersal and vaccines,wikipedia_article_links,https://en.wikipedia.org/wiki/Anti-vaccination,en.wikipedia.org,wikipedia_internal,8,Anti-vaccination,
CASE-0233,thimerosal mercury vaccines,Thiomersal and vaccines,wikipedia_article_links,https://en.wikipedia.org/wiki/Vaccines_and_autism,en.wikipedia.org,wikipedia_internal,9,incorrect claim that vaccination causes autism,
CASE-0233,thimerosal mercury vaccines,Thiomersal and vaccines,wikipedia_article_links,https://en.wikipedia.org/wiki/Scientific_evidence,en.wikipedia.org,wikipedia_internal,10,scientific evidence,
CASE-0233,thimerosal mercury vaccines,Thiomersal and vaccines,wikipedia_article_links,https://en.wikipedia.org/wiki/Personal_injury_lawyer,en.wikipedia.org,wikipedia_internal,11,plaintiffs' lawyers,
CASE-0233,thimerosal mercury vaccines,Thiomersal and vaccines,wikipedia_article_links,https://en.wikipedia.org/wiki/Autism_spectrum,en.wikipedia.org,wikipedia_internal,12,autism,
CASE-0233,thimerosal mercury vaccines,Thiomersal and vaccines,wikipedia_article_links,https://en.wikipedia.org/wiki/Mercury_poisoning,en.wikipedia.org,wikipedia_internal,13,mercury poisoning,
CASE-0233,thimerosal mercury vaccines,Thiomersal and vaccines,wikipedia_article_links,https://en.wikipedia.org/wiki/Institute_of_Medicine,en.wikipedia.org,wikipedia_internal,14,Institute of Medicine,
CASE-0233,thimerosal mercury vaccines,Thiomersal and vaccines,wikipedia_article_links,https://en.wikipedia.org/wiki/World_Health_Organization,en.wikipedia.org,wikipedia_internal,15,World Health Organization,
CASE-0233,thimerosal mercury vaccines,Thiomersal and vaccines,wikipedia_article_links,https://en.wikipedia.org/wiki/Food_and_Drug_Administration,en.wikipedia.org,wikipedia_internal,16,Food and Drug Administration,
CASE-0233,thimerosal mercury vaccines,Thiomersal and vaccines,wikipedia_article_links,https://en.wikipedia.org/wiki/Centers_for_Disease_Control_and_Prevention,en.wikipedia.org,wikipedia_internal,17,Centers for Disease Control and Prevention,
CASE-0233,thimerosal mercury vaccines,Thiomersal and vaccines,wikipedia_article_links,https://en.wikipedia.org/wiki/Robert_F._Kennedy_Jr.,en.wikipedia.org,wikipedia_internal,18,Robert F. Kennedy Jr.,
CASE-0233,thimerosal mercury vaccines,Thiomersal and vaccines,wikipedia_article_links,https://en.wikipedia.org/wiki/Children%27s_Health_Defense,en.wikipedia.org,wikipedia_internal,19,Children's Health Defense,
CASE-0233,thimerosal mercury vaccines,Thiomersal and vaccines,wikipedia_article_links,https://en.wikipedia.org/wiki/Influenza_vaccine,en.wikipedia.org,wikipedia_internal,20,flu shots,
CASE-0234,SV40 contamination,Vaccine contamination with SV40,wikipedia_search,https://en.wikipedia.org/wiki/Vaccine_contamination_with_SV40,en.wikipedia.org,wikipedia_primary,1,Vaccine contamination with SV40,
CASE-0234,SV40 contamination,Vaccine contamination with SV40,wikipedia_article_links,https://en.wikipedia.org/wiki/Simian_vacuolating_virus_40,en.wikipedia.org,wikipedia_internal,2,simian vacuolating virus 40,
CASE-0234,SV40 contamination,Vaccine contamination with SV40,wikipedia_article_links,https://en.wikipedia.org/wiki/United_States,en.wikipedia.org,wikipedia_internal,3,United States,
CASE-0234,SV40 contamination,Vaccine contamination with SV40,wikipedia_article_links,https://en.wikipedia.org/wiki/Cancer,en.wikipedia.org,wikipedia_internal,4,cancer,
CASE-0234,SV40 contamination,Vaccine contamination with SV40,wikipedia_article_links,https://en.wikipedia.org/wiki/Oral_vaccination,en.wikipedia.org,wikipedia_internal,5,oral,
CASE-0234,SV40 contamination,Vaccine contamination with SV40,wikipedia_article_links,https://en.wikipedia.org/wiki/Polio_vaccine,en.wikipedia.org,wikipedia_internal,6,polio vaccine,
CASE-0234,SV40 contamination,Vaccine contamination with SV40,wikipedia_article_links,https://en.wikipedia.org/wiki/American_Cyanamid,en.wikipedia.org,wikipedia_internal,7,Lederle,
CASE-0234,SV40 contamination,Vaccine contamination with SV40,wikipedia_article_links,https://en.wikipedia.org/wiki/Wyeth,en.wikipedia.org,wikipedia_internal,8,Wyeth,
CASE-0234,SV40 contamination,Vaccine contamination with SV40,wikipedia_article_links,https://en.wikipedia.org/wiki/Substrate_(biology),en.wikipedia.org,wikipedia_internal,9,substrate,
CASE-0234,SV40 contamination,Vaccine contamination with SV40,wikipedia_article_links,https://en.wikipedia.org/wiki/Albert_Sabin,en.wikipedia.org,wikipedia_internal,10,Sabin,
CASE-0234,SV40 contamination,Vaccine contamination with SV40,wikipedia_article_links,https://en.wikipedia.org/wiki/Jonas_Salk,en.wikipedia.org,wikipedia_internal,11,Salk,
CASE-0234,SV40 contamination,Vaccine contamination with SV40,wikipedia_article_links,https://en.wikipedia.org/wiki/Inactivated_vaccine,en.wikipedia.org,wikipedia_internal,12,inactivate,
CASE-0234,SV40 contamination,Vaccine contamination with SV40,wikipedia_article_links,https://en.wikipedia.org/wiki/Formaldehyde,en.wikipedia.org,wikipedia_internal,13,formaldehyde,
CASE-0234,SV40 contamination,Vaccine contamination with SV40,wikipedia_article_links,https://en.wikipedia.org/wiki/Polymerase_chain_reaction,en.wikipedia.org,wikipedia_internal,14,polymerase chain reaction,
CASE-0234,SV40 contamination,Vaccine contamination with SV40,wikipedia_article_links,https://en.wikipedia.org/wiki/Herbert_Ratner,en.wikipedia.org,wikipedia_internal,15,Herbert Ratner,
CASE-0234,SV40 contamination,Vaccine contamination with SV40,wikipedia_article_links,"https://en.wikipedia.org/wiki/Oak_Park,_Illinois",en.wikipedia.org,wikipedia_internal,16,Oak Park,
CASE-0234,SV40 contamination,Vaccine contamination with SV40,wikipedia_article_links,https://en.wikipedia.org/wiki/Base_pair,en.wikipedia.org,wikipedia_internal,17,bp,
CASE-0234,SV40 contamination,Vaccine contamination with SV40,wikipedia_article_links,https://en.wikipedia.org/wiki/Antibodies,en.wikipedia.org,wikipedia_internal,18,antibodies,
CASE-0234,SV40 contamination,Vaccine contamination with SV40,wikipedia_article_links,https://en.wikipedia.org/wiki/Soviet_bloc,en.wikipedia.org,wikipedia_internal,19,Soviet bloc,
CASE-0234,SV40 contamination,Vaccine contamination with SV40,wikipedia_article_links,https://en.wikipedia.org/wiki/Bundaberg_tragedy,en.wikipedia.org,wikipedia_internal,20,Bundaberg tragedy,
CASE-0235,statin conspiracy,Age and health concerns about Donald Trump,wikipedia_search,https://en.wikipedia.org/wiki/Age_and_health_concerns_about_Donald_Trump,en.wikipedia.org,wikipedia_primary,1,Age and health concerns about Donald Trump,
CASE-0235,statin conspiracy,Age and health concerns about Donald Trump,wikipedia_article_links,https://en.wikipedia.org/wiki/Ipsos,en.wikipedia.org,wikipedia_internal,2,Ipsos,
CASE-0235,statin conspiracy,Age and health concerns about Donald Trump,wikipedia_article_links,https://en.wikipedia.org/wiki/Donald_Trump,en.wikipedia.org,wikipedia_internal,3,Donald Trump,
CASE-0235,statin conspiracy,Age and health concerns about Donald Trump,wikipedia_article_links,https://en.wikipedia.org/wiki/Business_career_of_Donald_Trump,en.wikipedia.org,wikipedia_internal,4,Business career,
CASE-0235,statin conspiracy,Age and health concerns about Donald Trump,wikipedia_article_links,https://en.wikipedia.org/wiki/The_Trump_Organization,en.wikipedia.org,wikipedia_internal,5,The Trump Organization,
CASE-0235,statin conspiracy,Age and health concerns about Donald Trump,wikipedia_article_links,https://en.wikipedia.org/wiki/Wealth_of_Donald_Trump,en.wikipedia.org,wikipedia_internal,6,wealth,
CASE-0235,statin conspiracy,Age and health concerns about Donald Trump,wikipedia_article_links,https://en.wikipedia.org/wiki/Tax_returns_of_Donald_Trump,en.wikipedia.org,wikipedia_internal,7,tax returns,
CASE-0235,statin conspiracy,Age and health concerns about Donald Trump,wikipedia_article_links,https://en.wikipedia.org/wiki/Media_career_of_Donald_Trump,en.wikipedia.org,wikipedia_internal,8,Media career,
CASE-0235,statin conspiracy,Age and health concerns about Donald Trump,wikipedia_article_links,https://en.wikipedia.org/wiki/The_Apprentice_(American_TV_series),en.wikipedia.org,wikipedia_internal,9,The Apprentice,
CASE-0235,statin conspiracy,Age and health concerns about Donald Trump,wikipedia_article_links,https://en.wikipedia.org/wiki/Bibliography_of_Donald_Trump,en.wikipedia.org,wikipedia_internal,10,bibliography,
CASE-0235,statin conspiracy,Age and health concerns about Donald Trump,wikipedia_article_links,https://en.wikipedia.org/wiki/Donald_Trump_filmography,en.wikipedia.org,wikipedia_internal,11,filmography,
CASE-0235,statin conspiracy,Age and health concerns about Donald Trump,wikipedia_article_links,https://en.wikipedia.org/wiki/Family_of_Donald_Trump,en.wikipedia.org,wikipedia_internal,12,Family,
CASE-0235,statin conspiracy,Age and health concerns about Donald Trump,wikipedia_article_links,https://en.wikipedia.org/wiki/Donald_J._Trump_Foundation,en.wikipedia.org,wikipedia_internal,13,Foundation,
CASE-0235,statin conspiracy,Age and health concerns about Donald Trump,wikipedia_article_links,https://en.wikipedia.org/wiki/Public_image_of_Donald_Trump,en.wikipedia.org,wikipedia_internal,14,Public image,
CASE-0235,statin conspiracy,Age and health concerns about Donald Trump,wikipedia_article_links,https://en.wikipedia.org/wiki/Donald_Trump_in_popular_culture,en.wikipedia.org,wikipedia_internal,15,In popular culture,
CASE-0235,statin conspiracy,Age and health concerns about Donald Trump,wikipedia_article_links,https://en.wikipedia.org/wiki/List_of_things_named_after_Donald_Trump,en.wikipedia.org,wikipedia_internal,16,Eponyms,
CASE-0235,statin conspiracy,Age and health concerns about Donald Trump,wikipedia_article_links,https://en.wikipedia.org/wiki/Pseudonyms_used_by_Donald_Trump,en.wikipedia.org,wikipedia_internal,17,Pseudonyms,
CASE-0235,statin conspiracy,Age and health concerns about Donald Trump,wikipedia_article_links,https://en.wikipedia.org/wiki/Saturday_Night_Live_parodies_of_Donald_Trump,en.wikipedia.org,wikipedia_internal,18,SNL parodies,
CASE-0235,statin conspiracy,Age and health concerns about Donald Trump,wikipedia_article_links,https://en.wikipedia.org/wiki/Residences_of_Donald_Trump,en.wikipedia.org,wikipedia_internal,19,Residences,
CASE-0235,statin conspiracy,Age and health concerns about Donald Trump,wikipedia_article_links,https://en.wikipedia.org/wiki/Donald_Trump_and_American_football,en.wikipedia.org,wikipedia_internal,20,American football,
CASE-0236,mammography screening conspiracy,Christiane Northrup,wikipedia_search,https://en.wikipedia.org/wiki/Christiane_Northrup,en.wikipedia.org,wikipedia_primary,1,Christiane Northrup,
CASE-0236,mammography screening conspiracy,Christiane Northrup,wikipedia_article_links,https://en.wikipedia.org/wiki/Geisel_School_of_Medicine,en.wikipedia.org,wikipedia_internal,2,Geisel School of Medicine,
CASE-0236,mammography screening conspiracy,Christiane Northrup,wikipedia_article_links,https://en.wikipedia.org/wiki/Alternative_medicine,en.wikipedia.org,wikipedia_internal,3,Alternative medicine,
CASE-0236,mammography screening conspiracy,Christiane Northrup,wikipedia_article_links,https://en.wikipedia.org/wiki/History_of_alternative_medicine,en.wikipedia.org,wikipedia_internal,4,History,
CASE-0236,mammography screening conspiracy,Christiane Northrup,wikipedia_article_links,https://en.wikipedia.org/wiki/Terminology_of_alternative_medicine,en.wikipedia.org,wikipedia_internal,5,Terminology,
CASE-0236,mammography screening conspiracy,Christiane Northrup,wikipedia_article_links,https://en.wikipedia.org/wiki/Alternative_veterinary_medicine,en.wikipedia.org,wikipedia_internal,6,Alternative veterinary medicine,
CASE-0236,mammography screening conspiracy,Christiane Northrup,wikipedia_article_links,https://en.wikipedia.org/wiki/Quackery,en.wikipedia.org,wikipedia_internal,7,Quackery,
CASE-0236,mammography screening conspiracy,Christiane Northrup,wikipedia_article_links,https://en.wikipedia.org/wiki/Pseudoscience,en.wikipedia.org,wikipedia_internal,8,Pseudoscience,
CASE-0236,mammography screening conspiracy,Christiane Northrup,wikipedia_article_links,https://en.wikipedia.org/wiki/Antiscience,en.wikipedia.org,wikipedia_internal,9,Antiscience,
CASE-0236,mammography screening conspiracy,Christiane Northrup,wikipedia_article_links,https://en.wikipedia.org/wiki/Skepticism,en.wikipedia.org,wikipedia_internal,10,Skepticism,
CASE-0236,mammography screening conspiracy,Christiane Northrup,wikipedia_article_links,https://en.wikipedia.org/wiki/Scientific_skepticism,en.wikipedia.org,wikipedia_internal,11,Scientific,
CASE-0236,mammography screening conspiracy,Christiane Northrup,wikipedia_article_links,https://en.wikipedia.org/wiki/Therapeutic_nihilism,en.wikipedia.org,wikipedia_internal,12,Therapeutic nihilism,
CASE-0236,mammography screening conspiracy,Christiane Northrup,wikipedia_article_links,https://en.wikipedia.org/wiki/Acupressure,en.wikipedia.org,wikipedia_internal,13,Acupressure,
CASE-0236,mammography screening conspiracy,Christiane Northrup,wikipedia_article_links,https://en.wikipedia.org/wiki/Acupuncture,en.wikipedia.org,wikipedia_internal,14,Acupuncture,
CASE-0236,mammography screening conspiracy,Christiane Northrup,wikipedia_article_links,https://en.wikipedia.org/wiki/Alkaline_diet,en.wikipedia.org,wikipedia_internal,15,Alkaline diet,
CASE-0236,mammography screening conspiracy,Christiane Northrup,wikipedia_article_links,https://en.wikipedia.org/wiki/Anthroposophic_medicine,en.wikipedia.org,wikipedia_internal,16,Anthroposophic medicine,
CASE-0236,mammography screening conspiracy,Christiane Northrup,wikipedia_article_links,https://en.wikipedia.org/wiki/Apitherapy,en.wikipedia.org,wikipedia_internal,17,Apitherapy,
CASE-0236,mammography screening conspiracy,Christiane Northrup,wikipedia_article_links,https://en.wikipedia.org/wiki/Applied_kinesiology,en.wikipedia.org,wikipedia_internal,18,Applied kinesiology,
CASE-0236,mammography screening conspiracy,Christiane Northrup,wikipedia_article_links,https://en.wikipedia.org/wiki/Aromatherapy,en.wikipedia.org,wikipedia_internal,19,Aromatherapy,
CASE-0236,mammography screening conspiracy,Christiane Northrup,wikipedia_article_links,https://en.wikipedia.org/wiki/Association_for_Research_and_Enlightenment,en.wikipedia.org,wikipedia_internal,20,Association for Research and Enlightenment,
CASE-0237,psychiatry conspiracy,Conspiracy theory,wikipedia_search,https://en.wikipedia.org/wiki/Conspiracy_theory,en.wikipedia.org,wikipedia_primary,1,Conspiracy theory,
CASE-0237,psychiatry conspiracy,Conspiracy theory,wikipedia_article_links,https://en.wikipedia.org/wiki/Conspiracy_theory_(disambiguation),en.wikipedia.org,wikipedia_internal,2,Conspiracy theory (disambiguation),
CASE-0237,psychiatry conspiracy,Conspiracy theory,wikipedia_article_links,https://en.wikipedia.org/wiki/Eye_of_Providence,en.wikipedia.org,wikipedia_internal,3,Eye of Providence,
CASE-0237,psychiatry conspiracy,Conspiracy theory,wikipedia_article_links,https://en.wikipedia.org/wiki/Founding_Fathers_of_the_United_States,en.wikipedia.org,wikipedia_internal,4,Founding Fathers of the United States,
CASE-0237,psychiatry conspiracy,Conspiracy theory,wikipedia_article_links,https://en.wikipedia.org/wiki/New_World_Order_conspiracy_theory,en.wikipedia.org,wikipedia_internal,5,New World Order conspiracy theory,
CASE-0237,psychiatry conspiracy,Conspiracy theory,wikipedia_article_links,https://en.wikipedia.org/wiki/Conspiracy,en.wikipedia.org,wikipedia_internal,6,conspiracy,
CASE-0237,psychiatry conspiracy,Conspiracy theory,wikipedia_article_links,https://en.wikipedia.org/wiki/Connotation,en.wikipedia.org,wikipedia_internal,7,connotation,
CASE-0237,psychiatry conspiracy,Conspiracy theory,wikipedia_article_links,https://en.wikipedia.org/wiki/Prejudice,en.wikipedia.org,wikipedia_internal,8,prejudice,
CASE-0237,psychiatry conspiracy,Conspiracy theory,wikipedia_article_links,https://en.wikipedia.org/wiki/Paranoia,en.wikipedia.org,wikipedia_internal,9,paranoia,
CASE-0237,psychiatry conspiracy,Conspiracy theory,wikipedia_article_links,https://en.wikipedia.org/wiki/Scientist,en.wikipedia.org,wikipedia_internal,10,scientists,
CASE-0237,psychiatry conspiracy,Conspiracy theory,wikipedia_article_links,https://en.wikipedia.org/wiki/Historian,en.wikipedia.org,wikipedia_internal,11,historians,
CASE-0237,psychiatry conspiracy,Conspiracy theory,wikipedia_article_links,https://en.wikipedia.org/wiki/Lay_theory,en.wikipedia.org,wikipedia_internal,12,lay theories,
CASE-0237,psychiatry conspiracy,Conspiracy theory,wikipedia_article_links,https://en.wikipedia.org/wiki/Falsifiability,en.wikipedia.org,wikipedia_internal,13,falsification,
CASE-0237,psychiatry conspiracy,Conspiracy theory,wikipedia_article_links,https://en.wikipedia.org/wiki/Circular_reasoning,en.wikipedia.org,wikipedia_internal,14,circular reasoning,
CASE-0237,psychiatry conspiracy,Conspiracy theory,wikipedia_article_links,https://en.wikipedia.org/wiki/Stephan_Lewandowsky,en.wikipedia.org,wikipedia_internal,15,Stephan Lewandowsky,
CASE-0237,psychiatry conspiracy,Conspiracy theory,wikipedia_article_links,https://en.wikipedia.org/wiki/Anti-authority,en.wikipedia.org,wikipedia_internal,16,distrust of authority,
CASE-0237,psychiatry conspiracy,Conspiracy theory,wikipedia_article_links,https://en.wikipedia.org/wiki/Cynicism_(contemporary),en.wikipedia.org,wikipedia_internal,17,cynicism,
CASE-0237,psychiatry conspiracy,Conspiracy theory,wikipedia_article_links,https://en.wikipedia.org/wiki/Psychological_projection,en.wikipedia.org,wikipedia_internal,18,psychological projection,
CASE-0237,psychiatry conspiracy,Conspiracy theory,wikipedia_article_links,https://en.wikipedia.org/wiki/Machiavellianism_(psychology),en.wikipedia.org,wikipedia_internal,19,Machiavellianism,
CASE-0237,psychiatry conspiracy,Conspiracy theory,wikipedia_article_links,https://en.wikipedia.org/wiki/Schizotypy,en.wikipedia.org,wikipedia_internal,20,schizotypy,
CASE-0238,SSRI school shootings,Annunciation Catholic Church shooting,wikipedia_search,https://en.wikipedia.org/wiki/Annunciation_Catholic_Church_shooting,en.wikipedia.org,wikipedia_primary,1,Annunciation Catholic Church shooting,
CASE-0238,SSRI school shootings,Annunciation Catholic Church shooting,wikipedia_article_links,https://en.wikipedia.org/wiki/Church_of_the_Annunciation_(Minneapolis),en.wikipedia.org,wikipedia_internal,2,Church of the Annunciation,
CASE-0238,SSRI school shootings,Annunciation Catholic Church shooting,wikipedia_article_links,https://en.wikipedia.org/wiki/Central_Time_Zone,en.wikipedia.org,wikipedia_internal,3,CDT,
CASE-0238,SSRI school shootings,Annunciation Catholic Church shooting,wikipedia_article_links,https://en.wikipedia.org/wiki/Mass_shooting,en.wikipedia.org,wikipedia_internal,4,Mass shooting,
CASE-0238,SSRI school shootings,Annunciation Catholic Church shooting,wikipedia_article_links,https://en.wikipedia.org/wiki/Murder-suicide,en.wikipedia.org,wikipedia_internal,5,murder-suicide,
CASE-0238,SSRI school shootings,Annunciation Catholic Church shooting,wikipedia_article_links,https://en.wikipedia.org/wiki/Hate_crime,en.wikipedia.org,wikipedia_internal,6,hate crime,
CASE-0238,SSRI school shootings,Annunciation Catholic Church shooting,wikipedia_article_links,https://en.wikipedia.org/wiki/School_shooting,en.wikipedia.org,wikipedia_internal,7,school shooting,
CASE-0238,SSRI school shootings,Annunciation Catholic Church shooting,wikipedia_article_links,https://en.wikipedia.org/wiki/Domestic_terrorism_in_the_United_States,en.wikipedia.org,wikipedia_internal,8,domestic terrorism,
CASE-0238,SSRI school shootings,Annunciation Catholic Church shooting,wikipedia_article_links,https://en.wikipedia.org/wiki/Pedicide,en.wikipedia.org,wikipedia_internal,9,pedicide,
CASE-0238,SSRI school shootings,Annunciation Catholic Church shooting,wikipedia_article_links,https://en.wikipedia.org/wiki/5.56%C3%9745mm_NATO,en.wikipedia.org,wikipedia_internal,10,5.56,
CASE-0238,SSRI school shootings,Annunciation Catholic Church shooting,wikipedia_article_links,https://en.wikipedia.org/wiki/AR-15-style_rifle,en.wikipedia.org,wikipedia_internal,11,AR-15-style,
CASE-0238,SSRI school shootings,Annunciation Catholic Church shooting,wikipedia_article_links,https://en.wikipedia.org/wiki/Gauge_(firearms),en.wikipedia.org,wikipedia_internal,12,12-gauge,
CASE-0238,SSRI school shootings,Annunciation Catholic Church shooting,wikipedia_article_links,https://en.wikipedia.org/wiki/Mossberg_500#Mossberg_Shockwave,en.wikipedia.org,wikipedia_internal,13,Mossberg 590S Shockwave,
CASE-0238,SSRI school shootings,Annunciation Catholic Church shooting,wikipedia_article_links,https://en.wikipedia.org/wiki/9%C3%9719mm_Parabellum,en.wikipedia.org,wikipedia_internal,14,9mm,
CASE-0238,SSRI school shootings,Annunciation Catholic Church shooting,wikipedia_article_links,https://en.wikipedia.org/wiki/Taurus_Armas,en.wikipedia.org,wikipedia_internal,15,Taurus,
CASE-0238,SSRI school shootings,Annunciation Catholic Church shooting,wikipedia_article_links,"https://en.wikipedia.org/wiki/Windom,_Minneapolis",en.wikipedia.org,wikipedia_internal,16,Windom,
CASE-0238,SSRI school shootings,Annunciation Catholic Church shooting,wikipedia_article_links,https://en.wikipedia.org/wiki/Minneapolis,en.wikipedia.org,wikipedia_internal,17,Minneapolis,
CASE-0238,SSRI school shootings,Annunciation Catholic Church shooting,wikipedia_article_links,https://en.wikipedia.org/wiki/Mass_in_the_Catholic_Church,en.wikipedia.org,wikipedia_internal,18,Mass,
CASE-0238,SSRI school shootings,Annunciation Catholic Church shooting,wikipedia_article_links,https://en.wikipedia.org/wiki/Catholic_School,en.wikipedia.org,wikipedia_internal,19,Catholic School,
CASE-0238,SSRI school shootings,Annunciation Catholic Church shooting,wikipedia_article_links,https://en.wikipedia.org/wiki/Parochial_school,en.wikipedia.org,wikipedia_internal,20,parochial school,
CASE-0239,MSG conspiracy,Gurmeet Ram Rahim Singh,wikipedia_search,https://en.wikipedia.org/wiki/Gurmeet_Ram_Rahim_Singh,en.wikipedia.org,wikipedia_primary,1,Gurmeet Ram Rahim Singh,
CASE-0239,MSG conspiracy,Gurmeet Ram Rahim Singh,wikipedia_article_links,https://en.wikipedia.org/wiki/Sri_Gurusar_Modia,en.wikipedia.org,wikipedia_internal,2,Sri Gurusar Modia,
CASE-0239,MSG conspiracy,Gurmeet Ram Rahim Singh,wikipedia_article_links,https://en.wikipedia.org/wiki/Sri_Ganganagar,en.wikipedia.org,wikipedia_internal,3,Sri Ganganagar,
CASE-0239,MSG conspiracy,Gurmeet Ram Rahim Singh,wikipedia_article_links,https://en.wikipedia.org/wiki/Rajasthan,en.wikipedia.org,wikipedia_internal,4,Rajasthan,
CASE-0239,MSG conspiracy,Gurmeet Ram Rahim Singh,wikipedia_article_links,https://en.wikipedia.org/wiki/Dera_Sacha_Sauda,en.wikipedia.org,wikipedia_internal,5,Dera Sacha Sauda,
CASE-0239,MSG conspiracy,Gurmeet Ram Rahim Singh,wikipedia_article_links,https://en.wikipedia.org/wiki/Conviction,en.wikipedia.org,wikipedia_internal,6,Conviction,
CASE-0239,MSG conspiracy,Gurmeet Ram Rahim Singh,wikipedia_article_links,https://en.wikipedia.org/wiki/Castration,en.wikipedia.org,wikipedia_internal,7,Castration,
CASE-0239,MSG conspiracy,Gurmeet Ram Rahim Singh,wikipedia_article_links,https://en.wikipedia.org/wiki/The_Indian_Express,en.wikipedia.org,wikipedia_internal,8,The Indian Express,
CASE-0239,MSG conspiracy,Gurmeet Ram Rahim Singh,wikipedia_article_links,https://en.wikipedia.org/wiki/Propaganda_film,en.wikipedia.org,wikipedia_internal,9,propaganda,
CASE-0239,MSG conspiracy,Gurmeet Ram Rahim Singh,wikipedia_article_links,https://en.wikipedia.org/wiki/Central_Bureau_of_Investigation,en.wikipedia.org,wikipedia_internal,10,Central Bureau of Investigation,
CASE-0239,MSG conspiracy,Gurmeet Ram Rahim Singh,wikipedia_article_links,https://en.wikipedia.org/wiki/2017_Northern_India_riots,en.wikipedia.org,wikipedia_internal,11,widespread violence,
CASE-0239,MSG conspiracy,Gurmeet Ram Rahim Singh,wikipedia_article_links,https://en.wikipedia.org/wiki/Murder_of_Ram_Chander_Chhatrapati,en.wikipedia.org,wikipedia_internal,12,Ram Chander Chhatrapati,
CASE-0239,MSG conspiracy,Gurmeet Ram Rahim Singh,wikipedia_article_links,https://en.wikipedia.org/wiki/Punjab_and_Haryana_High_Court,en.wikipedia.org,wikipedia_internal,13,Punjab and Haryana High Court,
CASE-0239,MSG conspiracy,Gurmeet Ram Rahim Singh,wikipedia_article_links,https://en.wikipedia.org/wiki/Ganganagar_district,en.wikipedia.org,wikipedia_internal,14,Ganganagar district,
CASE-0239,MSG conspiracy,Gurmeet Ram Rahim Singh,wikipedia_article_links,https://en.wikipedia.org/wiki/Sikhs,en.wikipedia.org,wikipedia_internal,15,Sikh,
CASE-0239,MSG conspiracy,Gurmeet Ram Rahim Singh,wikipedia_article_links,https://en.wikipedia.org/wiki/Shah_Satnam_Singh,en.wikipedia.org,wikipedia_internal,16,Shah Satnam Singh,
CASE-0239,MSG conspiracy,Gurmeet Ram Rahim Singh,wikipedia_article_links,https://en.wikipedia.org/wiki/Tractor,en.wikipedia.org,wikipedia_internal,17,tractor,
CASE-0239,MSG conspiracy,Gurmeet Ram Rahim Singh,wikipedia_article_links,https://en.wikipedia.org/wiki/Union_Home_Minister,en.wikipedia.org,wikipedia_internal,18,Union Home Minister,
CASE-0239,MSG conspiracy,Gurmeet Ram Rahim Singh,wikipedia_article_links,https://en.wikipedia.org/wiki/National_Human_Rights_Commission_of_India,en.wikipedia.org,wikipedia_internal,19,NHRC,
CASE-0239,MSG conspiracy,Gurmeet Ram Rahim Singh,wikipedia_article_links,https://en.wikipedia.org/wiki/Ram_Chander_Chhatrapati,en.wikipedia.org,wikipedia_internal,20,Ram Chander Chhatrapati,
CASE-0240,seed oil conspiracy,Seed oil misinformation,wikipedia_search,https://en.wikipedia.org/wiki/Seed_oil_misinformation,en.wikipedia.org,wikipedia_primary,1,Seed oil misinformation,
CASE-0240,seed oil conspiracy,Seed oil misinformation,wikipedia_article_links,https://en.wikipedia.org/wiki/Vegetable_oil,en.wikipedia.org,wikipedia_internal,2,vegetable oils,
CASE-0240,seed oil conspiracy,Seed oil misinformation,wikipedia_article_links,https://en.wikipedia.org/wiki/Joe_Rogan,en.wikipedia.org,wikipedia_internal,3,Joe Rogan,
CASE-0240,seed oil conspiracy,Seed oil misinformation,wikipedia_article_links,https://en.wikipedia.org/wiki/Fad_diet,en.wikipedia.org,wikipedia_internal,4,fad diet,
CASE-0240,seed oil conspiracy,Seed oil misinformation,wikipedia_article_links,https://en.wikipedia.org/wiki/Paul_Saladino,en.wikipedia.org,wikipedia_internal,5,Paul Saladino,
CASE-0240,seed oil conspiracy,Seed oil misinformation,wikipedia_article_links,https://en.wikipedia.org/wiki/Carnivore_diet,en.wikipedia.org,wikipedia_internal,6,carnivore diet,
CASE-0240,seed oil conspiracy,Seed oil misinformation,wikipedia_article_links,https://en.wikipedia.org/wiki/Diseases_of_affluence,en.wikipedia.org,wikipedia_internal,7,diseases of affluence,
CASE-0240,seed oil conspiracy,Seed oil misinformation,wikipedia_article_links,https://en.wikipedia.org/wiki/Heart_disease,en.wikipedia.org,wikipedia_internal,8,heart disease,
CASE-0240,seed oil conspiracy,Seed oil misinformation,wikipedia_article_links,https://en.wikipedia.org/wiki/Cancer,en.wikipedia.org,wikipedia_internal,9,cancer,
CASE-0240,seed oil conspiracy,Seed oil misinformation,wikipedia_article_links,https://en.wikipedia.org/wiki/Type_2_diabetes,en.wikipedia.org,wikipedia_internal,10,diabetes,
CASE-0240,seed oil conspiracy,Seed oil misinformation,wikipedia_article_links,https://en.wikipedia.org/wiki/Liver_spot,en.wikipedia.org,wikipedia_internal,11,liver spots,
CASE-0240,seed oil conspiracy,Seed oil misinformation,wikipedia_article_links,https://en.wikipedia.org/wiki/Political_right,en.wikipedia.org,wikipedia_internal,12,political right,
CASE-0240,seed oil conspiracy,Seed oil misinformation,wikipedia_article_links,https://en.wikipedia.org/wiki/Rapeseed_oil,en.wikipedia.org,wikipedia_internal,13,canola,
CASE-0240,seed oil conspiracy,Seed oil misinformation,wikipedia_article_links,https://en.wikipedia.org/wiki/Corn_oil,en.wikipedia.org,wikipedia_internal,14,corn,
CASE-0240,seed oil conspiracy,Seed oil misinformation,wikipedia_article_links,https://en.wikipedia.org/wiki/Cottonseed_oil,en.wikipedia.org,wikipedia_internal,15,cottonseed,
CASE-0240,seed oil conspiracy,Seed oil misinformation,wikipedia_article_links,https://en.wikipedia.org/wiki/Soybean_oil,en.wikipedia.org,wikipedia_internal,16,soybean,
CASE-0240,seed oil conspiracy,Seed oil misinformation,wikipedia_article_links,https://en.wikipedia.org/wiki/Sunflower_oil,en.wikipedia.org,wikipedia_internal,17,sunflower,
CASE-0240,seed oil conspiracy,Seed oil misinformation,wikipedia_article_links,https://en.wikipedia.org/wiki/Safflower_oil,en.wikipedia.org,wikipedia_internal,18,safflower,
CASE-0240,seed oil conspiracy,Seed oil misinformation,wikipedia_article_links,https://en.wikipedia.org/wiki/Grape_seed_oil,en.wikipedia.org,wikipedia_internal,19,grapeseed,
CASE-0240,seed oil conspiracy,Seed oil misinformation,wikipedia_article_links,https://en.wikipedia.org/wiki/Rice_bran_oil,en.wikipedia.org,wikipedia_internal,20,rice bran,
CASE-0241,sugar industry cover up,Sugar industry in the United States,wikipedia_search,https://en.wikipedia.org/wiki/Sugar_industry_in_the_United_States,en.wikipedia.org,wikipedia_primary,1,Sugar industry in the United States,
CASE-0241,sugar industry cover up,Sugar industry in the United States,wikipedia_article_links,https://en.wikipedia.org/wiki/Sugarcane,en.wikipedia.org,wikipedia_internal,2,sugarcane,
CASE-0241,sugar industry cover up,Sugar industry in the United States,wikipedia_article_links,https://en.wikipedia.org/wiki/Sugar_beet,en.wikipedia.org,wikipedia_internal,3,sugar beets,
CASE-0241,sugar industry cover up,Sugar industry in the United States,wikipedia_article_links,https://en.wikipedia.org/wiki/Sugar_refinery,en.wikipedia.org,wikipedia_internal,4,sugar refineries,
CASE-0241,sugar industry cover up,Sugar industry in the United States,wikipedia_article_links,https://en.wikipedia.org/wiki/United_States,en.wikipedia.org,wikipedia_internal,5,United States,
CASE-0241,sugar industry cover up,Sugar industry in the United States,wikipedia_article_links,https://en.wikipedia.org/wiki/High-fructose_corn_syrup,en.wikipedia.org,wikipedia_internal,6,high-fructose corn syrup,
CASE-0241,sugar industry cover up,Sugar industry in the United States,wikipedia_article_links,https://en.wikipedia.org/wiki/Added_sugar,en.wikipedia.org,wikipedia_internal,7,added sugars,
CASE-0241,sugar industry cover up,Sugar industry in the United States,wikipedia_article_links,https://en.wikipedia.org/wiki/Sweetened_beverage,en.wikipedia.org,wikipedia_internal,8,beverages,
CASE-0241,sugar industry cover up,Sugar industry in the United States,wikipedia_article_links,https://en.wikipedia.org/wiki/Louisiana,en.wikipedia.org,wikipedia_internal,9,Louisiana,
CASE-0241,sugar industry cover up,Sugar industry in the United States,wikipedia_article_links,https://en.wikipedia.org/wiki/Annexation_of_Hawaii,en.wikipedia.org,wikipedia_internal,10,annexation of Hawaii,
CASE-0241,sugar industry cover up,Sugar industry in the United States,wikipedia_article_links,https://en.wikipedia.org/wiki/Sugar_Association,en.wikipedia.org,wikipedia_internal,11,Sugar Association,
CASE-0241,sugar industry cover up,Sugar industry in the United States,wikipedia_article_links,https://en.wikipedia.org/wiki/Trade_association,en.wikipedia.org,wikipedia_internal,12,trade association,
CASE-0241,sugar industry cover up,Sugar industry in the United States,wikipedia_article_links,https://en.wikipedia.org/wiki/Sugar_industry,en.wikipedia.org,wikipedia_internal,13,sugar industry,
CASE-0241,sugar industry cover up,Sugar industry in the United States,wikipedia_article_links,https://en.wikipedia.org/wiki/Sugar_marketing,en.wikipedia.org,wikipedia_internal,14,Sugar marketing,
CASE-0241,sugar industry cover up,Sugar industry in the United States,wikipedia_article_links,https://en.wikipedia.org/wiki/Sugar_plantations_in_the_Caribbean,en.wikipedia.org,wikipedia_internal,15,Caribbean sugarcane,
CASE-0241,sugar industry cover up,Sugar industry in the United States,wikipedia_article_links,https://en.wikipedia.org/wiki/New_York_City,en.wikipedia.org,wikipedia_internal,16,New York City,
CASE-0241,sugar industry cover up,Sugar industry in the United States,wikipedia_article_links,https://en.wikipedia.org/wiki/History_of_slavery_in_Louisiana,en.wikipedia.org,wikipedia_internal,17,History of slavery in Louisiana,
CASE-0241,sugar industry cover up,Sugar industry in the United States,wikipedia_article_links,https://en.wikipedia.org/wiki/1811_German_Coast_uprising,en.wikipedia.org,wikipedia_internal,18,1811 German Coast uprising,
CASE-0241,sugar industry cover up,Sugar industry in the United States,wikipedia_article_links,https://en.wikipedia.org/wiki/Thibodaux_massacre,en.wikipedia.org,wikipedia_internal,19,Thibodaux massacre,
CASE-0241,sugar industry cover up,Sugar industry in the United States,wikipedia_article_links,https://en.wikipedia.org/wiki/Agriculture_in_Louisiana,en.wikipedia.org,wikipedia_internal,20,Agriculture in Louisiana,
CASE-0242,tobacco science playbook,Tobacco industry playbook,wikipedia_search,https://en.wikipedia.org/wiki/Tobacco_industry_playbook,en.wikipedia.org,wikipedia_primary,1,Tobacco industry playbook,
CASE-0242,tobacco science playbook,Tobacco industry playbook,wikipedia_article_links,https://en.wikipedia.org/wiki/Tobacco_lobbyists,en.wikipedia.org,wikipedia_internal,2,tobacco industry lobbyists,
CASE-0242,tobacco science playbook,Tobacco industry playbook,wikipedia_article_links,https://en.wikipedia.org/wiki/Kartika_Liotard,en.wikipedia.org,wikipedia_internal,3,Kartika Liotard,
CASE-0242,tobacco science playbook,Tobacco industry playbook,wikipedia_article_links,https://en.wikipedia.org/wiki/Public_relations,en.wikipedia.org,wikipedia_internal,4,public relations,
CASE-0242,tobacco science playbook,Tobacco industry playbook,wikipedia_article_links,https://en.wikipedia.org/wiki/Tobacco_industry,en.wikipedia.org,wikipedia_internal,5,tobacco industry,
CASE-0242,tobacco science playbook,Tobacco industry playbook,wikipedia_article_links,https://en.wikipedia.org/wiki/Tetraethyllead,en.wikipedia.org,wikipedia_internal,6,tetraethyllead,
CASE-0242,tobacco science playbook,Tobacco industry playbook,wikipedia_article_links,https://en.wikipedia.org/wiki/Gasoline,en.wikipedia.org,wikipedia_internal,7,gasoline,
CASE-0242,tobacco science playbook,Tobacco industry playbook,wikipedia_article_links,https://en.wikipedia.org/wiki/Fossil_fuel_industry,en.wikipedia.org,wikipedia_internal,8,fossil fuel industry,
CASE-0242,tobacco science playbook,Tobacco industry playbook,wikipedia_article_links,https://en.wikipedia.org/wiki/Tobacco_Master_Settlement_Agreement,en.wikipedia.org,wikipedia_internal,9,Tobacco Master Settlement Agreement,
CASE-0242,tobacco science playbook,Tobacco industry playbook,wikipedia_article_links,https://en.wikipedia.org/wiki/Truth_Tobacco_Industry_Documents,en.wikipedia.org,wikipedia_internal,10,Truth Tobacco Industry Documents,
CASE-0242,tobacco science playbook,Tobacco industry playbook,wikipedia_article_links,https://en.wikipedia.org/wiki/R._J._Reynolds_Tobacco_Company,en.wikipedia.org,wikipedia_internal,11,R. J. Reynolds,
CASE-0242,tobacco science playbook,Tobacco industry playbook,wikipedia_article_links,https://en.wikipedia.org/wiki/Merchants_of_Doubt,en.wikipedia.org,wikipedia_internal,12,Merchants of Doubt,
CASE-0242,tobacco science playbook,Tobacco industry playbook,wikipedia_article_links,https://en.wikipedia.org/wiki/Naomi_Oreskes,en.wikipedia.org,wikipedia_internal,13,Naomi Oreskes,
CASE-0242,tobacco science playbook,Tobacco industry playbook,wikipedia_article_links,https://en.wikipedia.org/wiki/Scientific_evidence,en.wikipedia.org,wikipedia_internal,14,scientific evidence,
CASE-0242,tobacco science playbook,Tobacco industry playbook,wikipedia_article_links,https://en.wikipedia.org/wiki/Climate_change_denialism,en.wikipedia.org,wikipedia_internal,15,climate change denialism,
CASE-0242,tobacco science playbook,Tobacco industry playbook,wikipedia_article_links,https://en.wikipedia.org/wiki/American_Petroleum_Institute,en.wikipedia.org,wikipedia_internal,16,American Petroleum Institute,
CASE-0242,tobacco science playbook,Tobacco industry playbook,wikipedia_article_links,https://en.wikipedia.org/wiki/Reader%27s_Digest,en.wikipedia.org,wikipedia_internal,17,Reader's Digest,
CASE-0242,tobacco science playbook,Tobacco industry playbook,wikipedia_article_links,https://en.wikipedia.org/wiki/Christian_Herald,en.wikipedia.org,wikipedia_internal,18,Christian Herald,
CASE-0242,tobacco science playbook,Tobacco industry playbook,wikipedia_article_links,https://en.wikipedia.org/wiki/Richard_Doll,en.wikipedia.org,wikipedia_internal,19,Richard Doll,
CASE-0242,tobacco science playbook,Tobacco industry playbook,wikipedia_article_links,https://en.wikipedia.org/wiki/Austin_Bradford_Hill,en.wikipedia.org,wikipedia_internal,20,Austin Bradford Hill,
CASE-0243,opioid crisis conspiracy,Opioid epidemic in the United States,wikipedia_search,https://en.wikipedia.org/wiki/Opioid_epidemic_in_the_United_States,en.wikipedia.org,wikipedia_primary,1,Opioid epidemic in the United States,
CASE-0243,opioid crisis conspiracy,Opioid epidemic in the United States,wikipedia_article_links,https://en.wikipedia.org/wiki/Opioid_overdose,en.wikipedia.org,wikipedia_internal,2,opioid overdose,
CASE-0243,opioid crisis conspiracy,Opioid epidemic in the United States,wikipedia_article_links,https://en.wikipedia.org/wiki/Fentanyl,en.wikipedia.org,wikipedia_internal,3,fentanyl,
CASE-0243,opioid crisis conspiracy,Opioid epidemic in the United States,wikipedia_article_links,https://en.wikipedia.org/wiki/Opioid_epidemic,en.wikipedia.org,wikipedia_internal,4,opioid epidemic,
CASE-0243,opioid crisis conspiracy,Opioid epidemic in the United States,wikipedia_article_links,https://en.wikipedia.org/wiki/United_States,en.wikipedia.org,wikipedia_internal,5,United States,
CASE-0243,opioid crisis conspiracy,Opioid epidemic in the United States,wikipedia_article_links,https://en.wikipedia.org/wiki/Medical_prescription,en.wikipedia.org,wikipedia_internal,6,medical prescriptions,
CASE-0243,opioid crisis conspiracy,Opioid epidemic in the United States,wikipedia_article_links,https://en.wikipedia.org/wiki/Illegal_drug_trade,en.wikipedia.org,wikipedia_internal,7,illegal sources,
CASE-0243,opioid crisis conspiracy,Opioid epidemic in the United States,wikipedia_article_links,https://en.wikipedia.org/wiki/Centers_for_Disease_Control_and_Prevention,en.wikipedia.org,wikipedia_internal,8,Centers for Disease Control and Prevention,
CASE-0243,opioid crisis conspiracy,Opioid epidemic in the United States,wikipedia_article_links,https://en.wikipedia.org/wiki/Car_crash,en.wikipedia.org,wikipedia_internal,9,car crashes,
CASE-0243,opioid crisis conspiracy,Opioid epidemic in the United States,wikipedia_article_links,https://en.wikipedia.org/wiki/Cannabis_(drug),en.wikipedia.org,wikipedia_internal,10,cannabis,
CASE-0243,opioid crisis conspiracy,Opioid epidemic in the United States,wikipedia_article_links,https://en.wikipedia.org/wiki/Cocaine,en.wikipedia.org,wikipedia_internal,11,cocaine,
CASE-0243,opioid crisis conspiracy,Opioid epidemic in the United States,wikipedia_article_links,https://en.wikipedia.org/wiki/Heroin,en.wikipedia.org,wikipedia_internal,12,heroin,
CASE-0243,opioid crisis conspiracy,Opioid epidemic in the United States,wikipedia_article_links,https://en.wikipedia.org/wiki/Methamphetamine,en.wikipedia.org,wikipedia_internal,13,methamphetamine,
CASE-0243,opioid crisis conspiracy,Opioid epidemic in the United States,wikipedia_article_links,https://en.wikipedia.org/wiki/Opioid,en.wikipedia.org,wikipedia_internal,14,Opioids,
CASE-0243,opioid crisis conspiracy,Opioid epidemic in the United States,wikipedia_article_links,https://en.wikipedia.org/wiki/Opiate,en.wikipedia.org,wikipedia_internal,15,opiates,
CASE-0243,opioid crisis conspiracy,Opioid epidemic in the United States,wikipedia_article_links,https://en.wikipedia.org/wiki/Oxycodone,en.wikipedia.org,wikipedia_internal,16,oxycodone,
CASE-0243,opioid crisis conspiracy,Opioid epidemic in the United States,wikipedia_article_links,https://en.wikipedia.org/wiki/OxyContin,en.wikipedia.org,wikipedia_internal,17,OxyContin,
CASE-0243,opioid crisis conspiracy,Opioid epidemic in the United States,wikipedia_article_links,https://en.wikipedia.org/wiki/Oxycodone/paracetamol,en.wikipedia.org,wikipedia_internal,18,Percocet,
CASE-0243,opioid crisis conspiracy,Opioid epidemic in the United States,wikipedia_article_links,https://en.wikipedia.org/wiki/Hydrocodone,en.wikipedia.org,wikipedia_internal,19,hydrocodone,
CASE-0243,opioid crisis conspiracy,Opioid epidemic in the United States,wikipedia_article_links,https://en.wikipedia.org/wiki/Hydrocodone/paracetamol,en.wikipedia.org,wikipedia_internal,20,Vicodin,
CASE-0244,Purdue Pharma,Purdue Pharma,wikipedia_search,https://en.wikipedia.org/wiki/Purdue_Pharma,en.wikipedia.org,wikipedia_primary,1,Purdue Pharma,
CASE-0244,Purdue Pharma,Purdue Pharma,wikipedia_article_links,https://en.wikipedia.org/wiki/Purdue_University_College_of_Pharmacy,en.wikipedia.org,wikipedia_internal,2,Purdue University College of Pharmacy,
CASE-0244,Purdue Pharma,Purdue Pharma,wikipedia_article_links,https://en.wikipedia.org/wiki/Privately_held_company,en.wikipedia.org,wikipedia_internal,3,Private,
CASE-0244,Purdue Pharma,Purdue Pharma,wikipedia_article_links,https://en.wikipedia.org/wiki/Pharmaceutical_industry,en.wikipedia.org,wikipedia_internal,4,Pharmaceuticals,
CASE-0244,Purdue Pharma,Purdue Pharma,wikipedia_article_links,https://en.wikipedia.org/wiki/New_York_City,en.wikipedia.org,wikipedia_internal,5,New York,
CASE-0244,Purdue Pharma,Purdue Pharma,wikipedia_article_links,https://en.wikipedia.org/wiki/New_York_(state),en.wikipedia.org,wikipedia_internal,6,New York,
CASE-0244,Purdue Pharma,Purdue Pharma,wikipedia_article_links,https://en.wikipedia.org/wiki/Restructuring,en.wikipedia.org,wikipedia_internal,7,Restructuring,
CASE-0244,Purdue Pharma,Purdue Pharma,wikipedia_article_links,https://en.wikipedia.org/wiki/Chapter_11_bankruptcy,en.wikipedia.org,wikipedia_internal,8,Chapter 11 bankruptcy,
CASE-0244,Purdue Pharma,Purdue Pharma,wikipedia_article_links,"https://en.wikipedia.org/wiki/Stamford,_Connecticut",en.wikipedia.org,wikipedia_internal,9,Stamford,
CASE-0244,Purdue Pharma,Purdue Pharma,wikipedia_article_links,https://en.wikipedia.org/wiki/Connecticut,en.wikipedia.org,wikipedia_internal,10,Connecticut,
CASE-0244,Purdue Pharma,Purdue Pharma,wikipedia_article_links,https://en.wikipedia.org/wiki/President_(corporate_title),en.wikipedia.org,wikipedia_internal,11,president,
CASE-0244,Purdue Pharma,Purdue Pharma,wikipedia_article_links,https://en.wikipedia.org/wiki/CEO,en.wikipedia.org,wikipedia_internal,12,CEO,
CASE-0244,Purdue Pharma,Purdue Pharma,wikipedia_article_links,https://en.wikipedia.org/wiki/Arthur_Sackler,en.wikipedia.org,wikipedia_internal,13,Arthur Sackler,
CASE-0244,Purdue Pharma,Purdue Pharma,wikipedia_article_links,https://en.wikipedia.org/wiki/Mortimer_Sackler,en.wikipedia.org,wikipedia_internal,14,Mortimer Sackler,
CASE-0244,Purdue Pharma,Purdue Pharma,wikipedia_article_links,https://en.wikipedia.org/wiki/Raymond_Sackler,en.wikipedia.org,wikipedia_internal,15,Raymond Sackler,
CASE-0244,Purdue Pharma,Purdue Pharma,wikipedia_article_links,https://en.wikipedia.org/wiki/Richard_Sackler,en.wikipedia.org,wikipedia_internal,16,Richard Sackler,
CASE-0244,Purdue Pharma,Purdue Pharma,wikipedia_article_links,https://en.wikipedia.org/wiki/Subsidiary,en.wikipedia.org,wikipedia_internal,17,Subsidiaries,
CASE-0244,Purdue Pharma,Purdue Pharma,wikipedia_article_links,https://en.wikipedia.org/wiki/Pharmaceutical_company,en.wikipedia.org,wikipedia_internal,18,pharmaceutical company,
CASE-0244,Purdue Pharma,Purdue Pharma,wikipedia_article_links,https://en.wikipedia.org/wiki/Sackler_family,en.wikipedia.org,wikipedia_internal,19,Sackler family,
CASE-0244,Purdue Pharma,Purdue Pharma,wikipedia_article_links,https://en.wikipedia.org/wiki/Hydromorphone,en.wikipedia.org,wikipedia_internal,20,hydromorphone,
CASE-0245,ivermectin suppressed,Ivermectin during the COVID-19 pandemic,wikipedia_search,https://en.wikipedia.org/wiki/Ivermectin_during_the_COVID-19_pandemic,en.wikipedia.org,wikipedia_primary,1,Ivermectin during the COVID-19 pandemic,
CASE-0245,ivermectin suppressed,Ivermectin during the COVID-19 pandemic,wikipedia_article_links,https://en.wikipedia.org/wiki/Ball-and-stick_model,en.wikipedia.org,wikipedia_internal,2,Ball-and-stick model,
CASE-0245,ivermectin suppressed,Ivermectin during the COVID-19 pandemic,wikipedia_article_links,https://en.wikipedia.org/wiki/Ivermectin,en.wikipedia.org,wikipedia_internal,3,Ivermectin,
CASE-0245,ivermectin suppressed,Ivermectin during the COVID-19 pandemic,wikipedia_article_links,https://en.wikipedia.org/wiki/Antiparasitic,en.wikipedia.org,wikipedia_internal,4,antiparasitic,
CASE-0245,ivermectin suppressed,Ivermectin during the COVID-19 pandemic,wikipedia_article_links,https://en.wikipedia.org/wiki/World_Health_Organization,en.wikipedia.org,wikipedia_internal,5,World Health Organization,
CASE-0245,ivermectin suppressed,Ivermectin during the COVID-19 pandemic,wikipedia_article_links,https://en.wikipedia.org/wiki/European_Medicines_Agency,en.wikipedia.org,wikipedia_internal,6,European Medicines Agency,
CASE-0245,ivermectin suppressed,Ivermectin during the COVID-19 pandemic,wikipedia_article_links,https://en.wikipedia.org/wiki/Food_and_Drug_Administration,en.wikipedia.org,wikipedia_internal,7,Food and Drug Administration,
CASE-0245,ivermectin suppressed,Ivermectin during the COVID-19 pandemic,wikipedia_article_links,https://en.wikipedia.org/wiki/Infectious_Diseases_Society_of_America,en.wikipedia.org,wikipedia_internal,8,Infectious Diseases Society of America,
CASE-0245,ivermectin suppressed,Ivermectin during the COVID-19 pandemic,wikipedia_article_links,https://en.wikipedia.org/wiki/COVID-19,en.wikipedia.org,wikipedia_internal,9,COVID-19,
CASE-0245,ivermectin suppressed,Ivermectin during the COVID-19 pandemic,wikipedia_article_links,https://en.wikipedia.org/wiki/COVID-19_pandemic,en.wikipedia.org,wikipedia_internal,10,COVID-19 pandemic,
CASE-0245,ivermectin suppressed,Ivermectin during the COVID-19 pandemic,wikipedia_article_links,https://en.wikipedia.org/wiki/Scientific_misconduct,en.wikipedia.org,wikipedia_internal,11,fraudulent,
CASE-0245,ivermectin suppressed,Ivermectin during the COVID-19 pandemic,wikipedia_article_links,https://en.wikipedia.org/wiki/Cause_c%C3%A9l%C3%A8bre,en.wikipedia.org,wikipedia_internal,12,cause célèbre,
CASE-0245,ivermectin suppressed,Ivermectin during the COVID-19 pandemic,wikipedia_article_links,https://en.wikipedia.org/wiki/Anti-vaccine_activism,en.wikipedia.org,wikipedia_internal,13,anti-vaccinationists,
CASE-0245,ivermectin suppressed,Ivermectin during the COVID-19 pandemic,wikipedia_article_links,https://en.wikipedia.org/wiki/Conspiracy_theory,en.wikipedia.org,wikipedia_internal,14,conspiracy theorists,
CASE-0245,ivermectin suppressed,Ivermectin during the COVID-19 pandemic,wikipedia_article_links,https://en.wikipedia.org/wiki/In_vitro,en.wikipedia.org,wikipedia_internal,15,in vitro,
CASE-0245,ivermectin suppressed,Ivermectin during the COVID-19 pandemic,wikipedia_article_links,https://en.wikipedia.org/wiki/Drug_discovery#Screening_and_design,en.wikipedia.org,wikipedia_internal,16,screening studies,
CASE-0245,ivermectin suppressed,Ivermectin during the COVID-19 pandemic,wikipedia_article_links,https://en.wikipedia.org/wiki/Antiviral_drug,en.wikipedia.org,wikipedia_internal,17,antiviral,
CASE-0245,ivermectin suppressed,Ivermectin during the COVID-19 pandemic,wikipedia_article_links,https://en.wikipedia.org/wiki/Positive-sense_single-stranded_RNA_virus,en.wikipedia.org,wikipedia_internal,18,positive-sense single-strand RNA viruses,
CASE-0245,ivermectin suppressed,Ivermectin during the COVID-19 pandemic,wikipedia_article_links,https://en.wikipedia.org/wiki/Severe_acute_respiratory_syndrome_coronavirus_2,en.wikipedia.org,wikipedia_internal,19,SARS-CoV-2,
CASE-0245,ivermectin suppressed,Ivermectin during the COVID-19 pandemic,wikipedia_article_links,https://en.wikipedia.org/wiki/IC50,en.wikipedia.org,wikipedia_internal,20,IC 50,
CASE-0246,hydroxychloroquine conspiracy,QAnon,wikipedia_search,https://en.wikipedia.org/wiki/QAnon,en.wikipedia.org,wikipedia_primary,1,QAnon,
CASE-0246,hydroxychloroquine conspiracy,QAnon,wikipedia_article_links,https://en.wikipedia.org/wiki/American_flag,en.wikipedia.org,wikipedia_internal,2,American flag,
CASE-0246,hydroxychloroquine conspiracy,QAnon,wikipedia_article_links,https://en.wikipedia.org/wiki/Second_Amendment_to_the_United_States_Constitution,en.wikipedia.org,wikipedia_internal,3,Second Amendment,
CASE-0246,hydroxychloroquine conspiracy,QAnon,wikipedia_article_links,"https://en.wikipedia.org/wiki/Richmond,_Virginia",en.wikipedia.org,wikipedia_internal,4,Richmond,
CASE-0246,hydroxychloroquine conspiracy,QAnon,wikipedia_article_links,https://en.wikipedia.org/wiki/Far-right,en.wikipedia.org,wikipedia_internal,5,far-right,
CASE-0246,hydroxychloroquine conspiracy,QAnon,wikipedia_article_links,https://en.wikipedia.org/wiki/American_political_conspiracy_theory,en.wikipedia.org,wikipedia_internal,6,American political conspiracy theory,
CASE-0246,hydroxychloroquine conspiracy,QAnon,wikipedia_article_links,https://en.wikipedia.org/wiki/Political_movement,en.wikipedia.org,wikipedia_internal,7,political movement,
CASE-0246,hydroxychloroquine conspiracy,QAnon,wikipedia_article_links,https://en.wikipedia.org/wiki/Virtual_community,en.wikipedia.org,wikipedia_internal,8,online communities,
CASE-0246,hydroxychloroquine conspiracy,QAnon,wikipedia_article_links,https://en.wikipedia.org/wiki/Influencers,en.wikipedia.org,wikipedia_internal,9,influencers,
CASE-0246,hydroxychloroquine conspiracy,QAnon,wikipedia_article_links,https://en.wikipedia.org/wiki/Cabal,en.wikipedia.org,wikipedia_internal,10,cabal,
CASE-0246,hydroxychloroquine conspiracy,QAnon,wikipedia_article_links,https://en.wikipedia.org/wiki/Theistic_Satanism,en.wikipedia.org,wikipedia_internal,11,Satanic,
CASE-0246,hydroxychloroquine conspiracy,QAnon,wikipedia_article_links,https://en.wikipedia.org/wiki/Human_cannibalism,en.wikipedia.org,wikipedia_internal,12,cannibalistic,
CASE-0246,hydroxychloroquine conspiracy,QAnon,wikipedia_article_links,https://en.wikipedia.org/wiki/Child_molesters,en.wikipedia.org,wikipedia_internal,13,child molesters,
CASE-0246,hydroxychloroquine conspiracy,QAnon,wikipedia_article_links,https://en.wikipedia.org/wiki/Deep_state,en.wikipedia.org,wikipedia_internal,14,deep state,
CASE-0246,hydroxychloroquine conspiracy,QAnon,wikipedia_article_links,https://en.wikipedia.org/wiki/Sex_trafficking,en.wikipedia.org,wikipedia_internal,15,sex trafficking,
CASE-0246,hydroxychloroquine conspiracy,QAnon,wikipedia_article_links,https://en.wikipedia.org/wiki/Donald_Trump,en.wikipedia.org,wikipedia_internal,16,Donald Trump,
CASE-0246,hydroxychloroquine conspiracy,QAnon,wikipedia_article_links,https://en.wikipedia.org/wiki/Pizzagate,en.wikipedia.org,wikipedia_internal,17,Pizzagate,
CASE-0246,hydroxychloroquine conspiracy,QAnon,wikipedia_article_links,https://en.wikipedia.org/wiki/Conspiracy_theory,en.wikipedia.org,wikipedia_internal,18,conspiracy theory,
CASE-0246,hydroxychloroquine conspiracy,QAnon,wikipedia_article_links,https://en.wikipedia.org/wiki/Cult,en.wikipedia.org,wikipedia_internal,19,cult,
CASE-0246,hydroxychloroquine conspiracy,QAnon,wikipedia_article_links,https://en.wikipedia.org/wiki/First_presidency_of_Donald_Trump,en.wikipedia.org,wikipedia_internal,20,first presidency of Donald Trump,
CASE-0247,Lyme disease bioweapon,Lyme disease,wikipedia_search,https://en.wikipedia.org/wiki/Lyme_disease,en.wikipedia.org,wikipedia_primary,1,Lyme disease,
CASE-0247,Lyme disease bioweapon,Lyme disease,wikipedia_article_links,https://en.wikipedia.org/wiki/Chronic_Lyme_disease,en.wikipedia.org,wikipedia_internal,2,Chronic Lyme disease,
CASE-0247,Lyme disease bioweapon,Lyme disease,wikipedia_article_links,https://en.wikipedia.org/wiki/Lime_disease,en.wikipedia.org,wikipedia_internal,3,Lime disease,
CASE-0247,Lyme disease bioweapon,Lyme disease,wikipedia_article_links,https://en.wikipedia.org/wiki/Ixodes_scapularis,en.wikipedia.org,wikipedia_internal,4,deer tick,
CASE-0247,Lyme disease bioweapon,Lyme disease,wikipedia_article_links,https://en.wikipedia.org/wiki/Medical_specialty,en.wikipedia.org,wikipedia_internal,5,Specialty,
CASE-0247,Lyme disease bioweapon,Lyme disease,wikipedia_article_links,https://en.wikipedia.org/wiki/Infectious_disease_(medical_specialty),en.wikipedia.org,wikipedia_internal,6,Infectious disease,
CASE-0247,Lyme disease bioweapon,Lyme disease,wikipedia_article_links,https://en.wikipedia.org/wiki/Signs_and_symptoms,en.wikipedia.org,wikipedia_internal,7,Symptoms,
CASE-0247,Lyme disease bioweapon,Lyme disease,wikipedia_article_links,https://en.wikipedia.org/wiki/Tick,en.wikipedia.org,wikipedia_internal,8,tick,
CASE-0247,Lyme disease bioweapon,Lyme disease,wikipedia_article_links,https://en.wikipedia.org/wiki/Fever,en.wikipedia.org,wikipedia_internal,9,fever,
CASE-0247,Lyme disease bioweapon,Lyme disease,wikipedia_article_links,https://en.wikipedia.org/wiki/Headache,en.wikipedia.org,wikipedia_internal,10,headache,
CASE-0247,Lyme disease bioweapon,Lyme disease,wikipedia_article_links,https://en.wikipedia.org/wiki/Fatigue_(medical),en.wikipedia.org,wikipedia_internal,11,tiredness,
CASE-0247,Lyme disease bioweapon,Lyme disease,wikipedia_article_links,https://en.wikipedia.org/wiki/Complication_(medicine),en.wikipedia.org,wikipedia_internal,12,Complications,
CASE-0247,Lyme disease bioweapon,Lyme disease,wikipedia_article_links,https://en.wikipedia.org/wiki/Facial_nerve_paralysis,en.wikipedia.org,wikipedia_internal,13,Facial nerve paralysis,
CASE-0247,Lyme disease bioweapon,Lyme disease,wikipedia_article_links,https://en.wikipedia.org/wiki/Arthritis,en.wikipedia.org,wikipedia_internal,14,arthritis,
CASE-0247,Lyme disease bioweapon,Lyme disease,wikipedia_article_links,https://en.wikipedia.org/wiki/Meningitis,en.wikipedia.org,wikipedia_internal,15,meningitis-like symptoms,
CASE-0247,Lyme disease bioweapon,Lyme disease,wikipedia_article_links,https://en.wikipedia.org/wiki/Cause_(medicine),en.wikipedia.org,wikipedia_internal,16,Causes,
CASE-0247,Lyme disease bioweapon,Lyme disease,wikipedia_article_links,https://en.wikipedia.org/wiki/Borrelia,en.wikipedia.org,wikipedia_internal,17,Borrelia,
CASE-0247,Lyme disease bioweapon,Lyme disease,wikipedia_article_links,https://en.wikipedia.org/wiki/Medical_diagnosis,en.wikipedia.org,wikipedia_internal,18,Diagnostic method,
CASE-0247,Lyme disease bioweapon,Lyme disease,wikipedia_article_links,https://en.wikipedia.org/wiki/DEET,en.wikipedia.org,wikipedia_internal,19,DEET,
CASE-0247,Lyme disease bioweapon,Lyme disease,wikipedia_article_links,https://en.wikipedia.org/wiki/Doxycycline,en.wikipedia.org,wikipedia_internal,20,doxycycline,
CASE-0248,Plum Island bioweapon,Plum Island Animal Disease Center,wikipedia_search,https://en.wikipedia.org/wiki/Plum_Island_Animal_Disease_Center,en.wikipedia.org,wikipedia_primary,1,Plum Island Animal Disease Center,
CASE-0248,Plum Island bioweapon,Plum Island Animal Disease Center,wikipedia_article_links,https://en.wikipedia.org/wiki/Plum_Island_(New_York),en.wikipedia.org,wikipedia_internal,2,Plum Island (New York),
CASE-0248,Plum Island bioweapon,Plum Island Animal Disease Center,wikipedia_article_links,https://en.wikipedia.org/wiki/Budget,en.wikipedia.org,wikipedia_internal,3,Budget,
CASE-0248,Plum Island bioweapon,Plum Island Animal Disease Center,wikipedia_article_links,https://en.wikipedia.org/wiki/Foreign_animal_disease,en.wikipedia.org,wikipedia_internal,4,Foreign animal diseases,
CASE-0248,Plum Island bioweapon,Plum Island Animal Disease Center,wikipedia_article_links,https://en.wikipedia.org/wiki/Director_(business),en.wikipedia.org,wikipedia_internal,5,Director,
CASE-0248,Plum Island bioweapon,Plum Island Animal Disease Center,wikipedia_article_links,https://en.wikipedia.org/wiki/New_York_(state),en.wikipedia.org,wikipedia_internal,6,New York,
CASE-0248,Plum Island bioweapon,Plum Island Animal Disease Center,wikipedia_article_links,https://en.wikipedia.org/wiki/ZIP_Code,en.wikipedia.org,wikipedia_internal,7,ZIP code,
CASE-0248,Plum Island bioweapon,Plum Island Animal Disease Center,wikipedia_article_links,https://en.wikipedia.org/wiki/United_States_Department_of_Homeland_Security,en.wikipedia.org,wikipedia_internal,8,United States Department of Homeland Security,
CASE-0248,Plum Island bioweapon,Plum Island Animal Disease Center,wikipedia_article_links,https://en.wikipedia.org/wiki/Livestock,en.wikipedia.org,wikipedia_internal,9,livestock,
CASE-0248,Plum Island bioweapon,Plum Island Animal Disease Center,wikipedia_article_links,https://en.wikipedia.org/wiki/DHS_Directorate_for_Science_and_Technology,en.wikipedia.org,wikipedia_internal,10,Directorate for Science and Technology,
CASE-0248,Plum Island bioweapon,Plum Island Animal Disease Center,wikipedia_article_links,https://en.wikipedia.org/wiki/United_States_Department_of_Agriculture,en.wikipedia.org,wikipedia_internal,11,U.S. Department of Agriculture,
CASE-0248,Plum Island bioweapon,Plum Island Animal Disease Center,wikipedia_article_links,https://en.wikipedia.org/wiki/Long_Island,en.wikipedia.org,wikipedia_internal,12,Long Island,
CASE-0248,Plum Island bioweapon,Plum Island Animal Disease Center,wikipedia_article_links,https://en.wikipedia.org/wiki/Foot-and-mouth_disease,en.wikipedia.org,wikipedia_internal,13,foot-and-mouth disease,
CASE-0248,Plum Island bioweapon,Plum Island Animal Disease Center,wikipedia_article_links,https://en.wikipedia.org/wiki/African_swine_fever_virus,en.wikipedia.org,wikipedia_internal,14,African swine fever,
CASE-0248,Plum Island bioweapon,Plum Island Animal Disease Center,wikipedia_article_links,https://en.wikipedia.org/wiki/Cold_War,en.wikipedia.org,wikipedia_internal,15,Cold War,
CASE-0248,Plum Island bioweapon,Plum Island Animal Disease Center,wikipedia_article_links,https://en.wikipedia.org/wiki/Biological_weapons,en.wikipedia.org,wikipedia_internal,16,biological weapons,
CASE-0248,Plum Island bioweapon,Plum Island Animal Disease Center,wikipedia_article_links,https://en.wikipedia.org/wiki/Richard_Nixon,en.wikipedia.org,wikipedia_internal,17,Nixon,
CASE-0248,Plum Island bioweapon,Plum Island Animal Disease Center,wikipedia_article_links,https://en.wikipedia.org/wiki/Statement_on_Chemical_and_Biological_Defense_Policies_and_Programs,en.wikipedia.org,wikipedia_internal,18,declared an end,
CASE-0248,Plum Island bioweapon,Plum Island Animal Disease Center,wikipedia_article_links,https://en.wikipedia.org/wiki/United_States_biological_weapons_program,en.wikipedia.org,wikipedia_internal,19,United States' offensive bioweapons program,
CASE-0248,Plum Island bioweapon,Plum Island Animal Disease Center,wikipedia_article_links,https://en.wikipedia.org/wiki/Biosafety_level#Biosafety_level_3,en.wikipedia.org,wikipedia_internal,20,biosafety level 3,
CASE-0249,mycoplasma fermentans,Mycoplasma fermentans,wikipedia_search,https://en.wikipedia.org/wiki/Mycoplasma_fermentans,en.wikipedia.org,wikipedia_primary,1,Mycoplasma fermentans,
CASE-0249,mycoplasma fermentans,Mycoplasma fermentans,wikipedia_article_links,https://en.wikipedia.org/wiki/Taxonomy_(biology),en.wikipedia.org,wikipedia_internal,2,Scientific classification,
CASE-0249,mycoplasma fermentans,Mycoplasma fermentans,wikipedia_article_links,https://en.wikipedia.org/wiki/Bacteria,en.wikipedia.org,wikipedia_internal,3,Bacteria,
CASE-0249,mycoplasma fermentans,Mycoplasma fermentans,wikipedia_article_links,https://en.wikipedia.org/wiki/Bacillati,en.wikipedia.org,wikipedia_internal,4,Bacillati,
CASE-0249,mycoplasma fermentans,Mycoplasma fermentans,wikipedia_article_links,https://en.wikipedia.org/wiki/Mycoplasmatota,en.wikipedia.org,wikipedia_internal,5,Mycoplasmatota,
CASE-0249,mycoplasma fermentans,Mycoplasma fermentans,wikipedia_article_links,https://en.wikipedia.org/wiki/Mollicutes,en.wikipedia.org,wikipedia_internal,6,Mollicutes,
CASE-0249,mycoplasma fermentans,Mycoplasma fermentans,wikipedia_article_links,https://en.wikipedia.org/wiki/Mycoplasmatales,en.wikipedia.org,wikipedia_internal,7,Mycoplasmatales,
CASE-0249,mycoplasma fermentans,Mycoplasma fermentans,wikipedia_article_links,https://en.wikipedia.org/wiki/Mycoplasmataceae,en.wikipedia.org,wikipedia_internal,8,Mycoplasmataceae,
CASE-0249,mycoplasma fermentans,Mycoplasma fermentans,wikipedia_article_links,https://en.wikipedia.org/wiki/Mycoplasma,en.wikipedia.org,wikipedia_internal,9,Mycoplasma,
CASE-0249,mycoplasma fermentans,Mycoplasma fermentans,wikipedia_article_links,https://en.wikipedia.org/wiki/Binomial_nomenclature,en.wikipedia.org,wikipedia_internal,10,Binomial name,
CASE-0249,mycoplasma fermentans,Mycoplasma fermentans,wikipedia_article_links,https://en.wikipedia.org/wiki/Bacterium,en.wikipedia.org,wikipedia_internal,11,bacterium,
CASE-0249,mycoplasma fermentans,Mycoplasma fermentans,wikipedia_article_links,https://en.wikipedia.org/wiki/Peptidoglycan_cell_wall,en.wikipedia.org,wikipedia_internal,12,peptidoglycan cell wall,
CASE-0249,mycoplasma fermentans,Mycoplasma fermentans,wikipedia_article_links,https://en.wikipedia.org/wiki/Antibacterial,en.wikipedia.org,wikipedia_internal,13,antibacterial agents,
CASE-0249,mycoplasma fermentans,Mycoplasma fermentans,wikipedia_article_links,https://en.wikipedia.org/wiki/HIV,en.wikipedia.org,wikipedia_internal,14,HIV,
CASE-0249,mycoplasma fermentans,Mycoplasma fermentans,wikipedia_article_links,https://en.wikipedia.org/wiki/Fibromyalgia,en.wikipedia.org,wikipedia_internal,15,fibromyalgia,
CASE-0249,mycoplasma fermentans,Mycoplasma fermentans,wikipedia_article_links,https://en.wikipedia.org/wiki/Gulf_War_syndrome,en.wikipedia.org,wikipedia_internal,16,Gulf War syndrome,
CASE-0249,mycoplasma fermentans,Mycoplasma fermentans,wikipedia_article_links,https://en.wikipedia.org/wiki/Chronic_fatigue_syndrome,en.wikipedia.org,wikipedia_internal,17,Chronic fatigue syndrome,
CASE-0249,mycoplasma fermentans,Mycoplasma fermentans,wikipedia_article_links,https://en.wikipedia.org/wiki/Mycoplasma_incognitus,en.wikipedia.org,wikipedia_internal,18,Mycoplasma incognitus,
CASE-0249,mycoplasma fermentans,Mycoplasma fermentans,wikipedia_article_links,https://en.wikipedia.org/wiki/AIDS,en.wikipedia.org,wikipedia_internal,19,AIDS,
CASE-0249,mycoplasma fermentans,Mycoplasma fermentans,wikipedia_article_links,https://en.wikipedia.org/wiki/Glucose,en.wikipedia.org,wikipedia_internal,20,glucose,
CASE-0250,Morgellons disease,Morgellons,wikipedia_search,https://en.wikipedia.org/wiki/Morgellons,en.wikipedia.org,wikipedia_primary,1,Morgellons,
CASE-0250,Morgellons disease,Morgellons,wikipedia_article_links,https://en.wikipedia.org/wiki/Alternative_medicine,en.wikipedia.org,wikipedia_internal,2,Pseudomedical diagnosis,
CASE-0250,Morgellons disease,Morgellons,wikipedia_article_links,https://en.wikipedia.org/wiki/Risk,en.wikipedia.org,wikipedia_internal,3,Risks,
CASE-0250,Morgellons disease,Morgellons,wikipedia_article_links,https://en.wikipedia.org/wiki/Nocebo,en.wikipedia.org,wikipedia_internal,4,Nocebo,
CASE-0250,Morgellons disease,Morgellons,wikipedia_article_links,https://en.wikipedia.org/wiki/History_of_alternative_medicine,en.wikipedia.org,wikipedia_internal,5,History,
CASE-0250,Morgellons disease,Morgellons,wikipedia_article_links,https://en.wikipedia.org/wiki/Terminology_of_alternative_medicine,en.wikipedia.org,wikipedia_internal,6,Terminology,
CASE-0250,Morgellons disease,Morgellons,wikipedia_article_links,https://en.wikipedia.org/wiki/Alternative_veterinary_medicine,en.wikipedia.org,wikipedia_internal,7,Alternative veterinary medicine,
CASE-0250,Morgellons disease,Morgellons,wikipedia_article_links,https://en.wikipedia.org/wiki/Quackery,en.wikipedia.org,wikipedia_internal,8,Quackery,
CASE-0250,Morgellons disease,Morgellons,wikipedia_article_links,https://en.wikipedia.org/wiki/Pseudoscience,en.wikipedia.org,wikipedia_internal,9,Pseudoscience,
CASE-0250,Morgellons disease,Morgellons,wikipedia_article_links,https://en.wikipedia.org/wiki/Antiscience,en.wikipedia.org,wikipedia_internal,10,Antiscience,
CASE-0250,Morgellons disease,Morgellons,wikipedia_article_links,https://en.wikipedia.org/wiki/Skepticism,en.wikipedia.org,wikipedia_internal,11,Skepticism,
CASE-0250,Morgellons disease,Morgellons,wikipedia_article_links,https://en.wikipedia.org/wiki/Scientific_skepticism,en.wikipedia.org,wikipedia_internal,12,Scientific,
CASE-0250,Morgellons disease,Morgellons,wikipedia_article_links,https://en.wikipedia.org/wiki/Therapeutic_nihilism,en.wikipedia.org,wikipedia_internal,13,Therapeutic nihilism,
CASE-0250,Morgellons disease,Morgellons,wikipedia_article_links,https://en.wikipedia.org/wiki/Acupressure,en.wikipedia.org,wikipedia_internal,14,Acupressure,
CASE-0250,Morgellons disease,Morgellons,wikipedia_article_links,https://en.wikipedia.org/wiki/Acupuncture,en.wikipedia.org,wikipedia_internal,15,Acupuncture,
CASE-0250,Morgellons disease,Morgellons,wikipedia_article_links,https://en.wikipedia.org/wiki/Alkaline_diet,en.wikipedia.org,wikipedia_internal,16,Alkaline diet,
CASE-0250,Morgellons disease,Morgellons,wikipedia_article_links,https://en.wikipedia.org/wiki/Anthroposophic_medicine,en.wikipedia.org,wikipedia_internal,17,Anthroposophic medicine,
CASE-0250,Morgellons disease,Morgellons,wikipedia_article_links,https://en.wikipedia.org/wiki/Apitherapy,en.wikipedia.org,wikipedia_internal,18,Apitherapy,
CASE-0250,Morgellons disease,Morgellons,wikipedia_article_links,https://en.wikipedia.org/wiki/Applied_kinesiology,en.wikipedia.org,wikipedia_internal,19,Applied kinesiology,
CASE-0250,Morgellons disease,Morgellons,wikipedia_article_links,https://en.wikipedia.org/wiki/Aromatherapy,en.wikipedia.org,wikipedia_internal,20,Aromatherapy,
CASE-0251,gold price manipulation,Fideres,wikipedia_search,https://en.wikipedia.org/wiki/Fideres,en.wikipedia.org,wikipedia_primary,1,Fideres,
CASE-0251,gold price manipulation,Fideres,wikipedia_article_links,https://en.wikipedia.org/wiki/Consulting_firm,en.wikipedia.org,wikipedia_internal,2,Economic Consulting,
CASE-0251,gold price manipulation,Fideres,wikipedia_article_links,https://en.wikipedia.org/wiki/Competition_(economics),en.wikipedia.org,wikipedia_internal,3,Antitrust Economics,
CASE-0251,gold price manipulation,Fideres,wikipedia_article_links,https://en.wikipedia.org/wiki/Digital_economy,en.wikipedia.org,wikipedia_internal,4,Digital Markets,
CASE-0251,gold price manipulation,Fideres,wikipedia_article_links,https://en.wikipedia.org/wiki/Discrimination,en.wikipedia.org,wikipedia_internal,5,Discrimination,
CASE-0251,gold price manipulation,Fideres,wikipedia_article_links,https://en.wikipedia.org/wiki/Financial_regulation,en.wikipedia.org,wikipedia_internal,6,Financial Litigation,
CASE-0251,gold price manipulation,Fideres,wikipedia_article_links,https://en.wikipedia.org/wiki/Securities_fraud,en.wikipedia.org,wikipedia_internal,7,Securities Litigation,
CASE-0251,gold price manipulation,Fideres,wikipedia_article_links,https://en.wikipedia.org/wiki/Libor,en.wikipedia.org,wikipedia_internal,8,LIBOR,
CASE-0251,gold price manipulation,Fideres,wikipedia_article_links,https://en.wikipedia.org/wiki/Foreign_exchange_market,en.wikipedia.org,wikipedia_internal,9,FX,
CASE-0251,gold price manipulation,Fideres,wikipedia_article_links,https://en.wikipedia.org/wiki/Market_manipulation,en.wikipedia.org,wikipedia_internal,10,market manipulation,
CASE-0251,gold price manipulation,Fideres,wikipedia_article_links,https://en.wikipedia.org/wiki/Forex_scandal,en.wikipedia.org,wikipedia_internal,11,FOREX scandal,
CASE-0251,gold price manipulation,Fideres,wikipedia_article_links,https://en.wikipedia.org/wiki/Barclays,en.wikipedia.org,wikipedia_internal,12,Barclays,
CASE-0251,gold price manipulation,Fideres,wikipedia_article_links,https://en.wikipedia.org/wiki/Deutsche_Bank,en.wikipedia.org,wikipedia_internal,13,Deutsche Bank,
CASE-0251,gold price manipulation,Fideres,wikipedia_article_links,https://en.wikipedia.org/wiki/HSBC,en.wikipedia.org,wikipedia_internal,14,HSBC,
CASE-0251,gold price manipulation,Fideres,wikipedia_article_links,https://en.wikipedia.org/wiki/Scotiabank,en.wikipedia.org,wikipedia_internal,15,Scotiabank,
CASE-0251,gold price manipulation,Fideres,wikipedia_article_links,https://en.wikipedia.org/wiki/Soci%C3%A9t%C3%A9_G%C3%A9n%C3%A9rale,en.wikipedia.org,wikipedia_internal,16,Societe Generale,
CASE-0251,gold price manipulation,Fideres,wikipedia_article_links,https://en.wikipedia.org/wiki/Gold_fixing,en.wikipedia.org,wikipedia_internal,17,London gold fixing,
CASE-0251,gold price manipulation,Fideres,wikipedia_article_links,https://en.wikipedia.org/wiki/Financial_Times,en.wikipedia.org,wikipedia_internal,18,Financial Times,
CASE-0251,gold price manipulation,Fideres,wikipedia_article_links,https://en.wikipedia.org/wiki/Bloomberg_L.P.,en.wikipedia.org,wikipedia_internal,19,Bloomberg,
CASE-0251,gold price manipulation,Fideres,wikipedia_article_links,https://en.wikipedia.org/wiki/Reuters,en.wikipedia.org,wikipedia_internal,20,Reuters,
CASE-0252,silver market manipulation,Market manipulation,wikipedia_search,https://en.wikipedia.org/wiki/Market_manipulation,en.wikipedia.org,wikipedia_primary,1,Market manipulation,
CASE-0252,silver market manipulation,Market manipulation,wikipedia_article_links,https://en.wikipedia.org/wiki/Manipulation_(disambiguation),en.wikipedia.org,wikipedia_internal,2,Manipulation,
CASE-0252,silver market manipulation,Market manipulation,wikipedia_article_links,https://en.wikipedia.org/wiki/Criminology,en.wikipedia.org,wikipedia_internal,3,Criminology,
CASE-0252,silver market manipulation,Market manipulation,wikipedia_article_links,https://en.wikipedia.org/wiki/Penology,en.wikipedia.org,wikipedia_internal,4,penology,
CASE-0252,silver market manipulation,Market manipulation,wikipedia_article_links,https://en.wikipedia.org/wiki/Anomie,en.wikipedia.org,wikipedia_internal,5,Anomie,
CASE-0252,silver market manipulation,Market manipulation,wikipedia_article_links,https://en.wikipedia.org/wiki/Biosocial_criminology,en.wikipedia.org,wikipedia_internal,6,Biosocial criminology,
CASE-0252,silver market manipulation,Market manipulation,wikipedia_article_links,https://en.wikipedia.org/wiki/Broken_windows_theory,en.wikipedia.org,wikipedia_internal,7,Broken windows,
CASE-0252,silver market manipulation,Market manipulation,wikipedia_article_links,https://en.wikipedia.org/wiki/Collective_efficacy,en.wikipedia.org,wikipedia_internal,8,Collective efficacy,
CASE-0252,silver market manipulation,Market manipulation,wikipedia_article_links,https://en.wikipedia.org/wiki/Crime_analysis,en.wikipedia.org,wikipedia_internal,9,Crime analysis,
CASE-0252,silver market manipulation,Market manipulation,wikipedia_article_links,https://en.wikipedia.org/wiki/Criminalization,en.wikipedia.org,wikipedia_internal,10,Criminalization,
CASE-0252,silver market manipulation,Market manipulation,wikipedia_article_links,https://en.wikipedia.org/wiki/Differential_association,en.wikipedia.org,wikipedia_internal,11,Differential association,
CASE-0252,silver market manipulation,Market manipulation,wikipedia_article_links,https://en.wikipedia.org/wiki/Deviance_(sociology),en.wikipedia.org,wikipedia_internal,12,Deviance,
CASE-0252,silver market manipulation,Market manipulation,wikipedia_article_links,https://en.wikipedia.org/wiki/Expressive_function_of_law,en.wikipedia.org,wikipedia_internal,13,Expressive function of law,
CASE-0252,silver market manipulation,Market manipulation,wikipedia_article_links,https://en.wikipedia.org/wiki/Labeling_theory,en.wikipedia.org,wikipedia_internal,14,Labeling theory,
CASE-0252,silver market manipulation,Market manipulation,wikipedia_article_links,https://en.wikipedia.org/wiki/Psychopathy,en.wikipedia.org,wikipedia_internal,15,Psychopathy,
CASE-0252,silver market manipulation,Market manipulation,wikipedia_article_links,https://en.wikipedia.org/wiki/Rational_choice_theory_(criminology),en.wikipedia.org,wikipedia_internal,16,Rational choice,
CASE-0252,silver market manipulation,Market manipulation,wikipedia_article_links,https://en.wikipedia.org/wiki/Risk_and_actuarial_criminology,en.wikipedia.org,wikipedia_internal,17,Risk and actuarial criminology,
CASE-0252,silver market manipulation,Market manipulation,wikipedia_article_links,https://en.wikipedia.org/wiki/Social_control_theory,en.wikipedia.org,wikipedia_internal,18,Social control,
CASE-0252,silver market manipulation,Market manipulation,wikipedia_article_links,https://en.wikipedia.org/wiki/Social_learning_theory,en.wikipedia.org,wikipedia_internal,19,Social learning,
CASE-0252,silver market manipulation,Market manipulation,wikipedia_article_links,https://en.wikipedia.org/wiki/Strain_theory_(sociology),en.wikipedia.org,wikipedia_internal,20,Strain,
CASE-0253,LIBOR scandal,Libor scandal,wikipedia_search,https://en.wikipedia.org/wiki/Libor_scandal,en.wikipedia.org,wikipedia_primary,1,Libor scandal,
CASE-0253,LIBOR scandal,Libor scandal,wikipedia_article_links,https://en.wikipedia.org/wiki/Andrew_Lo,en.wikipedia.org,wikipedia_internal,2,Andrew Lo,
CASE-0253,LIBOR scandal,Libor scandal,wikipedia_article_links,https://en.wikipedia.org/wiki/Massachusetts_Institute_of_Technology,en.wikipedia.org,wikipedia_internal,3,MIT,
CASE-0253,LIBOR scandal,Libor scandal,wikipedia_article_links,https://en.wikipedia.org/wiki/Libor,en.wikipedia.org,wikipedia_internal,4,Libor,
CASE-0253,LIBOR scandal,Libor scandal,wikipedia_article_links,https://en.wikipedia.org/wiki/Derivative_(finance),en.wikipedia.org,wikipedia_internal,5,derivatives,
CASE-0253,LIBOR scandal,Libor scandal,wikipedia_article_links,https://en.wikipedia.org/wiki/Intercontinental_Exchange,en.wikipedia.org,wikipedia_internal,6,Intercontinental Exchange,
CASE-0253,LIBOR scandal,Libor scandal,wikipedia_article_links,https://en.wikipedia.org/wiki/Interest_rate,en.wikipedia.org,wikipedia_internal,7,interest rates,
CASE-0253,LIBOR scandal,Libor scandal,wikipedia_article_links,https://en.wikipedia.org/wiki/Barclays_Bank,en.wikipedia.org,wikipedia_internal,8,Barclays Bank,
CASE-0253,LIBOR scandal,Libor scandal,wikipedia_article_links,https://en.wikipedia.org/wiki/British_Bankers%27_Association,en.wikipedia.org,wikipedia_internal,9,member banks,
CASE-0253,LIBOR scandal,Libor scandal,wikipedia_article_links,https://en.wikipedia.org/wiki/Derivatives_market,en.wikipedia.org,wikipedia_internal,10,derivatives markets,
CASE-0253,LIBOR scandal,Libor scandal,wikipedia_article_links,https://en.wikipedia.org/wiki/Student_loan,en.wikipedia.org,wikipedia_internal,11,student loans,
CASE-0253,LIBOR scandal,Libor scandal,wikipedia_article_links,https://en.wikipedia.org/wiki/Financial_derivative,en.wikipedia.org,wikipedia_internal,12,financial derivatives,
CASE-0253,LIBOR scandal,Libor scandal,wikipedia_article_links,https://en.wikipedia.org/wiki/Financial_product,en.wikipedia.org,wikipedia_internal,13,financial products,
CASE-0253,LIBOR scandal,Libor scandal,wikipedia_article_links,https://en.wikipedia.org/wiki/Financial_Times,en.wikipedia.org,wikipedia_internal,14,Financial Times,
CASE-0253,LIBOR scandal,Libor scandal,wikipedia_article_links,https://en.wikipedia.org/wiki/BBC_News,en.wikipedia.org,wikipedia_internal,15,BBC,
CASE-0253,LIBOR scandal,Libor scandal,wikipedia_article_links,https://en.wikipedia.org/wiki/Reuters,en.wikipedia.org,wikipedia_internal,16,Reuters,
CASE-0253,LIBOR scandal,Libor scandal,wikipedia_article_links,https://en.wikipedia.org/wiki/Bundestag,en.wikipedia.org,wikipedia_internal,17,Bundestag,
CASE-0253,LIBOR scandal,Libor scandal,wikipedia_article_links,https://en.wikipedia.org/wiki/UK,en.wikipedia.org,wikipedia_internal,18,UK,
CASE-0253,LIBOR scandal,Libor scandal,wikipedia_article_links,https://en.wikipedia.org/wiki/Financial_Services_Authority,en.wikipedia.org,wikipedia_internal,19,Financial Services Authority,
CASE-0253,LIBOR scandal,Libor scandal,wikipedia_article_links,https://en.wikipedia.org/wiki/Martin_Wheatley,en.wikipedia.org,wikipedia_internal,20,Martin Wheatley,
CASE-0254,forex rigging scandal,Forex scandal,wikipedia_search,https://en.wikipedia.org/wiki/Forex_scandal,en.wikipedia.org,wikipedia_primary,1,Forex scandal,
CASE-0254,forex rigging scandal,Forex scandal,wikipedia_article_links,https://en.wikipedia.org/wiki/Colluded,en.wikipedia.org,wikipedia_internal,2,colluded,
CASE-0254,forex rigging scandal,Forex scandal,wikipedia_article_links,https://en.wikipedia.org/wiki/Exchange_rates,en.wikipedia.org,wikipedia_internal,3,exchange rates,
CASE-0254,forex rigging scandal,Forex scandal,wikipedia_article_links,https://en.wikipedia.org/wiki/FOREX,en.wikipedia.org,wikipedia_internal,4,forex,
CASE-0254,forex rigging scandal,Forex scandal,wikipedia_article_links,https://en.wikipedia.org/wiki/Foreign_exchange_market,en.wikipedia.org,wikipedia_internal,5,foreign exchange market,
CASE-0254,forex rigging scandal,Forex scandal,wikipedia_article_links,https://en.wikipedia.org/wiki/Bloomberg_News,en.wikipedia.org,wikipedia_internal,6,Bloomberg News,
CASE-0254,forex rigging scandal,Forex scandal,wikipedia_article_links,https://en.wikipedia.org/wiki/Front-running,en.wikipedia.org,wikipedia_internal,7,front-running,
CASE-0254,forex rigging scandal,Forex scandal,wikipedia_article_links,https://en.wikipedia.org/wiki/Foreign_exchange_spot,en.wikipedia.org,wikipedia_internal,8,spot foreign-exchange,
CASE-0254,forex rigging scandal,Forex scandal,wikipedia_article_links,https://en.wikipedia.org/wiki/Citibank,en.wikipedia.org,wikipedia_internal,9,Citibank,
CASE-0254,forex rigging scandal,Forex scandal,wikipedia_article_links,https://en.wikipedia.org/wiki/Trading_(finance),en.wikipedia.org,wikipedia_internal,10,trader,
CASE-0254,forex rigging scandal,Forex scandal,wikipedia_article_links,https://en.wikipedia.org/wiki/Chatroom,en.wikipedia.org,wikipedia_internal,11,chatrooms,
CASE-0254,forex rigging scandal,Forex scandal,wikipedia_article_links,https://en.wikipedia.org/wiki/City_of_London,en.wikipedia.org,wikipedia_internal,12,London,
CASE-0254,forex rigging scandal,Forex scandal,wikipedia_article_links,https://en.wikipedia.org/wiki/Royal_Bank_of_Scotland,en.wikipedia.org,wikipedia_internal,13,Royal Bank of Scotland (RBS),
CASE-0254,forex rigging scandal,Forex scandal,wikipedia_article_links,https://en.wikipedia.org/wiki/JPMorgan,en.wikipedia.org,wikipedia_internal,14,JPMorgan,
CASE-0254,forex rigging scandal,Forex scandal,wikipedia_article_links,https://en.wikipedia.org/wiki/Citigroup,en.wikipedia.org,wikipedia_internal,15,Citigroup,
CASE-0254,forex rigging scandal,Forex scandal,wikipedia_article_links,https://en.wikipedia.org/wiki/Standard_Chartered,en.wikipedia.org,wikipedia_internal,16,Standard Chartered,
CASE-0254,forex rigging scandal,Forex scandal,wikipedia_article_links,https://en.wikipedia.org/wiki/UBS,en.wikipedia.org,wikipedia_internal,17,UBS,
CASE-0254,forex rigging scandal,Forex scandal,wikipedia_article_links,https://en.wikipedia.org/wiki/Barclays,en.wikipedia.org,wikipedia_internal,18,Barclays,
CASE-0254,forex rigging scandal,Forex scandal,wikipedia_article_links,https://en.wikipedia.org/wiki/Bank_of_England,en.wikipedia.org,wikipedia_internal,19,Bank of England,
CASE-0254,forex rigging scandal,Forex scandal,wikipedia_article_links,https://en.wikipedia.org/wiki/HSBC,en.wikipedia.org,wikipedia_internal,20,HSBC,
CASE-0255,Panama Papers,Panama Papers,wikipedia_search,https://en.wikipedia.org/wiki/Panama_Papers,en.wikipedia.org,wikipedia_primary,1,Panama Papers,
CASE-0255,Panama Papers,Panama Papers,wikipedia_article_links,https://en.wikipedia.org/wiki/Panama_scandals,en.wikipedia.org,wikipedia_internal,2,Panama scandals,
CASE-0255,Panama Papers,Panama Papers,wikipedia_article_links,https://en.wikipedia.org/wiki/Panama_Papers_case,en.wikipedia.org,wikipedia_internal,3,Panama Papers case,
CASE-0255,Panama Papers,Panama Papers,wikipedia_article_links,https://en.wikipedia.org/wiki/Spanish_language,en.wikipedia.org,wikipedia_internal,4,Spanish,
CASE-0255,Panama Papers,Panama Papers,wikipedia_article_links,https://en.wikipedia.org/wiki/Data_breach,en.wikipedia.org,wikipedia_internal,5,leaked,
CASE-0255,Panama Papers,Panama Papers,wikipedia_article_links,https://en.wikipedia.org/wiki/TeraByte,en.wikipedia.org,wikipedia_internal,6,terabytes,
CASE-0255,Panama Papers,Panama Papers,wikipedia_article_links,https://en.wikipedia.org/wiki/Attorney%E2%80%93client_privilege,en.wikipedia.org,wikipedia_internal,7,attorney–client,
CASE-0255,Panama Papers,Panama Papers,wikipedia_article_links,https://en.wikipedia.org/wiki/Offshore_financial_centre,en.wikipedia.org,wikipedia_internal,8,offshore,
CASE-0255,Panama Papers,Panama Papers,wikipedia_article_links,https://en.wikipedia.org/wiki/Corporate_services,en.wikipedia.org,wikipedia_internal,9,corporate service,
CASE-0255,Panama Papers,Panama Papers,wikipedia_article_links,https://en.wikipedia.org/wiki/Mossack_Fonseca,en.wikipedia.org,wikipedia_internal,10,Mossack Fonseca,
CASE-0255,Panama Papers,Panama Papers,wikipedia_article_links,https://en.wikipedia.org/wiki/Jan_Marsalek,en.wikipedia.org,wikipedia_internal,11,Jan Marsalek,
CASE-0255,Panama Papers,Panama Papers,wikipedia_article_links,https://en.wikipedia.org/wiki/Person_of_interest,en.wikipedia.org,wikipedia_internal,12,person of interest,
CASE-0255,Panama Papers,Panama Papers,wikipedia_article_links,https://en.wikipedia.org/wiki/Russian_intelligence,en.wikipedia.org,wikipedia_internal,13,Russian intelligence,
CASE-0255,Panama Papers,Panama Papers,wikipedia_article_links,https://en.wikipedia.org/wiki/Offshore_magic_circle,en.wikipedia.org,wikipedia_internal,14,entities are legal,
CASE-0255,Panama Papers,Panama Papers,wikipedia_article_links,https://en.wikipedia.org/wiki/Shell_corporations,en.wikipedia.org,wikipedia_internal,15,shell corporations,
CASE-0255,Panama Papers,Panama Papers,wikipedia_article_links,https://en.wikipedia.org/wiki/Fraud,en.wikipedia.org,wikipedia_internal,16,fraud,
CASE-0255,Panama Papers,Panama Papers,wikipedia_article_links,https://en.wikipedia.org/wiki/Tax_evasion,en.wikipedia.org,wikipedia_internal,17,tax evasion,
CASE-0255,Panama Papers,Panama Papers,wikipedia_article_links,https://en.wikipedia.org/wiki/International_sanctions,en.wikipedia.org,wikipedia_internal,18,international sanctions,
CASE-0255,Panama Papers,Panama Papers,wikipedia_article_links,https://en.wikipedia.org/wiki/John_Doe,en.wikipedia.org,wikipedia_internal,19,John Doe,
CASE-0255,Panama Papers,Panama Papers,wikipedia_article_links,https://en.wikipedia.org/wiki/Bastian_Obermayer,en.wikipedia.org,wikipedia_internal,20,Bastian Obermayer,
CASE-0256,Paradise Papers,Paradise Papers,wikipedia_search,https://en.wikipedia.org/wiki/Paradise_Papers,en.wikipedia.org,wikipedia_primary,1,Paradise Papers,
CASE-0256,Paradise Papers,Paradise Papers,wikipedia_article_links,https://en.wikipedia.org/wiki/Panama_Papers,en.wikipedia.org,wikipedia_internal,2,Panama Papers,
CASE-0256,Paradise Papers,Paradise Papers,wikipedia_article_links,https://en.wikipedia.org/wiki/Pandora_Papers,en.wikipedia.org,wikipedia_internal,3,Pandora Papers,
CASE-0256,Paradise Papers,Paradise Papers,wikipedia_article_links,https://en.wikipedia.org/wiki/Tax,en.wikipedia.org,wikipedia_internal,4,Taxation,
CASE-0256,Paradise Papers,Paradise Papers,wikipedia_article_links,https://en.wikipedia.org/wiki/Fiscal_policy,en.wikipedia.org,wikipedia_internal,5,fiscal policy,
CASE-0256,Paradise Papers,Paradise Papers,wikipedia_article_links,https://en.wikipedia.org/wiki/Tax_policy,en.wikipedia.org,wikipedia_internal,6,Policies,
CASE-0256,Paradise Papers,Paradise Papers,wikipedia_article_links,https://en.wikipedia.org/wiki/Economic_justice,en.wikipedia.org,wikipedia_internal,7,Economic justice,
CASE-0256,Paradise Papers,Paradise Papers,wikipedia_article_links,https://en.wikipedia.org/wiki/Government_revenue,en.wikipedia.org,wikipedia_internal,8,Government revenue,
CASE-0256,Paradise Papers,Paradise Papers,wikipedia_article_links,https://en.wikipedia.org/wiki/Property_tax_equalization,en.wikipedia.org,wikipedia_internal,9,Property tax equalization,
CASE-0256,Paradise Papers,Paradise Papers,wikipedia_article_links,https://en.wikipedia.org/wiki/Tax_revenue,en.wikipedia.org,wikipedia_internal,10,Tax revenue,
CASE-0256,Paradise Papers,Paradise Papers,wikipedia_article_links,https://en.wikipedia.org/wiki/Non-tax_revenue,en.wikipedia.org,wikipedia_internal,11,Non-tax revenue,
CASE-0256,Paradise Papers,Paradise Papers,wikipedia_article_links,https://en.wikipedia.org/wiki/Tax_law,en.wikipedia.org,wikipedia_internal,12,Tax law,
CASE-0256,Paradise Papers,Paradise Papers,wikipedia_article_links,https://en.wikipedia.org/wiki/Tax_bracket,en.wikipedia.org,wikipedia_internal,13,Tax bracket,
CASE-0256,Paradise Papers,Paradise Papers,wikipedia_article_links,https://en.wikipedia.org/wiki/Flat_tax,en.wikipedia.org,wikipedia_internal,14,Flat tax,
CASE-0256,Paradise Papers,Paradise Papers,wikipedia_article_links,https://en.wikipedia.org/wiki/Tax_burden,en.wikipedia.org,wikipedia_internal,15,Tax burden,
CASE-0256,Paradise Papers,Paradise Papers,wikipedia_article_links,https://en.wikipedia.org/wiki/Income_tax_threshold,en.wikipedia.org,wikipedia_internal,16,Tax threshold,
CASE-0256,Paradise Papers,Paradise Papers,wikipedia_article_links,https://en.wikipedia.org/wiki/Taxation_as_theft,en.wikipedia.org,wikipedia_internal,17,Taxation as theft,
CASE-0256,Paradise Papers,Paradise Papers,wikipedia_article_links,https://en.wikipedia.org/wiki/Tax_shift,en.wikipedia.org,wikipedia_internal,18,Tax shift,
CASE-0256,Paradise Papers,Paradise Papers,wikipedia_article_links,https://en.wikipedia.org/wiki/Tax_cut,en.wikipedia.org,wikipedia_internal,19,Tax cut,
CASE-0256,Paradise Papers,Paradise Papers,wikipedia_article_links,https://en.wikipedia.org/wiki/Tax_advantage,en.wikipedia.org,wikipedia_internal,20,Tax advantage,
CASE-0257,Pandora Papers,Pandora Papers,wikipedia_search,https://en.wikipedia.org/wiki/Pandora_Papers,en.wikipedia.org,wikipedia_primary,1,Pandora Papers,
CASE-0257,Pandora Papers,Pandora Papers,wikipedia_article_links,https://en.wikipedia.org/wiki/Panama_Papers,en.wikipedia.org,wikipedia_internal,2,Panama Papers,
CASE-0257,Pandora Papers,Pandora Papers,wikipedia_article_links,https://en.wikipedia.org/wiki/Paradise_Papers,en.wikipedia.org,wikipedia_internal,3,Paradise Papers,
CASE-0257,Pandora Papers,Pandora Papers,wikipedia_article_links,https://en.wikipedia.org/wiki/Tax,en.wikipedia.org,wikipedia_internal,4,Taxation,
CASE-0257,Pandora Papers,Pandora Papers,wikipedia_article_links,https://en.wikipedia.org/wiki/Fiscal_policy,en.wikipedia.org,wikipedia_internal,5,fiscal policy,
CASE-0257,Pandora Papers,Pandora Papers,wikipedia_article_links,https://en.wikipedia.org/wiki/Tax_policy,en.wikipedia.org,wikipedia_internal,6,Policies,
CASE-0257,Pandora Papers,Pandora Papers,wikipedia_article_links,https://en.wikipedia.org/wiki/Economic_justice,en.wikipedia.org,wikipedia_internal,7,Economic justice,
CASE-0257,Pandora Papers,Pandora Papers,wikipedia_article_links,https://en.wikipedia.org/wiki/Government_revenue,en.wikipedia.org,wikipedia_internal,8,Government revenue,
CASE-0257,Pandora Papers,Pandora Papers,wikipedia_article_links,https://en.wikipedia.org/wiki/Property_tax_equalization,en.wikipedia.org,wikipedia_internal,9,Property tax equalization,
CASE-0257,Pandora Papers,Pandora Papers,wikipedia_article_links,https://en.wikipedia.org/wiki/Tax_revenue,en.wikipedia.org,wikipedia_internal,10,Tax revenue,
CASE-0257,Pandora Papers,Pandora Papers,wikipedia_article_links,https://en.wikipedia.org/wiki/Non-tax_revenue,en.wikipedia.org,wikipedia_internal,11,Non-tax revenue,
CASE-0257,Pandora Papers,Pandora Papers,wikipedia_article_links,https://en.wikipedia.org/wiki/Tax_law,en.wikipedia.org,wikipedia_internal,12,Tax law,
CASE-0257,Pandora Papers,Pandora Papers,wikipedia_article_links,https://en.wikipedia.org/wiki/Tax_bracket,en.wikipedia.org,wikipedia_internal,13,Tax bracket,
CASE-0257,Pandora Papers,Pandora Papers,wikipedia_article_links,https://en.wikipedia.org/wiki/Flat_tax,en.wikipedia.org,wikipedia_internal,14,Flat tax,
CASE-0257,Pandora Papers,Pandora Papers,wikipedia_article_links,https://en.wikipedia.org/wiki/Tax_burden,en.wikipedia.org,wikipedia_internal,15,Tax burden,
CASE-0257,Pandora Papers,Pandora Papers,wikipedia_article_links,https://en.wikipedia.org/wiki/Income_tax_threshold,en.wikipedia.org,wikipedia_internal,16,Tax threshold,
CASE-0257,Pandora Papers,Pandora Papers,wikipedia_article_links,https://en.wikipedia.org/wiki/Taxation_as_theft,en.wikipedia.org,wikipedia_internal,17,Taxation as theft,
CASE-0257,Pandora Papers,Pandora Papers,wikipedia_article_links,https://en.wikipedia.org/wiki/Tax_shift,en.wikipedia.org,wikipedia_internal,18,Tax shift,
CASE-0257,Pandora Papers,Pandora Papers,wikipedia_article_links,https://en.wikipedia.org/wiki/Tax_cut,en.wikipedia.org,wikipedia_internal,19,Tax cut,
CASE-0257,Pandora Papers,Pandora Papers,wikipedia_article_links,https://en.wikipedia.org/wiki/Tax_advantage,en.wikipedia.org,wikipedia_internal,20,Tax advantage,
CASE-0258,offshore tax havens,Offshore financial centre,wikipedia_search,https://en.wikipedia.org/wiki/Offshore_financial_centre,en.wikipedia.org,wikipedia_primary,1,Offshore financial centre,
CASE-0258,offshore tax havens,Offshore financial centre,wikipedia_article_links,https://en.wikipedia.org/wiki/Tax,en.wikipedia.org,wikipedia_internal,2,Taxation,
CASE-0258,offshore tax havens,Offshore financial centre,wikipedia_article_links,https://en.wikipedia.org/wiki/Fiscal_policy,en.wikipedia.org,wikipedia_internal,3,fiscal policy,
CASE-0258,offshore tax havens,Offshore financial centre,wikipedia_article_links,https://en.wikipedia.org/wiki/Tax_policy,en.wikipedia.org,wikipedia_internal,4,Policies,
CASE-0258,offshore tax havens,Offshore financial centre,wikipedia_article_links,https://en.wikipedia.org/wiki/Economic_justice,en.wikipedia.org,wikipedia_internal,5,Economic justice,
CASE-0258,offshore tax havens,Offshore financial centre,wikipedia_article_links,https://en.wikipedia.org/wiki/Government_revenue,en.wikipedia.org,wikipedia_internal,6,Government revenue,
CASE-0258,offshore tax havens,Offshore financial centre,wikipedia_article_links,https://en.wikipedia.org/wiki/Property_tax_equalization,en.wikipedia.org,wikipedia_internal,7,Property tax equalization,
CASE-0258,offshore tax havens,Offshore financial centre,wikipedia_article_links,https://en.wikipedia.org/wiki/Tax_revenue,en.wikipedia.org,wikipedia_internal,8,Tax revenue,
CASE-0258,offshore tax havens,Offshore financial centre,wikipedia_article_links,https://en.wikipedia.org/wiki/Non-tax_revenue,en.wikipedia.org,wikipedia_internal,9,Non-tax revenue,
CASE-0258,offshore tax havens,Offshore financial centre,wikipedia_article_links,https://en.wikipedia.org/wiki/Tax_law,en.wikipedia.org,wikipedia_internal,10,Tax law,
CASE-0258,offshore tax havens,Offshore financial centre,wikipedia_article_links,https://en.wikipedia.org/wiki/Tax_bracket,en.wikipedia.org,wikipedia_internal,11,Tax bracket,
CASE-0258,offshore tax havens,Offshore financial centre,wikipedia_article_links,https://en.wikipedia.org/wiki/Flat_tax,en.wikipedia.org,wikipedia_internal,12,Flat tax,
CASE-0258,offshore tax havens,Offshore financial centre,wikipedia_article_links,https://en.wikipedia.org/wiki/Tax_burden,en.wikipedia.org,wikipedia_internal,13,Tax burden,
CASE-0258,offshore tax havens,Offshore financial centre,wikipedia_article_links,https://en.wikipedia.org/wiki/Income_tax_threshold,en.wikipedia.org,wikipedia_internal,14,Tax threshold,
CASE-0258,offshore tax havens,Offshore financial centre,wikipedia_article_links,https://en.wikipedia.org/wiki/Taxation_as_theft,en.wikipedia.org,wikipedia_internal,15,Taxation as theft,
CASE-0258,offshore tax havens,Offshore financial centre,wikipedia_article_links,https://en.wikipedia.org/wiki/Tax_shift,en.wikipedia.org,wikipedia_internal,16,Tax shift,
CASE-0258,offshore tax havens,Offshore financial centre,wikipedia_article_links,https://en.wikipedia.org/wiki/Tax_cut,en.wikipedia.org,wikipedia_internal,17,Tax cut,
CASE-0258,offshore tax havens,Offshore financial centre,wikipedia_article_links,https://en.wikipedia.org/wiki/Tax_advantage,en.wikipedia.org,wikipedia_internal,18,Tax advantage,
CASE-0258,offshore tax havens,Offshore financial centre,wikipedia_article_links,https://en.wikipedia.org/wiki/Tax_incentive,en.wikipedia.org,wikipedia_internal,19,Tax incentive,
CASE-0258,offshore tax havens,Offshore financial centre,wikipedia_article_links,https://en.wikipedia.org/wiki/Tax_reform,en.wikipedia.org,wikipedia_internal,20,Tax reform,
CASE-0259,ESG conspiracy,BlackRock,wikipedia_search,https://en.wikipedia.org/wiki/BlackRock,en.wikipedia.org,wikipedia_primary,1,BlackRock,
CASE-0259,ESG conspiracy,BlackRock,wikipedia_article_links,https://en.wikipedia.org/wiki/Blackstone_Inc.,en.wikipedia.org,wikipedia_internal,2,Blackstone Inc.,
CASE-0259,ESG conspiracy,BlackRock,wikipedia_article_links,https://en.wikipedia.org/wiki/Black_Rock_(disambiguation),en.wikipedia.org,wikipedia_internal,3,Black Rock (disambiguation),
CASE-0259,ESG conspiracy,BlackRock,wikipedia_article_links,https://en.wikipedia.org/wiki/50_Hudson_Yards,en.wikipedia.org,wikipedia_internal,4,50 Hudson Yards,
CASE-0259,ESG conspiracy,BlackRock,wikipedia_article_links,https://en.wikipedia.org/wiki/Public_company,en.wikipedia.org,wikipedia_internal,5,Public,
CASE-0259,ESG conspiracy,BlackRock,wikipedia_article_links,https://en.wikipedia.org/wiki/Ticker_symbol,en.wikipedia.org,wikipedia_internal,6,Traded as,
CASE-0259,ESG conspiracy,BlackRock,wikipedia_article_links,https://en.wikipedia.org/wiki/New_York_Stock_Exchange,en.wikipedia.org,wikipedia_internal,7,NYSE,
CASE-0259,ESG conspiracy,BlackRock,wikipedia_article_links,https://en.wikipedia.org/wiki/S%26P_100,en.wikipedia.org,wikipedia_internal,8,S&P 100,
CASE-0259,ESG conspiracy,BlackRock,wikipedia_article_links,https://en.wikipedia.org/wiki/S%26P_500,en.wikipedia.org,wikipedia_internal,9,S&P 500,
CASE-0259,ESG conspiracy,BlackRock,wikipedia_article_links,https://en.wikipedia.org/wiki/International_Securities_Identification_Number,en.wikipedia.org,wikipedia_internal,10,ISIN,
CASE-0259,ESG conspiracy,BlackRock,wikipedia_article_links,https://en.wikipedia.org/wiki/Investment_management,en.wikipedia.org,wikipedia_internal,11,Investment management,
CASE-0259,ESG conspiracy,BlackRock,wikipedia_article_links,https://en.wikipedia.org/wiki/Robert_S._Kapito,en.wikipedia.org,wikipedia_internal,12,Robert S. Kapito,
CASE-0259,ESG conspiracy,BlackRock,wikipedia_article_links,https://en.wikipedia.org/wiki/Larry_Fink,en.wikipedia.org,wikipedia_internal,13,Larry Fink,
CASE-0259,ESG conspiracy,BlackRock,wikipedia_article_links,https://en.wikipedia.org/wiki/Susan_Wagner,en.wikipedia.org,wikipedia_internal,14,Susan Wagner,
CASE-0259,ESG conspiracy,BlackRock,wikipedia_article_links,https://en.wikipedia.org/wiki/New_York_City,en.wikipedia.org,wikipedia_internal,15,New York City,
CASE-0259,ESG conspiracy,BlackRock,wikipedia_article_links,https://en.wikipedia.org/wiki/Philipp_Hildebrand,en.wikipedia.org,wikipedia_internal,16,Philipp Hildebrand,
CASE-0259,ESG conspiracy,BlackRock,wikipedia_article_links,https://en.wikipedia.org/wiki/Alternative_investment,en.wikipedia.org,wikipedia_internal,17,Alternative investment,
CASE-0259,ESG conspiracy,BlackRock,wikipedia_article_links,https://en.wikipedia.org/wiki/Asset_management,en.wikipedia.org,wikipedia_internal,18,Asset management,
CASE-0259,ESG conspiracy,BlackRock,wikipedia_article_links,"https://en.wikipedia.org/wiki/Environmental,_social,_and_governance",en.wikipedia.org,wikipedia_internal,19,ESG investment,
CASE-0259,ESG conspiracy,BlackRock,wikipedia_article_links,https://en.wikipedia.org/wiki/Wealth_management,en.wikipedia.org,wikipedia_internal,20,Wealth management,
CASE-0260,Vanguard Blackrock conspiracy,BlackRock,wikipedia_search,https://en.wikipedia.org/wiki/BlackRock,en.wikipedia.org,wikipedia_primary,1,BlackRock,
CASE-0260,Vanguard Blackrock conspiracy,BlackRock,wikipedia_article_links,https://en.wikipedia.org/wiki/Blackstone_Inc.,en.wikipedia.org,wikipedia_internal,2,Blackstone Inc.,
CASE-0260,Vanguard Blackrock conspiracy,BlackRock,wikipedia_article_links,https://en.wikipedia.org/wiki/Black_Rock_(disambiguation),en.wikipedia.org,wikipedia_internal,3,Black Rock (disambiguation),
CASE-0260,Vanguard Blackrock conspiracy,BlackRock,wikipedia_article_links,https://en.wikipedia.org/wiki/50_Hudson_Yards,en.wikipedia.org,wikipedia_internal,4,50 Hudson Yards,
CASE-0260,Vanguard Blackrock conspiracy,BlackRock,wikipedia_article_links,https://en.wikipedia.org/wiki/Public_company,en.wikipedia.org,wikipedia_internal,5,Public,
CASE-0260,Vanguard Blackrock conspiracy,BlackRock,wikipedia_article_links,https://en.wikipedia.org/wiki/Ticker_symbol,en.wikipedia.org,wikipedia_internal,6,Traded as,
CASE-0260,Vanguard Blackrock conspiracy,BlackRock,wikipedia_article_links,https://en.wikipedia.org/wiki/New_York_Stock_Exchange,en.wikipedia.org,wikipedia_internal,7,NYSE,
CASE-0260,Vanguard Blackrock conspiracy,BlackRock,wikipedia_article_links,https://en.wikipedia.org/wiki/S%26P_100,en.wikipedia.org,wikipedia_internal,8,S&P 100,
CASE-0260,Vanguard Blackrock conspiracy,BlackRock,wikipedia_article_links,https://en.wikipedia.org/wiki/S%26P_500,en.wikipedia.org,wikipedia_internal,9,S&P 500,
CASE-0260,Vanguard Blackrock conspiracy,BlackRock,wikipedia_article_links,https://en.wikipedia.org/wiki/International_Securities_Identification_Number,en.wikipedia.org,wikipedia_internal,10,ISIN,
CASE-0260,Vanguard Blackrock conspiracy,BlackRock,wikipedia_article_links,https://en.wikipedia.org/wiki/Investment_management,en.wikipedia.org,wikipedia_internal,11,Investment management,
CASE-0260,Vanguard Blackrock conspiracy,BlackRock,wikipedia_article_links,https://en.wikipedia.org/wiki/Robert_S._Kapito,en.wikipedia.org,wikipedia_internal,12,Robert S. Kapito,
CASE-0260,Vanguard Blackrock conspiracy,BlackRock,wikipedia_article_links,https://en.wikipedia.org/wiki/Larry_Fink,en.wikipedia.org,wikipedia_internal,13,Larry Fink,
CASE-0260,Vanguard Blackrock conspiracy,BlackRock,wikipedia_article_links,https://en.wikipedia.org/wiki/Susan_Wagner,en.wikipedia.org,wikipedia_internal,14,Susan Wagner,
CASE-0260,Vanguard Blackrock conspiracy,BlackRock,wikipedia_article_links,https://en.wikipedia.org/wiki/New_York_City,en.wikipedia.org,wikipedia_internal,15,New York City,
CASE-0260,Vanguard Blackrock conspiracy,BlackRock,wikipedia_article_links,https://en.wikipedia.org/wiki/Philipp_Hildebrand,en.wikipedia.org,wikipedia_internal,16,Philipp Hildebrand,
CASE-0260,Vanguard Blackrock conspiracy,BlackRock,wikipedia_article_links,https://en.wikipedia.org/wiki/Alternative_investment,en.wikipedia.org,wikipedia_internal,17,Alternative investment,
CASE-0260,Vanguard Blackrock conspiracy,BlackRock,wikipedia_article_links,https://en.wikipedia.org/wiki/Asset_management,en.wikipedia.org,wikipedia_internal,18,Asset management,
CASE-0260,Vanguard Blackrock conspiracy,BlackRock,wikipedia_article_links,"https://en.wikipedia.org/wiki/Environmental,_social,_and_governance",en.wikipedia.org,wikipedia_internal,19,ESG investment,
CASE-0260,Vanguard Blackrock conspiracy,BlackRock,wikipedia_article_links,https://en.wikipedia.org/wiki/Wealth_management,en.wikipedia.org,wikipedia_internal,20,Wealth management,
CASE-0261,Bitcoin created by CIA,Gavin Andresen,wikipedia_search,https://en.wikipedia.org/wiki/Gavin_Andresen,en.wikipedia.org,wikipedia_primary,1,Gavin Andresen,
CASE-0261,Bitcoin created by CIA,Gavin Andresen,wikipedia_article_links,https://en.wikipedia.org/wiki/Web_Summit,en.wikipedia.org,wikipedia_internal,2,Web Summit,
CASE-0261,Bitcoin created by CIA,Gavin Andresen,wikipedia_article_links,https://en.wikipedia.org/wiki/Princeton_University,en.wikipedia.org,wikipedia_internal,3,Princeton University,
CASE-0261,Bitcoin created by CIA,Gavin Andresen,wikipedia_article_links,https://en.wikipedia.org/wiki/Bitcoin,en.wikipedia.org,wikipedia_internal,4,Bitcoin,
CASE-0261,Bitcoin created by CIA,Gavin Andresen,wikipedia_article_links,https://en.wikipedia.org/wiki/Software,en.wikipedia.org,wikipedia_internal,5,software,
CASE-0261,Bitcoin created by CIA,Gavin Andresen,wikipedia_article_links,https://en.wikipedia.org/wiki/Software_developer,en.wikipedia.org,wikipedia_internal,6,software developer,
CASE-0261,Bitcoin created by CIA,Gavin Andresen,wikipedia_article_links,https://en.wikipedia.org/wiki/Reference_implementation,en.wikipedia.org,wikipedia_internal,7,reference implementation,
CASE-0261,Bitcoin created by CIA,Gavin Andresen,wikipedia_article_links,https://en.wikipedia.org/wiki/Client_software,en.wikipedia.org,wikipedia_internal,8,client software,
CASE-0261,Bitcoin created by CIA,Gavin Andresen,wikipedia_article_links,https://en.wikipedia.org/wiki/Bitcoin_Foundation,en.wikipedia.org,wikipedia_internal,9,Bitcoin Foundation,
CASE-0261,Bitcoin created by CIA,Gavin Andresen,wikipedia_article_links,https://en.wikipedia.org/wiki/3D_computer_graphics_software,en.wikipedia.org,wikipedia_internal,10,3D graphics software,
CASE-0261,Bitcoin created by CIA,Gavin Andresen,wikipedia_article_links,https://en.wikipedia.org/wiki/Silicon_Graphics,en.wikipedia.org,wikipedia_internal,11,Silicon Graphics Computer Systems,
CASE-0261,Bitcoin created by CIA,Gavin Andresen,wikipedia_article_links,https://en.wikipedia.org/wiki/VRML,en.wikipedia.org,wikipedia_internal,12,VRML,
CASE-0261,Bitcoin created by CIA,Gavin Andresen,wikipedia_article_links,https://en.wikipedia.org/wiki/Escrow,en.wikipedia.org,wikipedia_internal,13,escrow,
CASE-0261,Bitcoin created by CIA,Gavin Andresen,wikipedia_article_links,https://en.wikipedia.org/wiki/Bitcoin_faucet,en.wikipedia.org,wikipedia_internal,14,The Bitcoin Faucet,
CASE-0261,Bitcoin created by CIA,Gavin Andresen,wikipedia_article_links,https://en.wikipedia.org/wiki/Satoshi_Nakamoto,en.wikipedia.org,wikipedia_internal,15,Satoshi Nakamoto,
CASE-0261,Bitcoin created by CIA,Gavin Andresen,wikipedia_article_links,https://en.wikipedia.org/wiki/SourceForge,en.wikipedia.org,wikipedia_internal,16,SourceForge,
CASE-0261,Bitcoin created by CIA,Gavin Andresen,wikipedia_article_links,https://en.wikipedia.org/wiki/In-Q-Tel,en.wikipedia.org,wikipedia_internal,17,In-Q-Tel,
CASE-0261,Bitcoin created by CIA,Gavin Andresen,wikipedia_article_links,https://en.wikipedia.org/wiki/Craig_Steven_Wright,en.wikipedia.org,wikipedia_internal,18,Craig Wright,
CASE-0261,Bitcoin created by CIA,Gavin Andresen,wikipedia_article_links,https://en.wikipedia.org/wiki/GitHub,en.wikipedia.org,wikipedia_internal,19,GitHub,
CASE-0261,Bitcoin created by CIA,Gavin Andresen,wikipedia_article_links,https://en.wikipedia.org/wiki/Bitcoin_scalability_problem,en.wikipedia.org,wikipedia_internal,20,network capacity,
CASE-0262,cryptocurrency conspiracy,Cryptocurrency exchange,wikipedia_search,https://en.wikipedia.org/wiki/Cryptocurrency_exchange,en.wikipedia.org,wikipedia_primary,1,Cryptocurrency exchange,
CASE-0262,cryptocurrency conspiracy,Cryptocurrency exchange,wikipedia_article_links,https://en.wikipedia.org/wiki/Cryptocurrencies,en.wikipedia.org,wikipedia_internal,2,cryptocurrencies,
CASE-0262,cryptocurrency conspiracy,Cryptocurrency exchange,wikipedia_article_links,https://en.wikipedia.org/wiki/Digital_currencies,en.wikipedia.org,wikipedia_internal,3,digital currencies,
CASE-0262,cryptocurrency conspiracy,Cryptocurrency exchange,wikipedia_article_links,https://en.wikipedia.org/wiki/Fiat_money,en.wikipedia.org,wikipedia_internal,4,fiat money,
CASE-0262,cryptocurrency conspiracy,Cryptocurrency exchange,wikipedia_article_links,https://en.wikipedia.org/wiki/Market_maker,en.wikipedia.org,wikipedia_internal,5,market maker,
CASE-0262,cryptocurrency conspiracy,Cryptocurrency exchange,wikipedia_article_links,https://en.wikipedia.org/wiki/Bid%E2%80%93ask_spread,en.wikipedia.org,wikipedia_internal,6,bid–ask spreads,
CASE-0262,cryptocurrency conspiracy,Cryptocurrency exchange,wikipedia_article_links,https://en.wikipedia.org/wiki/Cryptocurrency_wallet,en.wikipedia.org,wikipedia_internal,7,cryptocurrency wallets,
CASE-0262,cryptocurrency conspiracy,Cryptocurrency exchange,wikipedia_article_links,https://en.wikipedia.org/wiki/Automated_teller_machine,en.wikipedia.org,wikipedia_internal,8,ATMs,
CASE-0262,cryptocurrency conspiracy,Cryptocurrency exchange,wikipedia_article_links,https://en.wikipedia.org/wiki/Decentralized_exchange,en.wikipedia.org,wikipedia_internal,9,Decentralized exchanges,
CASE-0262,cryptocurrency conspiracy,Cryptocurrency exchange,wikipedia_article_links,https://en.wikipedia.org/wiki/Peer-to-peer,en.wikipedia.org,wikipedia_internal,10,peer-to-peer,
CASE-0262,cryptocurrency conspiracy,Cryptocurrency exchange,wikipedia_article_links,https://en.wikipedia.org/wiki/Cryptocurrency_and_security,en.wikipedia.org,wikipedia_internal,11,security problems,
CASE-0262,cryptocurrency conspiracy,Cryptocurrency exchange,wikipedia_article_links,https://en.wikipedia.org/wiki/Australia,en.wikipedia.org,wikipedia_internal,12,Australian,
CASE-0262,cryptocurrency conspiracy,Cryptocurrency exchange,wikipedia_article_links,https://en.wikipedia.org/wiki/Australian_Securities_and_Investments_Commission,en.wikipedia.org,wikipedia_internal,13,Australian Securities and Investments Commission,
CASE-0262,cryptocurrency conspiracy,Cryptocurrency exchange,wikipedia_article_links,https://en.wikipedia.org/wiki/Australian_Financial_Services_Licence,en.wikipedia.org,wikipedia_internal,14,Australian Financial Services License,
CASE-0262,cryptocurrency conspiracy,Cryptocurrency exchange,wikipedia_article_links,https://en.wikipedia.org/wiki/Gold_Age,en.wikipedia.org,wikipedia_internal,15,Gold Age,
CASE-0262,cryptocurrency conspiracy,Cryptocurrency exchange,wikipedia_article_links,https://en.wikipedia.org/wiki/Arthur_Budovsky,en.wikipedia.org,wikipedia_internal,16,Arthur Budovsky,
CASE-0262,cryptocurrency conspiracy,Cryptocurrency exchange,wikipedia_article_links,https://en.wikipedia.org/wiki/Money_transmitter,en.wikipedia.org,wikipedia_internal,17,transmitting money without a license,
CASE-0262,cryptocurrency conspiracy,Cryptocurrency exchange,wikipedia_article_links,https://en.wikipedia.org/wiki/E-Gold,en.wikipedia.org,wikipedia_internal,18,E-Gold,
CASE-0262,cryptocurrency conspiracy,Cryptocurrency exchange,wikipedia_article_links,https://en.wikipedia.org/wiki/1MDC,en.wikipedia.org,wikipedia_internal,19,1MDC,
CASE-0262,cryptocurrency conspiracy,Cryptocurrency exchange,wikipedia_article_links,https://en.wikipedia.org/wiki/Digital_gold_currency,en.wikipedia.org,wikipedia_internal,20,Digital Gold Currency,
CASE-0263,petrodollar conspiracy,Petrodollar recycling,wikipedia_search,https://en.wikipedia.org/wiki/Petrodollar_recycling,en.wikipedia.org,wikipedia_primary,1,Petrodollar recycling,
CASE-0263,petrodollar conspiracy,Petrodollar recycling,wikipedia_article_links,https://en.wikipedia.org/wiki/Petrocurrency,en.wikipedia.org,wikipedia_internal,2,Petrocurrency,
CASE-0263,petrodollar conspiracy,Petrodollar recycling,wikipedia_article_links,https://en.wikipedia.org/wiki/Petroleum,en.wikipedia.org,wikipedia_internal,3,petroleum,
CASE-0263,petrodollar conspiracy,Petrodollar recycling,wikipedia_article_links,https://en.wikipedia.org/wiki/List_of_countries_by_oil_exports,en.wikipedia.org,wikipedia_internal,4,petroleum-exporting states,
CASE-0263,petrodollar conspiracy,Petrodollar recycling,wikipedia_article_links,https://en.wikipedia.org/wiki/OPEC#Membership,en.wikipedia.org,wikipedia_internal,5,OPEC members,
CASE-0263,petrodollar conspiracy,Petrodollar recycling,wikipedia_article_links,https://en.wikipedia.org/wiki/U.S._dollars,en.wikipedia.org,wikipedia_internal,6,U.S. dollars,
CASE-0263,petrodollar conspiracy,Petrodollar recycling,wikipedia_article_links,https://en.wikipedia.org/wiki/Currency_peg,en.wikipedia.org,wikipedia_internal,7,pegged,
CASE-0263,petrodollar conspiracy,Petrodollar recycling,wikipedia_article_links,https://en.wikipedia.org/wiki/Global_finance,en.wikipedia.org,wikipedia_internal,8,global finance,
CASE-0263,petrodollar conspiracy,Petrodollar recycling,wikipedia_article_links,https://en.wikipedia.org/wiki/Petroleum_politics,en.wikipedia.org,wikipedia_internal,9,petroleum politics,
CASE-0263,petrodollar conspiracy,Petrodollar recycling,wikipedia_article_links,https://en.wikipedia.org/wiki/Price_of_oil,en.wikipedia.org,wikipedia_internal,10,price of oil,
CASE-0263,petrodollar conspiracy,Petrodollar recycling,wikipedia_article_links,https://en.wikipedia.org/wiki/OPEC_oil_crisis,en.wikipedia.org,wikipedia_internal,11,oil crisis,
CASE-0263,petrodollar conspiracy,Petrodollar recycling,wikipedia_article_links,https://en.wikipedia.org/wiki/1970s_energy_crisis,en.wikipedia.org,wikipedia_internal,12,1974–1981,
CASE-0263,petrodollar conspiracy,Petrodollar recycling,wikipedia_article_links,https://en.wikipedia.org/wiki/2000s_energy_crisis,en.wikipedia.org,wikipedia_internal,13,2005–2014,
CASE-0263,petrodollar conspiracy,Petrodollar recycling,wikipedia_article_links,https://en.wikipedia.org/wiki/Ibrahim_Oweiss,en.wikipedia.org,wikipedia_internal,14,Ibrahim Oweiss,
CASE-0263,petrodollar conspiracy,Petrodollar recycling,wikipedia_article_links,https://en.wikipedia.org/wiki/U.S._Secretary_of_Commerce,en.wikipedia.org,wikipedia_internal,15,U.S. Secretary of Commerce,
CASE-0263,petrodollar conspiracy,Petrodollar recycling,wikipedia_article_links,https://en.wikipedia.org/wiki/Peter_G._Peterson,en.wikipedia.org,wikipedia_internal,16,Peter G. Peterson,
CASE-0263,petrodollar conspiracy,Petrodollar recycling,wikipedia_article_links,https://en.wikipedia.org/wiki/International_Monetary_Fund,en.wikipedia.org,wikipedia_internal,17,International Monetary Fund,
CASE-0263,petrodollar conspiracy,Petrodollar recycling,wikipedia_article_links,https://en.wikipedia.org/wiki/Industrialization,en.wikipedia.org,wikipedia_internal,18,industrialization,
CASE-0263,petrodollar conspiracy,Petrodollar recycling,wikipedia_article_links,https://en.wikipedia.org/wiki/American_imperialism,en.wikipedia.org,wikipedia_internal,19,American imperialism,
CASE-0263,petrodollar conspiracy,Petrodollar recycling,wikipedia_article_links,https://en.wikipedia.org/wiki/1973%E2%80%9375_recession,en.wikipedia.org,wikipedia_internal,20,recessionary,
CASE-0264,Nixon gold standard,Nixon shock,wikipedia_search,https://en.wikipedia.org/wiki/Nixon_shock,en.wikipedia.org,wikipedia_primary,1,Nixon shock,
CASE-0264,Nixon gold standard,Nixon shock,wikipedia_article_links,https://en.wikipedia.org/wiki/White_House,en.wikipedia.org,wikipedia_internal,2,White House,
CASE-0264,Nixon gold standard,Nixon shock,wikipedia_article_links,https://en.wikipedia.org/wiki/Bretton_Woods_Agreement,en.wikipedia.org,wikipedia_internal,3,Bretton Woods Agreement,
CASE-0264,Nixon gold standard,Nixon shock,wikipedia_article_links,https://en.wikipedia.org/wiki/Economics,en.wikipedia.org,wikipedia_internal,4,Economics,
CASE-0264,Nixon gold standard,Nixon shock,wikipedia_article_links,https://en.wikipedia.org/wiki/Outline_of_economics,en.wikipedia.org,wikipedia_internal,5,Outline,
CASE-0264,Nixon gold standard,Nixon shock,wikipedia_article_links,https://en.wikipedia.org/wiki/Index_of_economics_articles,en.wikipedia.org,wikipedia_internal,6,Index,
CASE-0264,Nixon gold standard,Nixon shock,wikipedia_article_links,https://en.wikipedia.org/wiki/Glossary_of_economics,en.wikipedia.org,wikipedia_internal,7,Glossary,
CASE-0264,Nixon gold standard,Nixon shock,wikipedia_article_links,https://en.wikipedia.org/wiki/Economic_methodology,en.wikipedia.org,wikipedia_internal,8,methodology,
CASE-0264,Nixon gold standard,Nixon shock,wikipedia_article_links,https://en.wikipedia.org/wiki/Theoretical_economics,en.wikipedia.org,wikipedia_internal,9,Economic theory,
CASE-0264,Nixon gold standard,Nixon shock,wikipedia_article_links,https://en.wikipedia.org/wiki/Mathematical_model,en.wikipedia.org,wikipedia_internal,10,Mathematical modeling,
CASE-0264,Nixon gold standard,Nixon shock,wikipedia_article_links,https://en.wikipedia.org/wiki/Game_theory,en.wikipedia.org,wikipedia_internal,11,Game theory,
CASE-0264,Nixon gold standard,Nixon shock,wikipedia_article_links,https://en.wikipedia.org/wiki/Rational_agent_model,en.wikipedia.org,wikipedia_internal,12,Rational choice,
CASE-0264,Nixon gold standard,Nixon shock,wikipedia_article_links,https://en.wikipedia.org/wiki/Cognitive_science,en.wikipedia.org,wikipedia_internal,13,Cognitive science,
CASE-0264,Nixon gold standard,Nixon shock,wikipedia_article_links,https://en.wikipedia.org/wiki/Behavioral_economics,en.wikipedia.org,wikipedia_internal,14,Behavioral,
CASE-0264,Nixon gold standard,Nixon shock,wikipedia_article_links,https://en.wikipedia.org/wiki/Economic_equilibrium,en.wikipedia.org,wikipedia_internal,15,Economic equilibrium,
CASE-0264,Nixon gold standard,Nixon shock,wikipedia_article_links,https://en.wikipedia.org/wiki/Empirical_research,en.wikipedia.org,wikipedia_internal,16,Empirical,
CASE-0264,Nixon gold standard,Nixon shock,wikipedia_article_links,https://en.wikipedia.org/wiki/Experimental_economics,en.wikipedia.org,wikipedia_internal,17,Experimental,
CASE-0264,Nixon gold standard,Nixon shock,wikipedia_article_links,https://en.wikipedia.org/wiki/Econometrics,en.wikipedia.org,wikipedia_internal,18,Econometrics,
CASE-0264,Nixon gold standard,Nixon shock,wikipedia_article_links,https://en.wikipedia.org/wiki/Time_series_econometrics,en.wikipedia.org,wikipedia_internal,19,Time series,
CASE-0264,Nixon gold standard,Nixon shock,wikipedia_article_links,https://en.wikipedia.org/wiki/Spatial_econometrics,en.wikipedia.org,wikipedia_internal,20,Spatial,
CASE-0265,PPT Plunge Protection Team,Working Group on Financial Markets,wikipedia_search,https://en.wikipedia.org/wiki/Working_Group_on_Financial_Markets,en.wikipedia.org,wikipedia_primary,1,Working Group on Financial Markets,
CASE-0265,PPT Plunge Protection Team,Working Group on Financial Markets,wikipedia_article_links,https://en.wikipedia.org/wiki/Executive_order_(United_States),en.wikipedia.org,wikipedia_internal,2,Executive Order,
CASE-0265,PPT Plunge Protection Team,Working Group on Financial Markets,wikipedia_article_links,https://en.wikipedia.org/wiki/United_States,en.wikipedia.org,wikipedia_internal,3,United States,
CASE-0265,PPT Plunge Protection Team,Working Group on Financial Markets,wikipedia_article_links,https://en.wikipedia.org/wiki/President_of_the_United_States,en.wikipedia.org,wikipedia_internal,4,President,
CASE-0265,PPT Plunge Protection Team,Working Group on Financial Markets,wikipedia_article_links,https://en.wikipedia.org/wiki/Ronald_Reagan,en.wikipedia.org,wikipedia_internal,5,Ronald Reagan,
CASE-0265,PPT Plunge Protection Team,Working Group on Financial Markets,wikipedia_article_links,https://en.wikipedia.org/wiki/Black_Monday_(1987),en.wikipedia.org,wikipedia_internal,6,"October 19, 1987",
CASE-0265,PPT Plunge Protection Team,Working Group on Financial Markets,wikipedia_article_links,https://en.wikipedia.org/wiki/United_States_Secretary_of_the_Treasury,en.wikipedia.org,wikipedia_internal,7,Secretary of the Treasury,
CASE-0265,PPT Plunge Protection Team,Working Group on Financial Markets,wikipedia_article_links,https://en.wikipedia.org/wiki/Board_of_Governors_of_the_Federal_Reserve_System,en.wikipedia.org,wikipedia_internal,8,Board of Governors of the Federal Reserve System,
CASE-0265,PPT Plunge Protection Team,Working Group on Financial Markets,wikipedia_article_links,https://en.wikipedia.org/wiki/Securities_and_Exchange_Commission,en.wikipedia.org,wikipedia_internal,9,Securities and Exchange Commission,
CASE-0265,PPT Plunge Protection Team,Working Group on Financial Markets,wikipedia_article_links,https://en.wikipedia.org/wiki/Commodity_Futures_Trading_Commission,en.wikipedia.org,wikipedia_internal,10,Commodity Futures Trading Commission,
CASE-0265,PPT Plunge Protection Team,Working Group on Financial Markets,wikipedia_article_links,https://en.wikipedia.org/wiki/The_Washington_Post,en.wikipedia.org,wikipedia_internal,11,The Washington Post,
CASE-0265,PPT Plunge Protection Team,Working Group on Financial Markets,wikipedia_article_links,https://en.wikipedia.org/wiki/Stock_market,en.wikipedia.org,wikipedia_internal,12,stock markets,
CASE-0265,PPT Plunge Protection Team,Working Group on Financial Markets,wikipedia_article_links,https://en.wikipedia.org/wiki/The_Observer,en.wikipedia.org,wikipedia_internal,13,The Observer,
CASE-0265,PPT Plunge Protection Team,Working Group on Financial Markets,wikipedia_article_links,https://en.wikipedia.org/wiki/The_Daily_Telegraph,en.wikipedia.org,wikipedia_internal,14,The Daily Telegraph,
CASE-0265,PPT Plunge Protection Team,Working Group on Financial Markets,wikipedia_article_links,https://en.wikipedia.org/wiki/Ron_Paul,en.wikipedia.org,wikipedia_internal,15,Ron Paul,
CASE-0265,PPT Plunge Protection Team,Working Group on Financial Markets,wikipedia_article_links,https://en.wikipedia.org/wiki/Kevin_Phillips_(political_commentator),en.wikipedia.org,wikipedia_internal,16,Kevin Phillips,
CASE-0265,PPT Plunge Protection Team,Working Group on Financial Markets,wikipedia_article_links,https://en.wikipedia.org/wiki/John_Crudele,en.wikipedia.org,wikipedia_internal,17,John Crudele,
CASE-0265,PPT Plunge Protection Team,Working Group on Financial Markets,wikipedia_article_links,https://en.wikipedia.org/wiki/Charles_Biderman,en.wikipedia.org,wikipedia_internal,18,Charles Biderman,
CASE-0265,PPT Plunge Protection Team,Working Group on Financial Markets,wikipedia_article_links,https://en.wikipedia.org/wiki/TrimTabs_Investment_Research,en.wikipedia.org,wikipedia_internal,19,TrimTabs Investment Research,
CASE-0265,PPT Plunge Protection Team,Working Group on Financial Markets,wikipedia_article_links,https://en.wikipedia.org/wiki/Stock_market_index,en.wikipedia.org,wikipedia_internal,20,stock market index,
CASE-0266,Exchange Stabilization Fund,Exchange Stabilization Fund,wikipedia_search,https://en.wikipedia.org/wiki/Exchange_Stabilization_Fund,en.wikipedia.org,wikipedia_primary,1,Exchange Stabilization Fund,
CASE-0266,Exchange Stabilization Fund,Exchange Stabilization Fund,wikipedia_article_links,https://en.wikipedia.org/wiki/United_States_Treasury_Department,en.wikipedia.org,wikipedia_internal,2,United States Treasury Department,
CASE-0266,Exchange Stabilization Fund,Exchange Stabilization Fund,wikipedia_article_links,https://en.wikipedia.org/wiki/Foreign_exchange_intervention,en.wikipedia.org,wikipedia_internal,3,foreign exchange intervention,
CASE-0266,Exchange Stabilization Fund,Exchange Stabilization Fund,wikipedia_article_links,https://en.wikipedia.org/wiki/Central_bank,en.wikipedia.org,wikipedia_internal,4,central bank,
CASE-0266,Exchange Stabilization Fund,Exchange Stabilization Fund,wikipedia_article_links,https://en.wikipedia.org/wiki/Exchange_rate,en.wikipedia.org,wikipedia_internal,5,exchange rates,
CASE-0266,Exchange Stabilization Fund,Exchange Stabilization Fund,wikipedia_article_links,https://en.wikipedia.org/wiki/Money_supply,en.wikipedia.org,wikipedia_internal,6,money supply,
CASE-0266,Exchange Stabilization Fund,Exchange Stabilization Fund,wikipedia_article_links,https://en.wikipedia.org/wiki/Special_drawing_rights,en.wikipedia.org,wikipedia_internal,7,special drawing rights,
CASE-0266,Exchange Stabilization Fund,Exchange Stabilization Fund,wikipedia_article_links,https://en.wikipedia.org/wiki/International_Monetary_Fund,en.wikipedia.org,wikipedia_internal,8,International Monetary Fund,
CASE-0266,Exchange Stabilization Fund,Exchange Stabilization Fund,wikipedia_article_links,https://en.wikipedia.org/wiki/Gold_Reserve_Act,en.wikipedia.org,wikipedia_internal,9,Gold Reserve Act,
CASE-0266,Exchange Stabilization Fund,Exchange Stabilization Fund,wikipedia_article_links,https://en.wikipedia.org/wiki/Exchange_Equalisation_Account,en.wikipedia.org,wikipedia_internal,10,Exchange Equalisation Account,
CASE-0266,Exchange Stabilization Fund,Exchange Stabilization Fund,wikipedia_article_links,https://en.wikipedia.org/wiki/Archie_Lochhead,en.wikipedia.org,wikipedia_internal,11,Archie Lochhead,
CASE-0266,Exchange Stabilization Fund,Exchange Stabilization Fund,wikipedia_article_links,https://en.wikipedia.org/wiki/Bretton_Woods_system,en.wikipedia.org,wikipedia_internal,12,Bretton Woods,
CASE-0266,Exchange Stabilization Fund,Exchange Stabilization Fund,wikipedia_article_links,https://en.wikipedia.org/wiki/Federal_Reserve_Note,en.wikipedia.org,wikipedia_internal,13,Federal Reserve Notes,
CASE-0266,Exchange Stabilization Fund,Exchange Stabilization Fund,wikipedia_article_links,https://en.wikipedia.org/wiki/Gold_standard,en.wikipedia.org,wikipedia_internal,14,gold standard,
CASE-0266,Exchange Stabilization Fund,Exchange Stabilization Fund,wikipedia_article_links,https://en.wikipedia.org/wiki/Tripartite_Agreement_of_1936,en.wikipedia.org,wikipedia_internal,15,Tripartite Agreement of 1936,
CASE-0266,Exchange Stabilization Fund,Exchange Stabilization Fund,wikipedia_article_links,https://en.wikipedia.org/wiki/United_States_debt_ceiling,en.wikipedia.org,wikipedia_internal,16,debt ceiling,
CASE-0266,Exchange Stabilization Fund,Exchange Stabilization Fund,wikipedia_article_links,https://en.wikipedia.org/wiki/John_F._Kennedy,en.wikipedia.org,wikipedia_internal,17,John F. Kennedy,
CASE-0266,Exchange Stabilization Fund,Exchange Stabilization Fund,wikipedia_article_links,https://en.wikipedia.org/wiki/Nixon_shock,en.wikipedia.org,wikipedia_internal,18,Nixon shock,
CASE-0266,Exchange Stabilization Fund,Exchange Stabilization Fund,wikipedia_article_links,https://en.wikipedia.org/wiki/1994_economic_crisis_in_Mexico,en.wikipedia.org,wikipedia_internal,19,1994 economic crisis in Mexico,
CASE-0266,Exchange Stabilization Fund,Exchange Stabilization Fund,wikipedia_article_links,https://en.wikipedia.org/wiki/Bill_Clinton,en.wikipedia.org,wikipedia_internal,20,President Clinton,
CASE-0267,quantitative easing conspiracy,Currency war,wikipedia_search,https://en.wikipedia.org/wiki/Currency_war,en.wikipedia.org,wikipedia_primary,1,Currency war,
CASE-0267,quantitative easing conspiracy,Currency war,wikipedia_article_links,https://en.wikipedia.org/wiki/Guido_Mantega,en.wikipedia.org,wikipedia_internal,2,Guido Mantega,
CASE-0267,quantitative easing conspiracy,Currency war,wikipedia_article_links,https://en.wikipedia.org/wiki/International_relations,en.wikipedia.org,wikipedia_internal,3,international affairs,
CASE-0267,quantitative easing conspiracy,Currency war,wikipedia_article_links,https://en.wikipedia.org/wiki/Exchange_rate,en.wikipedia.org,wikipedia_internal,4,exchange rate,
CASE-0267,quantitative easing conspiracy,Currency war,wikipedia_article_links,https://en.wikipedia.org/wiki/Currency,en.wikipedia.org,wikipedia_internal,5,currency,
CASE-0267,quantitative easing conspiracy,Currency war,wikipedia_article_links,https://en.wikipedia.org/wiki/Purchasing_power,en.wikipedia.org,wikipedia_internal,6,purchasing power,
CASE-0267,quantitative easing conspiracy,Currency war,wikipedia_article_links,https://en.wikipedia.org/wiki/International_trade,en.wikipedia.org,wikipedia_internal,7,international trade,
CASE-0267,quantitative easing conspiracy,Currency war,wikipedia_article_links,https://en.wikipedia.org/wiki/Gold_standard,en.wikipedia.org,wikipedia_internal,8,gold standard,
CASE-0267,quantitative easing conspiracy,Currency war,wikipedia_article_links,https://en.wikipedia.org/wiki/Great_Depression,en.wikipedia.org,wikipedia_internal,9,Great Depression,
CASE-0267,quantitative easing conspiracy,Currency war,wikipedia_article_links,https://en.wikipedia.org/wiki/Capital_controls,en.wikipedia.org,wikipedia_internal,10,capital controls,
CASE-0267,quantitative easing conspiracy,Currency war,wikipedia_article_links,https://en.wikipedia.org/wiki/Quantitative_easing,en.wikipedia.org,wikipedia_internal,11,quantitative easing,
CASE-0267,quantitative easing conspiracy,Currency war,wikipedia_article_links,https://en.wikipedia.org/wiki/Chinese_yuan,en.wikipedia.org,wikipedia_internal,12,yuan,
CASE-0267,quantitative easing conspiracy,Currency war,wikipedia_article_links,https://en.wikipedia.org/wiki/G7,en.wikipedia.org,wikipedia_internal,13,G7,
CASE-0267,quantitative easing conspiracy,Currency war,wikipedia_article_links,https://en.wikipedia.org/wiki/G20,en.wikipedia.org,wikipedia_internal,14,G20,
CASE-0267,quantitative easing conspiracy,Currency war,wikipedia_article_links,https://en.wikipedia.org/wiki/European_Central_Bank,en.wikipedia.org,wikipedia_internal,15,European Central Bank,
CASE-0267,quantitative easing conspiracy,Currency war,wikipedia_article_links,https://en.wikipedia.org/wiki/Currency_intervention,en.wikipedia.org,wikipedia_internal,16,intervention in the foreign exchange market,
CASE-0267,quantitative easing conspiracy,Currency war,wikipedia_article_links,https://en.wikipedia.org/wiki/Balance_of_trade,en.wikipedia.org,wikipedia_internal,17,balance of trade,
CASE-0267,quantitative easing conspiracy,Currency war,wikipedia_article_links,https://en.wikipedia.org/wiki/Cumulativity,en.wikipedia.org,wikipedia_internal,18,Cumulative,
CASE-0267,quantitative easing conspiracy,Currency war,wikipedia_article_links,https://en.wikipedia.org/wiki/Current_account_(balance_of_payments),en.wikipedia.org,wikipedia_internal,19,current account,
CASE-0267,quantitative easing conspiracy,Currency war,wikipedia_article_links,https://en.wikipedia.org/wiki/International_Monetary_Fund,en.wikipedia.org,wikipedia_internal,20,International Monetary Fund,
CASE-0268,Wall Street bailout conspiracy,Effects of the 2008–2010 automotive industry crisis on the United States,wikipedia_search,https://en.wikipedia.org/wiki/Effects_of_the_2008%E2%80%932010_automotive_industry_crisis_on_the_United_States,en.wikipedia.org,wikipedia_primary,1,Effects of the 2008–2010 automotive industry crisis on the United States,
CASE-0268,Wall Street bailout conspiracy,Effects of the 2008–2010 automotive industry crisis on the United States,wikipedia_article_links,https://en.wikipedia.org/wiki/2008%E2%80%932010_automotive_industry_crisis,en.wikipedia.org,wikipedia_internal,2,2008–2010 automotive industry crisis,
CASE-0268,Wall Street bailout conspiracy,Effects of the 2008–2010 automotive industry crisis on the United States,wikipedia_article_links,https://en.wikipedia.org/wiki/Automobile_dealership,en.wikipedia.org,wikipedia_internal,3,automobile dealership,
CASE-0268,Wall Street bailout conspiracy,Effects of the 2008–2010 automotive industry crisis on the United States,wikipedia_article_links,"https://en.wikipedia.org/wiki/Orland,_California",en.wikipedia.org,wikipedia_internal,4,"Orland, California",
CASE-0268,Wall Street bailout conspiracy,Effects of the 2008–2010 automotive industry crisis on the United States,wikipedia_article_links,https://en.wikipedia.org/wiki/General_Motors,en.wikipedia.org,wikipedia_internal,5,General Motors,
CASE-0268,Wall Street bailout conspiracy,Effects of the 2008–2010 automotive industry crisis on the United States,wikipedia_article_links,https://en.wikipedia.org/wiki/Chapter_11,en.wikipedia.org,wikipedia_internal,6,Chapter 11,
CASE-0268,Wall Street bailout conspiracy,Effects of the 2008–2010 automotive industry crisis on the United States,wikipedia_article_links,https://en.wikipedia.org/wiki/Late_2000s_recession,en.wikipedia.org,wikipedia_internal,7,recession,
CASE-0268,Wall Street bailout conspiracy,Effects of the 2008–2010 automotive industry crisis on the United States,wikipedia_article_links,https://en.wikipedia.org/wiki/Economy_of_the_United_States,en.wikipedia.org,wikipedia_internal,8,economy of the United States,
CASE-0268,Wall Street bailout conspiracy,Effects of the 2008–2010 automotive industry crisis on the United States,wikipedia_article_links,https://en.wikipedia.org/wiki/Automotive_industry_crisis_of_2008%E2%80%932009,en.wikipedia.org,wikipedia_internal,9,crisis,
CASE-0268,Wall Street bailout conspiracy,Effects of the 2008–2010 automotive industry crisis on the United States,wikipedia_article_links,https://en.wikipedia.org/wiki/Automobile_industry_in_the_United_States,en.wikipedia.org,wikipedia_internal,10,United States auto industry,
CASE-0268,Wall Street bailout conspiracy,Effects of the 2008–2010 automotive industry crisis on the United States,wikipedia_article_links,https://en.wikipedia.org/wiki/Big_Three_(automobile_manufacturers),en.wikipedia.org,wikipedia_internal,11,Big Three,
CASE-0268,Wall Street bailout conspiracy,Effects of the 2008–2010 automotive industry crisis on the United States,wikipedia_article_links,https://en.wikipedia.org/wiki/Chrysler,en.wikipedia.org,wikipedia_internal,12,Chrysler,
CASE-0268,Wall Street bailout conspiracy,Effects of the 2008–2010 automotive industry crisis on the United States,wikipedia_article_links,https://en.wikipedia.org/wiki/Manufacturing_sector,en.wikipedia.org,wikipedia_internal,13,manufacturing sector,
CASE-0268,Wall Street bailout conspiracy,Effects of the 2008–2010 automotive industry crisis on the United States,wikipedia_article_links,https://en.wikipedia.org/wiki/United_States_government,en.wikipedia.org,wikipedia_internal,14,U.S.,
CASE-0268,Wall Street bailout conspiracy,Effects of the 2008–2010 automotive industry crisis on the United States,wikipedia_article_links,https://en.wikipedia.org/wiki/Government_of_Canada,en.wikipedia.org,wikipedia_internal,15,Canadian,
CASE-0268,Wall Street bailout conspiracy,Effects of the 2008–2010 automotive industry crisis on the United States,wikipedia_article_links,https://en.wikipedia.org/wiki/Bailout,en.wikipedia.org,wikipedia_internal,16,bailout,
CASE-0268,Wall Street bailout conspiracy,Effects of the 2008–2010 automotive industry crisis on the United States,wikipedia_article_links,https://en.wikipedia.org/wiki/Chapter_11_bankruptcy,en.wikipedia.org,wikipedia_internal,17,Chapter 11 bankruptcy,
CASE-0268,Wall Street bailout conspiracy,Effects of the 2008–2010 automotive industry crisis on the United States,wikipedia_article_links,https://en.wikipedia.org/wiki/United_States_Treasury,en.wikipedia.org,wikipedia_internal,18,United States Treasury,
CASE-0268,Wall Street bailout conspiracy,Effects of the 2008–2010 automotive industry crisis on the United States,wikipedia_article_links,https://en.wikipedia.org/wiki/United_Auto_Workers,en.wikipedia.org,wikipedia_internal,19,United Auto Workers,
CASE-0268,Wall Street bailout conspiracy,Effects of the 2008–2010 automotive industry crisis on the United States,wikipedia_article_links,https://en.wikipedia.org/wiki/Fiat_S.p.A.,en.wikipedia.org,wikipedia_internal,20,Fiat S.p.A.,
CASE-0269,GameStop conspiracy,GameStop short squeeze,wikipedia_search,https://en.wikipedia.org/wiki/GameStop_short_squeeze,en.wikipedia.org,wikipedia_primary,1,GameStop short squeeze,
CASE-0269,GameStop conspiracy,GameStop short squeeze,wikipedia_article_links,https://en.wikipedia.org/wiki/Closing_price,en.wikipedia.org,wikipedia_internal,2,Closing price,
CASE-0269,GameStop conspiracy,GameStop short squeeze,wikipedia_article_links,https://en.wikipedia.org/wiki/Trade_volume,en.wikipedia.org,wikipedia_internal,3,trade volume,
CASE-0269,GameStop conspiracy,GameStop short squeeze,wikipedia_article_links,https://en.wikipedia.org/wiki/GameStop,en.wikipedia.org,wikipedia_internal,4,GameStop Corp.,
CASE-0269,GameStop conspiracy,GameStop short squeeze,wikipedia_article_links,https://en.wikipedia.org/wiki/Short_squeeze,en.wikipedia.org,wikipedia_internal,5,short squeeze,
CASE-0269,GameStop conspiracy,GameStop short squeeze,wikipedia_article_links,https://en.wikipedia.org/wiki/Stock,en.wikipedia.org,wikipedia_internal,6,stock,
CASE-0269,GameStop conspiracy,GameStop short squeeze,wikipedia_article_links,https://en.wikipedia.org/wiki/Security_(finance),en.wikipedia.org,wikipedia_internal,7,securities,
CASE-0269,GameStop conspiracy,GameStop short squeeze,wikipedia_article_links,https://en.wikipedia.org/wiki/Hedge_fund,en.wikipedia.org,wikipedia_internal,8,hedge funds,
CASE-0269,GameStop conspiracy,GameStop short squeeze,wikipedia_article_links,https://en.wikipedia.org/wiki/Short_(finance),en.wikipedia.org,wikipedia_internal,9,short sellers,
CASE-0269,GameStop conspiracy,GameStop short squeeze,wikipedia_article_links,https://en.wikipedia.org/wiki/Public_float,en.wikipedia.org,wikipedia_internal,10,public float,
CASE-0269,GameStop conspiracy,GameStop short squeeze,wikipedia_article_links,https://en.wikipedia.org/wiki/Subreddit,en.wikipedia.org,wikipedia_internal,11,subreddit,
CASE-0269,GameStop conspiracy,GameStop short squeeze,wikipedia_article_links,https://en.wikipedia.org/wiki/R/wallstreetbets,en.wikipedia.org,wikipedia_internal,12,r/wallstreetbets,
CASE-0269,GameStop conspiracy,GameStop short squeeze,wikipedia_article_links,https://en.wikipedia.org/wiki/Internet_forum,en.wikipedia.org,wikipedia_internal,13,Internet forum,
CASE-0269,GameStop conspiracy,GameStop short squeeze,wikipedia_article_links,https://en.wikipedia.org/wiki/Social_news_website,en.wikipedia.org,wikipedia_internal,14,social news website,
CASE-0269,GameStop conspiracy,GameStop short squeeze,wikipedia_article_links,https://en.wikipedia.org/wiki/Reddit,en.wikipedia.org,wikipedia_internal,15,Reddit,
CASE-0269,GameStop conspiracy,GameStop short squeeze,wikipedia_article_links,https://en.wikipedia.org/wiki/Pre-market_and_after-hours_trading,en.wikipedia.org,wikipedia_internal,16,pre-market value,
CASE-0269,GameStop conspiracy,GameStop short squeeze,wikipedia_article_links,https://en.wikipedia.org/wiki/United_States_dollar,en.wikipedia.org,wikipedia_internal,17,US$,
CASE-0269,GameStop conspiracy,GameStop short squeeze,wikipedia_article_links,https://en.wikipedia.org/wiki/Share_(finance),en.wikipedia.org,wikipedia_internal,18,share,
CASE-0269,GameStop conspiracy,GameStop short squeeze,wikipedia_article_links,https://en.wikipedia.org/wiki/Cryptocurrencies,en.wikipedia.org,wikipedia_internal,19,cryptocurrencies,
CASE-0269,GameStop conspiracy,GameStop short squeeze,wikipedia_article_links,https://en.wikipedia.org/wiki/Brokerages,en.wikipedia.org,wikipedia_internal,20,brokerages,
CASE-0270,dark pools conspiracy,Vampire: The Masquerade,wikipedia_search,https://en.wikipedia.org/wiki/Vampire%3A_The_Masquerade,en.wikipedia.org,wikipedia_primary,1,Vampire: The Masquerade,
CASE-0270,dark pools conspiracy,Vampire: The Masquerade,wikipedia_article_links,https://en.wikipedia.org/wiki/Game_designer,en.wikipedia.org,wikipedia_internal,2,Designers,
CASE-0270,dark pools conspiracy,Vampire: The Masquerade,wikipedia_article_links,https://en.wikipedia.org/wiki/Mark_Rein-Hagen,en.wikipedia.org,wikipedia_internal,3,Mark Rein-Hagen,
CASE-0270,dark pools conspiracy,Vampire: The Masquerade,wikipedia_article_links,https://en.wikipedia.org/wiki/Graeme_Davis_(game_designer),en.wikipedia.org,wikipedia_internal,4,Graeme Davis,
CASE-0270,dark pools conspiracy,Vampire: The Masquerade,wikipedia_article_links,https://en.wikipedia.org/wiki/Tom_Dowd_(game_designer),en.wikipedia.org,wikipedia_internal,5,Tom Dowd,
CASE-0270,dark pools conspiracy,Vampire: The Masquerade,wikipedia_article_links,https://en.wikipedia.org/wiki/Lisa_Stevens,en.wikipedia.org,wikipedia_internal,6,Lisa Stevens,
CASE-0270,dark pools conspiracy,Vampire: The Masquerade,wikipedia_article_links,https://en.wikipedia.org/wiki/Stewart_Wieck,en.wikipedia.org,wikipedia_internal,7,Stewart Wieck,
CASE-0270,dark pools conspiracy,Vampire: The Masquerade,wikipedia_article_links,https://en.wikipedia.org/wiki/White_Wolf_Publishing,en.wikipedia.org,wikipedia_internal,8,White Wolf Publishing,
CASE-0270,dark pools conspiracy,Vampire: The Masquerade,wikipedia_article_links,https://en.wikipedia.org/wiki/Onyx_Path_Publishing,en.wikipedia.org,wikipedia_internal,9,Onyx Path Publishing,
CASE-0270,dark pools conspiracy,Vampire: The Masquerade,wikipedia_article_links,https://en.wikipedia.org/wiki/Modiphius_Entertainment,en.wikipedia.org,wikipedia_internal,10,Modiphius Entertainment,
CASE-0270,dark pools conspiracy,Vampire: The Masquerade,wikipedia_article_links,https://en.wikipedia.org/wiki/Renegade_Game_Studios,en.wikipedia.org,wikipedia_internal,11,Renegade Game Studios,
CASE-0270,dark pools conspiracy,Vampire: The Masquerade,wikipedia_article_links,https://en.wikipedia.org/wiki/Horror_fiction,en.wikipedia.org,wikipedia_internal,12,horror,
CASE-0270,dark pools conspiracy,Vampire: The Masquerade,wikipedia_article_links,https://en.wikipedia.org/wiki/Storyteller_System,en.wikipedia.org,wikipedia_internal,13,Storyteller System,
CASE-0270,dark pools conspiracy,Vampire: The Masquerade,wikipedia_article_links,https://en.wikipedia.org/wiki/World_of_Darkness,en.wikipedia.org,wikipedia_internal,14,World of Darkness,
CASE-0270,dark pools conspiracy,Vampire: The Masquerade,wikipedia_article_links,https://en.wikipedia.org/wiki/Tabletop_role-playing_game,en.wikipedia.org,wikipedia_internal,15,tabletop role-playing game,
CASE-0270,dark pools conspiracy,Vampire: The Masquerade,wikipedia_article_links,https://en.wikipedia.org/wiki/Vampire,en.wikipedia.org,wikipedia_internal,16,vampires,
CASE-0270,dark pools conspiracy,Vampire: The Masquerade,wikipedia_article_links,https://en.wikipedia.org/wiki/Live-action_role-playing_game,en.wikipedia.org,wikipedia_internal,17,live-action role-playing games,
CASE-0270,dark pools conspiracy,Vampire: The Masquerade,wikipedia_article_links,https://en.wikipedia.org/wiki/Mind%27s_Eye_Theatre,en.wikipedia.org,wikipedia_internal,18,Mind's Eye Theatre,
CASE-0270,dark pools conspiracy,Vampire: The Masquerade,wikipedia_article_links,https://en.wikipedia.org/wiki/Collectible_card_game,en.wikipedia.org,wikipedia_internal,19,collectible card games,
CASE-0270,dark pools conspiracy,Vampire: The Masquerade,wikipedia_article_links,https://en.wikipedia.org/wiki/Video_game,en.wikipedia.org,wikipedia_internal,20,video games,
CASE-0271,Daniel statue prophecy,Four kingdoms of Daniel,wikipedia_search,https://en.wikipedia.org/wiki/Four_kingdoms_of_Daniel,en.wikipedia.org,wikipedia_primary,1,Four kingdoms of Daniel,
CASE-0271,Daniel statue prophecy,Four kingdoms of Daniel,wikipedia_article_links,https://en.wikipedia.org/wiki/Four_Kingdoms_of_Andalusia,en.wikipedia.org,wikipedia_internal,2,Four Kingdoms of Andalusia,
CASE-0271,Daniel statue prophecy,Four kingdoms of Daniel,wikipedia_article_links,https://en.wikipedia.org/wiki/Four_Symbols,en.wikipedia.org,wikipedia_internal,3,Four Symbols,
CASE-0271,Daniel statue prophecy,Four kingdoms of Daniel,wikipedia_article_links,https://en.wikipedia.org/wiki/Silos_Apocalypse,en.wikipedia.org,wikipedia_internal,4,Silos Apocalypse,
CASE-0271,Daniel statue prophecy,Four kingdoms of Daniel,wikipedia_article_links,https://en.wikipedia.org/wiki/Book_of_Daniel,en.wikipedia.org,wikipedia_internal,5,Book of Daniel,
CASE-0271,Daniel statue prophecy,Four kingdoms of Daniel,wikipedia_article_links,https://en.wikipedia.org/wiki/Eschatology,en.wikipedia.org,wikipedia_internal,6,end-times,
CASE-0271,Daniel statue prophecy,Four kingdoms of Daniel,wikipedia_article_links,https://en.wikipedia.org/wiki/Kingdom_of_God,en.wikipedia.org,wikipedia_internal,7,Kingdom of God,
CASE-0271,Daniel statue prophecy,Four kingdoms of Daniel,wikipedia_article_links,https://en.wikipedia.org/wiki/Jews,en.wikipedia.org,wikipedia_internal,8,Jewish,
CASE-0271,Daniel statue prophecy,Four kingdoms of Daniel,wikipedia_article_links,https://en.wikipedia.org/wiki/Hellenistic,en.wikipedia.org,wikipedia_internal,9,Hellenistic,
CASE-0271,Daniel statue prophecy,Four kingdoms of Daniel,wikipedia_article_links,https://en.wikipedia.org/wiki/Maccabeans,en.wikipedia.org,wikipedia_internal,10,Maccabean,
CASE-0271,Daniel statue prophecy,Four kingdoms of Daniel,wikipedia_article_links,https://en.wikipedia.org/wiki/Daniel_2,en.wikipedia.org,wikipedia_internal,11,Daniel 2,
CASE-0271,Daniel statue prophecy,Four kingdoms of Daniel,wikipedia_article_links,https://en.wikipedia.org/wiki/Daniel_7,en.wikipedia.org,wikipedia_internal,12,Daniel 7,
CASE-0271,Daniel statue prophecy,Four kingdoms of Daniel,wikipedia_article_links,https://en.wikipedia.org/wiki/Daniel_8,en.wikipedia.org,wikipedia_internal,13,Daniel 8,
CASE-0271,Daniel statue prophecy,Four kingdoms of Daniel,wikipedia_article_links,https://en.wikipedia.org/wiki/Book_of_Hosea,en.wikipedia.org,wikipedia_internal,14,Hosea,
CASE-0271,Daniel statue prophecy,Four kingdoms of Daniel,wikipedia_article_links,https://en.wikipedia.org/wiki/Antiochus_IV,en.wikipedia.org,wikipedia_internal,15,Antiochus IV,
CASE-0271,Daniel statue prophecy,Four kingdoms of Daniel,wikipedia_article_links,https://en.wikipedia.org/wiki/Nebuchadnezzar,en.wikipedia.org,wikipedia_internal,16,Nebuchadnezzar,
CASE-0271,Daniel statue prophecy,Four kingdoms of Daniel,wikipedia_article_links,https://en.wikipedia.org/wiki/Lion,en.wikipedia.org,wikipedia_internal,17,lion,
CASE-0271,Daniel statue prophecy,Four kingdoms of Daniel,wikipedia_article_links,https://en.wikipedia.org/wiki/Eagle,en.wikipedia.org,wikipedia_internal,18,eagle,
CASE-0271,Daniel statue prophecy,Four kingdoms of Daniel,wikipedia_article_links,https://en.wikipedia.org/wiki/Bear,en.wikipedia.org,wikipedia_internal,19,bear,
CASE-0271,Daniel statue prophecy,Four kingdoms of Daniel,wikipedia_article_links,https://en.wikipedia.org/wiki/Leopard,en.wikipedia.org,wikipedia_internal,20,leopard,
CASE-0272,seventy weeks of Daniel,Prophecy of Seventy Weeks,wikipedia_search,https://en.wikipedia.org/wiki/Prophecy_of_Seventy_Weeks,en.wikipedia.org,wikipedia_primary,1,Prophecy of Seventy Weeks,
CASE-0272,seventy weeks of Daniel,Prophecy of Seventy Weeks,wikipedia_article_links,https://en.wikipedia.org/wiki/Book_of_Daniel,en.wikipedia.org,wikipedia_internal,2,Book of Daniel,
CASE-0272,seventy weeks of Daniel,Prophecy of Seventy Weeks,wikipedia_article_links,https://en.wikipedia.org/wiki/Daniel_1,en.wikipedia.org,wikipedia_internal,3,Chapter 1: Induction into Babylon,
CASE-0272,seventy weeks of Daniel,Prophecy of Seventy Weeks,wikipedia_article_links,https://en.wikipedia.org/wiki/Daniel_2,en.wikipedia.org,wikipedia_internal,4,Chapter 2: Nebuchadnezzar's Dream,
CASE-0272,seventy weeks of Daniel,Prophecy of Seventy Weeks,wikipedia_article_links,"https://en.wikipedia.org/wiki/Shadrach,_Meshach,_and_Abednego",en.wikipedia.org,wikipedia_internal,5,Chapter 3: The Fiery Furnace,
CASE-0272,seventy weeks of Daniel,Prophecy of Seventy Weeks,wikipedia_article_links,https://en.wikipedia.org/wiki/Daniel_4,en.wikipedia.org,wikipedia_internal,6,Chapter 4: Nebuchadnezzar's Madness,
CASE-0272,seventy weeks of Daniel,Prophecy of Seventy Weeks,wikipedia_article_links,https://en.wikipedia.org/wiki/Belshazzar%27s_feast,en.wikipedia.org,wikipedia_internal,7,Chapter 5: Belshazzar's Feast,
CASE-0272,seventy weeks of Daniel,Prophecy of Seventy Weeks,wikipedia_article_links,https://en.wikipedia.org/wiki/Daniel_in_the_lions%27_den,en.wikipedia.org,wikipedia_internal,8,Chapter 6: Daniel in the Lions' Den,
CASE-0272,seventy weeks of Daniel,Prophecy of Seventy Weeks,wikipedia_article_links,https://en.wikipedia.org/wiki/Daniel_7,en.wikipedia.org,wikipedia_internal,9,Chapter 7: The Four Beasts,
CASE-0272,seventy weeks of Daniel,Prophecy of Seventy Weeks,wikipedia_article_links,https://en.wikipedia.org/wiki/Daniel_8,en.wikipedia.org,wikipedia_internal,10,"Chapter 8: The Ram, He-Goat and Horn",
CASE-0272,seventy weeks of Daniel,Prophecy of Seventy Weeks,wikipedia_article_links,https://en.wikipedia.org/wiki/Daniel%27s_final_vision,en.wikipedia.org,wikipedia_internal,11,Chapters 10–12: Daniel's final vision,
CASE-0272,seventy weeks of Daniel,Prophecy of Seventy Weeks,wikipedia_article_links,https://en.wikipedia.org/wiki/Additions_to_Daniel,en.wikipedia.org,wikipedia_internal,12,Additions to Daniel,
CASE-0272,seventy weeks of Daniel,Prophecy of Seventy Weeks,wikipedia_article_links,https://en.wikipedia.org/wiki/Prayer_of_Azariah_and_Song_of_the_Three_Holy_Children,en.wikipedia.org,wikipedia_internal,13,Song of the Three Holy Children,
CASE-0272,seventy weeks of Daniel,Prophecy of Seventy Weeks,wikipedia_article_links,https://en.wikipedia.org/wiki/Susanna_(Book_of_Daniel),en.wikipedia.org,wikipedia_internal,14,Susanna and the Elders,
CASE-0272,seventy weeks of Daniel,Prophecy of Seventy Weeks,wikipedia_article_links,https://en.wikipedia.org/wiki/Bel_and_the_Dragon,en.wikipedia.org,wikipedia_internal,15,Bel and the Dragon,
CASE-0272,seventy weeks of Daniel,Prophecy of Seventy Weeks,wikipedia_article_links,https://en.wikipedia.org/wiki/Daniel_(biblical_figure),en.wikipedia.org,wikipedia_internal,16,Daniel,
CASE-0272,seventy weeks of Daniel,Prophecy of Seventy Weeks,wikipedia_article_links,https://en.wikipedia.org/wiki/Kingdom_of_Judah#Destruction_and_dispersion,en.wikipedia.org,wikipedia_internal,17,Judeans,
CASE-0272,seventy weeks of Daniel,Prophecy of Seventy Weeks,wikipedia_article_links,https://en.wikipedia.org/wiki/Jerusalem,en.wikipedia.org,wikipedia_internal,18,Jerusalem,
CASE-0272,seventy weeks of Daniel,Prophecy of Seventy Weeks,wikipedia_article_links,https://en.wikipedia.org/wiki/Prophecy,en.wikipedia.org,wikipedia_internal,19,prophecy,
CASE-0272,seventy weeks of Daniel,Prophecy of Seventy Weeks,wikipedia_article_links,https://en.wikipedia.org/wiki/Gabriel,en.wikipedia.org,wikipedia_internal,20,Gabriel,
CASE-0273,fig tree generation prophecy,Cursing of the fig tree,wikipedia_search,https://en.wikipedia.org/wiki/Cursing_of_the_fig_tree,en.wikipedia.org,wikipedia_primary,1,Cursing of the fig tree,
CASE-0273,fig tree generation prophecy,Cursing of the fig tree,wikipedia_article_links,https://en.wikipedia.org/wiki/Gospel_harmony,en.wikipedia.org,wikipedia_internal,2,Events,
CASE-0273,fig tree generation prophecy,Cursing of the fig tree,wikipedia_article_links,https://en.wikipedia.org/wiki/Life_of_Jesus,en.wikipedia.org,wikipedia_internal,3,Life of Jesus,
CASE-0273,fig tree generation prophecy,Cursing of the fig tree,wikipedia_article_links,https://en.wikipedia.org/wiki/Canonical_gospels,en.wikipedia.org,wikipedia_internal,4,canonical gospels,
CASE-0273,fig tree generation prophecy,Cursing of the fig tree,wikipedia_article_links,https://en.wikipedia.org/wiki/Christ_Child,en.wikipedia.org,wikipedia_internal,5,Early life,
CASE-0273,fig tree generation prophecy,Cursing of the fig tree,wikipedia_article_links,https://en.wikipedia.org/wiki/Annunciation,en.wikipedia.org,wikipedia_internal,6,Annunciation,
CASE-0273,fig tree generation prophecy,Cursing of the fig tree,wikipedia_article_links,https://en.wikipedia.org/wiki/Visitation_(Christianity),en.wikipedia.org,wikipedia_internal,7,Visitation,
CASE-0273,fig tree generation prophecy,Cursing of the fig tree,wikipedia_article_links,https://en.wikipedia.org/wiki/Saint_Joseph%27s_dreams,en.wikipedia.org,wikipedia_internal,8,Joseph's dreams,
CASE-0273,fig tree generation prophecy,Cursing of the fig tree,wikipedia_article_links,https://en.wikipedia.org/wiki/Nativity_of_Jesus,en.wikipedia.org,wikipedia_internal,9,Nativity,
CASE-0273,fig tree generation prophecy,Cursing of the fig tree,wikipedia_article_links,https://en.wikipedia.org/wiki/Virgin_birth_of_Jesus,en.wikipedia.org,wikipedia_internal,10,Virgin birth,
CASE-0273,fig tree generation prophecy,Cursing of the fig tree,wikipedia_article_links,https://en.wikipedia.org/wiki/Annunciation_to_the_shepherds,en.wikipedia.org,wikipedia_internal,11,Annunciation to the Shepherds,
CASE-0273,fig tree generation prophecy,Cursing of the fig tree,wikipedia_article_links,https://en.wikipedia.org/wiki/Adoration_of_the_Shepherds,en.wikipedia.org,wikipedia_internal,12,Adoration of the Shepherds,
CASE-0273,fig tree generation prophecy,Cursing of the fig tree,wikipedia_article_links,https://en.wikipedia.org/wiki/Circumcision_of_Jesus,en.wikipedia.org,wikipedia_internal,13,Circumcision,
CASE-0273,fig tree generation prophecy,Cursing of the fig tree,wikipedia_article_links,https://en.wikipedia.org/wiki/Adoration_of_the_Magi,en.wikipedia.org,wikipedia_internal,14,Adoration of the Magi,
CASE-0273,fig tree generation prophecy,Cursing of the fig tree,wikipedia_article_links,https://en.wikipedia.org/wiki/Flight_into_Egypt,en.wikipedia.org,wikipedia_internal,15,Flight into Egypt,
CASE-0273,fig tree generation prophecy,Cursing of the fig tree,wikipedia_article_links,https://en.wikipedia.org/wiki/Massacre_of_the_Innocents,en.wikipedia.org,wikipedia_internal,16,Massacre of the Innocents,
CASE-0273,fig tree generation prophecy,Cursing of the fig tree,wikipedia_article_links,https://en.wikipedia.org/wiki/Presentation_of_Jesus,en.wikipedia.org,wikipedia_internal,17,Presentation,
CASE-0273,fig tree generation prophecy,Cursing of the fig tree,wikipedia_article_links,https://en.wikipedia.org/wiki/Return_of_the_family_of_Jesus_to_Nazareth,en.wikipedia.org,wikipedia_internal,18,Return to Nazareth,
CASE-0273,fig tree generation prophecy,Cursing of the fig tree,wikipedia_article_links,https://en.wikipedia.org/wiki/Finding_in_the_Temple,en.wikipedia.org,wikipedia_internal,19,Finding in the Temple,
CASE-0273,fig tree generation prophecy,Cursing of the fig tree,wikipedia_article_links,https://en.wikipedia.org/wiki/Ministry_of_Jesus,en.wikipedia.org,wikipedia_internal,20,Ministry,
CASE-0274,Jubilee year prophecy,Shmita,wikipedia_search,https://en.wikipedia.org/wiki/Shmita,en.wikipedia.org,wikipedia_primary,1,Shmita,
CASE-0274,Jubilee year prophecy,Shmita,wikipedia_article_links,https://en.wikipedia.org/wiki/Halakha,en.wikipedia.org,wikipedia_internal,2,Halakhic,
CASE-0274,Jubilee year prophecy,Shmita,wikipedia_article_links,https://en.wikipedia.org/wiki/Torah,en.wikipedia.org,wikipedia_internal,3,Torah,
CASE-0274,Jubilee year prophecy,Shmita,wikipedia_article_links,https://en.wikipedia.org/wiki/Mishnah,en.wikipedia.org,wikipedia_internal,4,Mishnah,
CASE-0274,Jubilee year prophecy,Shmita,wikipedia_article_links,https://en.wikipedia.org/wiki/Shevi%27it_(tractate),en.wikipedia.org,wikipedia_internal,5,Shevi'it (tractate),
CASE-0274,Jubilee year prophecy,Shmita,wikipedia_article_links,https://en.wikipedia.org/wiki/Jerusalem_Talmud,en.wikipedia.org,wikipedia_internal,6,Jerusalem Talmud,
CASE-0274,Jubilee year prophecy,Shmita,wikipedia_article_links,https://en.wikipedia.org/wiki/Hebrew_language,en.wikipedia.org,wikipedia_internal,7,Hebrew,
CASE-0274,Jubilee year prophecy,Shmita,wikipedia_article_links,https://en.wikipedia.org/wiki/Romanization_of_Hebrew,en.wikipedia.org,wikipedia_internal,8,romanized,
CASE-0274,Jubilee year prophecy,Shmita,wikipedia_article_links,https://en.wikipedia.org/wiki/Literal_translation,en.wikipedia.org,wikipedia_internal,9,lit.,
CASE-0274,Jubilee year prophecy,Shmita,wikipedia_article_links,https://en.wikipedia.org/wiki/Land_of_Israel,en.wikipedia.org,wikipedia_internal,10,Land of Israel,
CASE-0274,Jubilee year prophecy,Shmita,wikipedia_article_links,https://en.wikipedia.org/wiki/Judaism,en.wikipedia.org,wikipedia_internal,11,Judaism,
CASE-0274,Jubilee year prophecy,Shmita,wikipedia_article_links,https://en.wikipedia.org/wiki/Fallow,en.wikipedia.org,wikipedia_internal,12,fallow,
CASE-0274,Jubilee year prophecy,Shmita,wikipedia_article_links,https://en.wikipedia.org/wiki/Volunteer_(botany),en.wikipedia.org,wikipedia_internal,13,grow of their own accord,
CASE-0274,Jubilee year prophecy,Shmita,wikipedia_article_links,https://en.wikipedia.org/wiki/Hefker,en.wikipedia.org,wikipedia_internal,14,hefker,
CASE-0274,Jubilee year prophecy,Shmita,wikipedia_article_links,https://en.wikipedia.org/wiki/History_of_debt_relief,en.wikipedia.org,wikipedia_internal,15,remitted,
CASE-0274,Jubilee year prophecy,Shmita,wikipedia_article_links,https://en.wikipedia.org/wiki/Book_of_Leviticus,en.wikipedia.org,wikipedia_internal,16,Book of Leviticus,
CASE-0274,Jubilee year prophecy,Shmita,wikipedia_article_links,https://en.wikipedia.org/wiki/Anno_mundi,en.wikipedia.org,wikipedia_internal,17,Anno mundi,
CASE-0274,Jubilee year prophecy,Shmita,wikipedia_article_links,https://en.wikipedia.org/wiki/Hebrew_calendar,en.wikipedia.org,wikipedia_internal,18,Hebrew calendar,
CASE-0274,Jubilee year prophecy,Shmita,wikipedia_article_links,https://en.wikipedia.org/wiki/Ancient_Near_East,en.wikipedia.org,wikipedia_internal,19,Ancient Near East,
CASE-0274,Jubilee year prophecy,Shmita,wikipedia_article_links,https://en.wikipedia.org/wiki/Ugaritic,en.wikipedia.org,wikipedia_internal,20,Ugaritic,
CASE-0275,Shemitah cycle,Shmita,wikipedia_search,https://en.wikipedia.org/wiki/Shmita,en.wikipedia.org,wikipedia_primary,1,Shmita,
CASE-0275,Shemitah cycle,Shmita,wikipedia_article_links,https://en.wikipedia.org/wiki/Halakha,en.wikipedia.org,wikipedia_internal,2,Halakhic,
CASE-0275,Shemitah cycle,Shmita,wikipedia_article_links,https://en.wikipedia.org/wiki/Torah,en.wikipedia.org,wikipedia_internal,3,Torah,
CASE-0275,Shemitah cycle,Shmita,wikipedia_article_links,https://en.wikipedia.org/wiki/Mishnah,en.wikipedia.org,wikipedia_internal,4,Mishnah,
CASE-0275,Shemitah cycle,Shmita,wikipedia_article_links,https://en.wikipedia.org/wiki/Shevi%27it_(tractate),en.wikipedia.org,wikipedia_internal,5,Shevi'it (tractate),
CASE-0275,Shemitah cycle,Shmita,wikipedia_article_links,https://en.wikipedia.org/wiki/Jerusalem_Talmud,en.wikipedia.org,wikipedia_internal,6,Jerusalem Talmud,
CASE-0275,Shemitah cycle,Shmita,wikipedia_article_links,https://en.wikipedia.org/wiki/Hebrew_language,en.wikipedia.org,wikipedia_internal,7,Hebrew,
CASE-0275,Shemitah cycle,Shmita,wikipedia_article_links,https://en.wikipedia.org/wiki/Romanization_of_Hebrew,en.wikipedia.org,wikipedia_internal,8,romanized,
CASE-0275,Shemitah cycle,Shmita,wikipedia_article_links,https://en.wikipedia.org/wiki/Literal_translation,en.wikipedia.org,wikipedia_internal,9,lit.,
CASE-0275,Shemitah cycle,Shmita,wikipedia_article_links,https://en.wikipedia.org/wiki/Land_of_Israel,en.wikipedia.org,wikipedia_internal,10,Land of Israel,
CASE-0275,Shemitah cycle,Shmita,wikipedia_article_links,https://en.wikipedia.org/wiki/Judaism,en.wikipedia.org,wikipedia_internal,11,Judaism,
CASE-0275,Shemitah cycle,Shmita,wikipedia_article_links,https://en.wikipedia.org/wiki/Fallow,en.wikipedia.org,wikipedia_internal,12,fallow,
CASE-0275,Shemitah cycle,Shmita,wikipedia_article_links,https://en.wikipedia.org/wiki/Volunteer_(botany),en.wikipedia.org,wikipedia_internal,13,grow of their own accord,
CASE-0275,Shemitah cycle,Shmita,wikipedia_article_links,https://en.wikipedia.org/wiki/Hefker,en.wikipedia.org,wikipedia_internal,14,hefker,
CASE-0275,Shemitah cycle,Shmita,wikipedia_article_links,https://en.wikipedia.org/wiki/History_of_debt_relief,en.wikipedia.org,wikipedia_internal,15,remitted,
CASE-0275,Shemitah cycle,Shmita,wikipedia_article_links,https://en.wikipedia.org/wiki/Book_of_Leviticus,en.wikipedia.org,wikipedia_internal,16,Book of Leviticus,
CASE-0275,Shemitah cycle,Shmita,wikipedia_article_links,https://en.wikipedia.org/wiki/Anno_mundi,en.wikipedia.org,wikipedia_internal,17,Anno mundi,
CASE-0275,Shemitah cycle,Shmita,wikipedia_article_links,https://en.wikipedia.org/wiki/Hebrew_calendar,en.wikipedia.org,wikipedia_internal,18,Hebrew calendar,
CASE-0275,Shemitah cycle,Shmita,wikipedia_article_links,https://en.wikipedia.org/wiki/Ancient_Near_East,en.wikipedia.org,wikipedia_internal,19,Ancient Near East,
CASE-0275,Shemitah cycle,Shmita,wikipedia_article_links,https://en.wikipedia.org/wiki/Ugaritic,en.wikipedia.org,wikipedia_internal,20,Ugaritic,
CASE-0276,blood covenant prophecy,Covenant theology,wikipedia_search,https://en.wikipedia.org/wiki/Covenant_theology,en.wikipedia.org,wikipedia_primary,1,Covenant theology,
CASE-0276,blood covenant prophecy,Covenant theology,wikipedia_article_links,https://en.wikipedia.org/wiki/Covenantal_theology_(Catholic_Church),en.wikipedia.org,wikipedia_internal,2,Covenantal theology (Catholic Church),
CASE-0276,blood covenant prophecy,Covenant theology,wikipedia_article_links,https://en.wikipedia.org/wiki/Covenanters,en.wikipedia.org,wikipedia_internal,3,Covenanters,
CASE-0276,blood covenant prophecy,Covenant theology,wikipedia_article_links,https://en.wikipedia.org/wiki/Reformed_Christianity,en.wikipedia.org,wikipedia_internal,4,Reformed Christianity,
CASE-0276,blood covenant prophecy,Covenant theology,wikipedia_article_links,https://en.wikipedia.org/wiki/Reformation_Wall,en.wikipedia.org,wikipedia_internal,5,Reformation Wall,
CASE-0276,blood covenant prophecy,Covenant theology,wikipedia_article_links,https://en.wikipedia.org/wiki/William_Farel,en.wikipedia.org,wikipedia_internal,6,William Farel,
CASE-0276,blood covenant prophecy,Covenant theology,wikipedia_article_links,https://en.wikipedia.org/wiki/John_Calvin,en.wikipedia.org,wikipedia_internal,7,John Calvin,
CASE-0276,blood covenant prophecy,Covenant theology,wikipedia_article_links,https://en.wikipedia.org/wiki/Theodore_Beza,en.wikipedia.org,wikipedia_internal,8,Theodore Beza,
CASE-0276,blood covenant prophecy,Covenant theology,wikipedia_article_links,https://en.wikipedia.org/wiki/John_Knox,en.wikipedia.org,wikipedia_internal,9,John Knox,
CASE-0276,blood covenant prophecy,Covenant theology,wikipedia_article_links,https://en.wikipedia.org/wiki/Christianity,en.wikipedia.org,wikipedia_internal,10,Christianity,
CASE-0276,blood covenant prophecy,Covenant theology,wikipedia_article_links,https://en.wikipedia.org/wiki/Reformation,en.wikipedia.org,wikipedia_internal,11,Reformation,
CASE-0276,blood covenant prophecy,Covenant theology,wikipedia_article_links,https://en.wikipedia.org/wiki/Protestantism,en.wikipedia.org,wikipedia_internal,12,Protestantism,
CASE-0276,blood covenant prophecy,Covenant theology,wikipedia_article_links,https://en.wikipedia.org/wiki/Theology_of_John_Calvin,en.wikipedia.org,wikipedia_internal,13,Theology of John Calvin,
CASE-0276,blood covenant prophecy,Covenant theology,wikipedia_article_links,https://en.wikipedia.org/wiki/Republication_of_the_Covenant_of_Works,en.wikipedia.org,wikipedia_internal,14,Republication of the Covenant of Works,
CASE-0276,blood covenant prophecy,Covenant theology,wikipedia_article_links,https://en.wikipedia.org/wiki/Baptist_Covenant_Theology,en.wikipedia.org,wikipedia_internal,15,Baptist Covenant Theology,
CASE-0276,blood covenant prophecy,Covenant theology,wikipedia_article_links,https://en.wikipedia.org/wiki/Logical_order_of_God%27s_decrees,en.wikipedia.org,wikipedia_internal,16,Logical order of God's decrees,
CASE-0276,blood covenant prophecy,Covenant theology,wikipedia_article_links,https://en.wikipedia.org/wiki/Reformed_baptismal_theology,en.wikipedia.org,wikipedia_internal,17,Baptism,
CASE-0276,blood covenant prophecy,Covenant theology,wikipedia_article_links,https://en.wikipedia.org/wiki/Lord%27s_Supper_in_Reformed_theology,en.wikipedia.org,wikipedia_internal,18,Lord's Supper,
CASE-0276,blood covenant prophecy,Covenant theology,wikipedia_article_links,https://en.wikipedia.org/wiki/Regulative_principle_of_worship,en.wikipedia.org,wikipedia_internal,19,Regulative principle,
CASE-0276,blood covenant prophecy,Covenant theology,wikipedia_article_links,https://en.wikipedia.org/wiki/Predestination_in_Calvinism,en.wikipedia.org,wikipedia_internal,20,Predestination,
CASE-0277,Ezekiel dry bones prophecy,Vision of the Valley of Dry Bones,wikipedia_search,https://en.wikipedia.org/wiki/Vision_of_the_Valley_of_Dry_Bones,en.wikipedia.org,wikipedia_primary,1,Vision of the Valley of Dry Bones,
CASE-0277,Ezekiel dry bones prophecy,Vision of the Valley of Dry Bones,wikipedia_article_links,https://en.wikipedia.org/wiki/Gustave_Dor%C3%A9,en.wikipedia.org,wikipedia_internal,2,Gustave Doré,
CASE-0277,Ezekiel dry bones prophecy,Vision of the Valley of Dry Bones,wikipedia_article_links,https://en.wikipedia.org/wiki/Prophecy,en.wikipedia.org,wikipedia_internal,3,prophecy,
CASE-0277,Ezekiel dry bones prophecy,Vision of the Valley of Dry Bones,wikipedia_article_links,https://en.wikipedia.org/wiki/Ezekiel_37,en.wikipedia.org,wikipedia_internal,4,chapter 37,
CASE-0277,Ezekiel dry bones prophecy,Vision of the Valley of Dry Bones,wikipedia_article_links,https://en.wikipedia.org/wiki/Book_of_Ezekiel,en.wikipedia.org,wikipedia_internal,5,Book of Ezekiel,
CASE-0277,Ezekiel dry bones prophecy,Vision of the Valley of Dry Bones,wikipedia_article_links,https://en.wikipedia.org/wiki/Ezekiel,en.wikipedia.org,wikipedia_internal,6,Ezekiel,
CASE-0277,Ezekiel dry bones prophecy,Vision of the Valley of Dry Bones,wikipedia_article_links,https://en.wikipedia.org/wiki/Reality,en.wikipedia.org,wikipedia_internal,7,realistic,
CASE-0277,Ezekiel dry bones prophecy,Vision of the Valley of Dry Bones,wikipedia_article_links,https://en.wikipedia.org/wiki/Naturalism_(visual_art),en.wikipedia.org,wikipedia_internal,8,naturalistic,
CASE-0277,Ezekiel dry bones prophecy,Vision of the Valley of Dry Bones,wikipedia_article_links,https://en.wikipedia.org/wiki/Israelites,en.wikipedia.org,wikipedia_internal,9,people of Israel,
CASE-0277,Ezekiel dry bones prophecy,Vision of the Valley of Dry Bones,wikipedia_article_links,https://en.wikipedia.org/wiki/Babylonian_captivity,en.wikipedia.org,wikipedia_internal,10,exile,
CASE-0277,Ezekiel dry bones prophecy,Vision of the Valley of Dry Bones,wikipedia_article_links,https://en.wikipedia.org/wiki/Land_of_Israel,en.wikipedia.org,wikipedia_internal,11,Land of Israel,
CASE-0277,Ezekiel dry bones prophecy,Vision of the Valley of Dry Bones,wikipedia_article_links,https://en.wikipedia.org/wiki/Herman_Melville,en.wikipedia.org,wikipedia_internal,12,Herman Melville,
CASE-0277,Ezekiel dry bones prophecy,Vision of the Valley of Dry Bones,wikipedia_article_links,https://en.wikipedia.org/wiki/Novella,en.wikipedia.org,wikipedia_internal,13,novella,
CASE-0277,Ezekiel dry bones prophecy,Vision of the Valley of Dry Bones,wikipedia_article_links,https://en.wikipedia.org/wiki/Benito_Cereno,en.wikipedia.org,wikipedia_internal,14,Benito Cereno,
CASE-0277,Ezekiel dry bones prophecy,Vision of the Valley of Dry Bones,wikipedia_article_links,https://en.wikipedia.org/wiki/Anthony_Powell,en.wikipedia.org,wikipedia_internal,15,Anthony Powell,
CASE-0277,Ezekiel dry bones prophecy,Vision of the Valley of Dry Bones,wikipedia_article_links,https://en.wikipedia.org/wiki/The_Valley_of_Bones,en.wikipedia.org,wikipedia_internal,16,The Valley of Bones,
CASE-0277,Ezekiel dry bones prophecy,Vision of the Valley of Dry Bones,wikipedia_article_links,https://en.wikipedia.org/wiki/A_Dance_to_the_Music_of_Time,en.wikipedia.org,wikipedia_internal,17,A Dance to the Music of Time,
CASE-0277,Ezekiel dry bones prophecy,Vision of the Valley of Dry Bones,wikipedia_article_links,https://en.wikipedia.org/wiki/World_War_II,en.wikipedia.org,wikipedia_internal,18,World War II,
CASE-0277,Ezekiel dry bones prophecy,Vision of the Valley of Dry Bones,wikipedia_article_links,https://en.wikipedia.org/wiki/Church_of_England,en.wikipedia.org,wikipedia_internal,19,Church of England,
CASE-0277,Ezekiel dry bones prophecy,Vision of the Valley of Dry Bones,wikipedia_article_links,https://en.wikipedia.org/wiki/Military_chaplain,en.wikipedia.org,wikipedia_internal,20,padre,
CASE-0278,Zechariah 14 prophecy,Book of Zechariah,wikipedia_search,https://en.wikipedia.org/wiki/Book_of_Zechariah,en.wikipedia.org,wikipedia_primary,1,Book of Zechariah,
CASE-0278,Zechariah 14 prophecy,Book of Zechariah,wikipedia_article_links,https://en.wikipedia.org/wiki/Hebrew_Bible,en.wikipedia.org,wikipedia_internal,2,Tanakh,
CASE-0278,Zechariah 14 prophecy,Book of Zechariah,wikipedia_article_links,https://en.wikipedia.org/wiki/Judaism,en.wikipedia.org,wikipedia_internal,3,Judaism,
CASE-0278,Zechariah 14 prophecy,Book of Zechariah,wikipedia_article_links,https://en.wikipedia.org/wiki/Torah,en.wikipedia.org,wikipedia_internal,4,Torah (Instruction),
CASE-0278,Zechariah 14 prophecy,Book of Zechariah,wikipedia_article_links,https://en.wikipedia.org/wiki/Book_of_Genesis,en.wikipedia.org,wikipedia_internal,5,Genesis,
CASE-0278,Zechariah 14 prophecy,Book of Zechariah,wikipedia_article_links,https://en.wikipedia.org/wiki/Book_of_Exodus,en.wikipedia.org,wikipedia_internal,6,Exodus,
CASE-0278,Zechariah 14 prophecy,Book of Zechariah,wikipedia_article_links,https://en.wikipedia.org/wiki/Book_of_Leviticus,en.wikipedia.org,wikipedia_internal,7,Leviticus,
CASE-0278,Zechariah 14 prophecy,Book of Zechariah,wikipedia_article_links,https://en.wikipedia.org/wiki/Book_of_Numbers,en.wikipedia.org,wikipedia_internal,8,Numbers,
CASE-0278,Zechariah 14 prophecy,Book of Zechariah,wikipedia_article_links,https://en.wikipedia.org/wiki/Book_of_Deuteronomy,en.wikipedia.org,wikipedia_internal,9,Deuteronomy,
CASE-0278,Zechariah 14 prophecy,Book of Zechariah,wikipedia_article_links,https://en.wikipedia.org/wiki/Nevi%27im,en.wikipedia.org,wikipedia_internal,10,Nevi'im (Prophets),
CASE-0278,Zechariah 14 prophecy,Book of Zechariah,wikipedia_article_links,https://en.wikipedia.org/wiki/Nevi%27im#Former_Prophets,en.wikipedia.org,wikipedia_internal,11,Former,
CASE-0278,Zechariah 14 prophecy,Book of Zechariah,wikipedia_article_links,https://en.wikipedia.org/wiki/Book_of_Joshua,en.wikipedia.org,wikipedia_internal,12,Joshua,
CASE-0278,Zechariah 14 prophecy,Book of Zechariah,wikipedia_article_links,https://en.wikipedia.org/wiki/Book_of_Judges,en.wikipedia.org,wikipedia_internal,13,Judges,
CASE-0278,Zechariah 14 prophecy,Book of Zechariah,wikipedia_article_links,https://en.wikipedia.org/wiki/Books_of_Samuel,en.wikipedia.org,wikipedia_internal,14,Samuel,
CASE-0278,Zechariah 14 prophecy,Book of Zechariah,wikipedia_article_links,https://en.wikipedia.org/wiki/Books_of_Kings,en.wikipedia.org,wikipedia_internal,15,Kings,
CASE-0278,Zechariah 14 prophecy,Book of Zechariah,wikipedia_article_links,https://en.wikipedia.org/wiki/Nevi%27im#Latter_Prophets,en.wikipedia.org,wikipedia_internal,16,Latter,
CASE-0278,Zechariah 14 prophecy,Book of Zechariah,wikipedia_article_links,https://en.wikipedia.org/wiki/Book_of_Isaiah,en.wikipedia.org,wikipedia_internal,17,Isaiah,
CASE-0278,Zechariah 14 prophecy,Book of Zechariah,wikipedia_article_links,https://en.wikipedia.org/wiki/Book_of_Jeremiah,en.wikipedia.org,wikipedia_internal,18,Jeremiah,
CASE-0278,Zechariah 14 prophecy,Book of Zechariah,wikipedia_article_links,https://en.wikipedia.org/wiki/Book_of_Ezekiel,en.wikipedia.org,wikipedia_internal,19,Ezekiel,
CASE-0278,Zechariah 14 prophecy,Book of Zechariah,wikipedia_article_links,https://en.wikipedia.org/wiki/Twelve_Minor_Prophets,en.wikipedia.org,wikipedia_internal,20,Minor,
CASE-0279,Obadiah Edom prophecy,Book of Obadiah,wikipedia_search,https://en.wikipedia.org/wiki/Book_of_Obadiah,en.wikipedia.org,wikipedia_primary,1,Book of Obadiah,
CASE-0279,Obadiah Edom prophecy,Book of Obadiah,wikipedia_article_links,https://en.wikipedia.org/wiki/Obadiah,en.wikipedia.org,wikipedia_internal,2,Obadiah,
CASE-0279,Obadiah Edom prophecy,Book of Obadiah,wikipedia_article_links,https://en.wikipedia.org/wiki/Hebrew_Bible,en.wikipedia.org,wikipedia_internal,3,Tanakh,
CASE-0279,Obadiah Edom prophecy,Book of Obadiah,wikipedia_article_links,https://en.wikipedia.org/wiki/Judaism,en.wikipedia.org,wikipedia_internal,4,Judaism,
CASE-0279,Obadiah Edom prophecy,Book of Obadiah,wikipedia_article_links,https://en.wikipedia.org/wiki/Torah,en.wikipedia.org,wikipedia_internal,5,Torah (Instruction),
CASE-0279,Obadiah Edom prophecy,Book of Obadiah,wikipedia_article_links,https://en.wikipedia.org/wiki/Book_of_Genesis,en.wikipedia.org,wikipedia_internal,6,Genesis,
CASE-0279,Obadiah Edom prophecy,Book of Obadiah,wikipedia_article_links,https://en.wikipedia.org/wiki/Book_of_Exodus,en.wikipedia.org,wikipedia_internal,7,Exodus,
CASE-0279,Obadiah Edom prophecy,Book of Obadiah,wikipedia_article_links,https://en.wikipedia.org/wiki/Book_of_Leviticus,en.wikipedia.org,wikipedia_internal,8,Leviticus,
CASE-0279,Obadiah Edom prophecy,Book of Obadiah,wikipedia_article_links,https://en.wikipedia.org/wiki/Book_of_Numbers,en.wikipedia.org,wikipedia_internal,9,Numbers,
CASE-0279,Obadiah Edom prophecy,Book of Obadiah,wikipedia_article_links,https://en.wikipedia.org/wiki/Book_of_Deuteronomy,en.wikipedia.org,wikipedia_internal,10,Deuteronomy,
CASE-0279,Obadiah Edom prophecy,Book of Obadiah,wikipedia_article_links,https://en.wikipedia.org/wiki/Nevi%27im,en.wikipedia.org,wikipedia_internal,11,Nevi'im (Prophets),
CASE-0279,Obadiah Edom prophecy,Book of Obadiah,wikipedia_article_links,https://en.wikipedia.org/wiki/Nevi%27im#Former_Prophets,en.wikipedia.org,wikipedia_internal,12,Former,
CASE-0279,Obadiah Edom prophecy,Book of Obadiah,wikipedia_article_links,https://en.wikipedia.org/wiki/Book_of_Joshua,en.wikipedia.org,wikipedia_internal,13,Joshua,
CASE-0279,Obadiah Edom prophecy,Book of Obadiah,wikipedia_article_links,https://en.wikipedia.org/wiki/Book_of_Judges,en.wikipedia.org,wikipedia_internal,14,Judges,
CASE-0279,Obadiah Edom prophecy,Book of Obadiah,wikipedia_article_links,https://en.wikipedia.org/wiki/Books_of_Samuel,en.wikipedia.org,wikipedia_internal,15,Samuel,
CASE-0279,Obadiah Edom prophecy,Book of Obadiah,wikipedia_article_links,https://en.wikipedia.org/wiki/Books_of_Kings,en.wikipedia.org,wikipedia_internal,16,Kings,
CASE-0279,Obadiah Edom prophecy,Book of Obadiah,wikipedia_article_links,https://en.wikipedia.org/wiki/Nevi%27im#Latter_Prophets,en.wikipedia.org,wikipedia_internal,17,Latter,
CASE-0279,Obadiah Edom prophecy,Book of Obadiah,wikipedia_article_links,https://en.wikipedia.org/wiki/Book_of_Isaiah,en.wikipedia.org,wikipedia_internal,18,Isaiah,
CASE-0279,Obadiah Edom prophecy,Book of Obadiah,wikipedia_article_links,https://en.wikipedia.org/wiki/Book_of_Jeremiah,en.wikipedia.org,wikipedia_internal,19,Jeremiah,
CASE-0279,Obadiah Edom prophecy,Book of Obadiah,wikipedia_article_links,https://en.wikipedia.org/wiki/Book_of_Ezekiel,en.wikipedia.org,wikipedia_internal,20,Ezekiel,
CASE-0280,Joel locust army prophecy,Book of Joel,wikipedia_search,https://en.wikipedia.org/wiki/Book_of_Joel,en.wikipedia.org,wikipedia_primary,1,Book of Joel,
CASE-0280,Joel locust army prophecy,Book of Joel,wikipedia_article_links,https://en.wikipedia.org/wiki/Hebrew_Bible,en.wikipedia.org,wikipedia_internal,2,Tanakh,
CASE-0280,Joel locust army prophecy,Book of Joel,wikipedia_article_links,https://en.wikipedia.org/wiki/Judaism,en.wikipedia.org,wikipedia_internal,3,Judaism,
CASE-0280,Joel locust army prophecy,Book of Joel,wikipedia_article_links,https://en.wikipedia.org/wiki/Torah,en.wikipedia.org,wikipedia_internal,4,Torah (Instruction),
CASE-0280,Joel locust army prophecy,Book of Joel,wikipedia_article_links,https://en.wikipedia.org/wiki/Book_of_Genesis,en.wikipedia.org,wikipedia_internal,5,Genesis,
CASE-0280,Joel locust army prophecy,Book of Joel,wikipedia_article_links,https://en.wikipedia.org/wiki/Book_of_Exodus,en.wikipedia.org,wikipedia_internal,6,Exodus,
CASE-0280,Joel locust army prophecy,Book of Joel,wikipedia_article_links,https://en.wikipedia.org/wiki/Book_of_Leviticus,en.wikipedia.org,wikipedia_internal,7,Leviticus,
CASE-0280,Joel locust army prophecy,Book of Joel,wikipedia_article_links,https://en.wikipedia.org/wiki/Book_of_Numbers,en.wikipedia.org,wikipedia_internal,8,Numbers,
CASE-0280,Joel locust army prophecy,Book of Joel,wikipedia_article_links,https://en.wikipedia.org/wiki/Book_of_Deuteronomy,en.wikipedia.org,wikipedia_internal,9,Deuteronomy,
CASE-0280,Joel locust army prophecy,Book of Joel,wikipedia_article_links,https://en.wikipedia.org/wiki/Nevi%27im,en.wikipedia.org,wikipedia_internal,10,Nevi'im (Prophets),
CASE-0280,Joel locust army prophecy,Book of Joel,wikipedia_article_links,https://en.wikipedia.org/wiki/Nevi%27im#Former_Prophets,en.wikipedia.org,wikipedia_internal,11,Former,
CASE-0280,Joel locust army prophecy,Book of Joel,wikipedia_article_links,https://en.wikipedia.org/wiki/Book_of_Joshua,en.wikipedia.org,wikipedia_internal,12,Joshua,
CASE-0280,Joel locust army prophecy,Book of Joel,wikipedia_article_links,https://en.wikipedia.org/wiki/Book_of_Judges,en.wikipedia.org,wikipedia_internal,13,Judges,
CASE-0280,Joel locust army prophecy,Book of Joel,wikipedia_article_links,https://en.wikipedia.org/wiki/Books_of_Samuel,en.wikipedia.org,wikipedia_internal,14,Samuel,
CASE-0280,Joel locust army prophecy,Book of Joel,wikipedia_article_links,https://en.wikipedia.org/wiki/Books_of_Kings,en.wikipedia.org,wikipedia_internal,15,Kings,
CASE-0280,Joel locust army prophecy,Book of Joel,wikipedia_article_links,https://en.wikipedia.org/wiki/Nevi%27im#Latter_Prophets,en.wikipedia.org,wikipedia_internal,16,Latter,
CASE-0280,Joel locust army prophecy,Book of Joel,wikipedia_article_links,https://en.wikipedia.org/wiki/Book_of_Isaiah,en.wikipedia.org,wikipedia_internal,17,Isaiah,
CASE-0280,Joel locust army prophecy,Book of Joel,wikipedia_article_links,https://en.wikipedia.org/wiki/Book_of_Jeremiah,en.wikipedia.org,wikipedia_internal,18,Jeremiah,
CASE-0280,Joel locust army prophecy,Book of Joel,wikipedia_article_links,https://en.wikipedia.org/wiki/Book_of_Ezekiel,en.wikipedia.org,wikipedia_internal,19,Ezekiel,
CASE-0280,Joel locust army prophecy,Book of Joel,wikipedia_article_links,https://en.wikipedia.org/wiki/Twelve_Minor_Prophets,en.wikipedia.org,wikipedia_internal,20,Minor,
CASE-0281,Micah 5 Bethlehem prophecy,Micah (prophet),wikipedia_search,https://en.wikipedia.org/wiki/Micah_%28prophet%29,en.wikipedia.org,wikipedia_primary,1,Micah (prophet),
CASE-0281,Micah 5 Bethlehem prophecy,Micah (prophet),wikipedia_article_links,https://en.wikipedia.org/wiki/Micah,en.wikipedia.org,wikipedia_internal,2,Micah,
CASE-0281,Micah 5 Bethlehem prophecy,Micah (prophet),wikipedia_article_links,https://en.wikipedia.org/wiki/Micaiah,en.wikipedia.org,wikipedia_internal,3,Micaiah,
CASE-0281,Micah 5 Bethlehem prophecy,Micah (prophet),wikipedia_article_links,https://en.wikipedia.org/wiki/Prophet,en.wikipedia.org,wikipedia_internal,4,Prophet,
CASE-0281,Micah 5 Bethlehem prophecy,Micah (prophet),wikipedia_article_links,https://en.wikipedia.org/wiki/Russian_Orthodox_icon,en.wikipedia.org,wikipedia_internal,5,Russian Orthodox icon,
CASE-0281,Micah 5 Bethlehem prophecy,Micah (prophet),wikipedia_article_links,https://en.wikipedia.org/wiki/Iconostasis,en.wikipedia.org,wikipedia_internal,6,iconostasis,
CASE-0281,Micah 5 Bethlehem prophecy,Micah (prophet),wikipedia_article_links,https://en.wikipedia.org/wiki/Kizhi_Island,en.wikipedia.org,wikipedia_internal,7,Kizhi Island,
CASE-0281,Micah 5 Bethlehem prophecy,Micah (prophet),wikipedia_article_links,https://en.wikipedia.org/wiki/Karelia,en.wikipedia.org,wikipedia_internal,8,Karelia,
CASE-0281,Micah 5 Bethlehem prophecy,Micah (prophet),wikipedia_article_links,https://en.wikipedia.org/wiki/Russia,en.wikipedia.org,wikipedia_internal,9,Russia,
CASE-0281,Micah 5 Bethlehem prophecy,Micah (prophet),wikipedia_article_links,https://en.wikipedia.org/wiki/Moresheth-Gath,en.wikipedia.org,wikipedia_internal,10,Moresheth-Gath,
CASE-0281,Micah 5 Bethlehem prophecy,Micah (prophet),wikipedia_article_links,https://en.wikipedia.org/wiki/8th_century_BC,en.wikipedia.org,wikipedia_internal,11,8th century BC,
CASE-0281,Micah 5 Bethlehem prophecy,Micah (prophet),wikipedia_article_links,https://en.wikipedia.org/wiki/Second_Temple_Judaism,en.wikipedia.org,wikipedia_internal,12,Second Temple Judaism,
CASE-0281,Micah 5 Bethlehem prophecy,Micah (prophet),wikipedia_article_links,https://en.wikipedia.org/wiki/Rabbinic_Judaism,en.wikipedia.org,wikipedia_internal,13,Rabbinic Judaism,
CASE-0281,Micah 5 Bethlehem prophecy,Micah (prophet),wikipedia_article_links,https://en.wikipedia.org/wiki/Eastern_Orthodox_Church,en.wikipedia.org,wikipedia_internal,14,Eastern Orthodox Church,
CASE-0281,Micah 5 Bethlehem prophecy,Micah (prophet),wikipedia_article_links,https://en.wikipedia.org/wiki/Catholic_Church,en.wikipedia.org,wikipedia_internal,15,Catholic Church,
CASE-0281,Micah 5 Bethlehem prophecy,Micah (prophet),wikipedia_article_links,https://en.wikipedia.org/wiki/Oriental_Orthodox_Churches,en.wikipedia.org,wikipedia_internal,16,Oriental Orthodox Churches,
CASE-0281,Micah 5 Bethlehem prophecy,Micah (prophet),wikipedia_article_links,https://en.wikipedia.org/wiki/Assyrian_Church_of_the_East,en.wikipedia.org,wikipedia_internal,17,Assyrian Church of the East,
CASE-0281,Micah 5 Bethlehem prophecy,Micah (prophet),wikipedia_article_links,https://en.wikipedia.org/wiki/Ancient_Church_of_the_East,en.wikipedia.org,wikipedia_internal,18,Ancient Church of the East,
CASE-0281,Micah 5 Bethlehem prophecy,Micah (prophet),wikipedia_article_links,https://en.wikipedia.org/wiki/Calendar_of_saints,en.wikipedia.org,wikipedia_internal,19,Feast,
CASE-0281,Micah 5 Bethlehem prophecy,Micah (prophet),wikipedia_article_links,https://en.wikipedia.org/wiki/14_August_(Orthodox_liturgics),en.wikipedia.org,wikipedia_internal,20,August 14,
CASE-0282,Isaiah 53 suffering servant,Isaiah 53,wikipedia_search,https://en.wikipedia.org/wiki/Isaiah_53,en.wikipedia.org,wikipedia_primary,1,Isaiah 53,
CASE-0282,Isaiah 53 suffering servant,Isaiah 53,wikipedia_article_links,https://en.wikipedia.org/wiki/Isaiah_52,en.wikipedia.org,wikipedia_internal,2,chapter 52,
CASE-0282,Isaiah 53 suffering servant,Isaiah 53,wikipedia_article_links,https://en.wikipedia.org/wiki/Isaiah_54,en.wikipedia.org,wikipedia_internal,3,chapter 54,
CASE-0282,Isaiah 53 suffering servant,Isaiah 53,wikipedia_article_links,https://en.wikipedia.org/wiki/Great_Isaiah_Scroll,en.wikipedia.org,wikipedia_internal,4,Great Isaiah Scroll,
CASE-0282,Isaiah 53 suffering servant,Isaiah 53,wikipedia_article_links,https://en.wikipedia.org/wiki/Qumran,en.wikipedia.org,wikipedia_internal,5,Qumran,
CASE-0282,Isaiah 53 suffering servant,Isaiah 53,wikipedia_article_links,https://en.wikipedia.org/wiki/Book_of_Isaiah,en.wikipedia.org,wikipedia_internal,6,Book of Isaiah,
CASE-0282,Isaiah 53 suffering servant,Isaiah 53,wikipedia_article_links,https://en.wikipedia.org/wiki/Nevi%27im,en.wikipedia.org,wikipedia_internal,7,Nevi'im,
CASE-0282,Isaiah 53 suffering servant,Isaiah 53,wikipedia_article_links,https://en.wikipedia.org/wiki/Old_Testament,en.wikipedia.org,wikipedia_internal,8,Old Testament,
CASE-0282,Isaiah 53 suffering servant,Isaiah 53,wikipedia_article_links,https://en.wikipedia.org/wiki/Chapters_and_verses_of_the_Bible,en.wikipedia.org,wikipedia_internal,9,chapter,
CASE-0282,Isaiah 53 suffering servant,Isaiah 53,wikipedia_article_links,https://en.wikipedia.org/wiki/Hebrew_Bible,en.wikipedia.org,wikipedia_internal,10,Hebrew Bible,
CASE-0282,Isaiah 53 suffering servant,Isaiah 53,wikipedia_article_links,https://en.wikipedia.org/wiki/Christian_Bible,en.wikipedia.org,wikipedia_internal,11,Christian Bible,
CASE-0282,Isaiah 53 suffering servant,Isaiah 53,wikipedia_article_links,https://en.wikipedia.org/wiki/Isaiah,en.wikipedia.org,wikipedia_internal,12,Isaiah,
CASE-0282,Isaiah 53 suffering servant,Isaiah 53,wikipedia_article_links,https://en.wikipedia.org/wiki/Israelites,en.wikipedia.org,wikipedia_internal,13,Israelites,
CASE-0282,Isaiah 53 suffering servant,Isaiah 53,wikipedia_article_links,https://en.wikipedia.org/wiki/Babylonian_captivity,en.wikipedia.org,wikipedia_internal,14,exile in Babylon,
CASE-0282,Isaiah 53 suffering servant,Isaiah 53,wikipedia_article_links,https://en.wikipedia.org/wiki/Servant_songs,en.wikipedia.org,wikipedia_internal,15,Servant songs,
CASE-0282,Isaiah 53 suffering servant,Isaiah 53,wikipedia_article_links,https://en.wikipedia.org/wiki/New_Jewish_Publication_Society_of_America_Tanakh,en.wikipedia.org,wikipedia_internal,16,New Jewish Publication Society Translation,
CASE-0282,Isaiah 53 suffering servant,Isaiah 53,wikipedia_article_links,https://en.wikipedia.org/wiki/Biblical_Hebrew,en.wikipedia.org,wikipedia_internal,17,Biblical Hebrew,
CASE-0282,Isaiah 53 suffering servant,Isaiah 53,wikipedia_article_links,https://en.wikipedia.org/wiki/Pericope,en.wikipedia.org,wikipedia_internal,18,pericope,
CASE-0282,Isaiah 53 suffering servant,Isaiah 53,wikipedia_article_links,https://en.wikipedia.org/wiki/Leningrad_Codex,en.wikipedia.org,wikipedia_internal,19,Codex Leningradensis,
CASE-0282,Isaiah 53 suffering servant,Isaiah 53,wikipedia_article_links,https://en.wikipedia.org/wiki/Masoretic_Text,en.wikipedia.org,wikipedia_internal,20,Masoretic Text,
CASE-0283,Psalm 22 crucifixion prophecy,Psalm 22,wikipedia_search,https://en.wikipedia.org/wiki/Psalm_22,en.wikipedia.org,wikipedia_primary,1,Psalm 22,
CASE-0283,Psalm 22 crucifixion prophecy,Psalm 22,wikipedia_article_links,https://en.wikipedia.org/wiki/St._Albans_Psalter,en.wikipedia.org,wikipedia_internal,2,St. Albans Psalter,
CASE-0283,Psalm 22 crucifixion prophecy,Psalm 22,wikipedia_article_links,https://en.wikipedia.org/wiki/Latin,en.wikipedia.org,wikipedia_internal,3,Latin,
CASE-0283,Psalm 22 crucifixion prophecy,Psalm 22,wikipedia_article_links,https://en.wikipedia.org/wiki/Vulgate,en.wikipedia.org,wikipedia_internal,4,Vulgate,
CASE-0283,Psalm 22 crucifixion prophecy,Psalm 22,wikipedia_article_links,https://en.wikipedia.org/wiki/Psalm_23,en.wikipedia.org,wikipedia_internal,5,Psalm 23,
CASE-0283,Psalm 22 crucifixion prophecy,Psalm 22,wikipedia_article_links,https://en.wikipedia.org/wiki/Psalm_21,en.wikipedia.org,wikipedia_internal,6,Psalm 21,
CASE-0283,Psalm 22 crucifixion prophecy,Psalm 22,wikipedia_article_links,https://en.wikipedia.org/wiki/Book_of_Psalms,en.wikipedia.org,wikipedia_internal,7,Book of Psalms,
CASE-0283,Psalm 22 crucifixion prophecy,Psalm 22,wikipedia_article_links,https://en.wikipedia.org/wiki/Ketuvim,en.wikipedia.org,wikipedia_internal,8,Ketuvim,
CASE-0283,Psalm 22 crucifixion prophecy,Psalm 22,wikipedia_article_links,https://en.wikipedia.org/wiki/Old_Testament,en.wikipedia.org,wikipedia_internal,9,Old Testament,
CASE-0283,Psalm 22 crucifixion prophecy,Psalm 22,wikipedia_article_links,https://en.wikipedia.org/wiki/Psalm,en.wikipedia.org,wikipedia_internal,10,psalm,
CASE-0283,Psalm 22 crucifixion prophecy,Psalm 22,wikipedia_article_links,https://en.wikipedia.org/wiki/Bible,en.wikipedia.org,wikipedia_internal,11,Bible,
CASE-0283,Psalm 22 crucifixion prophecy,Psalm 22,wikipedia_article_links,https://en.wikipedia.org/wiki/Tanakh,en.wikipedia.org,wikipedia_internal,12,Tanakh,
CASE-0283,Psalm 22 crucifixion prophecy,Psalm 22,wikipedia_article_links,https://en.wikipedia.org/wiki/Septuagint,en.wikipedia.org,wikipedia_internal,13,Septuagint,
CASE-0283,Psalm 22 crucifixion prophecy,Psalm 22,wikipedia_article_links,https://en.wikipedia.org/wiki/Jewish_history,en.wikipedia.org,wikipedia_internal,14,Jewish,
CASE-0283,Psalm 22 crucifixion prophecy,Psalm 22,wikipedia_article_links,https://en.wikipedia.org/wiki/Eastern_Orthodox_Church,en.wikipedia.org,wikipedia_internal,15,Orthodox,
CASE-0283,Psalm 22 crucifixion prophecy,Psalm 22,wikipedia_article_links,https://en.wikipedia.org/wiki/Catholic_Church,en.wikipedia.org,wikipedia_internal,16,Catholic,
CASE-0283,Psalm 22 crucifixion prophecy,Psalm 22,wikipedia_article_links,https://en.wikipedia.org/wiki/Anglicanism,en.wikipedia.org,wikipedia_internal,17,Anglican,
CASE-0283,Psalm 22 crucifixion prophecy,Psalm 22,wikipedia_article_links,https://en.wikipedia.org/wiki/Lutheran,en.wikipedia.org,wikipedia_internal,18,Lutheran,
CASE-0283,Psalm 22 crucifixion prophecy,Psalm 22,wikipedia_article_links,https://en.wikipedia.org/wiki/Protestant,en.wikipedia.org,wikipedia_internal,19,Protestant,
CASE-0283,Psalm 22 crucifixion prophecy,Psalm 22,wikipedia_article_links,https://en.wikipedia.org/wiki/King_David,en.wikipedia.org,wikipedia_internal,20,King David,
CASE-0284,Daniel 12 sealed book,Seven seals,wikipedia_search,https://en.wikipedia.org/wiki/Seven_seals,en.wikipedia.org,wikipedia_primary,1,Seven seals,
CASE-0284,Daniel 12 sealed book,Seven seals,wikipedia_article_links,https://en.wikipedia.org/wiki/Seven_seals_(disambiguation),en.wikipedia.org,wikipedia_internal,2,Seven seals (disambiguation),
CASE-0284,Daniel 12 sealed book,Seven seals,wikipedia_article_links,https://en.wikipedia.org/wiki/Lamb_of_God,en.wikipedia.org,wikipedia_internal,3,Lamb,
CASE-0284,Daniel 12 sealed book,Seven seals,wikipedia_article_links,https://en.wikipedia.org/wiki/Seal_(emblem)#Impression,en.wikipedia.org,wikipedia_internal,4,seals,
CASE-0284,Daniel 12 sealed book,Seven seals,wikipedia_article_links,https://en.wikipedia.org/wiki/Greek_language,en.wikipedia.org,wikipedia_internal,5,Greek,
CASE-0284,Daniel 12 sealed book,Seven seals,wikipedia_article_links,https://en.wikipedia.org/wiki/Book_of_Revelation,en.wikipedia.org,wikipedia_internal,6,Book of Revelation,
CASE-0284,Daniel 12 sealed book,Seven seals,wikipedia_article_links,https://en.wikipedia.org/wiki/Four_Horsemen_of_the_Apocalypse,en.wikipedia.org,wikipedia_internal,7,Four Horsemen,
CASE-0284,Daniel 12 sealed book,Seven seals,wikipedia_article_links,https://en.wikipedia.org/wiki/Martyrs,en.wikipedia.org,wikipedia_internal,8,martyrs,
CASE-0284,Daniel 12 sealed book,Seven seals,wikipedia_article_links,https://en.wikipedia.org/wiki/Plague_(disease),en.wikipedia.org,wikipedia_internal,9,plagues,
CASE-0284,Daniel 12 sealed book,Seven seals,wikipedia_article_links,https://en.wikipedia.org/wiki/Storms,en.wikipedia.org,wikipedia_internal,10,storms,
CASE-0284,Daniel 12 sealed book,Seven seals,wikipedia_article_links,https://en.wikipedia.org/wiki/Seven_trumpets,en.wikipedia.org,wikipedia_internal,11,seven angelic trumpeters,
CASE-0284,Daniel 12 sealed book,Seven seals,wikipedia_article_links,https://en.wikipedia.org/wiki/Seven_bowls,en.wikipedia.org,wikipedia_internal,12,seven bowl,
CASE-0284,Daniel 12 sealed book,Seven seals,wikipedia_article_links,https://en.wikipedia.org/wiki/Julius_Schnorr_von_Carolsfeld,en.wikipedia.org,wikipedia_internal,13,Julius Schnorr von Carolsfeld,
CASE-0284,Daniel 12 sealed book,Seven seals,wikipedia_article_links,https://en.wikipedia.org/wiki/Christian_eschatology,en.wikipedia.org,wikipedia_internal,14,Christian eschatology,
CASE-0284,Daniel 12 sealed book,Seven seals,wikipedia_article_links,https://en.wikipedia.org/wiki/Historicism_(Christianity),en.wikipedia.org,wikipedia_internal,15,Historicism,
CASE-0284,Daniel 12 sealed book,Seven seals,wikipedia_article_links,https://en.wikipedia.org/wiki/Historicist_interpretations_of_the_Book_of_Revelation,en.wikipedia.org,wikipedia_internal,16,Interpretations of Revelation,
CASE-0284,Daniel 12 sealed book,Seven seals,wikipedia_article_links,https://en.wikipedia.org/wiki/Futurism_(Christianity),en.wikipedia.org,wikipedia_internal,17,Futurism,
CASE-0284,Daniel 12 sealed book,Seven seals,wikipedia_article_links,https://en.wikipedia.org/wiki/Dispensationalism,en.wikipedia.org,wikipedia_internal,18,Dispensationalism,
CASE-0284,Daniel 12 sealed book,Seven seals,wikipedia_article_links,https://en.wikipedia.org/wiki/Preterism,en.wikipedia.org,wikipedia_internal,19,Preterism,
CASE-0284,Daniel 12 sealed book,Seven seals,wikipedia_article_links,https://en.wikipedia.org/wiki/Idealism_(Christian_eschatology),en.wikipedia.org,wikipedia_internal,20,Idealism,
CASE-0285,Revelation 13 beast system,The Beast (Revelation),wikipedia_search,https://en.wikipedia.org/wiki/The_Beast_%28Revelation%29,en.wikipedia.org,wikipedia_primary,1,The Beast (Revelation),
CASE-0285,Revelation 13 beast system,The Beast (Revelation),wikipedia_article_links,https://en.wikipedia.org/wiki/Religious_text,en.wikipedia.org,wikipedia_internal,2,texts from within a religion or faith system,
CASE-0285,Revelation 13 beast system,The Beast (Revelation),wikipedia_article_links,https://en.wikipedia.org/wiki/Satan,en.wikipedia.org,wikipedia_internal,3,Satan,
CASE-0285,Revelation 13 beast system,The Beast (Revelation),wikipedia_article_links,https://en.wikipedia.org/wiki/Sceptre,en.wikipedia.org,wikipedia_internal,4,sceptre,
CASE-0285,Revelation 13 beast system,The Beast (Revelation),wikipedia_article_links,https://en.wikipedia.org/wiki/Apocalypse_Tapestry,en.wikipedia.org,wikipedia_internal,5,Apocalypse Tapestry,
CASE-0285,Revelation 13 beast system,The Beast (Revelation),wikipedia_article_links,https://en.wikipedia.org/wiki/Christian_eschatology,en.wikipedia.org,wikipedia_internal,6,Christian eschatology,
CASE-0285,Revelation 13 beast system,The Beast (Revelation),wikipedia_article_links,https://en.wikipedia.org/wiki/Historicism_(Christianity),en.wikipedia.org,wikipedia_internal,7,Historicism,
CASE-0285,Revelation 13 beast system,The Beast (Revelation),wikipedia_article_links,https://en.wikipedia.org/wiki/Historicist_interpretations_of_the_Book_of_Revelation,en.wikipedia.org,wikipedia_internal,8,Interpretations of Revelation,
CASE-0285,Revelation 13 beast system,The Beast (Revelation),wikipedia_article_links,https://en.wikipedia.org/wiki/Futurism_(Christianity),en.wikipedia.org,wikipedia_internal,9,Futurism,
CASE-0285,Revelation 13 beast system,The Beast (Revelation),wikipedia_article_links,https://en.wikipedia.org/wiki/Dispensationalism,en.wikipedia.org,wikipedia_internal,10,Dispensationalism,
CASE-0285,Revelation 13 beast system,The Beast (Revelation),wikipedia_article_links,https://en.wikipedia.org/wiki/Preterism,en.wikipedia.org,wikipedia_internal,11,Preterism,
CASE-0285,Revelation 13 beast system,The Beast (Revelation),wikipedia_article_links,https://en.wikipedia.org/wiki/Idealism_(Christian_eschatology),en.wikipedia.org,wikipedia_internal,12,Idealism,
CASE-0285,Revelation 13 beast system,The Beast (Revelation),wikipedia_article_links,https://en.wikipedia.org/wiki/Millennialism,en.wikipedia.org,wikipedia_internal,13,The Millennium,
CASE-0285,Revelation 13 beast system,The Beast (Revelation),wikipedia_article_links,https://en.wikipedia.org/wiki/Amillennialism,en.wikipedia.org,wikipedia_internal,14,Amillennialism,
CASE-0285,Revelation 13 beast system,The Beast (Revelation),wikipedia_article_links,https://en.wikipedia.org/wiki/Postmillennialism,en.wikipedia.org,wikipedia_internal,15,Postmillennialism,
CASE-0285,Revelation 13 beast system,The Beast (Revelation),wikipedia_article_links,https://en.wikipedia.org/wiki/Premillennialism,en.wikipedia.org,wikipedia_internal,16,Premillennialism,
CASE-0285,Revelation 13 beast system,The Beast (Revelation),wikipedia_article_links,https://en.wikipedia.org/wiki/Posttribulation_rapture,en.wikipedia.org,wikipedia_internal,17,Posttribulation rapture,
CASE-0285,Revelation 13 beast system,The Beast (Revelation),wikipedia_article_links,https://en.wikipedia.org/wiki/Book_of_Daniel,en.wikipedia.org,wikipedia_internal,18,Daniel,
CASE-0285,Revelation 13 beast system,The Beast (Revelation),wikipedia_article_links,https://en.wikipedia.org/wiki/Prophecy_of_Seventy_Weeks,en.wikipedia.org,wikipedia_internal,19,Seventy Weeks,
CASE-0285,Revelation 13 beast system,The Beast (Revelation),wikipedia_article_links,https://en.wikipedia.org/wiki/Synoptic_Gospels,en.wikipedia.org,wikipedia_internal,20,Synoptic Gospels,
CASE-0286,Babylon the Great,Whore of Babylon,wikipedia_search,https://en.wikipedia.org/wiki/Whore_of_Babylon,en.wikipedia.org,wikipedia_primary,1,Whore of Babylon,
CASE-0286,Babylon the Great,Whore of Babylon,wikipedia_article_links,https://en.wikipedia.org/wiki/Luther_Bible,en.wikipedia.org,wikipedia_internal,2,Martin Luther's 1534 translation of the Bible,
CASE-0286,Babylon the Great,Whore of Babylon,wikipedia_article_links,https://en.wikipedia.org/wiki/Christian_eschatology,en.wikipedia.org,wikipedia_internal,3,Christian eschatology,
CASE-0286,Babylon the Great,Whore of Babylon,wikipedia_article_links,https://en.wikipedia.org/wiki/Historicism_(Christianity),en.wikipedia.org,wikipedia_internal,4,Historicism,
CASE-0286,Babylon the Great,Whore of Babylon,wikipedia_article_links,https://en.wikipedia.org/wiki/Historicist_interpretations_of_the_Book_of_Revelation,en.wikipedia.org,wikipedia_internal,5,Interpretations of Revelation,
CASE-0286,Babylon the Great,Whore of Babylon,wikipedia_article_links,https://en.wikipedia.org/wiki/Futurism_(Christianity),en.wikipedia.org,wikipedia_internal,6,Futurism,
CASE-0286,Babylon the Great,Whore of Babylon,wikipedia_article_links,https://en.wikipedia.org/wiki/Dispensationalism,en.wikipedia.org,wikipedia_internal,7,Dispensationalism,
CASE-0286,Babylon the Great,Whore of Babylon,wikipedia_article_links,https://en.wikipedia.org/wiki/Preterism,en.wikipedia.org,wikipedia_internal,8,Preterism,
CASE-0286,Babylon the Great,Whore of Babylon,wikipedia_article_links,https://en.wikipedia.org/wiki/Idealism_(Christian_eschatology),en.wikipedia.org,wikipedia_internal,9,Idealism,
CASE-0286,Babylon the Great,Whore of Babylon,wikipedia_article_links,https://en.wikipedia.org/wiki/Millennialism,en.wikipedia.org,wikipedia_internal,10,The Millennium,
CASE-0286,Babylon the Great,Whore of Babylon,wikipedia_article_links,https://en.wikipedia.org/wiki/Amillennialism,en.wikipedia.org,wikipedia_internal,11,Amillennialism,
CASE-0286,Babylon the Great,Whore of Babylon,wikipedia_article_links,https://en.wikipedia.org/wiki/Postmillennialism,en.wikipedia.org,wikipedia_internal,12,Postmillennialism,
CASE-0286,Babylon the Great,Whore of Babylon,wikipedia_article_links,https://en.wikipedia.org/wiki/Premillennialism,en.wikipedia.org,wikipedia_internal,13,Premillennialism,
CASE-0286,Babylon the Great,Whore of Babylon,wikipedia_article_links,https://en.wikipedia.org/wiki/Posttribulation_rapture,en.wikipedia.org,wikipedia_internal,14,Posttribulation rapture,
CASE-0286,Babylon the Great,Whore of Babylon,wikipedia_article_links,https://en.wikipedia.org/wiki/Book_of_Daniel,en.wikipedia.org,wikipedia_internal,15,Daniel,
CASE-0286,Babylon the Great,Whore of Babylon,wikipedia_article_links,https://en.wikipedia.org/wiki/Prophecy_of_Seventy_Weeks,en.wikipedia.org,wikipedia_internal,16,Seventy Weeks,
CASE-0286,Babylon the Great,Whore of Babylon,wikipedia_article_links,https://en.wikipedia.org/wiki/Synoptic_Gospels,en.wikipedia.org,wikipedia_internal,17,Synoptic Gospels,
CASE-0286,Babylon the Great,Whore of Babylon,wikipedia_article_links,https://en.wikipedia.org/wiki/Olivet_Discourse,en.wikipedia.org,wikipedia_internal,18,Olivet Discourse,
CASE-0286,Babylon the Great,Whore of Babylon,wikipedia_article_links,https://en.wikipedia.org/wiki/Mark_13,en.wikipedia.org,wikipedia_internal,19,Mark 13,
CASE-0286,Babylon the Great,Whore of Babylon,wikipedia_article_links,https://en.wikipedia.org/wiki/Matthew_24,en.wikipedia.org,wikipedia_internal,20,Matthew 24,
CASE-0287,Mystery Babylon America,The Babylon Bee,wikipedia_search,https://en.wikipedia.org/wiki/The_Babylon_Bee,en.wikipedia.org,wikipedia_primary,1,The Babylon Bee,
CASE-0287,Mystery Babylon America,The Babylon Bee,wikipedia_article_links,https://en.wikipedia.org/wiki/Satirical,en.wikipedia.org,wikipedia_internal,2,Satirical,
CASE-0287,Mystery Babylon America,The Babylon Bee,wikipedia_article_links,"https://en.wikipedia.org/wiki/Jupiter,_Florida",en.wikipedia.org,wikipedia_internal,3,Jupiter,
CASE-0287,Mystery Babylon America,The Babylon Bee,wikipedia_article_links,https://en.wikipedia.org/wiki/Florida,en.wikipedia.org,wikipedia_internal,4,Florida,
CASE-0287,Mystery Babylon America,The Babylon Bee,wikipedia_article_links,https://en.wikipedia.org/wiki/Organizational_founder,en.wikipedia.org,wikipedia_internal,5,Founder,
CASE-0287,Mystery Babylon America,The Babylon Bee,wikipedia_article_links,https://en.wikipedia.org/wiki/Chief_executive_officer,en.wikipedia.org,wikipedia_internal,6,CEO,
CASE-0287,Mystery Babylon America,The Babylon Bee,wikipedia_article_links,https://en.wikipedia.org/wiki/Chief_technology_officer,en.wikipedia.org,wikipedia_internal,7,CTO,
CASE-0287,Mystery Babylon America,The Babylon Bee,wikipedia_article_links,https://en.wikipedia.org/wiki/Editor-in-chief,en.wikipedia.org,wikipedia_internal,8,Editor-in-chief,
CASE-0287,Mystery Babylon America,The Babylon Bee,wikipedia_article_links,https://en.wikipedia.org/wiki/Conservatism_in_the_United_States,en.wikipedia.org,wikipedia_internal,9,conservative,
CASE-0287,Mystery Babylon America,The Babylon Bee,wikipedia_article_links,https://en.wikipedia.org/wiki/Christianity,en.wikipedia.org,wikipedia_internal,10,Christian,
CASE-0287,Mystery Babylon America,The Babylon Bee,wikipedia_article_links,https://en.wikipedia.org/wiki/News_satire,en.wikipedia.org,wikipedia_internal,11,news satire,
CASE-0287,Mystery Babylon America,The Babylon Bee,wikipedia_article_links,https://en.wikipedia.org/wiki/Satire,en.wikipedia.org,wikipedia_internal,12,satirical,
CASE-0287,Mystery Babylon America,The Babylon Bee,wikipedia_article_links,https://en.wikipedia.org/wiki/Compassionate_conservatism,en.wikipedia.org,wikipedia_internal,13,Compassionate,
CASE-0287,Mystery Babylon America,The Babylon Bee,wikipedia_article_links,https://en.wikipedia.org/wiki/Fiscal_conservatism,en.wikipedia.org,wikipedia_internal,14,Fiscal,
CASE-0287,Mystery Babylon America,The Babylon Bee,wikipedia_article_links,https://en.wikipedia.org/wiki/Fusionism,en.wikipedia.org,wikipedia_internal,15,Fusion,
CASE-0287,Mystery Babylon America,The Babylon Bee,wikipedia_article_links,https://en.wikipedia.org/wiki/Liberal_conservatism#Relation_to_American_conservatism,en.wikipedia.org,wikipedia_internal,16,Liberal,
CASE-0287,Mystery Babylon America,The Babylon Bee,wikipedia_article_links,https://en.wikipedia.org/wiki/Libertarian_conservatism,en.wikipedia.org,wikipedia_internal,17,Libertarian,
CASE-0287,Mystery Babylon America,The Babylon Bee,wikipedia_article_links,https://en.wikipedia.org/wiki/Moderate_conservatism#United_States,en.wikipedia.org,wikipedia_internal,18,Moderate,
CASE-0287,Mystery Babylon America,The Babylon Bee,wikipedia_article_links,https://en.wikipedia.org/wiki/Movement_conservatism,en.wikipedia.org,wikipedia_internal,19,Movement,
CASE-0287,Mystery Babylon America,The Babylon Bee,wikipedia_article_links,https://en.wikipedia.org/wiki/American_nationalism,en.wikipedia.org,wikipedia_internal,20,Nationalist,
CASE-0288,Whore of Babylon,Whore of Babylon,wikipedia_search,https://en.wikipedia.org/wiki/Whore_of_Babylon,en.wikipedia.org,wikipedia_primary,1,Whore of Babylon,
CASE-0288,Whore of Babylon,Whore of Babylon,wikipedia_article_links,https://en.wikipedia.org/wiki/Luther_Bible,en.wikipedia.org,wikipedia_internal,2,Martin Luther's 1534 translation of the Bible,
CASE-0288,Whore of Babylon,Whore of Babylon,wikipedia_article_links,https://en.wikipedia.org/wiki/Christian_eschatology,en.wikipedia.org,wikipedia_internal,3,Christian eschatology,
CASE-0288,Whore of Babylon,Whore of Babylon,wikipedia_article_links,https://en.wikipedia.org/wiki/Historicism_(Christianity),en.wikipedia.org,wikipedia_internal,4,Historicism,
CASE-0288,Whore of Babylon,Whore of Babylon,wikipedia_article_links,https://en.wikipedia.org/wiki/Historicist_interpretations_of_the_Book_of_Revelation,en.wikipedia.org,wikipedia_internal,5,Interpretations of Revelation,
CASE-0288,Whore of Babylon,Whore of Babylon,wikipedia_article_links,https://en.wikipedia.org/wiki/Futurism_(Christianity),en.wikipedia.org,wikipedia_internal,6,Futurism,
CASE-0288,Whore of Babylon,Whore of Babylon,wikipedia_article_links,https://en.wikipedia.org/wiki/Dispensationalism,en.wikipedia.org,wikipedia_internal,7,Dispensationalism,
CASE-0288,Whore of Babylon,Whore of Babylon,wikipedia_article_links,https://en.wikipedia.org/wiki/Preterism,en.wikipedia.org,wikipedia_internal,8,Preterism,
CASE-0288,Whore of Babylon,Whore of Babylon,wikipedia_article_links,https://en.wikipedia.org/wiki/Idealism_(Christian_eschatology),en.wikipedia.org,wikipedia_internal,9,Idealism,
CASE-0288,Whore of Babylon,Whore of Babylon,wikipedia_article_links,https://en.wikipedia.org/wiki/Millennialism,en.wikipedia.org,wikipedia_internal,10,The Millennium,
CASE-0288,Whore of Babylon,Whore of Babylon,wikipedia_article_links,https://en.wikipedia.org/wiki/Amillennialism,en.wikipedia.org,wikipedia_internal,11,Amillennialism,
CASE-0288,Whore of Babylon,Whore of Babylon,wikipedia_article_links,https://en.wikipedia.org/wiki/Postmillennialism,en.wikipedia.org,wikipedia_internal,12,Postmillennialism,
CASE-0288,Whore of Babylon,Whore of Babylon,wikipedia_article_links,https://en.wikipedia.org/wiki/Premillennialism,en.wikipedia.org,wikipedia_internal,13,Premillennialism,
CASE-0288,Whore of Babylon,Whore of Babylon,wikipedia_article_links,https://en.wikipedia.org/wiki/Posttribulation_rapture,en.wikipedia.org,wikipedia_internal,14,Posttribulation rapture,
CASE-0288,Whore of Babylon,Whore of Babylon,wikipedia_article_links,https://en.wikipedia.org/wiki/Book_of_Daniel,en.wikipedia.org,wikipedia_internal,15,Daniel,
CASE-0288,Whore of Babylon,Whore of Babylon,wikipedia_article_links,https://en.wikipedia.org/wiki/Prophecy_of_Seventy_Weeks,en.wikipedia.org,wikipedia_internal,16,Seventy Weeks,
CASE-0288,Whore of Babylon,Whore of Babylon,wikipedia_article_links,https://en.wikipedia.org/wiki/Synoptic_Gospels,en.wikipedia.org,wikipedia_internal,17,Synoptic Gospels,
CASE-0288,Whore of Babylon,Whore of Babylon,wikipedia_article_links,https://en.wikipedia.org/wiki/Olivet_Discourse,en.wikipedia.org,wikipedia_internal,18,Olivet Discourse,
CASE-0288,Whore of Babylon,Whore of Babylon,wikipedia_article_links,https://en.wikipedia.org/wiki/Mark_13,en.wikipedia.org,wikipedia_internal,19,Mark 13,
CASE-0288,Whore of Babylon,Whore of Babylon,wikipedia_article_links,https://en.wikipedia.org/wiki/Matthew_24,en.wikipedia.org,wikipedia_internal,20,Matthew 24,
CASE-0289,false prophet Revelation,False prophet,wikipedia_search,https://en.wikipedia.org/wiki/False_prophet,en.wikipedia.org,wikipedia_primary,1,False prophet,
CASE-0289,false prophet Revelation,False prophet,wikipedia_article_links,https://en.wikipedia.org/wiki/False_Prophet_(song),en.wikipedia.org,wikipedia_internal,2,False Prophet (song),
CASE-0289,false prophet Revelation,False prophet,wikipedia_article_links,https://en.wikipedia.org/wiki/Fake_Prophet,en.wikipedia.org,wikipedia_internal,3,Fake Prophet,
CASE-0289,false prophet Revelation,False prophet,wikipedia_article_links,https://en.wikipedia.org/wiki/Devil_in_Christianity,en.wikipedia.org,wikipedia_internal,4,Devil,
CASE-0289,false prophet Revelation,False prophet,wikipedia_article_links,https://en.wikipedia.org/wiki/Antichrist,en.wikipedia.org,wikipedia_internal,5,Antichrist,
CASE-0289,false prophet Revelation,False prophet,wikipedia_article_links,https://en.wikipedia.org/wiki/Luca_Signorelli,en.wikipedia.org,wikipedia_internal,6,Luca Signorelli,
CASE-0289,false prophet Revelation,False prophet,wikipedia_article_links,https://en.wikipedia.org/wiki/Orvieto_Cathedral,en.wikipedia.org,wikipedia_internal,7,Orvieto Cathedral,
CASE-0289,false prophet Revelation,False prophet,wikipedia_article_links,https://en.wikipedia.org/wiki/Religion,en.wikipedia.org,wikipedia_internal,8,religion,
CASE-0289,false prophet Revelation,False prophet,wikipedia_article_links,https://en.wikipedia.org/wiki/Prophecy,en.wikipedia.org,wikipedia_internal,9,prophecy,
CASE-0289,false prophet Revelation,False prophet,wikipedia_article_links,https://en.wikipedia.org/wiki/Revelation,en.wikipedia.org,wikipedia_internal,10,divine inspiration,
CASE-0289,false prophet Revelation,False prophet,wikipedia_article_links,https://en.wikipedia.org/wiki/God,en.wikipedia.org,wikipedia_internal,11,God,
CASE-0289,false prophet Revelation,False prophet,wikipedia_article_links,https://en.wikipedia.org/wiki/Evil,en.wikipedia.org,wikipedia_internal,12,evil,
CASE-0289,false prophet Revelation,False prophet,wikipedia_article_links,https://en.wikipedia.org/wiki/Prophet,en.wikipedia.org,wikipedia_internal,13,prophet,
CASE-0289,false prophet Revelation,False prophet,wikipedia_article_links,https://en.wikipedia.org/wiki/Deity,en.wikipedia.org,wikipedia_internal,14,deity,
CASE-0289,false prophet Revelation,False prophet,wikipedia_article_links,https://en.wikipedia.org/wiki/Prophets_in_Judaism,en.wikipedia.org,wikipedia_internal,15,Prophets in Judaism,
CASE-0289,false prophet Revelation,False prophet,wikipedia_article_links,https://en.wikipedia.org/wiki/Nevi%27im,en.wikipedia.org,wikipedia_internal,16,Nevi'im,
CASE-0289,false prophet Revelation,False prophet,wikipedia_article_links,https://en.wikipedia.org/wiki/Jewish_Messiah_claimants,en.wikipedia.org,wikipedia_internal,17,Jewish Messiah claimants,
CASE-0289,false prophet Revelation,False prophet,wikipedia_article_links,https://en.wikipedia.org/wiki/Judaism,en.wikipedia.org,wikipedia_internal,18,Judaism,
CASE-0289,false prophet Revelation,False prophet,wikipedia_article_links,https://en.wikipedia.org/wiki/Deuteronomy,en.wikipedia.org,wikipedia_internal,19,Deuteronomy,
CASE-0289,false prophet Revelation,False prophet,wikipedia_article_links,https://en.wikipedia.org/wiki/Books_of_Kings,en.wikipedia.org,wikipedia_internal,20,Books of Kings,
CASE-0290,144000 Revelation,"144,000",wikipedia_search,https://en.wikipedia.org/wiki/144%2C000,en.wikipedia.org,wikipedia_primary,1,"144,000",
CASE-0290,144000 Revelation,"144,000",wikipedia_article_links,https://en.wikipedia.org/wiki/List_of_numbers,en.wikipedia.org,wikipedia_internal,2,List of numbers,
CASE-0290,144000 Revelation,"144,000",wikipedia_article_links,https://en.wikipedia.org/wiki/Integer,en.wikipedia.org,wikipedia_internal,3,Integers,
CASE-0290,144000 Revelation,"144,000",wikipedia_article_links,https://en.wikipedia.org/wiki/0,en.wikipedia.org,wikipedia_internal,4,←,
CASE-0290,144000 Revelation,"144,000",wikipedia_article_links,https://en.wikipedia.org/wiki/1,en.wikipedia.org,wikipedia_internal,5,10 0,
CASE-0290,144000 Revelation,"144,000",wikipedia_article_links,https://en.wikipedia.org/wiki/10,en.wikipedia.org,wikipedia_internal,6,10 1,
CASE-0290,144000 Revelation,"144,000",wikipedia_article_links,https://en.wikipedia.org/wiki/100,en.wikipedia.org,wikipedia_internal,7,10 2,
CASE-0290,144000 Revelation,"144,000",wikipedia_article_links,https://en.wikipedia.org/wiki/1000_(number),en.wikipedia.org,wikipedia_internal,8,10 3,
CASE-0290,144000 Revelation,"144,000",wikipedia_article_links,"https://en.wikipedia.org/wiki/10,000",en.wikipedia.org,wikipedia_internal,9,10 4,
CASE-0290,144000 Revelation,"144,000",wikipedia_article_links,"https://en.wikipedia.org/wiki/100,000",en.wikipedia.org,wikipedia_internal,10,10 5,
CASE-0290,144000 Revelation,"144,000",wikipedia_article_links,"https://en.wikipedia.org/wiki/1,000,000",en.wikipedia.org,wikipedia_internal,11,10 6,
CASE-0290,144000 Revelation,"144,000",wikipedia_article_links,"https://en.wikipedia.org/wiki/10,000,000",en.wikipedia.org,wikipedia_internal,12,10 7,
CASE-0290,144000 Revelation,"144,000",wikipedia_article_links,"https://en.wikipedia.org/wiki/100,000,000",en.wikipedia.org,wikipedia_internal,13,10 8,
CASE-0290,144000 Revelation,"144,000",wikipedia_article_links,"https://en.wikipedia.org/wiki/1,000,000,000",en.wikipedia.org,wikipedia_internal,14,10 9,
CASE-0290,144000 Revelation,"144,000",wikipedia_article_links,"https://en.wikipedia.org/wiki/10,000,000,000",en.wikipedia.org,wikipedia_internal,15,10 10,
CASE-0290,144000 Revelation,"144,000",wikipedia_article_links,"https://en.wikipedia.org/wiki/100,000,000,000",en.wikipedia.org,wikipedia_internal,16,10 11,
CASE-0290,144000 Revelation,"144,000",wikipedia_article_links,"https://en.wikipedia.org/wiki/1,000,000,000,000",en.wikipedia.org,wikipedia_internal,17,10 12,
CASE-0290,144000 Revelation,"144,000",wikipedia_article_links,"https://en.wikipedia.org/wiki/10,000,000,000,000",en.wikipedia.org,wikipedia_internal,18,10 13,
CASE-0290,144000 Revelation,"144,000",wikipedia_article_links,https://en.wikipedia.org/wiki/Cardinal_numeral,en.wikipedia.org,wikipedia_internal,19,Cardinal,
CASE-0290,144000 Revelation,"144,000",wikipedia_article_links,https://en.wikipedia.org/wiki/Ordinal_numeral,en.wikipedia.org,wikipedia_internal,20,Ordinal,
CASE-0291,new Jerusalem,New Jerusalem,wikipedia_search,https://en.wikipedia.org/wiki/New_Jerusalem,en.wikipedia.org,wikipedia_primary,1,New Jerusalem,
CASE-0291,new Jerusalem,New Jerusalem,wikipedia_article_links,https://en.wikipedia.org/wiki/New_Jerusalem_(disambiguation),en.wikipedia.org,wikipedia_internal,2,New Jerusalem (disambiguation),
CASE-0291,new Jerusalem,New Jerusalem,wikipedia_article_links,https://en.wikipedia.org/wiki/John_of_Patmos,en.wikipedia.org,wikipedia_internal,3,John of Patmos,
CASE-0291,new Jerusalem,New Jerusalem,wikipedia_article_links,https://en.wikipedia.org/wiki/God,en.wikipedia.org,wikipedia_internal,4,God,
CASE-0291,new Jerusalem,New Jerusalem,wikipedia_article_links,https://en.wikipedia.org/wiki/Christian_eschatology,en.wikipedia.org,wikipedia_internal,5,Christian eschatology,
CASE-0291,new Jerusalem,New Jerusalem,wikipedia_article_links,https://en.wikipedia.org/wiki/Historicism_(Christianity),en.wikipedia.org,wikipedia_internal,6,Historicism,
CASE-0291,new Jerusalem,New Jerusalem,wikipedia_article_links,https://en.wikipedia.org/wiki/Historicist_interpretations_of_the_Book_of_Revelation,en.wikipedia.org,wikipedia_internal,7,Interpretations of Revelation,
CASE-0291,new Jerusalem,New Jerusalem,wikipedia_article_links,https://en.wikipedia.org/wiki/Futurism_(Christianity),en.wikipedia.org,wikipedia_internal,8,Futurism,
CASE-0291,new Jerusalem,New Jerusalem,wikipedia_article_links,https://en.wikipedia.org/wiki/Dispensationalism,en.wikipedia.org,wikipedia_internal,9,Dispensationalism,
CASE-0291,new Jerusalem,New Jerusalem,wikipedia_article_links,https://en.wikipedia.org/wiki/Preterism,en.wikipedia.org,wikipedia_internal,10,Preterism,
CASE-0291,new Jerusalem,New Jerusalem,wikipedia_article_links,https://en.wikipedia.org/wiki/Idealism_(Christian_eschatology),en.wikipedia.org,wikipedia_internal,11,Idealism,
CASE-0291,new Jerusalem,New Jerusalem,wikipedia_article_links,https://en.wikipedia.org/wiki/Millennialism,en.wikipedia.org,wikipedia_internal,12,The Millennium,
CASE-0291,new Jerusalem,New Jerusalem,wikipedia_article_links,https://en.wikipedia.org/wiki/Amillennialism,en.wikipedia.org,wikipedia_internal,13,Amillennialism,
CASE-0291,new Jerusalem,New Jerusalem,wikipedia_article_links,https://en.wikipedia.org/wiki/Postmillennialism,en.wikipedia.org,wikipedia_internal,14,Postmillennialism,
CASE-0291,new Jerusalem,New Jerusalem,wikipedia_article_links,https://en.wikipedia.org/wiki/Premillennialism,en.wikipedia.org,wikipedia_internal,15,Premillennialism,
CASE-0291,new Jerusalem,New Jerusalem,wikipedia_article_links,https://en.wikipedia.org/wiki/Posttribulation_rapture,en.wikipedia.org,wikipedia_internal,16,Posttribulation rapture,
CASE-0291,new Jerusalem,New Jerusalem,wikipedia_article_links,https://en.wikipedia.org/wiki/Book_of_Daniel,en.wikipedia.org,wikipedia_internal,17,Daniel,
CASE-0291,new Jerusalem,New Jerusalem,wikipedia_article_links,https://en.wikipedia.org/wiki/Prophecy_of_Seventy_Weeks,en.wikipedia.org,wikipedia_internal,18,Seventy Weeks,
CASE-0291,new Jerusalem,New Jerusalem,wikipedia_article_links,https://en.wikipedia.org/wiki/Synoptic_Gospels,en.wikipedia.org,wikipedia_internal,19,Synoptic Gospels,
CASE-0291,new Jerusalem,New Jerusalem,wikipedia_article_links,https://en.wikipedia.org/wiki/Olivet_Discourse,en.wikipedia.org,wikipedia_internal,20,Olivet Discourse,
CASE-0292,lake of fire,Lake of fire,wikipedia_search,https://en.wikipedia.org/wiki/Lake_of_fire,en.wikipedia.org,wikipedia_primary,1,Lake of fire,
CASE-0292,lake of fire,Lake of fire,wikipedia_article_links,https://en.wikipedia.org/wiki/Lake_of_Fire_(disambiguation),en.wikipedia.org,wikipedia_internal,2,Lake of Fire (disambiguation),
CASE-0292,lake of fire,Lake of fire,wikipedia_article_links,https://en.wikipedia.org/wiki/Ancient_Egyptian_religion,en.wikipedia.org,wikipedia_internal,3,ancient Egyptian,
CASE-0292,lake of fire,Lake of fire,wikipedia_article_links,https://en.wikipedia.org/wiki/Christianity,en.wikipedia.org,wikipedia_internal,4,Christian,
CASE-0292,lake of fire,Lake of fire,wikipedia_article_links,https://en.wikipedia.org/wiki/Afterlife,en.wikipedia.org,wikipedia_internal,5,after-death,
CASE-0292,lake of fire,Lake of fire,wikipedia_article_links,https://en.wikipedia.org/wiki/Book_of_Revelation,en.wikipedia.org,wikipedia_internal,6,Book of Revelation,
CASE-0292,lake of fire,Lake of fire,wikipedia_article_links,https://en.wikipedia.org/wiki/Gehenna,en.wikipedia.org,wikipedia_internal,7,Gehenna,
CASE-0292,lake of fire,Lake of fire,wikipedia_article_links,https://en.wikipedia.org/wiki/Early_Christian,en.wikipedia.org,wikipedia_internal,8,early Christian,
CASE-0292,lake of fire,Lake of fire,wikipedia_article_links,https://en.wikipedia.org/wiki/Hippolytus_of_Rome,en.wikipedia.org,wikipedia_internal,9,Hippolytus of Rome,
CASE-0292,lake of fire,Lake of fire,wikipedia_article_links,https://en.wikipedia.org/wiki/Duat,en.wikipedia.org,wikipedia_internal,10,Duat,
CASE-0292,lake of fire,Lake of fire,wikipedia_article_links,https://en.wikipedia.org/wiki/Coffin_Texts,en.wikipedia.org,wikipedia_internal,11,Coffin Texts,
CASE-0292,lake of fire,Lake of fire,wikipedia_article_links,https://en.wikipedia.org/wiki/Book_of_the_Dead,en.wikipedia.org,wikipedia_internal,12,Book of the Dead,
CASE-0292,lake of fire,Lake of fire,wikipedia_article_links,https://en.wikipedia.org/wiki/Ra,en.wikipedia.org,wikipedia_internal,13,Ra,
CASE-0292,lake of fire,Lake of fire,wikipedia_article_links,https://en.wikipedia.org/wiki/21st_Dynasty,en.wikipedia.org,wikipedia_internal,14,21st Dynasty,
CASE-0292,lake of fire,Lake of fire,wikipedia_article_links,https://en.wikipedia.org/wiki/Am-heh,en.wikipedia.org,wikipedia_internal,15,Am-heh,
CASE-0292,lake of fire,Lake of fire,wikipedia_article_links,https://en.wikipedia.org/wiki/Christian_views_on_Hell,en.wikipedia.org,wikipedia_internal,16,Christian views on Hell,
CASE-0292,lake of fire,Lake of fire,wikipedia_article_links,https://en.wikipedia.org/wiki/Christian_views_on_Hades,en.wikipedia.org,wikipedia_internal,17,Christian views on Hades,
CASE-0292,lake of fire,Lake of fire,wikipedia_article_links,https://en.wikipedia.org/wiki/Z%C3%BCrich_Bible,en.wikipedia.org,wikipedia_internal,18,Zürich Bible,
CASE-0292,lake of fire,Lake of fire,wikipedia_article_links,https://en.wikipedia.org/wiki/Ancient_Greek_language,en.wikipedia.org,wikipedia_internal,19,Ancient Greek,
CASE-0292,lake of fire,Lake of fire,wikipedia_article_links,https://en.wikipedia.org/wiki/Romanization_of_Ancient_Greek,en.wikipedia.org,wikipedia_internal,20,romanized,
CASE-0293,sheep goat judgment,The Sheep and the Goats,wikipedia_search,https://en.wikipedia.org/wiki/The_Sheep_and_the_Goats,en.wikipedia.org,wikipedia_primary,1,The Sheep and the Goats,
CASE-0293,sheep goat judgment,The Sheep and the Goats,wikipedia_article_links,https://en.wikipedia.org/wiki/Christ,en.wikipedia.org,wikipedia_internal,2,Christ,
CASE-0293,sheep goat judgment,The Sheep and the Goats,wikipedia_article_links,https://en.wikipedia.org/wiki/Sant%27Apollinare_Nuovo,en.wikipedia.org,wikipedia_internal,3,Sant'Apollinare Nuovo,
CASE-0293,sheep goat judgment,The Sheep and the Goats,wikipedia_article_links,https://en.wikipedia.org/wiki/Satan,en.wikipedia.org,wikipedia_internal,4,Satan,
CASE-0293,sheep goat judgment,The Sheep and the Goats,wikipedia_article_links,https://en.wikipedia.org/wiki/Jesus_in_Christianity,en.wikipedia.org,wikipedia_internal,5,Jesus,
CASE-0293,sheep goat judgment,The Sheep and the Goats,wikipedia_article_links,https://en.wikipedia.org/wiki/Matthew_25,en.wikipedia.org,wikipedia_internal,6,chapter 25,
CASE-0293,sheep goat judgment,The Sheep and the Goats,wikipedia_article_links,https://en.wikipedia.org/wiki/Gospel_of_Matthew,en.wikipedia.org,wikipedia_internal,7,Gospel of Matthew,
CASE-0293,sheep goat judgment,The Sheep and the Goats,wikipedia_article_links,https://en.wikipedia.org/wiki/Heaven,en.wikipedia.org,wikipedia_internal,8,Heaven,
CASE-0293,sheep goat judgment,The Sheep and the Goats,wikipedia_article_links,https://en.wikipedia.org/wiki/Anglicanism,en.wikipedia.org,wikipedia_internal,9,Anglican,
CASE-0293,sheep goat judgment,The Sheep and the Goats,wikipedia_article_links,https://en.wikipedia.org/wiki/Charles_Ellicott,en.wikipedia.org,wikipedia_internal,10,Charles Ellicott,
CASE-0293,sheep goat judgment,The Sheep and the Goats,wikipedia_article_links,https://en.wikipedia.org/wiki/Olivet_Discourse,en.wikipedia.org,wikipedia_internal,11,Olivet Discourse,
CASE-0293,sheep goat judgment,The Sheep and the Goats,wikipedia_article_links,https://en.wikipedia.org/wiki/Passion_of_Jesus,en.wikipedia.org,wikipedia_internal,12,passion,
CASE-0293,sheep goat judgment,The Sheep and the Goats,wikipedia_article_links,https://en.wikipedia.org/wiki/Resurrection_of_Jesus,en.wikipedia.org,wikipedia_internal,13,resurrection,
CASE-0293,sheep goat judgment,The Sheep and the Goats,wikipedia_article_links,https://en.wikipedia.org/wiki/Parable_of_the_ten_virgins,en.wikipedia.org,wikipedia_internal,14,parable of the ten virgins,
CASE-0293,sheep goat judgment,The Sheep and the Goats,wikipedia_article_links,https://en.wikipedia.org/wiki/Parable_of_the_talents_or_minas,en.wikipedia.org,wikipedia_internal,15,parable of the talents,
CASE-0293,sheep goat judgment,The Sheep and the Goats,wikipedia_article_links,https://en.wikipedia.org/wiki/Disciple_(Christianity),en.wikipedia.org,wikipedia_internal,16,disciples,
CASE-0293,sheep goat judgment,The Sheep and the Goats,wikipedia_article_links,https://en.wikipedia.org/wiki/Christian_eschatology,en.wikipedia.org,wikipedia_internal,17,Christian eschatology,
CASE-0293,sheep goat judgment,The Sheep and the Goats,wikipedia_article_links,https://en.wikipedia.org/wiki/Historicism_(Christianity),en.wikipedia.org,wikipedia_internal,18,Historicism,
CASE-0293,sheep goat judgment,The Sheep and the Goats,wikipedia_article_links,https://en.wikipedia.org/wiki/Historicist_interpretations_of_the_Book_of_Revelation,en.wikipedia.org,wikipedia_internal,19,Interpretations of Revelation,
CASE-0293,sheep goat judgment,The Sheep and the Goats,wikipedia_article_links,https://en.wikipedia.org/wiki/Futurism_(Christianity),en.wikipedia.org,wikipedia_internal,20,Futurism,
CASE-0294,white throne judgment,Last Judgment,wikipedia_search,https://en.wikipedia.org/wiki/Last_Judgment,en.wikipedia.org,wikipedia_primary,1,Last Judgment,
CASE-0294,white throne judgment,Last Judgment,wikipedia_article_links,https://en.wikipedia.org/wiki/Judgement_Day_(disambiguation),en.wikipedia.org,wikipedia_internal,2,Judgement Day (disambiguation),
CASE-0294,white throne judgment,Last Judgment,wikipedia_article_links,https://en.wikipedia.org/wiki/Last_Judgment_(disambiguation),en.wikipedia.org,wikipedia_internal,3,Last Judgment (disambiguation),
CASE-0294,white throne judgment,Last Judgment,wikipedia_article_links,https://en.wikipedia.org/wiki/Jesus_Christ,en.wikipedia.org,wikipedia_internal,4,Jesus Christ,
CASE-0294,white throne judgment,Last Judgment,wikipedia_article_links,https://en.wikipedia.org/wiki/Amiens_Cathedral,en.wikipedia.org,wikipedia_internal,5,Amiens Cathedral,
CASE-0294,white throne judgment,Last Judgment,wikipedia_article_links,https://en.wikipedia.org/wiki/Christianity,en.wikipedia.org,wikipedia_internal,6,Christian,
CASE-0294,white throne judgment,Last Judgment,wikipedia_article_links,https://en.wikipedia.org/wiki/Jesus_in_Christianity,en.wikipedia.org,wikipedia_internal,7,Jesus Christ,
CASE-0294,white throne judgment,Last Judgment,wikipedia_article_links,https://en.wikipedia.org/wiki/God_in_Christianity,en.wikipedia.org,wikipedia_internal,8,God,
CASE-0294,white throne judgment,Last Judgment,wikipedia_article_links,https://en.wikipedia.org/wiki/Divine_law,en.wikipedia.org,wikipedia_internal,9,justice,
CASE-0294,white throne judgment,Last Judgment,wikipedia_article_links,https://en.wikipedia.org/wiki/Islam,en.wikipedia.org,wikipedia_internal,10,Islam,
CASE-0294,white throne judgment,Last Judgment,wikipedia_article_links,https://en.wikipedia.org/wiki/Quran,en.wikipedia.org,wikipedia_internal,11,Quran,
CASE-0294,white throne judgment,Last Judgment,wikipedia_article_links,https://en.wikipedia.org/wiki/God_in_Islam,en.wikipedia.org,wikipedia_internal,12,Allah,
CASE-0294,white throne judgment,Last Judgment,wikipedia_article_links,https://en.wikipedia.org/wiki/Mizan,en.wikipedia.org,wikipedia_internal,13,Mizan,
CASE-0294,white throne judgment,Last Judgment,wikipedia_article_links,https://en.wikipedia.org/wiki/Jannah,en.wikipedia.org,wikipedia_internal,14,Jannah,
CASE-0294,white throne judgment,Last Judgment,wikipedia_article_links,https://en.wikipedia.org/wiki/Jahannam,en.wikipedia.org,wikipedia_internal,15,Jahannam,
CASE-0294,white throne judgment,Last Judgment,wikipedia_article_links,https://en.wikipedia.org/wiki/Jewish_eschatology,en.wikipedia.org,wikipedia_internal,16,Jewish tradition,
CASE-0294,white throne judgment,Last Judgment,wikipedia_article_links,https://en.wikipedia.org/wiki/Yarsanism,en.wikipedia.org,wikipedia_internal,17,Yarsanism,
CASE-0294,white throne judgment,Last Judgment,wikipedia_article_links,https://en.wikipedia.org/wiki/Zoroastrianism,en.wikipedia.org,wikipedia_internal,18,Zoroastrianism,
CASE-0294,white throne judgment,Last Judgment,wikipedia_article_links,https://en.wikipedia.org/wiki/Christian_eschatology,en.wikipedia.org,wikipedia_internal,19,Christian eschatology,
CASE-0294,white throne judgment,Last Judgment,wikipedia_article_links,https://en.wikipedia.org/wiki/Amillennialism,en.wikipedia.org,wikipedia_internal,20,Amillennialism,
CASE-0295,wedding supper of the Lamb,Mass of the Lord's Supper,wikipedia_search,https://en.wikipedia.org/wiki/Mass_of_the_Lord%27s_Supper,en.wikipedia.org,wikipedia_primary,1,Mass of the Lord's Supper,
CASE-0295,wedding supper of the Lamb,Mass of the Lord's Supper,wikipedia_article_links,https://en.wikipedia.org/wiki/The_Last_Supper_(Leonardo),en.wikipedia.org,wikipedia_internal,2,The Last Supper,
CASE-0295,wedding supper of the Lamb,Mass of the Lord's Supper,wikipedia_article_links,https://en.wikipedia.org/wiki/Convent_of_Sta._Maria_delle_Grazie,en.wikipedia.org,wikipedia_internal,3,Convent of Sta. Maria delle Grazie,
CASE-0295,wedding supper of the Lamb,Mass of the Lord's Supper,wikipedia_article_links,https://en.wikipedia.org/wiki/Milan,en.wikipedia.org,wikipedia_internal,4,Milan,
CASE-0295,wedding supper of the Lamb,Mass of the Lord's Supper,wikipedia_article_links,https://en.wikipedia.org/wiki/Italy,en.wikipedia.org,wikipedia_internal,5,Italy,
CASE-0295,wedding supper of the Lamb,Mass of the Lord's Supper,wikipedia_article_links,https://en.wikipedia.org/wiki/Leonardo_da_Vinci,en.wikipedia.org,wikipedia_internal,6,Leonardo da Vinci,
CASE-0295,wedding supper of the Lamb,Mass of the Lord's Supper,wikipedia_article_links,https://en.wikipedia.org/wiki/Maundy_(foot_washing),en.wikipedia.org,wikipedia_internal,7,Maundy,
CASE-0295,wedding supper of the Lamb,Mass of the Lord's Supper,wikipedia_article_links,https://en.wikipedia.org/wiki/St_Asaph_Cathedral,en.wikipedia.org,wikipedia_internal,8,St Asaph Cathedral,
CASE-0295,wedding supper of the Lamb,Mass of the Lord's Supper,wikipedia_article_links,https://en.wikipedia.org/wiki/Jesus_in_Christianity,en.wikipedia.org,wikipedia_internal,9,Jesus,
CASE-0295,wedding supper of the Lamb,Mass of the Lord's Supper,wikipedia_article_links,https://en.wikipedia.org/wiki/Passion_of_Jesus,en.wikipedia.org,wikipedia_internal,10,Passion,
CASE-0295,wedding supper of the Lamb,Mass of the Lord's Supper,wikipedia_article_links,https://en.wikipedia.org/wiki/Last_Supper,en.wikipedia.org,wikipedia_internal,11,Last Supper,
CASE-0295,wedding supper of the Lamb,Mass of the Lord's Supper,wikipedia_article_links,https://en.wikipedia.org/wiki/Arrest_of_Jesus,en.wikipedia.org,wikipedia_internal,12,Arrest,
CASE-0295,wedding supper of the Lamb,Mass of the Lord's Supper,wikipedia_article_links,https://en.wikipedia.org/wiki/Sanhedrin_trial_of_Jesus,en.wikipedia.org,wikipedia_internal,13,Sanhedrin trial,
CASE-0295,wedding supper of the Lamb,Mass of the Lord's Supper,wikipedia_article_links,https://en.wikipedia.org/wiki/Jesus_at_Herod%27s_court,en.wikipedia.org,wikipedia_internal,14,Herod's court,
CASE-0295,wedding supper of the Lamb,Mass of the Lord's Supper,wikipedia_article_links,https://en.wikipedia.org/wiki/Pilate%27s_court,en.wikipedia.org,wikipedia_internal,15,Pilate's court,
CASE-0295,wedding supper of the Lamb,Mass of the Lord's Supper,wikipedia_article_links,https://en.wikipedia.org/wiki/Flagellation_of_Christ,en.wikipedia.org,wikipedia_internal,16,Flagellation,
CASE-0295,wedding supper of the Lamb,Mass of the Lord's Supper,wikipedia_article_links,https://en.wikipedia.org/wiki/Mocking_of_Jesus,en.wikipedia.org,wikipedia_internal,17,Mocking,
CASE-0295,wedding supper of the Lamb,Mass of the Lord's Supper,wikipedia_article_links,https://en.wikipedia.org/wiki/Crown_of_thorns,en.wikipedia.org,wikipedia_internal,18,Crown of thorns,
CASE-0295,wedding supper of the Lamb,Mass of the Lord's Supper,wikipedia_article_links,https://en.wikipedia.org/wiki/Via_Dolorosa,en.wikipedia.org,wikipedia_internal,19,Via Dolorosa,
CASE-0295,wedding supper of the Lamb,Mass of the Lord's Supper,wikipedia_article_links,https://en.wikipedia.org/wiki/Crucifixion_of_Jesus,en.wikipedia.org,wikipedia_internal,20,Crucifixion and Death,
CASE-0296,parable ten virgins,Parable of the Ten Virgins,wikipedia_search,https://en.wikipedia.org/wiki/Parable_of_the_Ten_Virgins,en.wikipedia.org,wikipedia_primary,1,Parable of the Ten Virgins,
CASE-0296,parable ten virgins,Parable of the Ten Virgins,wikipedia_article_links,https://en.wikipedia.org/wiki/William_Blake,en.wikipedia.org,wikipedia_internal,2,William Blake,
CASE-0296,parable ten virgins,Parable of the Ten Virgins,wikipedia_article_links,https://en.wikipedia.org/wiki/Tate,en.wikipedia.org,wikipedia_internal,3,Tate,
CASE-0296,parable ten virgins,Parable of the Ten Virgins,wikipedia_article_links,https://en.wikipedia.org/wiki/Phoebe_Traquair,en.wikipedia.org,wikipedia_internal,4,Phoebe Traquair,
CASE-0296,parable ten virgins,Parable of the Ten Virgins,wikipedia_article_links,https://en.wikipedia.org/wiki/Edinburgh,en.wikipedia.org,wikipedia_internal,5,Edinburgh,
CASE-0296,parable ten virgins,Parable of the Ten Virgins,wikipedia_article_links,https://en.wikipedia.org/wiki/Parables_of_Jesus,en.wikipedia.org,wikipedia_internal,6,parables of Jesus,
CASE-0296,parable ten virgins,Parable of the Ten Virgins,wikipedia_article_links,https://en.wikipedia.org/wiki/Christian_eschatology,en.wikipedia.org,wikipedia_internal,7,eschatological,
CASE-0296,parable ten virgins,Parable of the Ten Virgins,wikipedia_article_links,https://en.wikipedia.org/wiki/Day_of_Judgement,en.wikipedia.org,wikipedia_internal,8,Day of Judgement,
CASE-0296,parable ten virgins,Parable of the Ten Virgins,wikipedia_article_links,https://en.wikipedia.org/wiki/Middle_Ages,en.wikipedia.org,wikipedia_internal,9,Middle Ages,
CASE-0296,parable ten virgins,Parable of the Ten Virgins,wikipedia_article_links,https://en.wikipedia.org/wiki/Gothic_art,en.wikipedia.org,wikipedia_internal,10,Gothic art,
CASE-0296,parable ten virgins,Parable of the Ten Virgins,wikipedia_article_links,https://en.wikipedia.org/wiki/Sculpture,en.wikipedia.org,wikipedia_internal,11,sculpture,
CASE-0296,parable ten virgins,Parable of the Ten Virgins,wikipedia_article_links,https://en.wikipedia.org/wiki/Sacred_architecture,en.wikipedia.org,wikipedia_internal,12,architecture,
CASE-0296,parable ten virgins,Parable of the Ten Virgins,wikipedia_article_links,https://en.wikipedia.org/wiki/Cathedrals,en.wikipedia.org,wikipedia_internal,13,cathedrals,
CASE-0296,parable ten virgins,Parable of the Ten Virgins,wikipedia_article_links,https://en.wikipedia.org/wiki/Jesus,en.wikipedia.org,wikipedia_internal,14,Jesus,
CASE-0296,parable ten virgins,Parable of the Ten Virgins,wikipedia_article_links,https://en.wikipedia.org/wiki/Jewish_wedding,en.wikipedia.org,wikipedia_internal,15,wedding,
CASE-0296,parable ten virgins,Parable of the Ten Virgins,wikipedia_article_links,https://en.wikipedia.org/wiki/Bridegroom,en.wikipedia.org,wikipedia_internal,16,bridegroom,
CASE-0296,parable ten virgins,Parable of the Ten Virgins,wikipedia_article_links,https://en.wikipedia.org/wiki/Son_of_man_(Christianity),en.wikipedia.org,wikipedia_internal,17,Son of Man,
CASE-0296,parable ten virgins,Parable of the Ten Virgins,wikipedia_article_links,https://en.wikipedia.org/wiki/World_English_Bible,en.wikipedia.org,wikipedia_internal,18,World English Bible,
CASE-0296,parable ten virgins,Parable of the Ten Virgins,wikipedia_article_links,https://en.wikipedia.org/wiki/Matthew_24,en.wikipedia.org,wikipedia_internal,19,Matthew 24,
CASE-0296,parable ten virgins,Parable of the Ten Virgins,wikipedia_article_links,https://en.wikipedia.org/wiki/King_James_Version,en.wikipedia.org,wikipedia_internal,20,King James Version,
CASE-0297,Elijah must come first,Elijah,wikipedia_search,https://en.wikipedia.org/wiki/Elijah,en.wikipedia.org,wikipedia_primary,1,Elijah,
CASE-0297,Elijah must come first,Elijah,wikipedia_article_links,https://en.wikipedia.org/wiki/Elias_(disambiguation),en.wikipedia.org,wikipedia_internal,2,Elias (disambiguation),
CASE-0297,Elijah must come first,Elijah,wikipedia_article_links,https://en.wikipedia.org/wiki/Elisha,en.wikipedia.org,wikipedia_internal,3,Elisha,
CASE-0297,Elijah must come first,Elijah,wikipedia_article_links,https://en.wikipedia.org/wiki/Elishah,en.wikipedia.org,wikipedia_internal,4,Elishah,
CASE-0297,Elijah must come first,Elijah,wikipedia_article_links,https://en.wikipedia.org/wiki/Giovanni_Girolamo_Savoldo,en.wikipedia.org,wikipedia_internal,5,Giovanni Girolamo Savoldo,
CASE-0297,Elijah must come first,Elijah,wikipedia_article_links,https://en.wikipedia.org/wiki/Tishbe,en.wikipedia.org,wikipedia_internal,6,Tishbe,
CASE-0297,Elijah must come first,Elijah,wikipedia_article_links,https://en.wikipedia.org/wiki/Jericho,en.wikipedia.org,wikipedia_internal,7,Jericho,
CASE-0297,Elijah must come first,Elijah,wikipedia_article_links,https://en.wikipedia.org/wiki/Judaism,en.wikipedia.org,wikipedia_internal,8,Judaism,
CASE-0297,Elijah must come first,Elijah,wikipedia_article_links,https://en.wikipedia.org/wiki/Christianity,en.wikipedia.org,wikipedia_internal,9,Christianity,
CASE-0297,Elijah must come first,Elijah,wikipedia_article_links,https://en.wikipedia.org/wiki/Islam,en.wikipedia.org,wikipedia_internal,10,Islam,
CASE-0297,Elijah must come first,Elijah,wikipedia_article_links,https://en.wikipedia.org/wiki/Druze_faith,en.wikipedia.org,wikipedia_internal,11,Druze faith,
CASE-0297,Elijah must come first,Elijah,wikipedia_article_links,https://en.wikipedia.org/wiki/Calendar_of_saints,en.wikipedia.org,wikipedia_internal,12,Feast,
CASE-0297,Elijah must come first,Elijah,wikipedia_article_links,https://en.wikipedia.org/wiki/Catholic_Church,en.wikipedia.org,wikipedia_internal,13,Catholic Church,
CASE-0297,Elijah must come first,Elijah,wikipedia_article_links,https://en.wikipedia.org/wiki/Eastern_Orthodox_Church,en.wikipedia.org,wikipedia_internal,14,Eastern Orthodox Church,
CASE-0297,Elijah must come first,Elijah,wikipedia_article_links,https://en.wikipedia.org/wiki/Lutheran_Church%E2%80%93Missouri_Synod,en.wikipedia.org,wikipedia_internal,15,Lutheran Church–Missouri Synod,
CASE-0297,Elijah must come first,Elijah,wikipedia_article_links,https://en.wikipedia.org/wiki/Patron_saint,en.wikipedia.org,wikipedia_internal,16,Patronage,
CASE-0297,Elijah must come first,Elijah,wikipedia_article_links,https://en.wikipedia.org/wiki/Carmelite_Order,en.wikipedia.org,wikipedia_internal,17,Carmelite Order,
CASE-0297,Elijah must come first,Elijah,wikipedia_article_links,https://en.wikipedia.org/wiki/11th_Guards_Air_Assault_Brigade,en.wikipedia.org,wikipedia_internal,18,11th Guards Air Assault Brigade,
CASE-0297,Elijah must come first,Elijah,wikipedia_article_links,https://en.wikipedia.org/wiki/Bosnia_and_Herzegovina,en.wikipedia.org,wikipedia_internal,19,Bosnia and Herzegovina,
CASE-0297,Elijah must come first,Elijah,wikipedia_article_links,https://en.wikipedia.org/wiki/Druze_people,en.wikipedia.org,wikipedia_internal,20,Druze people,
CASE-0298,John the Baptist Elijah,Elijah,wikipedia_search,https://en.wikipedia.org/wiki/Elijah,en.wikipedia.org,wikipedia_primary,1,Elijah,
CASE-0298,John the Baptist Elijah,Elijah,wikipedia_article_links,https://en.wikipedia.org/wiki/Elias_(disambiguation),en.wikipedia.org,wikipedia_internal,2,Elias (disambiguation),
CASE-0298,John the Baptist Elijah,Elijah,wikipedia_article_links,https://en.wikipedia.org/wiki/Elisha,en.wikipedia.org,wikipedia_internal,3,Elisha,
CASE-0298,John the Baptist Elijah,Elijah,wikipedia_article_links,https://en.wikipedia.org/wiki/Elishah,en.wikipedia.org,wikipedia_internal,4,Elishah,
CASE-0298,John the Baptist Elijah,Elijah,wikipedia_article_links,https://en.wikipedia.org/wiki/Giovanni_Girolamo_Savoldo,en.wikipedia.org,wikipedia_internal,5,Giovanni Girolamo Savoldo,
CASE-0298,John the Baptist Elijah,Elijah,wikipedia_article_links,https://en.wikipedia.org/wiki/Tishbe,en.wikipedia.org,wikipedia_internal,6,Tishbe,
CASE-0298,John the Baptist Elijah,Elijah,wikipedia_article_links,https://en.wikipedia.org/wiki/Jericho,en.wikipedia.org,wikipedia_internal,7,Jericho,
CASE-0298,John the Baptist Elijah,Elijah,wikipedia_article_links,https://en.wikipedia.org/wiki/Judaism,en.wikipedia.org,wikipedia_internal,8,Judaism,
CASE-0298,John the Baptist Elijah,Elijah,wikipedia_article_links,https://en.wikipedia.org/wiki/Christianity,en.wikipedia.org,wikipedia_internal,9,Christianity,
CASE-0298,John the Baptist Elijah,Elijah,wikipedia_article_links,https://en.wikipedia.org/wiki/Islam,en.wikipedia.org,wikipedia_internal,10,Islam,
CASE-0298,John the Baptist Elijah,Elijah,wikipedia_article_links,https://en.wikipedia.org/wiki/Druze_faith,en.wikipedia.org,wikipedia_internal,11,Druze faith,
CASE-0298,John the Baptist Elijah,Elijah,wikipedia_article_links,https://en.wikipedia.org/wiki/Calendar_of_saints,en.wikipedia.org,wikipedia_internal,12,Feast,
CASE-0298,John the Baptist Elijah,Elijah,wikipedia_article_links,https://en.wikipedia.org/wiki/Catholic_Church,en.wikipedia.org,wikipedia_internal,13,Catholic Church,
CASE-0298,John the Baptist Elijah,Elijah,wikipedia_article_links,https://en.wikipedia.org/wiki/Eastern_Orthodox_Church,en.wikipedia.org,wikipedia_internal,14,Eastern Orthodox Church,
CASE-0298,John the Baptist Elijah,Elijah,wikipedia_article_links,https://en.wikipedia.org/wiki/Lutheran_Church%E2%80%93Missouri_Synod,en.wikipedia.org,wikipedia_internal,15,Lutheran Church–Missouri Synod,
CASE-0298,John the Baptist Elijah,Elijah,wikipedia_article_links,https://en.wikipedia.org/wiki/Patron_saint,en.wikipedia.org,wikipedia_internal,16,Patronage,
CASE-0298,John the Baptist Elijah,Elijah,wikipedia_article_links,https://en.wikipedia.org/wiki/Carmelite_Order,en.wikipedia.org,wikipedia_internal,17,Carmelite Order,
CASE-0298,John the Baptist Elijah,Elijah,wikipedia_article_links,https://en.wikipedia.org/wiki/11th_Guards_Air_Assault_Brigade,en.wikipedia.org,wikipedia_internal,18,11th Guards Air Assault Brigade,
CASE-0298,John the Baptist Elijah,Elijah,wikipedia_article_links,https://en.wikipedia.org/wiki/Bosnia_and_Herzegovina,en.wikipedia.org,wikipedia_internal,19,Bosnia and Herzegovina,
CASE-0298,John the Baptist Elijah,Elijah,wikipedia_article_links,https://en.wikipedia.org/wiki/Druze_people,en.wikipedia.org,wikipedia_internal,20,Druze people,
CASE-0299,Enoch taken prophecy,Book of Enoch,wikipedia_search,https://en.wikipedia.org/wiki/Book_of_Enoch,en.wikipedia.org,wikipedia_primary,1,Book of Enoch,
CASE-0299,Enoch taken prophecy,Book of Enoch,wikipedia_article_links,https://en.wikipedia.org/wiki/Book_of_Enoch_(disambiguation),en.wikipedia.org,wikipedia_internal,2,Book of Enoch (disambiguation),
CASE-0299,Enoch taken prophecy,Book of Enoch,wikipedia_article_links,https://en.wikipedia.org/wiki/Aramaic,en.wikipedia.org,wikipedia_internal,3,Aramaic,
CASE-0299,Enoch taken prophecy,Book of Enoch,wikipedia_article_links,https://en.wikipedia.org/wiki/Biblical_Hebrew,en.wikipedia.org,wikipedia_internal,4,Hebrew,
CASE-0299,Enoch taken prophecy,Book of Enoch,wikipedia_article_links,https://en.wikipedia.org/wiki/Book_of_Parables,en.wikipedia.org,wikipedia_internal,5,Book of Parables,
CASE-0299,Enoch taken prophecy,Book of Enoch,wikipedia_article_links,https://en.wikipedia.org/wiki/Wikisource,en.wikipedia.org,wikipedia_internal,6,English Wikisource,
CASE-0299,Enoch taken prophecy,Book of Enoch,wikipedia_article_links,https://en.wikipedia.org/wiki/Hebrew_Bible,en.wikipedia.org,wikipedia_internal,7,Tanakh,
CASE-0299,Enoch taken prophecy,Book of Enoch,wikipedia_article_links,https://en.wikipedia.org/wiki/Judaism,en.wikipedia.org,wikipedia_internal,8,Judaism,
CASE-0299,Enoch taken prophecy,Book of Enoch,wikipedia_article_links,https://en.wikipedia.org/wiki/Torah,en.wikipedia.org,wikipedia_internal,9,Torah (Instruction),
CASE-0299,Enoch taken prophecy,Book of Enoch,wikipedia_article_links,https://en.wikipedia.org/wiki/Book_of_Genesis,en.wikipedia.org,wikipedia_internal,10,Genesis,
CASE-0299,Enoch taken prophecy,Book of Enoch,wikipedia_article_links,https://en.wikipedia.org/wiki/Book_of_Exodus,en.wikipedia.org,wikipedia_internal,11,Exodus,
CASE-0299,Enoch taken prophecy,Book of Enoch,wikipedia_article_links,https://en.wikipedia.org/wiki/Book_of_Leviticus,en.wikipedia.org,wikipedia_internal,12,Leviticus,
CASE-0299,Enoch taken prophecy,Book of Enoch,wikipedia_article_links,https://en.wikipedia.org/wiki/Book_of_Numbers,en.wikipedia.org,wikipedia_internal,13,Numbers,
CASE-0299,Enoch taken prophecy,Book of Enoch,wikipedia_article_links,https://en.wikipedia.org/wiki/Book_of_Deuteronomy,en.wikipedia.org,wikipedia_internal,14,Deuteronomy,
CASE-0299,Enoch taken prophecy,Book of Enoch,wikipedia_article_links,https://en.wikipedia.org/wiki/Nevi%27im,en.wikipedia.org,wikipedia_internal,15,Nevi'im (Prophets),
CASE-0299,Enoch taken prophecy,Book of Enoch,wikipedia_article_links,https://en.wikipedia.org/wiki/Nevi%27im#Former_Prophets,en.wikipedia.org,wikipedia_internal,16,Former,
CASE-0299,Enoch taken prophecy,Book of Enoch,wikipedia_article_links,https://en.wikipedia.org/wiki/Book_of_Joshua,en.wikipedia.org,wikipedia_internal,17,Joshua,
CASE-0299,Enoch taken prophecy,Book of Enoch,wikipedia_article_links,https://en.wikipedia.org/wiki/Book_of_Judges,en.wikipedia.org,wikipedia_internal,18,Judges,
CASE-0299,Enoch taken prophecy,Book of Enoch,wikipedia_article_links,https://en.wikipedia.org/wiki/Books_of_Samuel,en.wikipedia.org,wikipedia_internal,19,Samuel,
CASE-0299,Enoch taken prophecy,Book of Enoch,wikipedia_article_links,https://en.wikipedia.org/wiki/Books_of_Kings,en.wikipedia.org,wikipedia_internal,20,Kings,
CASE-0300,Methuselah prophecy name,Ahijah the Shilonite,wikipedia_search,https://en.wikipedia.org/wiki/Ahijah_the_Shilonite,en.wikipedia.org,wikipedia_primary,1,Ahijah the Shilonite,
CASE-0300,Methuselah prophecy name,Ahijah the Shilonite,wikipedia_article_links,https://en.wikipedia.org/wiki/Ahijah,en.wikipedia.org,wikipedia_internal,2,Ahijah,
CASE-0300,Methuselah prophecy name,Ahijah the Shilonite,wikipedia_article_links,https://en.wikipedia.org/wiki/Hebrew_language,en.wikipedia.org,wikipedia_internal,3,Hebrew,
CASE-0300,Methuselah prophecy name,Ahijah the Shilonite,wikipedia_article_links,https://en.wikipedia.org/wiki/Romanization_of_Hebrew,en.wikipedia.org,wikipedia_internal,4,romanized,
CASE-0300,Methuselah prophecy name,Ahijah the Shilonite,wikipedia_article_links,https://en.wikipedia.org/wiki/Latin_language,en.wikipedia.org,wikipedia_internal,5,Latin,
CASE-0300,Methuselah prophecy name,Ahijah the Shilonite,wikipedia_article_links,https://en.wikipedia.org/wiki/Levite,en.wikipedia.org,wikipedia_internal,6,Levite,
CASE-0300,Methuselah prophecy name,Ahijah the Shilonite,wikipedia_article_links,https://en.wikipedia.org/wiki/Prophet,en.wikipedia.org,wikipedia_internal,7,prophet,
CASE-0300,Methuselah prophecy name,Ahijah the Shilonite,wikipedia_article_links,https://en.wikipedia.org/wiki/Shiloh_(biblical_city),en.wikipedia.org,wikipedia_internal,8,Shiloh,
CASE-0300,Methuselah prophecy name,Ahijah the Shilonite,wikipedia_article_links,https://en.wikipedia.org/wiki/Hebrew_Bible,en.wikipedia.org,wikipedia_internal,9,Hebrew Bible,
CASE-0300,Methuselah prophecy name,Ahijah the Shilonite,wikipedia_article_links,https://en.wikipedia.org/wiki/Books_of_Kings,en.wikipedia.org,wikipedia_internal,10,First Books of Kings,
CASE-0300,Methuselah prophecy name,Ahijah the Shilonite,wikipedia_article_links,https://en.wikipedia.org/wiki/Jeroboam,en.wikipedia.org,wikipedia_internal,11,Jeroboam,
CASE-0300,Methuselah prophecy name,Ahijah the Shilonite,wikipedia_article_links,https://en.wikipedia.org/wiki/Kingdom_of_Israel_(united_monarchy),en.wikipedia.org,wikipedia_internal,12,United Kingdom of Israel,
CASE-0300,Methuselah prophecy name,Ahijah the Shilonite,wikipedia_article_links,https://en.wikipedia.org/wiki/Kingdom_of_Israel_(Samaria),en.wikipedia.org,wikipedia_internal,13,Northern Kingdom,
CASE-0300,Methuselah prophecy name,Ahijah the Shilonite,wikipedia_article_links,https://en.wikipedia.org/wiki/Wife_of_Jeroboam,en.wikipedia.org,wikipedia_internal,14,wife of Jeroboam,
CASE-0300,Methuselah prophecy name,Ahijah the Shilonite,wikipedia_article_links,https://en.wikipedia.org/wiki/House_of_Jeroboam,en.wikipedia.org,wikipedia_internal,15,House of Jeroboam,
CASE-0300,Methuselah prophecy name,Ahijah the Shilonite,wikipedia_article_links,https://en.wikipedia.org/wiki/Babylonian_captivity,en.wikipedia.org,wikipedia_internal,16,captivity,
CASE-0300,Methuselah prophecy name,Ahijah the Shilonite,wikipedia_article_links,https://en.wikipedia.org/wiki/Euphrates,en.wikipedia.org,wikipedia_internal,17,Euphrates,
CASE-0300,Methuselah prophecy name,Ahijah the Shilonite,wikipedia_article_links,https://en.wikipedia.org/wiki/Books_of_Chronicles,en.wikipedia.org,wikipedia_internal,18,Second Book of Chronicles,
CASE-0300,Methuselah prophecy name,Ahijah the Shilonite,wikipedia_article_links,https://en.wikipedia.org/wiki/Non-canonical_books_referenced_in_the_Bible,en.wikipedia.org,wikipedia_internal,19,non-canonical books referenced in the Bible,
CASE-0300,Methuselah prophecy name,Ahijah the Shilonite,wikipedia_article_links,https://en.wikipedia.org/wiki/Acts_of_Solomon,en.wikipedia.org,wikipedia_internal,20,Acts of Solomon,
CASE-0301,tower of Babel conspiracy,Nimrod,wikipedia_search,https://en.wikipedia.org/wiki/Nimrod,en.wikipedia.org,wikipedia_primary,1,Nimrod,
CASE-0301,tower of Babel conspiracy,Nimrod,wikipedia_article_links,https://en.wikipedia.org/wiki/Nimrod_(disambiguation),en.wikipedia.org,wikipedia_internal,2,Nimrod (disambiguation),
CASE-0301,tower of Babel conspiracy,Nimrod,wikipedia_article_links,https://en.wikipedia.org/wiki/David_Scott_(painter),en.wikipedia.org,wikipedia_internal,3,David Scott,
CASE-0301,tower of Babel conspiracy,Nimrod,wikipedia_article_links,https://en.wikipedia.org/wiki/Hebrew_Bible,en.wikipedia.org,wikipedia_internal,4,biblical,
CASE-0301,tower of Babel conspiracy,Nimrod,wikipedia_article_links,https://en.wikipedia.org/wiki/Book_of_Genesis,en.wikipedia.org,wikipedia_internal,5,Book of Genesis,
CASE-0301,tower of Babel conspiracy,Nimrod,wikipedia_article_links,https://en.wikipedia.org/wiki/Books_of_Chronicles,en.wikipedia.org,wikipedia_internal,6,Books of Chronicles,
CASE-0301,tower of Babel conspiracy,Nimrod,wikipedia_article_links,https://en.wikipedia.org/wiki/Cush_(Bible),en.wikipedia.org,wikipedia_internal,7,Cush,
CASE-0301,tower of Babel conspiracy,Nimrod,wikipedia_article_links,https://en.wikipedia.org/wiki/Noah,en.wikipedia.org,wikipedia_internal,8,Noah,
CASE-0301,tower of Babel conspiracy,Nimrod,wikipedia_article_links,https://en.wikipedia.org/wiki/Shinar,en.wikipedia.org,wikipedia_internal,9,Shinar,
CASE-0301,tower of Babel conspiracy,Nimrod,wikipedia_article_links,https://en.wikipedia.org/wiki/Lower_Mesopotamia,en.wikipedia.org,wikipedia_internal,10,Lower Mesopotamia,
CASE-0301,tower of Babel conspiracy,Nimrod,wikipedia_article_links,https://en.wikipedia.org/wiki/Bible,en.wikipedia.org,wikipedia_internal,11,Bible,
CASE-0301,tower of Babel conspiracy,Nimrod,wikipedia_article_links,https://en.wikipedia.org/wiki/Tetragrammaton,en.wikipedia.org,wikipedia_internal,12,Lᴏʀᴅ,
CASE-0301,tower of Babel conspiracy,Nimrod,wikipedia_article_links,https://en.wikipedia.org/wiki/Tower_of_Babel,en.wikipedia.org,wikipedia_internal,13,Tower of Babel,
CASE-0301,tower of Babel conspiracy,Nimrod,wikipedia_article_links,https://en.wikipedia.org/wiki/Tyrant,en.wikipedia.org,wikipedia_internal,14,tyrant,
CASE-0301,tower of Babel conspiracy,Nimrod,wikipedia_article_links,https://en.wikipedia.org/wiki/Abraham,en.wikipedia.org,wikipedia_internal,15,Abraham,
CASE-0301,tower of Babel conspiracy,Nimrod,wikipedia_article_links,https://en.wikipedia.org/wiki/Amraphel,en.wikipedia.org,wikipedia_internal,16,Amraphel,
CASE-0301,tower of Babel conspiracy,Nimrod,wikipedia_article_links,https://en.wikipedia.org/wiki/Ninus,en.wikipedia.org,wikipedia_internal,17,Ninus,
CASE-0301,tower of Babel conspiracy,Nimrod,wikipedia_article_links,https://en.wikipedia.org/wiki/Zoroaster,en.wikipedia.org,wikipedia_internal,18,Zoroaster,
CASE-0301,tower of Babel conspiracy,Nimrod,wikipedia_article_links,https://en.wikipedia.org/wiki/Idolatry,en.wikipedia.org,wikipedia_internal,19,idolatry,
CASE-0301,tower of Babel conspiracy,Nimrod,wikipedia_article_links,https://en.wikipedia.org/wiki/Historic,en.wikipedia.org,wikipedia_internal,20,historic,
CASE-0302,Nimrod one world government,Nimrod,wikipedia_search,https://en.wikipedia.org/wiki/Nimrod,en.wikipedia.org,wikipedia_primary,1,Nimrod,
CASE-0302,Nimrod one world government,Nimrod,wikipedia_article_links,https://en.wikipedia.org/wiki/Nimrod_(disambiguation),en.wikipedia.org,wikipedia_internal,2,Nimrod (disambiguation),
CASE-0302,Nimrod one world government,Nimrod,wikipedia_article_links,https://en.wikipedia.org/wiki/David_Scott_(painter),en.wikipedia.org,wikipedia_internal,3,David Scott,
CASE-0302,Nimrod one world government,Nimrod,wikipedia_article_links,https://en.wikipedia.org/wiki/Hebrew_Bible,en.wikipedia.org,wikipedia_internal,4,biblical,
CASE-0302,Nimrod one world government,Nimrod,wikipedia_article_links,https://en.wikipedia.org/wiki/Book_of_Genesis,en.wikipedia.org,wikipedia_internal,5,Book of Genesis,
CASE-0302,Nimrod one world government,Nimrod,wikipedia_article_links,https://en.wikipedia.org/wiki/Books_of_Chronicles,en.wikipedia.org,wikipedia_internal,6,Books of Chronicles,
CASE-0302,Nimrod one world government,Nimrod,wikipedia_article_links,https://en.wikipedia.org/wiki/Cush_(Bible),en.wikipedia.org,wikipedia_internal,7,Cush,
CASE-0302,Nimrod one world government,Nimrod,wikipedia_article_links,https://en.wikipedia.org/wiki/Noah,en.wikipedia.org,wikipedia_internal,8,Noah,
CASE-0302,Nimrod one world government,Nimrod,wikipedia_article_links,https://en.wikipedia.org/wiki/Shinar,en.wikipedia.org,wikipedia_internal,9,Shinar,
CASE-0302,Nimrod one world government,Nimrod,wikipedia_article_links,https://en.wikipedia.org/wiki/Lower_Mesopotamia,en.wikipedia.org,wikipedia_internal,10,Lower Mesopotamia,
CASE-0302,Nimrod one world government,Nimrod,wikipedia_article_links,https://en.wikipedia.org/wiki/Bible,en.wikipedia.org,wikipedia_internal,11,Bible,
CASE-0302,Nimrod one world government,Nimrod,wikipedia_article_links,https://en.wikipedia.org/wiki/Tetragrammaton,en.wikipedia.org,wikipedia_internal,12,Lᴏʀᴅ,
CASE-0302,Nimrod one world government,Nimrod,wikipedia_article_links,https://en.wikipedia.org/wiki/Tower_of_Babel,en.wikipedia.org,wikipedia_internal,13,Tower of Babel,
CASE-0302,Nimrod one world government,Nimrod,wikipedia_article_links,https://en.wikipedia.org/wiki/Tyrant,en.wikipedia.org,wikipedia_internal,14,tyrant,
CASE-0302,Nimrod one world government,Nimrod,wikipedia_article_links,https://en.wikipedia.org/wiki/Abraham,en.wikipedia.org,wikipedia_internal,15,Abraham,
CASE-0302,Nimrod one world government,Nimrod,wikipedia_article_links,https://en.wikipedia.org/wiki/Amraphel,en.wikipedia.org,wikipedia_internal,16,Amraphel,
CASE-0302,Nimrod one world government,Nimrod,wikipedia_article_links,https://en.wikipedia.org/wiki/Ninus,en.wikipedia.org,wikipedia_internal,17,Ninus,
CASE-0302,Nimrod one world government,Nimrod,wikipedia_article_links,https://en.wikipedia.org/wiki/Zoroaster,en.wikipedia.org,wikipedia_internal,18,Zoroaster,
CASE-0302,Nimrod one world government,Nimrod,wikipedia_article_links,https://en.wikipedia.org/wiki/Idolatry,en.wikipedia.org,wikipedia_internal,19,idolatry,
CASE-0302,Nimrod one world government,Nimrod,wikipedia_article_links,https://en.wikipedia.org/wiki/Historic,en.wikipedia.org,wikipedia_internal,20,historic,
CASE-0303,Genesis 6 conspiracy,Genesis creation narrative,wikipedia_search,https://en.wikipedia.org/wiki/Genesis_creation_narrative,en.wikipedia.org,wikipedia_primary,1,Genesis creation narrative,
CASE-0303,Genesis 6 conspiracy,Genesis creation narrative,wikipedia_article_links,https://en.wikipedia.org/wiki/Genesis_1_(disambiguation),en.wikipedia.org,wikipedia_internal,2,Genesis 1 (disambiguation),
CASE-0303,Genesis 6 conspiracy,Genesis creation narrative,wikipedia_article_links,https://en.wikipedia.org/wiki/The_Creation_of_Man,en.wikipedia.org,wikipedia_internal,3,The Creation of Man,
CASE-0303,Genesis 6 conspiracy,Genesis creation narrative,wikipedia_article_links,https://en.wikipedia.org/wiki/The_Creation_of_Adam,en.wikipedia.org,wikipedia_internal,4,The Creation of Adam,
CASE-0303,Genesis 6 conspiracy,Genesis creation narrative,wikipedia_article_links,https://en.wikipedia.org/wiki/James_Tissot,en.wikipedia.org,wikipedia_internal,5,James Tissot,
CASE-0303,Genesis 6 conspiracy,Genesis creation narrative,wikipedia_article_links,https://en.wikipedia.org/wiki/Bible,en.wikipedia.org,wikipedia_internal,6,Bible,
CASE-0303,Genesis 6 conspiracy,Genesis creation narrative,wikipedia_article_links,https://en.wikipedia.org/wiki/Biblical_canon,en.wikipedia.org,wikipedia_internal,7,Canons,
CASE-0303,Genesis 6 conspiracy,Genesis creation narrative,wikipedia_article_links,https://en.wikipedia.org/wiki/Hebrew_Bible,en.wikipedia.org,wikipedia_internal,8,Tanakh,
CASE-0303,Genesis 6 conspiracy,Genesis creation narrative,wikipedia_article_links,https://en.wikipedia.org/wiki/Torah,en.wikipedia.org,wikipedia_internal,9,Torah,
CASE-0303,Genesis 6 conspiracy,Genesis creation narrative,wikipedia_article_links,https://en.wikipedia.org/wiki/Nevi%27im,en.wikipedia.org,wikipedia_internal,10,Nevi'im,
CASE-0303,Genesis 6 conspiracy,Genesis creation narrative,wikipedia_article_links,https://en.wikipedia.org/wiki/Ketuvim,en.wikipedia.org,wikipedia_internal,11,Ketuvim,
CASE-0303,Genesis 6 conspiracy,Genesis creation narrative,wikipedia_article_links,https://en.wikipedia.org/wiki/Old_Testament,en.wikipedia.org,wikipedia_internal,12,Old Testament,
CASE-0303,Genesis 6 conspiracy,Genesis creation narrative,wikipedia_article_links,https://en.wikipedia.org/wiki/New_Testament,en.wikipedia.org,wikipedia_internal,13,New Testament,
CASE-0303,Genesis 6 conspiracy,Genesis creation narrative,wikipedia_article_links,https://en.wikipedia.org/wiki/Deuterocanonical_books,en.wikipedia.org,wikipedia_internal,14,Deuterocanon,
CASE-0303,Genesis 6 conspiracy,Genesis creation narrative,wikipedia_article_links,https://en.wikipedia.org/wiki/Antilegomena,en.wikipedia.org,wikipedia_internal,15,Antilegomena,
CASE-0303,Genesis 6 conspiracy,Genesis creation narrative,wikipedia_article_links,https://en.wikipedia.org/wiki/Chapters_and_verses_of_the_Bible,en.wikipedia.org,wikipedia_internal,16,Chapters and verses,
CASE-0303,Genesis 6 conspiracy,Genesis creation narrative,wikipedia_article_links,https://en.wikipedia.org/wiki/Biblical_apocrypha,en.wikipedia.org,wikipedia_internal,17,Apocrypha,
CASE-0303,Genesis 6 conspiracy,Genesis creation narrative,wikipedia_article_links,https://en.wikipedia.org/wiki/Jewish_apocrypha,en.wikipedia.org,wikipedia_internal,18,Jewish,
CASE-0303,Genesis 6 conspiracy,Genesis creation narrative,wikipedia_article_links,https://en.wikipedia.org/wiki/New_Testament_apocrypha,en.wikipedia.org,wikipedia_internal,19,NT,
CASE-0303,Genesis 6 conspiracy,Genesis creation narrative,wikipedia_article_links,https://en.wikipedia.org/wiki/Authorship_of_the_Bible,en.wikipedia.org,wikipedia_internal,20,Authorship,
CASE-0304,Book of Enoch conspiracy,Mike Enoch,wikipedia_search,https://en.wikipedia.org/wiki/Mike_Enoch,en.wikipedia.org,wikipedia_primary,1,Mike Enoch,
CASE-0304,Book of Enoch conspiracy,Mike Enoch,wikipedia_article_links,https://en.wikipedia.org/wiki/Neo-Nazi,en.wikipedia.org,wikipedia_internal,2,Neo-Nazi,
CASE-0304,Book of Enoch conspiracy,Mike Enoch,wikipedia_article_links,https://en.wikipedia.org/wiki/Antisemitic,en.wikipedia.org,wikipedia_internal,3,antisemitic,
CASE-0304,Book of Enoch conspiracy,Mike Enoch,wikipedia_article_links,https://en.wikipedia.org/wiki/Holocaust_denial,en.wikipedia.org,wikipedia_internal,4,Holocaust denial,
CASE-0304,Book of Enoch conspiracy,Mike Enoch,wikipedia_article_links,https://en.wikipedia.org/wiki/United_States,en.wikipedia.org,wikipedia_internal,5,United States,
CASE-0304,Book of Enoch conspiracy,Mike Enoch,wikipedia_article_links,https://en.wikipedia.org/wiki/Antisemitic_canard,en.wikipedia.org,wikipedia_internal,6,antisemitic conspiracy theorist,
CASE-0304,Book of Enoch conspiracy,Mike Enoch,wikipedia_article_links,https://en.wikipedia.org/wiki/Holocaust_denier,en.wikipedia.org,wikipedia_internal,7,Holocaust denier,
CASE-0304,Book of Enoch conspiracy,Mike Enoch,wikipedia_article_links,https://en.wikipedia.org/wiki/Podcast,en.wikipedia.org,wikipedia_internal,8,podcast,
CASE-0304,Book of Enoch conspiracy,Mike Enoch,wikipedia_article_links,https://en.wikipedia.org/wiki/Alt-right,en.wikipedia.org,wikipedia_internal,9,alt-right,
CASE-0304,Book of Enoch conspiracy,Mike Enoch,wikipedia_article_links,https://en.wikipedia.org/wiki/The_Right_Stuff_(blog),en.wikipedia.org,wikipedia_internal,10,The Right Stuff,
CASE-0304,Book of Enoch conspiracy,Mike Enoch,wikipedia_article_links,https://en.wikipedia.org/wiki/African_Americans,en.wikipedia.org,wikipedia_internal,11,African Americans,
CASE-0304,Book of Enoch conspiracy,Mike Enoch,wikipedia_article_links,https://en.wikipedia.org/wiki/White_genocide_conspiracy_theory,en.wikipedia.org,wikipedia_internal,12,white genocide,
CASE-0304,Book of Enoch conspiracy,Mike Enoch,wikipedia_article_links,https://en.wikipedia.org/wiki/Doxxed,en.wikipedia.org,wikipedia_internal,13,doxxed,
CASE-0304,Book of Enoch conspiracy,Mike Enoch,wikipedia_article_links,https://en.wikipedia.org/wiki/Book_burning,en.wikipedia.org,wikipedia_internal,14,book burnings,
CASE-0304,Book of Enoch conspiracy,Mike Enoch,wikipedia_article_links,https://en.wikipedia.org/wiki/Norwegians,en.wikipedia.org,wikipedia_internal,15,Norwegian,
CASE-0304,Book of Enoch conspiracy,Mike Enoch,wikipedia_article_links,https://en.wikipedia.org/wiki/Serbs,en.wikipedia.org,wikipedia_internal,16,Serbian,
CASE-0304,Book of Enoch conspiracy,Mike Enoch,wikipedia_article_links,https://en.wikipedia.org/wiki/National_Labor_College,en.wikipedia.org,wikipedia_internal,17,National Labour College,
CASE-0304,Book of Enoch conspiracy,Mike Enoch,wikipedia_article_links,https://en.wikipedia.org/wiki/Old_English,en.wikipedia.org,wikipedia_internal,18,Old English,
CASE-0304,Book of Enoch conspiracy,Mike Enoch,wikipedia_article_links,https://en.wikipedia.org/wiki/University_of_Pennsylvania,en.wikipedia.org,wikipedia_internal,19,University of Pennsylvania,
CASE-0304,Book of Enoch conspiracy,Mike Enoch,wikipedia_article_links,"https://en.wikipedia.org/wiki/Maplewood,_New_Jersey",en.wikipedia.org,wikipedia_internal,20,Maplewood,
CASE-0305,Dead Sea Scrolls cover up,Isaiah Scroll,wikipedia_search,https://en.wikipedia.org/wiki/Isaiah_Scroll,en.wikipedia.org,wikipedia_primary,1,Isaiah Scroll,
CASE-0305,Dead Sea Scrolls cover up,Isaiah Scroll,wikipedia_article_links,https://en.wikipedia.org/wiki/1QIsab,en.wikipedia.org,wikipedia_internal,2,1QIsab,
CASE-0305,Dead Sea Scrolls cover up,Isaiah Scroll,wikipedia_article_links,https://en.wikipedia.org/wiki/Qumran,en.wikipedia.org,wikipedia_internal,3,Qumran,
CASE-0305,Dead Sea Scrolls cover up,Isaiah Scroll,wikipedia_article_links,https://en.wikipedia.org/wiki/Dead_Sea_Scrolls,en.wikipedia.org,wikipedia_internal,4,Dead Sea Scrolls,
CASE-0305,Dead Sea Scrolls cover up,Isaiah Scroll,wikipedia_article_links,https://en.wikipedia.org/wiki/Bedouin,en.wikipedia.org,wikipedia_internal,5,Bedouin,
CASE-0305,Dead Sea Scrolls cover up,Isaiah Scroll,wikipedia_article_links,https://en.wikipedia.org/wiki/List_of_manuscripts_from_Qumran_Cave_1,en.wikipedia.org,wikipedia_internal,6,Cave 1,
CASE-0305,Dead Sea Scrolls cover up,Isaiah Scroll,wikipedia_article_links,https://en.wikipedia.org/wiki/Hebrew,en.wikipedia.org,wikipedia_internal,7,Hebrew,
CASE-0305,Dead Sea Scrolls cover up,Isaiah Scroll,wikipedia_article_links,https://en.wikipedia.org/wiki/Book_of_Isaiah,en.wikipedia.org,wikipedia_internal,8,Book of Isaiah,
CASE-0305,Dead Sea Scrolls cover up,Isaiah Scroll,wikipedia_article_links,https://en.wikipedia.org/wiki/Parchment,en.wikipedia.org,wikipedia_internal,9,parchment,
CASE-0305,Dead Sea Scrolls cover up,Isaiah Scroll,wikipedia_article_links,https://en.wikipedia.org/wiki/Radiocarbon_dating,en.wikipedia.org,wikipedia_internal,10,radiocarbon dating,
CASE-0305,Dead Sea Scrolls cover up,Isaiah Scroll,wikipedia_article_links,https://en.wikipedia.org/wiki/Palaeographic,en.wikipedia.org,wikipedia_internal,11,palaeographic,
CASE-0305,Dead Sea Scrolls cover up,Isaiah Scroll,wikipedia_article_links,https://en.wikipedia.org/wiki/Essenes,en.wikipedia.org,wikipedia_internal,12,Essenes,
CASE-0305,Dead Sea Scrolls cover up,Isaiah Scroll,wikipedia_article_links,https://en.wikipedia.org/wiki/Pliny_the_Elder,en.wikipedia.org,wikipedia_internal,13,Pliny the Elder,
CASE-0305,Dead Sea Scrolls cover up,Isaiah Scroll,wikipedia_article_links,https://en.wikipedia.org/wiki/Natural_History_(Pliny),en.wikipedia.org,wikipedia_internal,14,Natural History,
CASE-0305,Dead Sea Scrolls cover up,Isaiah Scroll,wikipedia_article_links,https://en.wikipedia.org/wiki/Josephus,en.wikipedia.org,wikipedia_internal,15,Josephus,
CASE-0305,Dead Sea Scrolls cover up,Isaiah Scroll,wikipedia_article_links,https://en.wikipedia.org/wiki/Philo,en.wikipedia.org,wikipedia_internal,16,Philo Judaeus,
CASE-0305,Dead Sea Scrolls cover up,Isaiah Scroll,wikipedia_article_links,https://en.wikipedia.org/wiki/Qumran_Caves,en.wikipedia.org,wikipedia_internal,17,Qumran Caves,
CASE-0305,Dead Sea Scrolls cover up,Isaiah Scroll,wikipedia_article_links,https://en.wikipedia.org/wiki/Peter_Flint,en.wikipedia.org,wikipedia_internal,18,Flint,
CASE-0305,Dead Sea Scrolls cover up,Isaiah Scroll,wikipedia_article_links,https://en.wikipedia.org/wiki/Community_Rule,en.wikipedia.org,wikipedia_internal,19,Rule of the Community,
CASE-0305,Dead Sea Scrolls cover up,Isaiah Scroll,wikipedia_article_links,https://en.wikipedia.org/wiki/Roman_army,en.wikipedia.org,wikipedia_internal,20,Roman forces,
CASE-0306,Nag Hammadi texts,Nag Hammadi library,wikipedia_search,https://en.wikipedia.org/wiki/Nag_Hammadi_library,en.wikipedia.org,wikipedia_primary,1,Nag Hammadi library,
CASE-0306,Nag Hammadi texts,Nag Hammadi library,wikipedia_article_links,https://en.wikipedia.org/wiki/Nag_Hammadi_Codex_II,en.wikipedia.org,wikipedia_internal,2,Codex II,
CASE-0306,Nag Hammadi texts,Nag Hammadi library,wikipedia_article_links,https://en.wikipedia.org/wiki/Apocryphon_of_John,en.wikipedia.org,wikipedia_internal,3,Apocryphon of John,
CASE-0306,Nag Hammadi texts,Nag Hammadi library,wikipedia_article_links,https://en.wikipedia.org/wiki/Gospel_of_Thomas,en.wikipedia.org,wikipedia_internal,4,Gospel of Thomas,
CASE-0306,Nag Hammadi texts,Nag Hammadi library,wikipedia_article_links,https://en.wikipedia.org/wiki/Gnosticism,en.wikipedia.org,wikipedia_internal,5,Gnosticism,
CASE-0306,Nag Hammadi texts,Nag Hammadi library,wikipedia_article_links,https://en.wikipedia.org/wiki/Adam_kasia,en.wikipedia.org,wikipedia_internal,6,Adam kasia,
CASE-0306,Nag Hammadi texts,Nag Hammadi library,wikipedia_article_links,https://en.wikipedia.org/wiki/Adam_pagria,en.wikipedia.org,wikipedia_internal,7,Adam pagria,
CASE-0306,Nag Hammadi texts,Nag Hammadi library,wikipedia_article_links,https://en.wikipedia.org/wiki/Aeon_(Gnosticism),en.wikipedia.org,wikipedia_internal,8,Aeon,
CASE-0306,Nag Hammadi texts,Nag Hammadi library,wikipedia_article_links,https://en.wikipedia.org/wiki/Anima_mundi,en.wikipedia.org,wikipedia_internal,9,Anima mundi,
CASE-0306,Nag Hammadi texts,Nag Hammadi library,wikipedia_article_links,https://en.wikipedia.org/wiki/Archon_(Gnosticism),en.wikipedia.org,wikipedia_internal,10,Archon,
CASE-0306,Nag Hammadi texts,Nag Hammadi library,wikipedia_article_links,https://en.wikipedia.org/wiki/Barbelo,en.wikipedia.org,wikipedia_internal,11,Barbelo,
CASE-0306,Nag Hammadi texts,Nag Hammadi library,wikipedia_article_links,https://en.wikipedia.org/wiki/Demiurge,en.wikipedia.org,wikipedia_internal,12,Demiurge,
CASE-0306,Nag Hammadi texts,Nag Hammadi library,wikipedia_article_links,https://en.wikipedia.org/wiki/Five_Seals,en.wikipedia.org,wikipedia_internal,13,Five Seals,
CASE-0306,Nag Hammadi texts,Nag Hammadi library,wikipedia_article_links,https://en.wikipedia.org/wiki/Gnosis,en.wikipedia.org,wikipedia_internal,14,Gnosis,
CASE-0306,Nag Hammadi texts,Nag Hammadi library,wikipedia_article_links,https://en.wikipedia.org/wiki/Kenoma,en.wikipedia.org,wikipedia_internal,15,Kenoma,
CASE-0306,Nag Hammadi texts,Nag Hammadi library,wikipedia_article_links,https://en.wikipedia.org/wiki/Luminary_(Gnosticism),en.wikipedia.org,wikipedia_internal,16,Luminary,
CASE-0306,Nag Hammadi texts,Nag Hammadi library,wikipedia_article_links,https://en.wikipedia.org/wiki/Manda_(Mandaeism),en.wikipedia.org,wikipedia_internal,17,Manda,
CASE-0306,Nag Hammadi texts,Nag Hammadi library,wikipedia_article_links,https://en.wikipedia.org/wiki/Monad_(Gnosticism),en.wikipedia.org,wikipedia_internal,18,Monad,
CASE-0306,Nag Hammadi texts,Nag Hammadi library,wikipedia_article_links,https://en.wikipedia.org/wiki/Ogdoad_(Gnosticism),en.wikipedia.org,wikipedia_internal,19,Ogdoad,
CASE-0306,Nag Hammadi texts,Nag Hammadi library,wikipedia_article_links,https://en.wikipedia.org/wiki/Pleroma,en.wikipedia.org,wikipedia_internal,20,Pleroma,
CASE-0307,lost books of the Bible,The Lost Books of the Bible and the Forgotten Books of Eden,wikipedia_search,https://en.wikipedia.org/wiki/The_Lost_Books_of_the_Bible_and_the_Forgotten_Books_of_Eden,en.wikipedia.org,wikipedia_primary,1,The Lost Books of the Bible and the Forgotten Books of Eden,
CASE-0307,lost books of the Bible,The Lost Books of the Bible and the Forgotten Books of Eden,wikipedia_article_links,https://en.wikipedia.org/wiki/Old_Testament_Pseudepigrapha,en.wikipedia.org,wikipedia_internal,2,Old Testament Pseudepigrapha,
CASE-0307,lost books of the Bible,The Lost Books of the Bible and the Forgotten Books of Eden,wikipedia_article_links,https://en.wikipedia.org/wiki/New_Testament_Apocrypha,en.wikipedia.org,wikipedia_internal,3,New Testament Apocrypha,
CASE-0307,lost books of the Bible,The Lost Books of the Bible and the Forgotten Books of Eden,wikipedia_article_links,https://en.wikipedia.org/wiki/Introduction_(writing),en.wikipedia.org,wikipedia_internal,4,introduction,
CASE-0307,lost books of the Bible,The Lost Books of the Bible and the Forgotten Books of Eden,wikipedia_article_links,https://en.wikipedia.org/wiki/Frank_Crane_(clergyman_and_writer),en.wikipedia.org,wikipedia_internal,5,Frank Crane,
CASE-0307,lost books of the Bible,The Lost Books of the Bible and the Forgotten Books of Eden,wikipedia_article_links,https://en.wikipedia.org/wiki/Rutherford_Platt,en.wikipedia.org,wikipedia_internal,6,Rutherford Hayes Platt,
CASE-0307,lost books of the Bible,The Lost Books of the Bible and the Forgotten Books of Eden,wikipedia_article_links,https://en.wikipedia.org/wiki/William_Hone,en.wikipedia.org,wikipedia_internal,7,William Hone,
CASE-0307,lost books of the Bible,The Lost Books of the Bible and the Forgotten Books of Eden,wikipedia_article_links,https://en.wikipedia.org/wiki/Apostolic_Fathers,en.wikipedia.org,wikipedia_internal,8,Apostolic Fathers,
CASE-0307,lost books of the Bible,The Lost Books of the Bible and the Forgotten Books of Eden,wikipedia_article_links,https://en.wikipedia.org/wiki/William_Wake,en.wikipedia.org,wikipedia_internal,9,William Wake,
CASE-0307,lost books of the Bible,The Lost Books of the Bible and the Forgotten Books of Eden,wikipedia_article_links,https://en.wikipedia.org/wiki/Jeremiah_Jones_(tutor),en.wikipedia.org,wikipedia_internal,10,Jeremiah Jones,
CASE-0307,lost books of the Bible,The Lost Books of the Bible and the Forgotten Books of Eden,wikipedia_article_links,https://en.wikipedia.org/wiki/Ernest_Trumpp,en.wikipedia.org,wikipedia_internal,11,Ernest Trumpp,
CASE-0307,lost books of the Bible,The Lost Books of the Bible and the Forgotten Books of Eden,wikipedia_article_links,https://en.wikipedia.org/wiki/Solomon_Caesar_Malan,en.wikipedia.org,wikipedia_internal,12,Solomon Caesar Malan,
CASE-0307,lost books of the Bible,The Lost Books of the Bible and the Forgotten Books of Eden,wikipedia_article_links,https://en.wikipedia.org/wiki/Robert_Charles_(scholar),en.wikipedia.org,wikipedia_internal,13,R.H. Charles,
CASE-0307,lost books of the Bible,The Lost Books of the Bible and the Forgotten Books of Eden,wikipedia_article_links,https://en.wikipedia.org/wiki/James_H._Charlesworth,en.wikipedia.org,wikipedia_internal,14,J. H. Charlesworth,
CASE-0307,lost books of the Bible,The Lost Books of the Bible and the Forgotten Books of Eden,wikipedia_article_links,https://en.wikipedia.org/wiki/Wilhelm_Schneemelcher,en.wikipedia.org,wikipedia_internal,15,W. Schneemelcher,
CASE-0307,lost books of the Bible,The Lost Books of the Bible and the Forgotten Books of Eden,wikipedia_article_links,https://en.wikipedia.org/wiki/M._R._James,en.wikipedia.org,wikipedia_internal,16,M. R. James,
CASE-0307,lost books of the Bible,The Lost Books of the Bible and the Forgotten Books of Eden,wikipedia_article_links,https://en.wikipedia.org/wiki/Book_of_Mary,en.wikipedia.org,wikipedia_internal,17,Book of Mary,
CASE-0307,lost books of the Bible,The Lost Books of the Bible and the Forgotten Books of Eden,wikipedia_article_links,https://en.wikipedia.org/wiki/Book_of_Enoch,en.wikipedia.org,wikipedia_internal,18,book of Enoch,
CASE-0307,lost books of the Bible,The Lost Books of the Bible and the Forgotten Books of Eden,wikipedia_article_links,https://en.wikipedia.org/wiki/Gospel_of_James,en.wikipedia.org,wikipedia_internal,19,Protevangelion,
CASE-0307,lost books of the Bible,The Lost Books of the Bible and the Forgotten Books of Eden,wikipedia_article_links,https://en.wikipedia.org/wiki/Arabic_Infancy_Gospel,en.wikipedia.org,wikipedia_internal,20,Gospel of the Infancy of Jesus Christ,
CASE-0308,Council of Nicaea conspiracy,Phantom time conspiracy theory,wikipedia_search,https://en.wikipedia.org/wiki/Phantom_time_conspiracy_theory,en.wikipedia.org,wikipedia_primary,1,Phantom time conspiracy theory,
CASE-0308,Council of Nicaea conspiracy,Phantom time conspiracy theory,wikipedia_article_links,https://en.wikipedia.org/wiki/Charlemagne,en.wikipedia.org,wikipedia_internal,2,Charlemagne,
CASE-0308,Council of Nicaea conspiracy,Phantom time conspiracy theory,wikipedia_article_links,https://en.wikipedia.org/wiki/Pseudohistorical,en.wikipedia.org,wikipedia_internal,3,pseudohistorical,
CASE-0308,Council of Nicaea conspiracy,Phantom time conspiracy theory,wikipedia_article_links,https://en.wikipedia.org/wiki/Conspiracy_theory,en.wikipedia.org,wikipedia_internal,4,conspiracy theory,
CASE-0308,Council of Nicaea conspiracy,Phantom time conspiracy theory,wikipedia_article_links,https://en.wikipedia.org/wiki/Holy_Roman_Emperor,en.wikipedia.org,wikipedia_internal,5,Holy Roman Emperor,
CASE-0308,Council of Nicaea conspiracy,Phantom time conspiracy theory,wikipedia_article_links,https://en.wikipedia.org/wiki/Otto_III,en.wikipedia.org,wikipedia_internal,6,Otto III,
CASE-0308,Council of Nicaea conspiracy,Phantom time conspiracy theory,wikipedia_article_links,https://en.wikipedia.org/wiki/Pope_Sylvester_II,en.wikipedia.org,wikipedia_internal,7,Pope Sylvester II,
CASE-0308,Council of Nicaea conspiracy,Phantom time conspiracy theory,wikipedia_article_links,https://en.wikipedia.org/wiki/Anno_Domini,en.wikipedia.org,wikipedia_internal,8,Anno Domini,
CASE-0308,Council of Nicaea conspiracy,Phantom time conspiracy theory,wikipedia_article_links,https://en.wikipedia.org/wiki/Holy_Roman_Empire,en.wikipedia.org,wikipedia_internal,9,Holy Roman Empire,
CASE-0308,Council of Nicaea conspiracy,Phantom time conspiracy theory,wikipedia_article_links,https://en.wikipedia.org/wiki/Carolingian_period,en.wikipedia.org,wikipedia_internal,10,Carolingian period,
CASE-0308,Council of Nicaea conspiracy,Phantom time conspiracy theory,wikipedia_article_links,https://en.wikipedia.org/wiki/Early_Middle_Ages,en.wikipedia.org,wikipedia_internal,11,Early Middle Ages,
CASE-0308,Council of Nicaea conspiracy,Phantom time conspiracy theory,wikipedia_article_links,https://en.wikipedia.org/wiki/Florin_Diacu,en.wikipedia.org,wikipedia_internal,12,Florin Diacu,
CASE-0308,Council of Nicaea conspiracy,Phantom time conspiracy theory,wikipedia_article_links,https://en.wikipedia.org/wiki/Vohenstrau%C3%9F,en.wikipedia.org,wikipedia_internal,13,Vohenstrauß,
CASE-0308,Council of Nicaea conspiracy,Phantom time conspiracy theory,wikipedia_article_links,https://en.wikipedia.org/wiki/Bavaria,en.wikipedia.org,wikipedia_internal,14,Bavaria,
CASE-0308,Council of Nicaea conspiracy,Phantom time conspiracy theory,wikipedia_article_links,https://en.wikipedia.org/wiki/Immanuel_Velikovsky,en.wikipedia.org,wikipedia_internal,15,Immanuel Velikovsky,
CASE-0308,Council of Nicaea conspiracy,Phantom time conspiracy theory,wikipedia_article_links,https://en.wikipedia.org/wiki/Catastrophism,en.wikipedia.org,wikipedia_internal,16,catastrophism,
CASE-0308,Council of Nicaea conspiracy,Phantom time conspiracy theory,wikipedia_article_links,https://en.wikipedia.org/wiki/Historical_revisionism,en.wikipedia.org,wikipedia_internal,17,historical revisionism,
CASE-0308,Council of Nicaea conspiracy,Phantom time conspiracy theory,wikipedia_article_links,https://en.wikipedia.org/wiki/Egon_Friedell,en.wikipedia.org,wikipedia_internal,18,Egon Friedell,
CASE-0308,Council of Nicaea conspiracy,Phantom time conspiracy theory,wikipedia_article_links,https://en.wikipedia.org/wiki/Pseudohistory,en.wikipedia.org,wikipedia_internal,19,pseudohistory,
CASE-0308,Council of Nicaea conspiracy,Phantom time conspiracy theory,wikipedia_article_links,https://en.wikipedia.org/wiki/Lessay_Abbey,en.wikipedia.org,wikipedia_internal,20,Lessay Abbey,
CASE-0309,Bible changed conspiracy,Biblical conspiracy theory,wikipedia_search,https://en.wikipedia.org/wiki/Biblical_conspiracy_theory,en.wikipedia.org,wikipedia_primary,1,Biblical conspiracy theory,
CASE-0309,Bible changed conspiracy,Biblical conspiracy theory,wikipedia_article_links,https://en.wikipedia.org/wiki/Bible,en.wikipedia.org,wikipedia_internal,2,Bible,
CASE-0309,Bible changed conspiracy,Biblical conspiracy theory,wikipedia_article_links,https://en.wikipedia.org/wiki/Biblical_canon,en.wikipedia.org,wikipedia_internal,3,Canons,
CASE-0309,Bible changed conspiracy,Biblical conspiracy theory,wikipedia_article_links,https://en.wikipedia.org/wiki/Hebrew_Bible,en.wikipedia.org,wikipedia_internal,4,Tanakh,
CASE-0309,Bible changed conspiracy,Biblical conspiracy theory,wikipedia_article_links,https://en.wikipedia.org/wiki/Torah,en.wikipedia.org,wikipedia_internal,5,Torah,
CASE-0309,Bible changed conspiracy,Biblical conspiracy theory,wikipedia_article_links,https://en.wikipedia.org/wiki/Nevi%27im,en.wikipedia.org,wikipedia_internal,6,Nevi'im,
CASE-0309,Bible changed conspiracy,Biblical conspiracy theory,wikipedia_article_links,https://en.wikipedia.org/wiki/Ketuvim,en.wikipedia.org,wikipedia_internal,7,Ketuvim,
CASE-0309,Bible changed conspiracy,Biblical conspiracy theory,wikipedia_article_links,https://en.wikipedia.org/wiki/Old_Testament,en.wikipedia.org,wikipedia_internal,8,Old Testament,
CASE-0309,Bible changed conspiracy,Biblical conspiracy theory,wikipedia_article_links,https://en.wikipedia.org/wiki/New_Testament,en.wikipedia.org,wikipedia_internal,9,New Testament,
CASE-0309,Bible changed conspiracy,Biblical conspiracy theory,wikipedia_article_links,https://en.wikipedia.org/wiki/Deuterocanonical_books,en.wikipedia.org,wikipedia_internal,10,Deuterocanon,
CASE-0309,Bible changed conspiracy,Biblical conspiracy theory,wikipedia_article_links,https://en.wikipedia.org/wiki/Antilegomena,en.wikipedia.org,wikipedia_internal,11,Antilegomena,
CASE-0309,Bible changed conspiracy,Biblical conspiracy theory,wikipedia_article_links,https://en.wikipedia.org/wiki/Chapters_and_verses_of_the_Bible,en.wikipedia.org,wikipedia_internal,12,Chapters and verses,
CASE-0309,Bible changed conspiracy,Biblical conspiracy theory,wikipedia_article_links,https://en.wikipedia.org/wiki/Biblical_apocrypha,en.wikipedia.org,wikipedia_internal,13,Apocrypha,
CASE-0309,Bible changed conspiracy,Biblical conspiracy theory,wikipedia_article_links,https://en.wikipedia.org/wiki/Jewish_apocrypha,en.wikipedia.org,wikipedia_internal,14,Jewish,
CASE-0309,Bible changed conspiracy,Biblical conspiracy theory,wikipedia_article_links,https://en.wikipedia.org/wiki/New_Testament_apocrypha,en.wikipedia.org,wikipedia_internal,15,NT,
CASE-0309,Bible changed conspiracy,Biblical conspiracy theory,wikipedia_article_links,https://en.wikipedia.org/wiki/Authorship_of_the_Bible,en.wikipedia.org,wikipedia_internal,16,Authorship,
CASE-0309,Bible changed conspiracy,Biblical conspiracy theory,wikipedia_article_links,https://en.wikipedia.org/wiki/Dating_the_Bible,en.wikipedia.org,wikipedia_internal,17,Dating,
CASE-0309,Bible changed conspiracy,Biblical conspiracy theory,wikipedia_article_links,https://en.wikipedia.org/wiki/Development_of_the_Hebrew_Bible_canon,en.wikipedia.org,wikipedia_internal,18,Hebrew canon,
CASE-0309,Bible changed conspiracy,Biblical conspiracy theory,wikipedia_article_links,https://en.wikipedia.org/wiki/Development_of_the_Old_Testament_canon,en.wikipedia.org,wikipedia_internal,19,Old Testament canon,
CASE-0309,Bible changed conspiracy,Biblical conspiracy theory,wikipedia_article_links,https://en.wikipedia.org/wiki/Development_of_the_New_Testament_canon,en.wikipedia.org,wikipedia_internal,20,New Testament canon,
CASE-0310,King James Bible conspiracy,James VI and I,wikipedia_search,https://en.wikipedia.org/wiki/James_VI_and_I,en.wikipedia.org,wikipedia_primary,1,James VI and I,
CASE-0310,King James Bible conspiracy,James VI and I,wikipedia_article_links,https://en.wikipedia.org/wiki/King_of_Scotland,en.wikipedia.org,wikipedia_internal,2,King of Scotland,
CASE-0310,King James Bible conspiracy,James VI and I,wikipedia_article_links,https://en.wikipedia.org/wiki/Styles_of_Scottish_sovereigns,en.wikipedia.org,wikipedia_internal,3,more...,
CASE-0310,King James Bible conspiracy,James VI and I,wikipedia_article_links,https://en.wikipedia.org/wiki/Coronation_of_James_VI,en.wikipedia.org,wikipedia_internal,4,Coronation,
CASE-0310,King James Bible conspiracy,James VI and I,wikipedia_article_links,"https://en.wikipedia.org/wiki/Mary,_Queen_of_Scots",en.wikipedia.org,wikipedia_internal,5,Mary,
CASE-0310,King James Bible conspiracy,James VI and I,wikipedia_article_links,https://en.wikipedia.org/wiki/Charles_I_of_England,en.wikipedia.org,wikipedia_internal,6,Charles I,
CASE-0310,King James Bible conspiracy,James VI and I,wikipedia_article_links,"https://en.wikipedia.org/wiki/James_Stewart,_Earl_of_Moray",en.wikipedia.org,wikipedia_internal,7,"James Stewart, Earl of Moray",
CASE-0310,King James Bible conspiracy,James VI and I,wikipedia_article_links,"https://en.wikipedia.org/wiki/Matthew_Stewart,_4th_Earl_of_Lennox",en.wikipedia.org,wikipedia_internal,8,"Matthew Stewart, Earl of Lennox",
CASE-0310,King James Bible conspiracy,James VI and I,wikipedia_article_links,"https://en.wikipedia.org/wiki/John_Erskine,_Earl_of_Mar_(died_1572)",en.wikipedia.org,wikipedia_internal,9,"John Erskine, Earl of Mar",
CASE-0310,King James Bible conspiracy,James VI and I,wikipedia_article_links,"https://en.wikipedia.org/wiki/James_Douglas,_4th_Earl_of_Morton",en.wikipedia.org,wikipedia_internal,10,"James Douglas, Earl of Morton",
CASE-0310,King James Bible conspiracy,James VI and I,wikipedia_article_links,https://en.wikipedia.org/wiki/King_of_England,en.wikipedia.org,wikipedia_internal,11,King of England,
CASE-0310,King James Bible conspiracy,James VI and I,wikipedia_article_links,https://en.wikipedia.org/wiki/Monarchy_of_Ireland,en.wikipedia.org,wikipedia_internal,12,Ireland,
CASE-0310,King James Bible conspiracy,James VI and I,wikipedia_article_links,https://en.wikipedia.org/wiki/Styles_of_English_and_Scottish_sovereigns,en.wikipedia.org,wikipedia_internal,13,more...,
CASE-0310,King James Bible conspiracy,James VI and I,wikipedia_article_links,https://en.wikipedia.org/wiki/Coronation_of_James_I_and_Anne,en.wikipedia.org,wikipedia_internal,14,Coronation,
CASE-0310,King James Bible conspiracy,James VI and I,wikipedia_article_links,https://en.wikipedia.org/wiki/Elizabeth_I,en.wikipedia.org,wikipedia_internal,15,Elizabeth I,
CASE-0310,King James Bible conspiracy,James VI and I,wikipedia_article_links,https://en.wikipedia.org/wiki/Edinburgh_Castle,en.wikipedia.org,wikipedia_internal,16,Edinburgh Castle,
CASE-0310,King James Bible conspiracy,James VI and I,wikipedia_article_links,https://en.wikipedia.org/wiki/Theobalds_House,en.wikipedia.org,wikipedia_internal,17,Theobalds House,
CASE-0310,King James Bible conspiracy,James VI and I,wikipedia_article_links,https://en.wikipedia.org/wiki/Westminster_Abbey,en.wikipedia.org,wikipedia_internal,18,Westminster Abbey,
CASE-0310,King James Bible conspiracy,James VI and I,wikipedia_article_links,https://en.wikipedia.org/wiki/Anne_of_Denmark,en.wikipedia.org,wikipedia_internal,19,Anne of Denmark,
CASE-0310,King James Bible conspiracy,James VI and I,wikipedia_article_links,https://en.wikipedia.org/wiki/Issue_(genealogy),en.wikipedia.org,wikipedia_internal,20,Issue,
